product_id,current_stock,min_stock,max_stock,reorder_point
8021821,136,29,273,114
8135329,109,8,147,57
8021462,69,5,200,73
8021631,191,40,192,93
8135307,138,16,219,87
8141600,233,33,253,110
8141599,126,13,155,63
8141598,246,6,215,79
8143529,162,10,165,64
8143527,49,30,176,81
8143526,78,13,90,40
8143528,28,28,212,92
8143535,223,6,211,78
8143536,103,13,137,56
8143538,207,35,257,113
8143546,18,24,256,105
8143545,109,20,90,45
8143537,179,34,230,103
8143543,111,7,108,42
8143540,29,17,99,46
8143539,18,25,100,51
8143523,76,12,160,64
8143541,137,27,181,81
8143520,12,15,94,43
8143521,206,7,188,70
8143547,130,29,192,86
8143522,24,30,129,65
8143524,222,24,238,99
8143544,177,40,187,91
8143542,175,29,169,78
8143525,59,17,159,67
8143531,107,25,107,54
8143533,22,24,92,48
8143534,127,27,194,85
8143532,152,34,156,77
8143530,112,35,120,65
8001501,119,21,105,50
6301977,41,10,130,52
6301980,192,26,189,83
6301981,102,10,135,54
6301984,185,40,150,79
6301985,142,22,115,55
6301986,95,9,172,66
6301993,51,36,101,59
6302000,105,31,171,80
6302001,136,24,207,88
6302004,13,5,198,73
6302005,66,12,203,79
6302007,7,18,99,46
6302008,48,16,138,59
6302009,170,17,145,62
6301978,110,13,158,64
8140041,214,11,206,79
8140039,15,23,231,96
8140037,2,17,89,42
8140038,19,29,260,110
8140040,215,39,197,94
9996435,47,30,236,102
8127378,130,8,124,49
8127379,25,33,144,72
8127382,273,36,236,106
8117581,59,21,125,57
8141053,35,20,86,43
8142150,125,40,210,100
8142149,141,14,154,63
8142151,6,10,143,57
8142148,85,16,189,77
8127345,55,28,167,77
8143917,272,39,232,107
8123799,75,6,117,45
8129066,188,15,150,62
8125771,181,27,195,86
8139643,188,9,184,70
8132961,171,7,230,85
8132960,13,31,107,58
8117584,146,34,218,98
8139646,22,12,155,62
8143427,58,13,258,99
8139647,64,29,176,80
8127653,126,32,107,58
8139851,237,38,263,117
8139852,97,10,92,39
8127302,247,29,241,103
8135525,21,23,264,107
8125017,75,25,165,74
8117582,20,17,227,91
8119171,31,21,171,74
8119173,235,8,214,80
8119169,16,15,237,93
8125469,159,6,143,54
8119158,98,36,264,116
8126574,146,25,106,53
8125767,79,10,191,73
8122071,209,14,199,79
8139850,39,31,158,75
8125726,261,7,242,89
8123005,8,37,196,93
8132963,121,32,174,82
8132962,247,8,246,91
8131668,86,11,165,65
8131667,35,27,157,73
8119178,106,37,227,104
8119175,137,19,201,83
8119176,124,6,220,81
8143076,246,17,250,99
8139642,243,32,259,111
8117580,99,18,125,55
8139848,42,11,126,51
8121215,108,10,155,61
8117583,151,12,158,63
8141054,173,9,134,53
8143077,69,7,193,72
8143428,96,35,223,101
8131411,149,16,168,69
8131417,179,23,140,64
8131410,193,21,186,79
8125375,116,32,136,68
8117567,107,16,161,67
8040341,200,5,229,83
8033185,252,29,215,94
8117569,55,26,252,105
8117571,20,22,144,65
4268,110,23,219,92
9990984,106,37,100,59
8128066,85,29,100,54
8129708,45,6,162,61
8129710,262,20,224,91
8135204,99,21,91,46
8130740,165,9,187,71
8129718,143,22,246,100
8128070,91,24,124,59
8128071,179,14,145,60
8129719,200,11,170,67
8128068,194,8,228,85
8128067,78,16,233,92
8130737,116,39,274,121
8128065,164,17,185,76
8130742,122,34,284,122
8130744,52,8,125,49
8128063,36,26,197,86
8130729,54,34,136,70
8130731,102,33,137,69
6310019,21,30,144,70
8128818,38,10,72,32
8128817,46,27,154,71
8135201,194,8,229,85
8128820,143,9,244,91
8135202,197,32,159,76
8128819,9,27,95,51
8130734,17,39,150,78
6310023,111,24,139,64
6310020,45,37,181,87
8130735,98,28,130,64
8128060,82,30,277,116
8130732,64,34,149,74
8129714,147,35,121,65
8128062,48,29,116,59
8130736,97,6,158,59
8130730,250,29,250,106
8128061,166,38,129,70
8129721,289,12,256,97
8128064,31,27,157,73
6310021,42,18,143,62
6310022,274,31,266,113
8129711,53,25,273,112
6310018,109,18,251,100
8130733,101,13,231,89
8129717,34,37,121,66
6310024,169,40,202,97
8131467,64,13,211,82
8131470,145,28,106,55
8131471,82,14,119,51
9994883,192,38,173,85
8043483,65,33,140,70
8141915,88,37,152,77
8043658,24,18,256,101
8043479,100,18,244,97
8131472,131,6,121,46
8043478,110,5,195,72
8038567,3,35,136,70
8043420,19,10,76,33
8141860,102,8,122,48
8043480,228,29,254,108
8043482,151,16,242,95
8135878,31,37,178,86
8135881,163,15,137,58
8139959,123,32,111,60
8139958,44,6,68,28
8139961,125,13,207,81
8139960,291,22,262,106
8139962,167,6,201,74
8135876,205,29,180,82
8135883,226,11,256,97
8135882,132,13,149,61
8135884,63,30,148,71
8141638,120,28,274,114
8141639,137,27,122,60
8024375,13,22,168,73
8024376,55,22,117,55
8132635,268,24,253,104
8031310,104,37,118,65
8115722,49,6,221,81
8039474,49,12,208,81
8039477,173,38,242,109
8039476,43,23,175,76
8131317,99,19,267,106
8018369,61,13,126,53
8122322,8,28,238,102
8110940,222,26,265,110
8131289,121,19,221,90
8131291,3,20,133,60
8131292,172,34,254,111
8118282,8,39,267,119
8118283,123,36,238,107
8141347,24,30,255,109
8141346,180,7,187,70
8141345,104,38,139,73
8136100,42,6,112,43
8136054,92,6,222,82
8136053,111,19,219,89
8136046,8,28,176,80
8136051,134,11,107,45
8136049,142,5,132,49
8133087,124,6,188,70
8133086,163,9,169,65
8134607,149,21,195,82
8134606,264,15,232,91
6309864,178,30,149,72
8139935,146,10,123,50
8139933,36,26,207,89
8139934,26,8,221,83
8023033,19,31,273,116
8023035,177,13,193,76
8023034,55,10,119,48
8021735,192,23,247,101
8134609,208,8,184,70
8139519,202,29,222,97
8139518,148,40,246,112
8139517,9,5,146,54
8134608,121,21,127,58
8020142,86,36,266,117
8021415,162,20,230,94
8020141,13,15,164,67
8020140,194,18,204,83
8020139,70,29,133,65
8139589,104,21,233,95
8139586,241,15,251,98
8139588,38,14,92,41
8139587,90,6,207,76
8139590,16,11,81,36
8139592,93,13,256,98
8139591,46,36,111,62
8005617,112,32,277,118
8138483,215,19,244,98
8013721,31,11,209,80
8115723,272,27,274,113
8125431,187,29,225,98
8015970,14,33,176,83
8141962,149,36,113,63
8141193,41,10,131,52
8141196,10,13,229,89
8141194,53,16,154,64
8141192,140,34,102,58
8141195,154,31,162,77
8141191,54,31,194,88
8141686,20,23,83,44
8143693,14,37,175,85
8141684,67,33,152,75
8143695,163,10,136,54
8141688,66,10,117,47
8141685,143,8,160,61
8141690,131,7,107,42
8143694,7,15,118,51
8143692,51,13,178,71
8141683,58,39,157,80
8139594,102,5,231,84
8140780,310,35,282,121
8137162,29,27,179,80
8139595,106,8,71,30
8139596,74,20,209,86
8140778,32,15,100,45
8137163,241,8,252,93
8140777,268,32,233,102
8137161,30,14,204,81
8139597,35,24,184,80
8140781,266,22,245,100
8140776,229,23,234,97
8137160,143,14,166,67
8140779,187,39,156,80
8042649,44,7,75,31
8132750,79,9,116,46
8132744,257,18,221,89
8110783,79,15,91,42
8010099,205,11,208,80
8140852,88,12,110,46
8140851,224,10,240,91
8140850,38,15,150,62
8140841,61,33,191,88
8140849,15,15,140,59
8140842,89,27,98,52
8140839,26,29,154,73
8140845,151,32,254,110
8140829,260,15,238,93
8140838,84,30,109,58
8140837,34,6,84,33
8140836,8,11,91,39
8140835,214,26,176,79
8140833,16,38,236,107
8140834,65,34,95,55
8140848,102,5,110,42
8140846,147,38,146,76
8042827,126,37,168,83
8117390,227,21,187,79
8117392,154,35,171,83
8117393,127,27,160,74
8025922,121,6,185,69
8025913,184,13,160,64
8025914,166,10,202,77
8025944,169,28,170,78
8025945,143,39,115,66
8025946,204,9,192,73
8115410,34,22,260,105
8025947,205,40,249,113
8034949,26,32,150,73
8039700,31,27,106,55
8115409,191,24,230,96
8025915,30,27,117,59
8025918,189,19,261,104
8025920,141,9,143,56
8025921,76,7,149,57
8117357,148,6,206,76
8029040,24,20,133,60
8025924,81,5,183,67
8025925,282,33,242,106
8039698,74,10,102,42
8122910,218,15,213,84
8025927,37,32,98,55
8025930,4,34,146,73
8029041,72,22,243,99
8025931,118,18,170,71
8025932,94,11,107,45
8039699,62,25,240,100
8122911,100,10,119,48
8037774,100,32,93,53
8025933,151,28,163,75
8025934,104,27,93,50
8117358,100,11,175,68
8029042,128,19,118,54
8025935,89,7,238,88
8025936,68,5,143,53
8037775,12,40,227,105
8025937,98,15,127,54
8134805,194,32,203,92
8025938,203,20,241,97
8025940,230,34,246,108
8037776,145,19,199,82
8025942,54,34,110,61
8134806,171,26,178,79
8025948,126,24,108,53
8035938,178,13,215,84
8035939,36,20,100,48
8035940,95,18,114,52
8035941,27,10,189,73
8035942,83,27,162,74
8124985,156,40,175,87
8124984,66,7,158,60
8035944,135,30,266,113
8035945,120,17,224,89
8035948,80,26,93,49
8124983,131,33,221,99
8035949,92,6,191,71
8124097,109,24,198,85
8035950,67,27,207,90
8035951,158,6,144,54
8035952,29,38,280,123
8035953,15,28,211,92
8035954,24,5,91,35
8035955,58,7,107,42
8035956,21,11,120,49
8035957,113,16,186,76
8035958,57,23,172,75
8035959,137,27,115,58
8124098,53,36,196,92
8035960,15,6,98,38
8111430,88,15,180,73
8025952,65,9,112,45
8136673,46,31,261,112
8136674,185,25,193,84
8136676,249,25,229,96
8136678,155,24,117,57
8136685,53,14,132,55
8136680,75,5,95,37
8136684,69,7,69,29
8136682,40,13,233,90
8136683,110,13,195,77
8136686,33,19,183,76
8137585,36,26,122,60
8137589,181,15,222,87
8137587,99,9,244,91
8137536,114,6,99,39
8137549,89,28,213,93
8137550,17,10,168,65
8142451,23,20,143,63
6310590,149,39,137,73
8039645,195,9,173,66
8126466,120,40,195,94
8137537,187,32,209,94
8126063,17,19,86,42
8137555,213,31,225,99
8137556,20,17,210,85
8119388,2,20,256,103
6310595,136,21,262,105
8137544,76,6,218,80
8129210,134,29,120,61
8137539,15,28,255,107
8137547,65,38,110,63
8137552,183,29,200,89
8137553,271,39,237,108
8137554,72,6,199,74
8114314,31,29,226,98
8033610,2,14,180,72
8033611,197,16,225,89
8033612,150,26,225,96
8140935,17,24,127,60
8140936,80,25,106,53
8140933,142,19,134,59
8140934,41,28,97,52
8140937,9,12,77,35
8140938,186,31,173,81
8029397,137,30,214,94
8140942,228,20,190,80
8029396,168,18,137,60
8119719,98,38,173,85
8140941,3,9,83,35
8137593,160,25,217,92
8137596,297,31,260,111
8137591,108,19,196,81
8137594,59,31,220,97
8137592,69,21,88,44
8137595,110,37,198,93
8137590,251,22,248,101
8039651,150,33,114,61
8039649,137,37,112,63
8039653,79,36,152,77
8039654,44,27,106,55
8039652,132,15,109,48
8039650,125,25,96,50
8137580,158,24,272,111
8137581,69,25,162,73
8137582,19,38,217,101
8137583,237,35,250,110
8140931,180,20,223,91
8140932,139,40,174,87
8137572,243,39,268,119
8137573,158,14,174,70
8137569,121,38,192,92
8137570,82,20,127,57
8137597,168,36,165,81
8137598,252,16,239,94
8137575,144,39,148,77
8137577,177,22,145,65
8137574,248,28,255,107
8137576,224,36,208,96
8040307,120,24,108,53
8116613,104,15,177,72
8029412,263,15,238,93
8029411,58,12,221,85
8029413,18,15,148,62
8007977,138,12,174,69
8029414,24,20,165,71
8007978,4,18,102,47
8140928,144,23,223,93
8140929,234,35,247,109
8137579,50,20,85,43
8031442,24,5,138,52
8137578,45,10,239,90
8031443,165,24,144,66
8141947,94,11,139,56
8141946,143,14,124,53
8141945,163,11,213,82
8141944,1,25,163,73
8035107,46,5,74,29
8032487,140,24,261,107
8007980,82,20,95,46
8036932,82,13,88,39
8029402,93,39,240,109
8029398,131,37,130,70
8029399,30,36,217,99
8038375,115,27,171,77
8029400,82,34,267,116
8113612,66,5,117,44
8029401,145,37,141,73
8007981,27,30,271,114
8007979,60,13,213,83
8133991,114,11,141,57
8142672,41,19,150,65
8125921,59,13,200,78
8142673,131,18,248,99
8137560,257,18,249,99
8137564,194,40,219,103
8126065,192,30,164,77
8126070,119,15,252,98
8125919,252,7,226,84
8132858,53,6,108,42
8125920,104,22,89,45
8137557,107,32,207,93
8137561,157,11,146,58
8137558,280,7,257,95
8029417,94,37,193,92
8137563,20,38,108,63
8125923,0,19,99,47
8125922,104,32,202,92
8137565,168,7,186,70
8137566,131,35,248,110
8137568,142,33,134,68
8137567,136,27,173,78
8037815,18,8,69,29
8039648,2,7,257,95
8037318,189,23,218,91
8037314,4,11,209,80
8037319,164,6,130,49
8037315,117,5,96,37
8037320,115,24,217,92
8037316,79,26,121,59
8140930,115,38,229,105
8140939,125,25,111,55
8140940,118,36,200,93
8137584,41,24,137,64
8137588,89,23,199,85
8137586,68,12,76,34
8141941,8,5,232,84
8141943,77,38,98,59
8141940,193,14,229,89
8141942,53,15,153,63
8109763,132,9,189,72
8037322,118,24,86,46
8037323,20,5,202,74
8029407,191,21,254,103
8029403,109,8,143,55
8041520,163,10,250,94
8041519,110,10,78,34
8007985,60,36,266,117
8008157,145,36,148,75
8029404,178,19,234,94
8023704,92,13,241,93
8021646,78,25,164,74
8021707,87,38,224,103
8034204,241,23,204,86
8034205,82,17,140,60
8034206,121,27,191,84
8120824,21,14,138,57
8120843,94,28,271,113
8017146,41,17,218,87
8003112,3,18,78,39
8115650,222,28,224,97
8137997,38,18,121,54
8117125,73,40,203,97
8117126,13,32,103,57
8116809,146,33,255,111
8127300,183,12,203,79
8116497,129,35,208,96
8135826,142,15,219,86
8135813,77,9,96,39
8135814,17,40,139,75
8141159,144,26,213,91
8131413,122,31,147,72
8131420,132,36,190,90
8131408,309,19,269,107
8143768,153,11,181,71
8143770,100,5,188,69
8143769,103,36,127,68
8131415,162,39,285,125
8131421,125,12,87,38
8131416,215,22,179,77
8131412,145,17,110,50
8131409,215,13,183,73
8131430,25,13,118,50
8131431,94,9,250,93
8131432,26,31,143,70
8131427,165,20,144,63
8131428,62,7,71,29
8131429,21,27,205,89
8131422,21,11,111,46
8143765,169,28,250,106
8143766,160,32,221,98
8131425,160,28,264,111
8143767,54,12,226,87
8131433,211,36,172,84
8131434,26,38,136,72
8131426,154,27,232,99
8131424,95,10,93,39
8131423,19,19,80,40
8131436,45,15,248,97
8131435,67,32,123,64
8131400,204,10,251,94
8131404,136,16,147,62
8131402,85,37,191,91
8131397,243,31,223,98
8143763,86,34,99,57
8143764,66,22,133,61
8131401,37,26,233,98
8131407,177,8,139,54
8131403,189,22,234,96
8131399,83,38,193,92
8131398,172,28,167,77
8129343,133,31,103,56
8129341,117,35,152,76
8129264,62,6,143,54
8129342,162,23,260,106
8129344,87,14,93,42
8033311,100,36,154,77
8136851,55,35,126,67
8136852,167,39,198,95
8126905,8,8,222,83
8126906,16,25,115,57
8126903,262,37,270,119
8126904,159,10,225,85
8129380,71,12,83,37
8129381,29,15,81,38
8129382,149,38,238,108
8129263,79,15,76,36
8129379,62,16,223,88
8129378,27,37,154,78
8129266,133,33,119,63
8129265,36,9,208,79
8038728,57,35,269,117
8134919,160,7,161,61
8134918,141,21,210,87
8128516,117,14,205,81
8128515,161,33,187,87
8133294,79,33,125,65
8006954,118,14,89,40
8031839,31,14,190,76
8006955,157,38,159,80
6301457,217,28,244,104
8023426,56,29,144,69
8023427,80,21,134,61
8021367,59,37,189,90
8021368,138,18,212,86
8034947,105,14,173,70
8121537,71,17,156,66
8034948,67,5,205,75
8013023,50,37,119,66
8013024,192,10,162,63
8014921,159,23,244,100
8014922,243,14,207,82
8010837,69,25,100,51
8137310,76,5,93,36
8137247,266,33,260,112
8116391,52,35,147,74
8116392,66,18,148,64
8127024,107,13,85,38
8127023,234,22,245,100
8137293,16,14,165,67
8137292,63,37,107,62
8008441,135,37,275,120
8027015,51,20,228,93
8038520,71,23,210,88
8038519,259,31,220,97
8138484,3,14,182,73
8138485,176,27,156,72
8030072,107,15,94,43
8030073,103,26,181,80
8026618,82,37,126,68
8141721,141,6,128,49
8141720,109,37,152,77
8128403,1,14,167,68
8128404,40,12,231,89
8131286,226,18,197,81
8131287,187,40,178,88
8136416,7,7,194,72
8136415,151,7,205,76
8137263,3,10,136,54
8137288,155,18,264,104
8137260,217,24,198,85
8137261,0,13,83,38
8137282,70,27,239,101
8137285,21,40,150,79
8139249,93,28,98,53
8137284,110,11,249,94
8137280,253,6,244,89
8137281,167,18,129,57
8137286,52,29,146,70
8139248,107,22,148,66
8137262,88,23,170,74
8137257,163,19,134,59
8137259,52,25,273,112
8139247,182,29,192,86
8139246,29,28,246,104
8137289,64,34,116,63
8137287,28,11,169,66
8137197,147,27,229,98
8137198,120,7,126,49
8021952,10,10,98,41
8021500,50,20,112,52
8021499,61,13,261,100
8021491,200,32,203,92
8142690,127,15,121,52
8142691,202,18,186,77
8142692,95,35,173,83
8142693,122,11,218,83
8142688,90,23,83,44
8142689,189,38,264,117
8015505,68,36,112,63
8117307,92,19,172,73
8117296,15,23,156,70
8015507,73,13,77,35
8117301,89,5,139,52
8015504,116,35,102,58
8131018,43,39,163,82
8135378,214,5,213,78
8135377,16,30,102,55
8031136,203,22,223,92
8031133,127,26,120,59
8031134,1,22,175,76
8140764,97,26,187,82
8117303,65,31,146,71
8135362,61,19,167,71
8131014,45,37,257,114
8015500,25,16,116,51
8113934,79,29,206,91
8135363,32,24,127,60
8031137,54,14,247,96
8135361,122,16,99,45
8031135,271,26,246,103
8040609,107,35,192,90
8140762,214,28,235,100
8140763,94,32,180,84
8124913,139,7,126,49
8124912,151,29,202,90
8131012,125,21,145,64
8135376,152,37,239,108
8135375,67,6,97,38
8131013,110,9,113,45
8117302,160,11,201,78
8036946,32,26,177,79
8015495,239,33,204,93
8015497,191,34,238,105
8015496,175,22,215,90
8026184,79,29,222,97
8135360,141,15,236,92
8036942,188,33,153,75
8026183,108,27,161,74
8026185,127,37,151,77
8140756,108,37,163,81
8140757,19,12,187,73
8140761,40,34,114,62
8040613,124,20,147,64
8040610,188,36,224,102
8040612,31,31,162,77
8040614,53,33,260,112
8140758,214,29,229,99
8117299,125,40,130,72
8015508,69,5,185,68
8135373,31,26,117,58
8135365,84,32,179,83
8135370,86,18,227,91
8135369,136,5,96,37
8135374,31,30,150,72
8135371,163,40,202,97
8135366,249,17,230,92
8135368,165,14,204,81
8135367,139,34,218,98
8135372,29,11,71,32
8036944,32,39,134,72
8036943,145,35,282,121
8140754,76,23,103,51
8140769,71,11,162,64
8121230,20,32,107,58
8135379,240,24,221,93
8033660,65,10,107,44
8033659,132,38,218,101
8131007,132,16,255,100
8040617,102,9,79,34
8040618,83,19,153,66
8131005,61,40,209,99
8015501,79,20,125,57
8117300,194,9,169,65
8015502,149,23,262,107
8140755,129,27,93,50
8036945,115,36,241,108
8036948,171,29,230,99
8036950,7,8,111,44
8131016,1,40,263,118
8140767,49,5,72,28
8140765,69,10,210,80
8140766,199,36,217,99
8131011,217,8,233,87
8040616,146,32,278,118
8015498,52,20,161,69
8124910,10,30,270,114
8015499,245,18,206,84
8124908,50,8,212,79
8124907,58,6,66,27
8124909,228,33,250,109
8131015,12,40,194,94
8135359,110,34,209,95
8135364,41,16,139,59
8036947,67,14,199,79
8040615,1,38,221,102
8117305,96,31,105,57
8117306,71,24,172,76
8140760,21,24,204,87
8140759,100,7,94,37
8140770,59,10,103,43
8140768,34,35,200,93
8140771,143,20,242,98
8140753,77,35,212,97
8140752,78,9,108,44
8140751,210,40,205,98
8015506,62,6,204,75
8131017,121,24,242,100
8117295,9,20,177,75
8135358,159,33,258,112
8140439,30,6,147,55
8004227,189,31,220,97
8127357,43,17,108,49
8139573,77,26,178,79
8011354,179,38,228,105
8004788,43,26,164,74
8127354,131,17,234,93
11246,68,11,130,53
8004791,99,8,162,62
8004792,149,33,126,66
8004232,86,32,200,91
8139577,113,18,239,95
8139575,52,18,151,65
8120431,29,16,149,63
8139576,226,35,285,123
11420,181,39,185,90
8139572,163,28,274,114
8122972,105,20,137,61
8129525,7,6,136,52
8140150,281,27,260,109
8126977,17,6,218,80
8140127,175,23,262,107
8110455,94,21,167,72
5737,145,20,143,63
9990897,82,32,163,78
9996382,186,7,245,90
8135324,36,34,189,88
8135325,79,33,127,66
8135323,219,5,214,78
8135321,318,36,282,122
8135322,190,31,266,113
8135317,129,33,217,97
8135315,31,9,134,53
8135316,79,23,103,51
8132564,201,17,200,81
8135320,168,23,260,106
8135319,20,35,131,69
8135318,56,39,208,98
8139584,169,37,205,96
8139582,104,34,175,83
8143550,119,16,97,44
8139583,14,35,217,99
8034207,232,33,204,93
8140944,129,6,110,42
8140947,52,13,231,89
8140945,78,16,266,104
8140946,149,35,268,117
8141948,78,39,198,95
8110842,59,23,183,79
8110845,106,28,179,81
8110846,125,31,95,53
8142221,245,14,206,81
8143838,30,33,251,109
8110847,140,40,290,128
8111372,99,13,121,51
8110841,101,32,119,62
8110840,66,38,104,61
8120573,112,24,177,78
8113350,133,16,106,48
8113800,10,10,139,55
8119235,108,16,241,95
8038240,45,39,102,61
8139890,70,6,77,31
8013079,12,9,93,38
8014164,18,38,154,79
9931875,29,14,202,80
8017120,110,16,145,61
8010881,178,37,152,77
8013971,143,20,180,76
8009385,184,10,172,67
8137437,39,32,161,77
8133613,117,18,92,44
8131551,125,14,196,78
8024933,176,27,185,82
8037152,131,18,172,72
8026125,149,40,187,91
8043274,2,24,165,73
8016517,77,26,142,67
6031106,114,16,96,44
8042702,120,16,142,60
8137988,240,36,205,95
6302177,12,34,110,61
8142459,158,34,261,113
8142474,142,19,104,49
8142475,25,5,204,75
8142471,107,39,156,80
8142464,105,18,147,63
8142466,55,26,114,57
8142460,123,6,178,66
8142465,1,28,202,89
8142467,91,13,171,68
8142462,148,39,247,112
8142470,160,20,182,77
8142463,91,10,239,90
8142472,96,16,160,66
8024281,233,40,241,110
8026638,189,18,262,103
8129027,39,37,131,70
8129033,27,14,126,53
8129035,226,26,260,108
8129030,51,37,97,58
8026649,80,12,209,81
9993437,169,25,172,76
9993446,229,14,229,89
8043436,36,25,95,50
8122212,214,30,231,100
8141913,234,27,201,88
8115381,2,18,156,66
8143417,43,11,109,45
8112015,17,40,246,112
8122218,58,16,235,93
8141912,26,34,162,79
8043663,10,8,139,54
8142168,51,28,181,82
9993734,5,13,204,80
8142583,156,27,121,60
8043427,173,38,217,101
8141859,36,11,170,67
8141858,72,38,174,86
8141857,56,26,158,72
8141856,177,33,248,108
8043426,141,9,163,63
8131474,130,31,166,78
8115835,36,28,95,51
8015384,102,32,192,88
8141714,23,21,117,55
9993976,137,8,144,56
8017154,43,36,149,76
8122219,99,14,112,48
9999296,36,33,101,57
8015452,92,6,69,28
8043439,259,30,272,115
8133096,163,33,185,86
8109892,3,33,171,81
8031973,112,15,83,39
8015453,168,19,137,60
8016714,202,31,248,107
8140774,58,23,88,46
8140775,207,11,236,90
8121550,156,27,159,73
8121549,164,13,233,90
8029428,132,11,106,44
8029427,147,7,226,84
8029429,92,36,195,92
8033599,57,15,111,49
8134746,59,37,184,88
8134701,179,8,237,88
8039662,175,27,228,97
8039658,107,27,252,106
9994138,113,12,144,58
9994369,122,29,132,65
9995733,7,20,99,48
8026731,146,18,107,49
8026730,83,6,67,27
1556,210,29,180,82
8126441,59,30,116,60
8126658,178,15,196,78
8126659,14,13,78,36
9994139,74,30,127,64
8029015,38,11,217,83
8025261,47,19,254,101
8025262,208,11,207,80
8023420,57,14,157,64
8023421,112,19,116,53
8029016,174,20,216,89
8118125,162,35,205,95
8023103,65,35,122,65
8123257,89,17,265,104
8123258,246,7,224,83
8137816,79,19,198,82
8137817,143,27,255,107
8136022,101,6,244,89
8136023,182,29,169,78
8133156,53,33,136,69
8133153,135,38,262,116
8133158,58,27,89,49
8133157,44,37,114,64
8136028,88,24,91,47
8136029,33,40,207,98
8136030,65,7,83,34
8136025,249,15,216,85
8136024,194,29,176,80
8133159,62,30,202,90
8133160,1,36,175,85
8133165,141,9,200,76
8136031,96,29,132,65
8136033,76,5,71,28
8136032,78,30,96,53
8136034,82,28,149,70
8011524,254,11,241,92
8023098,136,29,176,80
8023097,91,11,97,41
8133166,214,37,283,123
8136019,226,29,236,101
8034400,180,26,248,104
8010573,52,7,239,88
8010574,149,11,147,59
8010572,159,18,166,70
8023423,91,19,92,45
8023422,176,38,199,94
8023424,101,20,165,71
8131669,0,14,144,60
8010575,213,15,242,94
8035072,92,16,128,55
8035074,77,21,141,63
8035073,200,9,244,91
8035075,204,12,260,99
8035077,67,28,118,60
8035079,69,26,199,87
8035076,145,26,152,70
8035078,163,17,135,58
8022217,18,26,101,52
8022221,240,24,259,106
8136453,132,11,151,60
8022215,41,19,102,48
8034929,70,6,228,84
8129415,240,17,208,84
8022213,68,15,212,84
8129418,219,28,193,86
8022212,8,35,237,106
8136454,120,16,100,45
8131214,93,28,220,95
8131215,57,23,211,89
8131216,178,39,181,89
8141224,84,17,197,80
8141225,17,21,82,42
8141222,108,22,142,64
8141223,90,6,121,46
8127430,128,35,152,76
8122209,122,33,251,109
8122210,54,30,279,117
8004273,151,13,117,49
8009168,187,37,183,88
8004275,139,20,128,58
8014581,23,14,108,47
8033370,75,17,237,94
8033375,106,8,183,69
8033366,87,28,121,61
8033367,60,32,214,96
8033369,122,27,120,60
8033389,153,22,172,75
8033391,26,6,139,53
8033390,194,19,182,76
8033392,232,21,263,106
8035000,66,27,158,73
8034999,44,16,142,60
8033393,79,24,231,96
8034555,10,22,127,59
8033394,7,38,161,81
8033395,171,5,194,71
8035013,2,5,124,47
8035007,45,18,107,49
8035010,260,39,257,115
8035011,107,30,263,112
8035001,16,16,244,96
8035008,41,6,243,89
8035012,143,14,117,50
8035006,107,25,275,113
8035009,82,11,122,50
8033377,69,37,251,112
8033371,176,33,215,97
8014578,136,22,192,82
8033388,70,20,172,73
8033376,10,30,142,69
8033387,116,6,143,54
8033368,57,21,251,102
8014586,34,40,115,66
8033374,3,13,210,82
8033378,57,10,221,84
8014587,125,25,233,98
8033372,58,12,170,67
8014584,194,20,207,85
8135654,156,15,224,88
8135656,133,36,207,96
8135657,79,23,125,59
8132727,217,38,281,123
8136555,220,22,225,93
8134783,45,19,177,74
8132729,149,28,179,81
8132728,19,16,100,45
8134787,128,35,105,60
8132730,34,9,157,61
8134788,43,16,107,48
8132731,77,16,176,72
8132734,100,24,205,87
8132733,61,8,134,52
8132732,75,37,182,88
8134782,75,19,188,78
8132735,125,8,254,94
8132736,193,39,225,104
8134791,2,31,267,114
8134790,160,30,178,82
8134789,58,13,114,48
8132718,73,27,176,79
8136554,63,23,154,69
8132724,144,40,239,110
8134779,104,16,244,96
8132720,47,36,214,98
8132723,19,28,213,93
8134778,26,29,115,59
8132719,150,40,277,123
8132725,136,29,198,88
8134780,57,30,266,113
8132721,130,7,102,40
8132726,124,29,279,117
8134781,0,15,173,70
8132722,2,9,110,44
8142559,143,35,121,65
8033726,204,24,184,80
8142696,172,12,211,82
8041123,70,29,226,98
8138004,66,22,200,84
8138003,74,31,159,76
8033923,63,29,137,67
8133980,130,9,124,49
8117130,98,19,144,63
8117131,163,27,134,64
8121336,63,35,120,65
8143459,157,25,218,93
8143458,41,9,128,51
8121333,148,8,122,48
8121335,208,12,185,73
8029473,144,28,113,58
8029476,135,40,182,90
8021745,104,20,245,99
8117128,92,15,123,53
8117129,52,38,236,107
8120829,9,16,252,99
8139030,45,37,164,81
8139029,127,38,149,77
8139032,70,40,250,114
8111802,81,23,147,66
8111801,186,7,206,77
8036006,53,36,228,103
8036005,10,24,115,56
8128770,175,29,143,69
8128769,56,22,187,80
8123684,130,12,141,57
8036002,30,35,260,114
8035998,144,19,162,69
8003418,111,32,129,66
6030962,206,26,228,97
8000649,76,17,211,85
8112618,64,26,119,59
8136192,92,5,86,33
8143691,110,34,243,107
8112702,26,13,213,83
8112725,121,6,220,81
8112728,301,21,264,106
8112721,96,23,162,72
8112724,22,6,155,58
8112791,136,29,210,92
8112777,234,18,267,105
8112780,180,40,272,121
8112749,109,9,129,51
8112726,288,16,262,102
8113369,56,20,184,77
8112743,65,38,108,63
8112757,141,20,107,50
8113385,226,19,244,98
8113383,156,37,274,120
8112796,271,37,251,112
8112795,116,5,237,86
8113382,180,9,248,93
8112761,113,12,150,60
8112733,36,8,78,33
8112774,54,33,194,89
8113390,244,5,242,88
8113388,110,8,192,72
8113386,96,19,174,73
8113466,32,21,106,51
8112778,151,39,256,115
8112734,139,14,181,72
8112775,125,7,139,53
8112751,129,29,125,63
8113438,154,35,128,68
8112771,62,20,88,44
8112798,126,30,99,54
8112811,257,27,268,111
8113424,79,34,140,71
8112815,99,7,185,69
8112814,132,25,102,52
8113423,175,36,208,96
8113418,16,38,209,98
8112809,86,37,146,75
8112731,178,30,178,82
8112742,67,36,248,110
8112750,0,22,177,76
8112727,186,26,215,92
8112801,164,31,179,83
8112794,119,18,80,40
8112793,230,23,262,107
8113396,196,27,173,78
8127122,10,19,152,66
8112764,150,15,241,94
8113361,141,35,164,80
8112732,234,14,262,101
8113379,92,18,258,102
8112730,132,10,226,86
8112792,130,7,209,78
8127123,194,39,205,97
8127133,63,23,266,108
8127141,14,25,150,69
8112813,160,23,132,61
8112802,31,34,110,61
8112797,31,20,247,99
8127140,18,10,70,31
8113463,182,6,171,64
8127142,12,9,103,42
8112755,185,6,155,58
8112781,146,8,205,77
8112785,109,26,158,72
8112786,169,38,231,106
8113461,37,21,208,86
8112695,253,38,239,108
8113425,214,10,212,81
8113427,32,18,84,41
8112741,91,22,189,80
8127148,16,18,169,71
8112766,4,11,165,65
8112767,171,24,181,79
8127157,55,36,275,120
8127160,39,26,113,56
8127155,204,17,174,72
8112804,192,6,233,85
8112807,100,31,170,80
8112805,194,29,159,75
8127163,153,31,258,110
8127161,109,8,183,69
8112808,126,25,261,108
8112806,227,38,230,105
8113435,87,15,236,92
8113434,26,25,157,71
8113381,18,6,80,32
8112799,133,36,203,94
8112710,166,40,156,81
8112709,173,38,152,78
8112708,23,29,222,97
8112707,58,37,263,116
8112752,181,20,248,100
8112745,167,12,218,84
8112698,243,15,240,94
8113358,95,17,230,92
8112810,209,30,262,111
8113417,47,11,157,62
8113415,7,30,259,110
8112800,195,32,251,109
8127152,226,34,282,121
8112759,166,28,165,76
8127153,56,5,102,39
8127150,222,30,269,114
8112747,43,29,113,58
8127143,81,8,231,86
8127139,11,37,274,120
8127146,114,39,239,109
8112729,146,30,123,63
8113900,46,5,234,85
8127144,188,5,176,65
8127151,24,16,105,47
8112779,48,9,188,72
8113906,50,15,156,64
8112782,10,5,146,54
8112712,224,30,189,86
8113394,92,13,107,46
8113359,101,24,180,79
8112719,199,31,159,76
8112754,146,23,151,68
8112720,98,12,131,54
8112715,9,24,208,88
8112718,182,25,180,79
8130456,52,13,86,39
8130457,98,24,105,52
8130458,185,18,255,101
8130459,176,35,150,75
8130460,42,31,215,95
8130461,263,16,266,104
8121704,192,17,258,101
8121211,101,28,189,84
8129532,73,13,126,53
8117049,119,18,149,64
8134088,172,12,160,64
8134740,159,34,215,97
8132400,113,18,137,60
8133716,30,16,264,103
8133733,124,13,141,58
8136862,280,10,248,93
8121210,10,34,136,70
8039856,184,18,191,79
8039857,135,8,172,65
8039858,73,20,147,64
6297900,149,30,159,75
8024477,57,23,122,58
8136337,63,14,154,63
8020423,164,15,265,103
8018796,153,37,215,99
8018794,45,10,202,77
8018793,77,30,135,67
8018795,182,6,187,69
8136335,109,6,95,37
8024480,72,10,143,57
8136336,3,32,93,53
8015396,168,36,146,75
6302178,3,11,106,44
8015408,123,30,169,79
8002160,62,38,239,108
8015409,104,40,197,95
8024478,252,26,258,107
6255500,81,12,113,47
6300207,83,38,100,60
8015401,62,20,103,49
8015400,168,27,157,73
8120063,92,31,105,57
8116903,42,23,164,72
6209507,86,10,175,68
6220492,248,6,237,87
8116902,254,39,227,105
8141668,182,25,219,93
8139835,83,38,103,61
8121668,25,35,191,90
8031892,55,36,271,118
8031891,77,13,183,73
8024479,17,22,221,92
8015392,158,13,160,64
8024433,75,37,226,103
6230801,286,28,256,108
8015399,89,17,232,92
8015398,52,17,206,83
8132103,70,21,231,95
8126883,47,15,141,59
8128034,13,36,122,66
8132210,183,5,210,77
8123297,5,15,110,48
8132209,40,22,84,44
8123295,163,40,181,89
8129535,91,11,107,45
8140117,8,40,175,87
8140154,5,29,244,104
8126975,120,33,150,74
8134081,101,17,138,59
8034545,14,40,180,89
6310102,85,26,256,107
6310103,99,7,121,47
8024354,146,38,143,75
8024355,63,25,188,82
8038754,53,31,129,65
8131308,14,11,105,44
8118306,78,40,221,103
8131295,188,22,149,66
8114814,161,37,132,70
8114815,66,31,116,61
8114812,82,32,118,62
8131310,98,31,145,71
8138487,3,19,79,40
8138486,59,12,175,69
8137718,27,37,122,67
8137887,48,29,273,114
8137890,76,5,101,39
8137889,241,28,262,110
8137888,151,19,211,86
8137891,224,22,214,89
8137719,169,8,255,94
8137910,111,29,111,58
8137944,143,13,232,90
8141252,116,32,235,103
8141251,77,34,120,64
8141253,23,16,152,64
8141254,162,39,186,90
8142305,85,33,140,70
8137911,147,26,137,65
8143970,211,10,210,80
8132481,12,5,119,45
8132483,191,37,199,94
8135214,263,30,279,117
8135276,209,27,258,108
8113395,11,33,145,72
8141698,283,23,254,104
8118163,82,33,249,109
8129568,107,16,132,57
8136818,50,27,104,54
8135193,273,40,234,108
8134055,70,28,140,67
8137150,275,29,240,103
8140707,178,15,265,103
8140706,42,21,261,105
8134301,89,33,173,82
8143585,93,28,92,50
8131742,71,34,188,88
8127112,82,40,120,68
8135153,67,34,141,71
8130938,32,20,113,53
8141697,185,18,215,87
8141701,73,8,87,36
8131746,173,30,147,71
8134302,88,33,187,87
8137498,85,25,134,63
8137007,2,31,104,57
8140715,204,14,184,74
8127113,119,23,218,91
8130939,223,38,219,101
8138976,177,34,217,98
8141699,188,21,268,107
8113397,91,24,200,86
8034854,191,11,158,62
8124991,31,17,122,54
8135139,283,25,266,109
8140314,46,35,140,72
8135127,128,36,147,75
8140312,107,20,115,53
8135142,114,6,167,62
8135130,227,28,206,90
8135136,155,39,196,94
8140319,175,40,198,95
8135137,42,38,218,101
8135132,53,26,141,66
8135135,253,23,214,90
8135133,205,9,257,96
8135134,50,8,183,69
8141389,11,13,97,42
8141383,190,11,171,67
8141384,187,14,158,64
8141382,7,11,106,44
8141388,47,13,147,60
8141380,19,15,162,66
8141394,51,24,185,80
8141395,231,36,223,101
8141393,43,10,71,31
8141386,12,34,195,90
8141379,140,15,120,52
8141391,53,9,146,57
8141392,84,30,219,96
8141378,99,16,77,37
8141387,99,18,243,97
8143047,251,36,227,103
8143057,9,38,123,68
8143056,110,13,210,82
8143058,257,13,243,94
8143059,220,28,232,99
8143061,174,18,170,71
8143060,74,23,156,70
8143063,73,7,154,58
8143064,253,32,269,115
8143065,96,26,216,93
8143062,3,13,188,74
9990415,136,10,141,56
9990414,158,9,219,83
8128358,77,11,213,82
8034109,83,5,173,64
8020898,91,10,132,53
8001194,19,14,254,98
8001195,229,32,192,88
6030339,227,17,211,85
8120592,131,12,124,51
8120593,139,7,140,54
8120597,206,22,175,76
8120591,52,9,132,52
8120595,63,33,93,54
8120596,51,39,179,88
8120599,148,30,246,106
8120594,106,33,281,120
8120598,152,16,218,87
8035082,190,34,187,88
8035054,80,22,241,99
8036927,108,9,99,41
8036929,140,8,203,76
8007401,89,23,85,45
6535991,9,12,114,48
6530688,40,20,246,99
8024412,27,19,94,45
6033998,25,32,242,106
6300421,226,31,231,101
6033977,157,39,178,88
8022194,191,10,215,82
8019532,90,32,240,105
8011531,11,27,91,49
6033970,252,30,218,96
8037812,98,12,232,89
6301167,15,31,146,71
8026925,49,17,97,45
8031969,208,17,208,84
8140747,177,13,187,74
8035673,148,23,177,77
6030332,233,5,245,89
8017174,173,7,250,92
8140745,217,26,216,93
8128359,0,16,188,76
9999686,127,13,206,81
8039775,57,13,113,48
8016217,178,31,151,73
8142595,163,25,217,92
8019529,88,11,210,81
8012483,246,30,224,98
8140749,28,39,116,66
8001092,124,10,135,54
8035705,215,6,244,89
6030341,105,33,165,79
8024507,7,28,168,77
8024486,59,31,122,63
8024487,156,25,228,96
8024488,116,9,176,67
8024489,228,11,206,79
8024490,1,11,157,62
8128370,237,22,261,106
8024491,25,30,160,76
8024492,66,40,234,108
8024494,60,21,178,76
8024495,34,34,190,89
8128371,121,27,115,58
8024496,10,18,267,105
8024497,156,5,254,92
8027642,202,14,189,75
8024498,67,28,215,93
8024499,59,35,284,122
8024500,82,25,105,53
8128372,165,40,254,115
8024501,40,16,248,97
8027644,34,25,269,110
8024502,4,35,144,73
8024503,105,27,197,87
8024504,168,37,243,109
8027645,43,16,176,72
8024505,160,27,128,62
8024506,118,18,219,88
6530615,30,21,159,69
6530616,60,29,125,63
6530640,78,34,140,71
6530614,237,13,201,79
8130588,63,24,93,48
8130590,124,33,283,121
8130591,112,29,185,84
8010825,221,18,267,105
6530617,271,10,249,94
6530619,242,33,247,108
6530620,65,31,132,66
6530621,174,10,195,75
6530611,53,8,82,34
8010826,93,29,179,82
6301405,131,20,213,88
6530623,88,22,125,58
6530622,117,21,255,103
6530624,91,36,111,62
6530625,48,29,136,66
6530626,189,22,223,92
6301404,4,20,224,91
6530627,11,36,217,99
6530628,24,32,197,90
6310152,290,31,270,115
6530629,57,24,90,47
6530630,261,9,249,93
6530631,49,7,81,33
6301406,55,25,245,102
6530613,29,12,147,59
6530633,191,34,231,103
6310160,139,29,250,106
6530634,213,11,240,91
6530635,103,29,203,90
6530636,53,11,249,94
6530760,72,8,214,80
6310151,168,8,253,94
6530637,142,34,219,99
6530638,104,29,243,104
6530639,180,40,174,87
8122450,50,30,273,115
8122451,72,22,147,66
8122452,242,15,259,100
8122449,9,34,139,71
8037813,8,15,223,88
8127469,165,20,167,71
8127464,180,11,181,71
8143733,28,12,75,34
8143735,130,36,98,58
8143734,74,37,234,106
8034841,134,18,177,74
8134093,11,39,172,86
8134283,26,6,110,42
8012479,265,40,263,118
8021391,128,16,263,102
8007701,261,19,231,93
8014890,169,17,149,63
8137396,45,26,123,60
8128368,49,14,151,62
6309986,13,22,202,85
8030928,211,37,184,88
8134280,189,11,160,63
8022195,77,35,153,76
8128365,295,36,284,123
8128367,177,8,223,83
8128362,22,24,104,52
8128364,86,8,133,52
8128366,5,7,141,54
8128363,18,25,89,47
8018415,8,33,146,73
8018416,130,16,155,65
8018417,16,12,90,39
8018418,97,7,87,35
8018420,9,23,86,45
8018421,89,37,266,117
8018422,50,5,221,81
8018423,138,14,116,50
8018424,130,11,139,56
8018425,46,28,118,60
8018427,240,16,235,93
8018428,14,16,139,59
8018451,17,15,126,54
8018452,33,39,285,125
8018453,85,7,155,59
8018454,77,17,95,44
8018455,175,27,250,105
8018456,40,11,251,95
8018457,98,20,225,92
8018458,70,34,153,76
8123371,50,10,153,60
8125155,32,30,94,52
8122447,154,13,136,56
8123368,89,21,107,51
8123373,42,34,95,55
8123375,76,32,158,76
8123873,64,32,137,69
8123369,260,32,266,114
8125156,45,27,92,50
8122464,74,37,143,74
8128360,100,5,241,88
8125157,157,15,153,63
8123377,79,32,212,95
8128369,47,29,91,51
8122446,42,23,171,75
8123370,57,6,94,37
8134092,34,32,206,93
6309989,225,36,236,106
6309991,150,38,138,73
6309988,150,23,148,67
6309990,201,32,199,90
8035698,69,14,259,100
6030326,37,34,194,90
8123372,187,30,265,112
8035687,164,26,249,104
6030325,72,20,184,77
8016219,67,15,206,82
8127335,272,13,248,95
8026959,139,21,99,48
6030338,46,24,267,109
6030337,108,6,68,28
8121605,69,28,199,88
8121604,128,31,104,57
8121606,133,13,137,56
8125158,45,32,123,64
8140750,45,8,124,49
8010320,20,22,264,107
8037363,61,15,111,49
6309999,305,26,273,112
8035053,159,23,255,104
8035678,110,8,251,93
6033987,86,11,121,50
8026284,62,37,116,65
6030330,128,6,127,48
8024166,58,23,161,71
6033989,122,19,111,51
8018293,8,20,200,83
6033991,147,27,188,83
6033993,60,10,177,68
8035083,168,17,216,87
8036926,193,23,243,100
8036928,102,34,264,115
8013345,177,8,181,69
6535989,128,6,191,71
6530689,121,33,245,107
8031644,179,34,257,112
6033997,87,12,95,41
6300422,33,38,160,81
8036267,162,13,225,87
8123374,103,35,195,91
8123872,269,25,250,104
6309998,180,33,211,95
9999453,23,30,236,102
6033976,167,34,157,77
8014103,253,32,258,111
8022193,61,29,90,50
6030049,79,8,68,29
8019531,45,32,131,67
6033969,224,21,235,96
8036930,219,18,266,105
8037811,230,37,223,102
6301166,87,27,105,54
6300146,176,28,184,83
8031968,163,38,225,103
8140746,131,11,139,56
6301165,57,20,135,60
6530690,63,39,284,125
8035695,89,10,201,77
6033996,221,17,257,101
8140744,106,40,227,105
8128361,60,32,111,60
9999685,135,36,146,75
8020897,205,23,211,89
8021390,204,35,256,112
8007457,44,13,120,50
6535990,206,17,203,82
8039774,71,29,140,68
8123376,44,14,83,38
8034108,267,7,231,85
8016216,158,39,122,68
8026599,160,12,236,90
8012482,52,17,87,42
8140748,84,27,154,71
8001091,42,23,118,56
8134091,275,35,261,114
8134090,113,6,151,57
8017171,203,24,223,94
8008159,142,31,131,66
8122448,87,23,270,109
8017170,119,37,188,90
8120178,56,32,105,58
8120177,176,10,240,91
8119412,27,9,117,47
8113987,97,39,155,80
8113988,85,11,254,96
8113984,39,6,168,63
8113986,130,7,147,56
8033357,79,26,110,55
8119411,93,20,202,84
8033355,166,16,183,74
8033356,17,28,217,94
8119408,14,9,92,38
8119407,224,26,230,97
8119406,36,11,222,85
8133098,23,7,192,72
8018498,91,12,238,91
8018499,137,29,103,55
8018497,80,22,213,89
8143367,110,32,110,59
8143361,234,32,244,106
8143352,10,13,112,48
8143362,103,23,139,64
8014301,86,39,230,106
8033670,127,7,145,55
8014300,143,33,274,117
8112048,100,29,143,69
8033669,221,38,253,113
8033668,312,31,277,117
8112047,81,8,167,64
8112051,188,25,215,92
8112049,247,27,235,100
8112050,101,24,113,55
8033667,163,20,147,64
8033666,41,5,65,26
8133333,255,35,222,100
8033661,31,7,245,90
8014303,53,11,197,76
8033662,61,39,164,83
8033676,197,20,242,98
8033674,125,40,219,103
8033675,207,34,189,88
8014302,132,6,117,45
8033673,23,16,120,52
8033671,135,16,175,72
8033672,223,27,228,97
8133335,200,19,215,88
8133331,206,9,179,69
8133329,200,27,186,83
8112052,68,27,195,86
8033677,101,31,95,53
8016857,251,27,272,113
8016858,1,12,212,82
8016856,179,32,207,93
8016859,87,30,135,67
8132405,17,37,120,66
8134079,201,26,235,99
8013123,177,19,186,77
8024282,255,28,227,98
8134080,91,25,135,64
8008144,39,18,134,59
8021382,135,29,232,100
8138119,245,30,218,96
8138117,33,16,181,74
8043048,63,24,222,93
8043049,90,7,143,55
8043047,177,9,251,94
8017014,63,23,145,66
8140350,63,6,119,46
8122895,140,24,162,72
8140351,93,16,193,78
8122896,25,20,106,50
8129609,164,33,162,78
8110721,48,34,96,56
8110720,144,40,205,98
8133849,71,13,230,89
8110723,190,11,194,75
8110722,275,32,268,115
8110719,261,12,228,88
8110718,82,28,219,95
8128954,48,14,99,44
8120825,73,27,105,54
8141963,59,31,203,91
8007763,2,38,239,108
8042711,96,22,145,65
8043535,215,33,183,86
8043536,4,34,153,76
8012636,173,30,168,78
8138339,229,8,245,91
8025882,139,7,115,45
8020810,89,31,243,105
8002304,15,21,230,94
8014836,38,36,186,89
8022485,79,39,207,98
8022484,78,16,89,42
8023845,77,34,149,74
8034180,150,33,221,99
8018566,70,34,119,64
8122236,286,30,271,114
8137381,156,21,224,92
8002363,29,25,187,82
8002362,99,35,187,88
8002361,27,28,229,98
8002364,184,5,144,54
8011946,202,13,245,94
8002384,196,5,207,76
8025509,115,28,258,109
8007444,60,23,93,48
8007443,92,24,216,91
8007442,27,15,180,73
8007445,112,15,193,77
8031928,166,31,242,105
8017663,13,14,247,96
8031929,53,13,188,74
8137370,4,32,241,105
8137369,87,25,173,77
8137368,194,23,213,90
8137371,161,31,182,84
8137384,31,38,133,71
8011947,225,19,218,89
8011948,12,23,84,44
8002386,244,15,258,100
8002306,23,5,235,86
8002387,88,7,200,75
8002308,210,23,194,83
8002307,29,40,192,93
8026847,107,25,126,60
8020811,112,28,272,113
8137387,6,38,240,109
8137386,1,28,218,95
8011940,106,26,102,53
8011941,212,19,246,98
8011942,40,23,89,46
8020531,155,33,119,63
8017666,154,36,253,112
8022630,238,8,212,79
8007435,75,5,87,34
8007434,40,23,233,97
8007433,36,14,245,95
8007436,151,5,249,90
8007437,143,35,224,101
8031141,65,25,183,80
8031289,34,15,235,92
8031142,54,6,89,35
8012289,163,36,148,75
8012288,151,33,129,67
8030080,79,17,162,68
8019894,71,6,221,81
8030081,2,37,148,76
8011957,137,19,116,53
8005530,10,7,184,69
8005529,79,10,181,70
8005528,194,7,155,59
8005531,13,25,186,81
8005532,38,20,259,104
8005535,86,22,88,45
8005534,95,15,245,96
8005533,105,7,223,83
8005536,58,34,167,81
8005537,80,22,93,47
8029932,34,6,75,30
8018735,42,20,137,61
8030975,114,31,204,92
8030974,172,14,215,84
8017664,180,16,186,76
8019342,124,9,84,35
8020775,84,14,237,92
8020774,91,29,143,69
8005434,46,18,137,60
8005433,100,16,105,47
8005432,200,14,222,87
8005435,229,11,204,79
8002385,101,10,80,35
8005438,32,15,90,41
8005437,39,26,273,112
8005436,107,25,191,83
8005439,38,30,117,60
8005440,66,7,137,53
8005424,154,27,148,69
8005423,123,30,92,52
8005422,31,26,145,68
8005425,192,11,216,83
8005426,34,22,159,70
8005429,32,6,99,39
8005428,213,32,239,104
8005427,76,37,215,99
8005430,43,26,218,93
8005431,81,12,146,59
8124753,166,13,177,70
8124752,208,7,209,78
8011943,157,33,236,104
9931770,188,14,258,99
9931769,66,19,185,77
8012035,147,31,149,72
9931771,21,35,261,114
9931772,100,37,273,120
8005451,85,6,106,41
8015851,21,14,135,56
8005452,35,36,180,86
8038643,142,11,147,59
8038646,68,7,73,30
8038647,59,17,185,76
8038648,197,29,210,92
8020864,222,14,218,85
8011955,145,35,279,120
8011956,187,17,192,78
8138865,36,20,255,102
8007280,180,32,256,110
8007278,98,11,217,83
8025530,17,37,272,119
8013453,32,13,90,40
8029475,158,38,121,67
8124302,9,5,161,60
8124303,247,39,234,107
8124301,50,22,270,109
8130038,157,34,200,92
8008833,46,17,79,39
8023028,50,25,160,72
8009075,169,35,210,96
8031537,150,16,231,91
8031388,18,5,206,75
8031389,119,28,111,57
8009074,210,40,252,114
8017480,218,39,239,109
8035732,120,37,129,69
8029937,220,9,213,80
8005467,102,34,138,70
8005466,208,14,214,84
8005465,105,32,96,54
8038642,43,38,224,103
8038641,156,40,268,120
8038640,170,31,199,90
8002374,131,10,137,54
8011949,30,25,182,80
8002376,237,39,217,101
8019292,215,17,201,81
8011950,58,38,252,113
8011951,119,12,135,55
8005450,120,16,112,50
8005449,220,20,249,100
8005448,85,36,111,62
8007448,12,15,97,44
8007447,190,17,167,70
8007446,144,28,131,64
8007449,94,40,144,76
8002393,170,34,237,105
8007450,3,8,253,94
8002388,132,31,198,89
8005447,271,21,271,109
8005446,96,32,264,113
8005445,45,31,129,65
8011983,123,8,157,60
8137380,26,22,236,97
8137379,148,6,181,67
8137378,69,27,125,61
8137377,15,7,257,95
8137376,250,6,231,85
8137374,40,13,99,43
8137385,76,26,245,103
8038638,172,16,160,66
8021220,21,17,122,54
8038637,42,33,164,79
8038639,5,27,156,72
8005411,55,9,220,83
8005410,19,16,118,52
8005409,247,25,233,98
8005412,34,24,142,65
8005420,110,16,151,63
8005419,5,16,261,102
8005418,266,36,250,111
8005421,57,20,155,67
8029949,59,34,207,95
8038650,55,34,163,79
8038653,73,22,213,89
8009052,79,39,126,69
8009053,135,36,166,82
8005462,131,33,241,106
8005461,122,21,112,53
8005460,157,33,202,92
8005463,96,33,120,63
8005464,12,29,206,91
8005415,177,25,168,75
8005414,108,32,109,59
8005413,97,33,156,76
8005470,173,34,164,80
8005417,4,18,256,101
8007430,54,9,144,56
8007429,25,13,107,46
8007428,109,17,94,44
8007431,41,28,132,64
8007432,179,26,251,105
8017665,2,17,164,68
8019268,88,36,122,66
8020530,51,18,183,76
8018903,16,8,176,67
8021264,36,24,228,95
8002310,132,14,227,89
8002309,133,14,164,67
8005408,10,5,96,37
8002311,147,27,219,94
8014658,240,16,260,101
8137346,83,30,278,117
8137345,57,34,138,70
8137344,255,15,265,103
8137347,239,28,227,98
8025529,196,30,193,87
8137523,116,29,102,55
8024363,72,20,189,79
8137524,49,33,139,70
8005457,248,12,242,93
8005456,161,39,134,72
8005455,146,14,263,101
8005458,116,12,129,53
8005459,77,37,149,76
8140082,11,24,135,63
8137382,134,12,195,76
8034182,41,17,153,65
8038634,141,33,153,75
8038633,264,28,268,112
8038636,160,33,235,104
8037511,164,6,201,74
8005454,33,16,123,53
8002322,152,17,213,86
8002321,185,27,161,74
8005416,86,6,155,58
8002325,118,16,257,100
8024267,19,18,126,56
8017660,135,40,117,67
8015554,76,14,103,45
8015553,159,11,177,69
8015552,193,9,157,61
8007534,90,38,117,66
8009054,56,33,179,84
8021533,298,34,267,116
8030743,100,23,157,70
8027939,46,15,79,37
8021534,111,30,243,105
8021012,32,14,146,60
8002359,221,6,184,68
8002358,131,5,139,52
8012629,214,23,190,81
8012630,19,10,232,88
8012631,194,25,214,91
8007440,96,6,156,59
8007439,88,21,173,74
8007438,189,12,160,64
8007441,69,15,75,36
8030082,46,12,202,79
8002351,139,18,129,57
8005538,266,5,235,86
8002349,210,27,230,98
8002352,122,32,129,66
8137366,85,18,107,49
8137365,117,24,125,59
8137364,14,17,183,75
8137367,69,32,278,118
8137355,177,7,155,59
8137352,182,36,205,95
8137350,49,28,148,70
8137358,138,39,258,116
8137383,176,22,171,74
8005443,27,20,92,45
8005442,150,30,167,78
8002353,239,10,240,91
8005444,38,11,186,72
8009639,96,14,118,50
8009055,53,37,113,64
8009056,91,24,194,84
8009057,90,38,285,124
8042005,92,28,185,83
8042004,191,9,213,80
9999514,143,6,223,82
9999513,148,30,197,88
8121356,105,22,267,108
8113600,189,7,208,77
8113601,108,25,270,111
8021488,3,16,123,53
8021633,169,16,179,73
8025098,150,26,147,68
8025099,43,6,234,86
8025097,289,11,250,95
8020901,106,28,168,77
8020902,96,19,153,66
8019588,253,27,253,106
8121997,174,34,160,78
8022336,170,35,264,115
8019589,57,38,249,112
8121998,75,13,80,36
8022338,159,23,248,102
8035508,201,19,166,70
8143803,48,23,185,80
8136905,79,8,250,93
8137606,19,18,84,41
8137607,147,25,196,85
8141689,23,12,109,46
8142399,201,34,196,91
8142400,219,30,197,88
8142401,134,12,256,97
8026986,132,15,162,66
8023308,93,16,253,99
8143798,56,30,269,114
8029084,130,29,274,115
8027889,149,12,211,82
8143816,208,5,202,74
8135026,56,5,189,69
8135024,140,30,180,83
8135028,51,15,150,62
8135030,117,34,276,119
8142412,104,23,127,59
8142404,36,31,126,64
8137208,10,19,195,81
8141190,182,30,154,73
8136906,225,18,202,82
8034574,67,33,265,114
8034269,69,7,248,91
8142407,204,16,198,80
8116211,57,26,243,102
8037564,249,10,211,80
8143797,109,23,168,74
8143795,8,21,255,103
8143818,83,18,206,84
8143817,93,11,229,87
8029085,176,34,189,88
8027890,96,21,245,99
8031522,22,15,157,65
8031683,120,28,149,70
8143810,136,11,203,78
8133651,125,15,258,100
8141187,176,38,151,78
8142405,104,35,113,62
8116210,45,28,199,88
8030052,147,7,243,90
8030053,255,40,232,107
8142406,155,22,186,79
8116212,111,11,89,38
8032716,174,6,172,64
8141188,93,34,109,60
8143809,55,34,174,83
8136901,112,35,107,60
8040068,164,39,180,88
8040069,264,7,242,89
8143811,61,6,170,63
8133652,185,15,193,77
8142402,10,8,127,50
8142403,98,28,168,77
8026987,202,34,240,106
8023311,157,33,154,75
8143799,138,11,164,65
8133649,210,16,198,80
8126401,98,31,250,108
8143801,23,8,187,71
8118742,5,13,201,79
8143804,63,17,176,73
8123698,140,39,206,97
8123699,32,36,179,86
8143800,119,40,274,122
8133650,270,23,249,102
8021585,99,16,112,50
8121999,187,15,251,98
8021584,128,27,113,57
8122163,42,7,174,65
8136175,156,24,267,109
8143796,177,10,258,97
8143808,6,36,166,82
8117485,157,26,164,74
8128262,201,29,201,89
8117483,4,25,109,54
8117484,141,7,161,61
8017164,20,37,144,74
8132639,97,36,238,107
8126180,45,40,174,87
8021641,207,20,183,77
8021642,154,13,145,59
8043712,105,17,120,53
8009468,190,23,188,81
8135603,57,11,152,60
8135604,72,19,137,60
8022015,146,27,173,78
8043703,100,15,166,68
8013349,120,12,223,86
8043707,83,10,151,59
8009463,277,8,255,94
8009465,25,40,206,98
8043705,17,7,234,86
8034278,106,39,104,62
8043709,220,13,197,77
8009467,70,40,162,83
8135601,129,34,246,108
8135602,112,12,142,58
8043699,96,15,138,58
8043701,60,18,254,101
8043698,149,32,275,117
8013348,235,9,253,94
8009462,227,22,197,83
8009464,43,6,78,31
8043700,52,15,84,39
8009466,87,5,76,30
8043702,40,5,96,37
8013347,150,40,222,104
8013346,46,24,89,47
8009461,46,24,162,72
8009460,249,21,264,106
8039852,61,21,109,52
8039853,45,22,262,106
8041660,137,37,108,62
8120848,81,15,113,49
9994732,12,24,232,97
8000151,60,14,89,40
8027769,108,30,220,97
8027768,250,21,264,106
8027764,264,37,255,113
8027758,131,5,167,62
8142514,209,6,173,64
8027766,136,10,112,46
8136584,171,16,174,71
8142515,43,9,174,67
8136585,167,19,188,78
8027770,262,28,278,116
8128258,2,17,166,69
8140437,112,5,99,38
8120074,232,25,230,97
8120082,106,23,108,53
8130087,128,16,171,70
8126396,192,40,152,79
8136129,251,25,273,112
8141104,153,36,239,107
8136128,114,22,82,43
8120081,224,28,210,92
8120083,67,31,198,89
8128259,222,35,185,88
8120077,162,9,193,73
8120080,85,12,87,38
8120078,78,36,250,111
8120088,14,17,78,38
8120085,56,13,171,68
8120087,102,23,174,76
8135260,86,25,177,78
8138572,121,27,268,111
8138573,68,25,98,51
8135268,28,28,217,94
8135269,35,15,96,43
8130581,93,5,91,35
8130454,100,6,224,82
8135669,128,14,122,52
8142029,67,35,235,105
8134037,7,14,187,75
8132448,292,36,256,113
8128952,63,7,99,39
8011934,204,7,192,72
8024814,137,19,155,67
8115510,150,21,114,54
8115509,132,25,110,55
8026932,75,12,220,85
8004647,16,30,259,110
8009633,51,26,260,108
8004648,0,40,164,83
8128950,152,19,155,67
8134878,280,19,241,97
8134877,193,32,164,78
8001404,64,34,127,67
8032497,64,15,192,77
8140685,121,40,247,112
8001405,130,40,170,86
8032498,240,32,239,104
8141109,120,10,127,51
8001406,36,17,78,38
8034496,148,24,211,89
8136715,36,29,160,75
8136713,66,15,159,65
8136711,38,24,90,47
8136710,84,7,111,43
8009653,111,26,241,101
8009650,173,25,137,64
8132449,171,12,200,78
8019741,14,11,88,38
8128953,44,26,162,74
8037977,131,24,217,92
8128077,85,7,218,81
6310071,55,17,237,94
8008912,212,26,264,109
8128949,87,18,240,96
8115512,87,25,149,68
8109549,227,35,234,105
8109550,32,8,114,45
8009656,197,16,256,100
8032496,153,30,155,74
8142028,89,5,135,51
8122604,57,25,226,95
8122605,287,36,247,110
8037954,9,28,97,52
8014110,95,23,195,83
9999363,65,33,256,111
8141794,101,27,103,54
8135626,113,10,187,72
8135608,96,8,199,75
8117959,19,22,185,79
8110749,96,36,129,69
8110750,63,13,258,99
8140115,98,21,98,48
8142371,131,17,264,103
8142368,244,37,271,119
8142372,15,28,261,110
8142369,99,38,113,64
8129530,82,39,168,84
8122499,52,22,94,47
8126989,92,29,138,67
8122498,243,32,239,104
8122497,83,21,88,44
8040744,229,40,245,112
8022402,83,19,215,88
8019936,112,34,103,58
8022615,190,35,163,80
8139414,92,14,116,50
8124162,28,33,152,75
8139413,104,10,227,86
8124163,71,31,158,75
8134600,44,23,86,45
8130972,262,22,252,103
8134828,109,30,174,80
8111030,210,33,278,119
8136767,15,25,143,66
8142486,251,7,211,78
8134601,62,13,254,97
8124925,178,24,217,92
8030110,262,31,235,102
8142487,144,23,170,74
8116968,18,21,244,99
8140643,149,40,173,87
8140642,154,8,143,55
8140641,168,34,206,94
8140640,147,7,143,55
8123307,64,13,126,53
8123309,91,11,242,92
8123308,131,32,142,71
8142488,169,12,137,56
8025561,126,20,93,46
8028070,139,34,159,78
8019524,74,25,142,66
6310878,71,7,73,30
8041570,135,18,140,61
8016749,216,9,197,75
8005300,199,34,179,85
8034472,47,26,158,72
6310057,147,26,168,76
6310063,76,14,117,50
8041018,85,30,203,91
8034178,89,7,123,48
8034177,33,27,91,49
6310058,112,34,237,105
8038823,43,8,208,78
6310059,175,12,174,69
6310060,104,5,185,68
8018450,279,18,244,97
8038824,68,8,212,79
8037598,67,20,199,83
8034179,114,27,208,90
8016750,40,34,188,88
8024369,103,30,127,64
8024370,271,29,258,109
8019120,182,38,157,80
8137290,18,32,181,84
8033416,260,33,223,100
8033417,79,17,146,62
8140308,168,25,238,100
8140306,58,31,102,56
8140309,42,31,173,81
8140310,61,38,163,82
8140317,29,31,115,60
8140304,30,7,198,74
8140305,98,11,157,62
8140313,168,29,128,64
8140311,68,31,118,61
8140315,70,18,226,91
8140316,42,22,189,80
8140303,13,26,262,109
8140302,72,17,87,42
8140300,57,39,132,72
8121599,123,31,176,82
8135115,181,9,145,57
8135117,134,11,152,60
8135116,14,18,154,66
8007696,180,13,227,88
8004445,223,7,188,70
8004446,225,22,247,101
8017249,237,5,202,74
8004448,174,7,233,86
8005120,8,28,105,55
8140322,65,25,132,62
8140324,122,22,255,104
8140323,32,5,168,62
8142311,36,25,140,65
8142309,77,11,75,33
8142310,141,6,111,43
8128101,27,15,82,38
11145,281,34,254,111
8116829,135,18,152,65
8139940,57,38,247,111
8016741,262,28,230,99
8016740,21,27,217,94
8017695,123,34,234,104
8016699,68,13,219,85
6030887,82,18,128,57
8027210,127,7,146,56
8014430,96,10,78,34
8027211,18,38,242,109
8027209,57,18,98,46
6030888,59,7,94,37
8014432,40,33,126,66
8027212,30,15,218,86
8139019,85,19,216,88
8022229,126,34,104,59
8119823,24,32,127,65
8119824,130,33,232,103
8119822,124,17,215,86
8128764,155,14,261,100
8128763,20,29,146,70
8022651,31,8,94,38
8014433,123,31,126,64
8021672,271,25,231,97
8021410,166,39,213,100
6032693,157,30,277,116
8021730,113,30,123,63
8021482,156,30,135,67
8021483,157,7,206,77
8021681,31,36,141,73
8021426,68,17,139,60
8021422,15,17,213,86
8021430,132,8,186,70
8021423,200,31,267,114
8021425,61,33,209,95
8021486,94,27,101,53
8021705,57,27,227,97
8021440,80,16,222,88
8029019,131,21,127,58
8021684,217,31,235,102
8021443,105,12,123,51
8021704,131,31,107,58
8021429,67,21,181,77
8021427,145,33,202,92
8021428,186,25,213,91
8021658,59,12,233,89
8021420,84,29,219,96
8021703,68,19,99,47
8021702,67,24,248,102
8021424,144,30,134,66
8021409,173,38,279,122
8021417,250,34,211,96
8021416,69,37,186,89
8021419,87,10,127,51
8021701,167,23,232,96
8021414,193,13,207,81
8021413,135,10,113,46
8021439,143,30,107,57
8027358,92,26,143,67
8037803,95,19,138,61
8000089,22,11,168,66
8135788,78,6,122,47
8131369,248,31,231,101
8000086,212,40,282,125
8002249,145,39,173,86
8142784,56,5,120,45
8017345,18,28,166,76
8129173,98,7,176,66
8126169,122,39,132,72
8034749,20,14,167,68
8129168,217,36,259,114
8137514,4,37,220,101
6034306,82,30,111,58
8115663,189,27,255,107
6300426,146,38,146,76
8129175,96,26,119,59
6300425,64,26,218,93
8001130,202,35,213,97
8134910,172,36,182,87
8123484,106,36,178,86
8027312,159,36,254,112
8007364,96,5,91,35
8123482,92,21,178,76
8037805,219,17,245,97
8141731,197,16,167,69
8000090,83,28,144,69
8123442,137,26,118,58
8126174,5,32,238,104
8126173,63,38,147,76
8034750,163,12,154,62
8141730,65,6,168,63
6310706,171,15,150,62
8042106,83,38,112,64
8141732,166,24,207,88
8133423,111,7,117,46
8017347,15,19,211,86
8002241,97,27,166,76
8043423,250,25,230,97
9999510,30,6,160,60
8002237,258,39,256,115
8137515,90,20,195,81
6034311,54,21,225,92
8027359,22,14,134,56
8135789,171,16,189,77
8126176,77,34,127,67
8129176,73,5,190,70
8017346,22,25,231,97
8034751,18,20,97,47
8035542,292,19,257,102
8123483,25,7,133,51
8141729,6,6,79,32
8134908,99,35,191,90
8016920,130,16,144,61
8126175,291,19,254,101
6034309,92,15,89,41
8134909,119,22,159,70
8027357,211,31,186,85
8037804,7,26,275,113
8123383,206,35,221,100
8000088,55,30,114,59
6034313,45,22,255,104
8135787,189,8,185,70
8131368,147,24,116,56
8041321,6,6,217,80
6533221,177,12,152,61
6034110,171,6,217,80
9999508,117,29,124,62
8142783,83,12,219,84
8001131,148,22,238,98
8000099,43,40,199,96
8017344,155,30,217,95
8032012,144,21,240,98
8129172,94,32,122,64
8126167,67,16,251,98
8126168,166,15,238,93
8034748,205,18,196,80
8010269,205,32,211,95
6030746,123,18,96,45
6030739,83,35,228,103
8129171,154,33,168,80
6530745,60,26,126,61
8129167,106,5,89,34
8129169,285,40,264,118
8137513,81,11,235,89
8007938,113,10,88,37
8129170,31,21,268,107
6034300,67,30,273,115
9999598,143,5,110,42
8115661,57,15,189,76
8035543,23,33,222,99
6300420,228,38,201,95
8129174,183,22,147,66
8043422,142,28,205,90
8023857,231,12,219,84
8023877,305,31,274,116
8023878,267,8,237,88
8124671,140,33,107,59
8023858,129,19,147,64
8023859,84,14,110,48
8023860,22,24,112,55
8023861,131,18,210,85
8023879,44,13,76,35
8023862,42,22,252,103
8023863,40,39,201,96
8023864,101,7,179,67
8023880,105,22,193,82
8023865,55,22,147,66
8023866,14,11,201,78
8023867,156,13,146,60
8023868,281,38,248,112
8023869,74,8,113,45
8023870,111,23,201,85
8023871,284,36,257,113
8023872,3,25,203,87
8023873,45,13,83,38
8023874,222,19,213,87
8023875,252,29,275,115
8023876,148,16,261,102
8136822,66,22,186,79
8136823,57,8,207,78
8136821,60,22,141,64
8136832,82,25,92,48
8136833,14,20,172,73
8136831,41,21,107,51
8136820,178,34,147,74
8136819,166,37,132,70
8140131,53,8,221,83
8138132,71,25,209,89
8138131,110,31,156,75
8121173,10,17,212,85
8121171,172,29,196,87
8140602,43,25,88,47
8121172,131,28,156,73
8121170,18,39,179,88
8140601,113,13,249,96
8114590,146,7,140,54
6034503,74,20,94,46
8014088,32,8,173,66
8022243,290,18,253,100
8022244,149,8,181,69
8022245,262,40,224,104
8022246,84,33,116,62
8005571,30,30,256,109
6310403,67,32,175,82
6310402,58,27,215,93
6300174,210,33,181,85
8008436,50,15,129,55
8020202,68,12,246,94
8135660,0,32,282,120
8127875,129,36,169,83
8134348,134,26,118,58
8135661,126,22,123,57
8122926,1,15,121,52
8016031,190,21,171,74
8118790,206,15,255,99
8141292,83,36,180,86
8118788,6,11,189,73
8118789,112,15,152,63
8143101,39,13,171,68
8141291,101,29,177,81
8139513,126,21,190,80
8141293,245,12,212,82
8139511,32,14,102,45
8139512,193,23,216,91
8143102,98,32,147,72
8013451,89,32,117,62
8013452,123,17,216,87
8143100,164,34,180,85
8032616,101,36,172,84
8029972,47,23,177,77
8029914,16,22,149,66
8134739,199,28,161,75
8030973,207,31,221,98
8030846,54,5,104,40
8042602,103,10,87,37
8111840,191,30,190,86
8021717,53,27,120,60
8022511,183,16,178,73
8021629,49,15,229,90
8021711,3,30,153,73
8125361,58,6,90,35
8110877,59,16,101,46
8138739,91,10,82,35
8041567,170,34,141,71
8127124,239,30,203,91
8141058,51,37,135,71
8127126,195,7,171,64
8140827,72,16,103,46
8126397,85,8,203,76
8143079,90,39,105,62
8126859,132,28,237,101
8033344,176,38,161,81
8033343,74,14,181,72
8130009,94,10,87,37
8037969,67,21,234,96
8035153,129,8,108,43
8114588,40,11,170,67
8111896,47,37,256,114
8126280,41,15,171,70
8039411,110,27,216,93
8033345,94,21,139,62
8042641,99,25,227,96
8037970,258,21,267,107
8142444,149,16,163,67
8135059,122,21,128,58
8130539,217,36,249,111
8126950,190,10,188,72
8130540,21,29,128,64
8130541,141,22,149,66
8132208,53,34,183,86
8126279,156,9,243,91
8121079,49,21,146,65
8135058,68,26,142,67
8134557,124,23,134,62
8138207,91,6,208,77
8118717,273,30,244,105
8118718,52,13,140,57
8129477,94,11,98,41
8118716,31,30,156,74
8037784,201,27,247,104
8119441,150,37,204,95
8120033,107,31,96,54
8142180,126,7,186,70
8126281,0,10,180,70
8141207,232,40,285,126
8140118,90,8,211,79
8140153,25,24,129,61
8126976,33,22,118,56
8024283,60,16,199,80
8110458,100,13,131,54
8014976,38,29,191,86
8009984,17,33,146,73
8008143,81,8,72,30
8022641,255,14,226,88
8118741,37,27,101,53
8039562,184,26,161,73
8120756,141,19,164,70
8120399,131,38,109,63
8039539,119,32,99,55
8130221,23,19,97,46
8021874,20,35,206,95
8128079,9,39,135,73
8114022,20,14,78,36
8026894,124,28,119,60
8142176,17,31,133,67
8125583,267,19,248,99
8036413,100,24,235,98
8134568,69,7,97,39
8109483,161,36,150,76
8109484,18,13,202,79
8120449,144,29,166,77
8120758,73,36,150,76
8137255,166,40,227,105
8031204,246,26,243,102
8109475,36,39,170,85
8142586,50,29,156,73
8117977,255,39,250,113
8113299,89,13,122,51
8127427,78,23,92,47
8021876,48,31,262,112
8026897,61,26,209,90
8033269,161,10,248,93
8141168,74,5,150,56
8137256,38,14,158,64
8136589,54,24,243,101
8040817,216,14,206,81
8021877,227,36,245,109
8021879,28,39,137,73
8117675,13,20,257,103
8142175,71,39,135,73
8117139,52,20,116,54
8021880,114,6,178,66
8022613,194,34,283,121
8117138,143,21,218,90
8031086,8,25,206,88
8138833,8,38,238,108
8126585,180,32,230,101
8120532,89,39,139,74
8134602,16,7,123,48
8120533,105,16,91,42
8111407,153,26,273,112
8111031,106,7,89,36
8120757,20,30,158,75
8026900,161,32,226,100
8142177,50,29,203,90
8142731,156,11,231,88
8143556,224,15,217,86
8143103,40,20,211,87
8040547,24,6,148,56
8040548,28,35,246,109
8040545,311,39,287,126
8040546,70,38,117,66
8039854,45,15,153,63
8120846,142,20,245,99
8136035,109,17,202,82
8043056,38,10,177,68
8043055,75,5,198,73
8043054,239,12,203,79
8138209,24,32,195,89
8121257,28,16,145,61
8121263,20,36,244,109
8137611,116,27,211,91
8121258,137,38,162,81
8121262,119,21,258,104
8135916,14,32,140,70
8121254,33,39,107,63
8138208,132,22,246,100
8135917,46,12,173,68
8137610,18,36,142,73
8121259,16,17,91,43
8135918,32,38,222,102
8121253,116,16,263,102
8121252,120,22,97,48
8136654,192,37,153,78
8137609,29,29,147,70
8121261,99,30,242,104
8135919,4,28,92,50
8142671,163,32,240,105
8141323,128,27,112,57
8137612,11,30,220,97
8121255,168,33,221,99
8121256,66,31,163,77
8143115,178,23,194,83
8143116,236,27,219,94
8143114,90,19,211,86
8143117,8,40,237,109
8143118,96,17,109,49
8122601,183,15,167,68
8024799,24,25,86,46
8024800,112,35,149,75
8040634,103,13,172,69
8033911,6,31,107,58
8010441,162,10,129,52
8141760,117,37,103,60
8018315,9,32,264,113
8018314,164,34,136,70
8122602,111,22,240,98
8009832,133,26,207,89
8041313,119,12,127,52
8040635,89,5,167,62
8119085,240,36,204,95
8126066,56,6,158,59
8138144,144,28,141,68
8136422,53,6,216,80
8136421,56,26,112,56
8136420,80,7,220,82
8143654,101,5,190,70
8032038,14,26,128,62
8021606,8,16,239,94
8033910,104,35,116,63
8032039,30,21,98,48
8139337,58,17,77,38
8126400,155,7,200,75
8010460,6,12,257,98
8138331,169,9,156,60
8135488,27,14,225,88
8139745,38,9,74,32
8139332,7,25,178,79
8131022,113,36,254,112
8139336,162,31,190,87
8139333,66,8,112,44
8010357,112,38,179,87
8010358,75,30,98,54
8133424,95,9,89,37
8143774,111,40,190,93
8010459,37,7,136,52
8143773,284,31,263,112
8137500,149,16,248,97
8122599,138,23,135,62
8125658,30,9,189,72
8122600,104,16,204,82
8122598,66,18,105,48
8131023,100,7,67,28
8041109,110,36,128,68
8041110,115,26,98,51
8132310,143,10,256,96
8123175,111,22,227,94
8141761,83,21,190,80
8138332,289,31,261,112
8138333,32,35,131,69
8040302,125,35,97,57
8020838,137,22,125,58
8138928,46,8,204,77
8040349,167,40,206,98
8023364,210,25,245,102
8007454,105,17,177,73
8143513,26,28,150,71
8143514,143,8,114,45
8143515,156,18,135,59
8143516,106,23,97,49
8139520,6,7,230,85
8139529,121,14,105,46
8139522,12,33,136,69
8139521,108,28,138,67
8139530,79,18,104,48
8041165,66,21,142,63
8122743,98,18,266,105
8110298,44,40,159,82
8135140,164,36,153,77
8110297,1,18,105,48
8110296,10,26,121,59
8041166,5,12,97,42
8041167,106,38,283,124
8133769,241,25,254,105
8133768,31,21,186,79
8133772,155,36,226,103
8133771,115,14,120,51
8133773,63,40,113,66
8133780,58,40,222,104
8133787,181,40,157,81
8133798,27,32,141,70
8134718,66,15,167,68
8134719,74,21,208,86
8135732,94,35,121,65
8133770,82,19,93,45
8135191,176,15,221,87
8141702,108,31,95,53
8143685,222,26,244,102
8134721,12,23,85,45
8135736,144,8,188,71
8140612,73,13,76,35
8134723,126,22,100,49
8134722,150,23,124,58
8141897,154,16,152,64
8135734,163,28,139,67
8035213,155,19,202,83
8129567,159,7,216,80
8035212,35,11,94,40
8143687,43,7,117,46
8131372,102,18,202,82
8132484,48,17,226,90
8134307,110,9,70,30
8143433,61,7,114,44
8140793,153,15,152,63
8143432,26,8,89,36
8136956,21,36,259,114
8136728,74,24,164,73
8143431,180,5,198,73
8136729,43,20,149,65
8143434,54,39,177,87
8142453,81,35,271,118
8141886,135,12,115,48
8135730,75,24,259,106
8141703,302,39,278,123
8143686,212,39,195,94
8136762,147,33,132,68
8136763,123,8,203,76
8136957,301,39,269,120
8136958,234,39,258,116
8143690,13,14,182,73
8133764,67,37,117,65
8140618,58,8,226,84
8140619,147,9,110,44
8142934,88,11,216,83
8142937,28,37,109,62
8142936,2,6,137,52
8142935,224,8,255,94
8140616,37,40,222,104
8142939,32,35,264,115
8142938,36,18,92,44
8134711,201,7,214,79
8134712,140,7,120,47
8134713,15,11,231,88
8134714,88,9,118,47
8143274,225,8,215,80
8143275,151,18,139,60
8143276,153,36,182,87
8143277,85,17,109,49
8140611,137,26,196,86
8133767,44,17,179,74
8136959,35,25,159,72
8136960,64,8,78,33
8143675,168,36,201,94
8143676,157,40,218,102
8133766,135,16,263,102
8143689,175,13,142,58
8136963,42,9,114,46
8143688,57,6,75,30
8143588,42,7,90,36
8141682,3,8,160,61
8134720,160,31,214,95
8142921,165,8,224,84
8142924,75,40,259,117
8142923,25,23,124,58
8142922,93,16,129,56
8142925,263,11,254,96
8142920,91,8,194,73
8142928,101,25,250,104
8142930,99,13,115,49
8142929,183,26,258,107
8142926,88,10,230,87
8141892,124,32,213,95
8141891,116,36,240,107
8141903,18,30,220,97
8141898,129,5,117,44
8141904,176,20,140,62
8141905,161,10,207,79
8143674,36,27,156,72
8141893,167,17,140,60
8141895,61,21,82,42
8141894,237,28,273,114
8141896,115,26,191,84
8142933,151,23,125,59
8142932,101,15,164,67
8142931,215,17,219,88
8129705,37,8,161,62
8141887,2,35,146,74
8141888,264,18,262,103
8141890,31,22,208,87
8141889,88,34,158,77
8110921,66,33,242,106
8133765,66,9,134,53
8143279,2,19,158,68
8143278,171,32,264,113
8113387,15,13,111,47
8035292,4,23,126,59
8143837,42,15,158,65
8035293,46,12,87,38
8133796,117,13,212,83
8133793,60,16,103,46
8133795,75,22,180,77
8133789,204,5,254,92
8133791,99,7,99,39
8133783,14,15,244,95
8133784,78,11,214,82
8133785,7,31,152,73
8133786,89,37,190,91
8133801,161,28,243,103
8138368,4,6,255,93
8137419,59,12,140,57
8137422,69,9,170,65
8137421,87,13,159,64
8137420,13,18,80,40
8140791,69,11,150,60
8140789,53,25,154,70
8142913,192,36,208,96
8142914,16,22,197,83
8142915,60,8,174,66
8143679,91,8,125,49
8143678,50,22,112,54
8143681,243,34,277,119
8140790,18,15,99,44
8140788,24,17,203,82
8136121,224,26,226,96
8136122,33,29,126,63
8133800,65,12,191,75
8133799,217,24,211,89
8143710,190,16,247,97
8135862,99,38,172,85
8117604,62,40,210,100
8117603,272,35,243,108
8143711,9,14,103,45
8128607,208,25,207,89
8128608,237,16,214,85
8143708,38,27,174,78
8143712,270,37,230,105
8138977,8,21,125,57
8138979,30,37,141,73
8143709,96,37,103,60
8140307,151,10,234,88
8123446,201,31,191,87
8143586,63,36,119,65
8143587,113,32,112,60
8143707,121,19,235,95
8133778,97,38,145,75
8133810,129,15,100,45
8133774,177,15,263,102
8133776,84,26,143,67
8133803,133,19,137,60
8133805,264,22,231,95
8110922,125,14,165,67
8040515,141,37,156,79
8117606,146,35,138,71
8117605,182,38,157,80
8134059,28,23,86,45
8134061,217,5,226,82
6031148,49,21,184,78
6031149,117,23,146,66
8131331,95,8,164,63
6300364,20,16,147,62
6031147,38,8,210,79
6300365,91,38,143,75
8001045,272,5,249,90
6031146,81,30,143,70
8038725,162,36,189,90
8130505,126,39,170,85
8134792,242,34,281,120
8036039,30,25,161,73
8134793,46,40,113,66
8036044,283,36,271,118
8036045,82,24,86,46
8119296,193,30,210,93
8119295,16,5,203,74
8119299,119,9,199,76
8119298,20,35,155,77
8120380,143,8,179,68
8134794,41,26,126,61
8134795,203,9,167,64
8134797,44,8,85,35
8120379,301,39,285,125
8134796,272,28,235,100
8036091,111,15,230,90
8036093,169,26,262,109
8036089,225,25,254,105
8036090,32,24,254,105
8139482,46,30,95,53
8035970,108,22,208,87
8036085,42,38,171,85
8036086,130,38,266,118
8110868,63,10,79,34
8110867,147,20,181,76
8040182,15,40,272,121
8040181,78,18,203,83
8040177,167,22,189,80
8040178,121,36,263,115
8040180,32,24,86,46
8040179,45,34,156,77
8110619,89,21,106,51
8110618,113,24,208,88
8110865,120,19,231,93
8110864,92,33,104,58
8134798,91,18,138,60
8036057,53,13,143,59
8036058,68,18,240,96
8139481,172,10,140,56
8139480,156,6,190,70
8040164,151,7,145,55
8040162,52,23,154,69
8040163,103,27,208,90
8110880,90,13,92,41
8110881,72,12,103,44
8035966,173,9,170,65
8134804,59,21,91,46
8139479,114,24,191,82
8119305,116,33,175,83
8134800,151,25,177,78
8134799,37,24,191,82
8134803,138,13,229,89
8035969,169,5,168,62
8035968,132,16,104,47
8040167,77,40,255,115
8040166,44,23,212,89
8110873,109,5,175,65
8110874,146,32,154,75
8143084,69,17,188,77
8143090,159,12,147,59
8143097,242,5,220,80
8143094,203,17,238,94
8143095,251,27,262,109
8143096,83,33,216,97
8143091,74,9,161,62
8035962,20,20,191,80
8110878,137,13,178,71
8110879,184,6,254,93
8036041,119,21,113,53
8036042,59,32,228,101
8119301,193,9,157,61
8119302,3,28,226,97
8119304,98,10,75,33
8119303,77,27,129,63
8036087,129,18,197,81
8110885,25,11,100,42
8110884,182,10,182,70
8040176,17,18,152,65
8040175,131,31,170,80
8110631,18,20,128,58
8141051,21,12,170,67
8134801,60,10,131,52
8134802,111,20,195,81
8130504,14,35,140,72
8143180,118,16,97,44
8143181,3,39,277,122
8143179,102,30,100,55
8143182,90,38,119,66
8038940,41,7,108,42
8141641,3,23,234,97
8133612,136,19,267,106
6300383,54,40,226,105
6300390,4,9,193,73
8128519,131,32,279,118
8134923,125,5,175,65
8134925,7,35,144,73
8135477,109,15,130,55
8143943,118,20,228,93
8016746,84,38,287,125
8016747,174,19,141,62
8128521,190,27,187,83
8134926,2,28,198,88
8016748,32,24,105,52
8135478,235,30,280,118
8016744,32,22,112,54
8016745,24,18,208,85
6033117,272,22,234,96
6300381,205,7,245,90
6300382,35,12,123,51
8143947,26,30,94,52
8119433,107,14,254,98
8134928,59,6,111,43
8110400,119,36,161,80
8110398,216,19,235,95
8110399,85,8,100,40
8119436,5,33,222,99
8114786,96,20,118,54
8114787,74,38,150,77
8134927,69,7,71,29
8114788,47,34,150,75
8114784,135,27,123,61
8114785,163,20,206,85
8143945,67,37,281,122
8143941,65,14,244,95
8040220,28,29,174,80
8034453,9,39,168,84
8034454,113,11,195,75
8034455,65,24,215,91
8034451,131,18,139,60
8034452,46,25,163,73
8143944,41,37,265,117
8128520,306,40,285,126
8010437,106,10,146,58
8010438,4,36,232,105
8141294,216,29,275,115
8010439,125,5,149,55
8135479,87,13,162,65
8010435,51,30,130,65
8010436,158,28,157,73
8143942,20,36,166,82
8040223,11,7,256,94
6300346,269,17,244,96
8005501,11,23,133,62
8134820,70,10,250,94
8134821,35,20,265,106
8134823,219,5,196,72
8134822,174,19,173,73
8134818,92,8,146,56
8134819,20,32,122,64
8143946,152,20,161,69
8143787,131,12,94,41
8143788,149,17,204,82
8143785,37,32,185,86
8143786,39,24,113,55
8137713,143,32,123,64
8130932,188,12,212,82
8130931,89,7,121,47
8130930,210,28,267,112
8042661,155,28,201,89
8042870,196,23,255,104
8042864,42,27,137,66
8042865,217,39,247,112
8042871,66,24,84,45
8130940,9,20,264,105
8130941,120,22,119,56
8130935,138,26,176,79
8130929,66,14,243,94
8130934,60,9,130,51
8130933,244,40,220,103
8115825,68,36,195,92
8115824,42,35,235,105
8134249,6,39,129,71
8021502,37,16,80,38
8134672,46,5,228,83
8004799,116,12,134,55
8140276,120,20,107,50
8140274,144,17,148,63
8143511,116,13,124,52
8140273,114,6,181,67
8140275,163,8,143,55
8143512,50,30,93,52
8117942,283,39,286,125
8141670,40,36,251,111
8141744,127,20,201,83
8004250,119,24,193,83
8141746,51,12,125,52
8141745,107,17,96,45
8112003,123,6,116,45
8112004,59,22,226,93
8141400,51,21,127,58
8004804,74,31,123,63
8134812,56,16,98,45
8134731,168,8,245,91
8134810,65,27,277,115
8135781,83,26,223,95
8135780,122,25,143,66
8135782,235,24,249,103
8023090,194,26,214,92
8033409,186,21,223,92
8128091,19,25,114,56
8128090,307,33,273,117
8128089,38,5,213,78
8128088,183,9,223,84
8119277,183,36,241,108
8009499,82,14,87,40
8009498,115,33,99,56
8136222,152,31,245,106
8139938,203,35,273,118
8139939,22,18,108,50
8024662,219,9,181,69
8024663,3,12,246,94
8036784,29,15,169,69
8032568,114,14,230,90
8134436,100,15,193,77
8134440,66,9,220,83
6530316,128,35,129,68
8001114,66,13,113,48
8019442,37,35,107,60
8134438,199,38,219,101
8134439,51,40,239,110
8134437,31,18,204,83
8031775,29,31,168,79
6310585,40,32,142,71
8128633,23,6,109,42
8128634,91,26,230,97
8111808,171,16,206,83
8141939,76,6,140,53
8123700,80,27,133,64
8031791,124,24,105,52
8031792,234,36,285,123
8128630,91,27,98,52
8128631,43,38,138,73
6310583,248,30,248,106
8031768,213,29,227,98
8031782,21,13,113,48
6310584,125,26,128,62
8031769,79,5,82,32
8031776,59,16,188,76
8111807,126,29,243,104
8031770,127,32,128,66
8031779,156,22,211,88
8031771,191,24,170,75
8031781,11,26,189,83
8143888,96,10,193,74
8132862,80,17,173,72
8143889,106,9,154,60
8143894,264,7,224,83
8143893,137,26,246,103
8040418,129,19,178,75
8143890,65,26,180,80
8143891,51,10,76,33
8031786,110,38,109,63
8022324,142,7,125,48
8028230,18,17,254,100
8118701,4,9,174,67
8027908,156,40,146,77
8133708,70,20,257,103
8022323,160,6,172,64
8027907,261,32,238,104
8035937,54,21,167,72
6535972,97,36,100,58
6535973,126,14,158,64
8131332,196,32,185,86
6535974,26,6,98,38
6535976,48,28,156,73
8038724,96,6,229,84
6039798,108,11,136,55
6039799,184,30,238,103
8039017,239,32,220,98
8039014,14,38,102,60
6039794,178,37,269,118
6039770,47,10,178,69
6039771,95,12,98,42
6039767,93,19,88,43
6039766,301,26,271,112
6039811,105,21,256,103
6039812,226,37,204,95
6039808,2,14,90,41
8014161,1,14,120,51
8014158,43,21,218,90
6032669,99,18,192,79
6032668,67,17,199,81
6032666,118,16,216,86
8140036,31,32,169,80
8020413,151,8,119,47
8025248,4,8,87,36
8020017,83,7,115,45
8041823,70,27,245,103
8041824,56,30,109,58
8142755,23,14,95,42
8142756,199,35,179,85
6533119,83,39,126,69
8019984,303,38,280,123
8126684,227,13,248,95
8029614,159,36,133,70
6300503,133,40,193,94
8142357,274,13,236,91
8117996,58,38,288,126
8032465,47,27,189,84
8014740,92,11,93,40
8141799,144,17,162,68
8141631,165,32,246,107
8010901,115,17,152,64
8132174,163,37,192,91
8038698,206,19,244,98
8034849,261,36,253,112
8141173,80,39,155,80
8136351,43,13,81,37
8141630,127,37,202,95
8124649,149,28,195,86
8129449,78,11,142,57
8019887,169,6,130,49
8034848,83,32,113,60
8132173,85,17,243,96
8021756,136,27,164,75
8032153,7,35,272,118
8141796,125,22,161,71
8029615,99,32,162,78
8001249,261,12,256,97
8001250,148,36,161,80
8038184,219,17,234,93
8026153,161,16,162,67
8133036,151,37,164,81
8014146,158,5,197,72
8029077,86,37,226,103
8124652,169,25,174,77
8025472,83,14,163,66
8135483,152,18,120,54
8124653,149,26,272,112
8142358,192,33,179,84
8113512,212,28,225,97
8113511,116,31,171,80
8026151,119,5,199,73
8031494,124,35,152,76
8118467,205,10,200,77
8033431,84,20,198,82
8143421,202,29,253,107
8042442,81,31,183,84
8136363,51,37,214,99
8141175,190,35,151,76
8131717,80,7,108,42
8141637,157,11,144,58
8040048,19,21,139,62
8036587,65,25,247,103
8020606,160,39,246,111
8020604,4,38,137,73
8020605,191,23,173,76
8114425,91,5,209,76
8034850,9,29,120,61
8132042,122,24,223,94
8129448,38,29,229,99
8135484,229,39,213,100
8013459,190,10,161,63
8012988,37,21,181,77
8113509,97,16,243,95
8016938,124,5,113,43
8127816,175,18,213,86
8127817,171,14,204,81
8114974,63,40,192,93
8114973,22,36,113,63
8038719,47,18,185,76
8043405,31,26,213,91
8043401,107,32,174,82
8143423,203,25,231,97
8143136,71,25,134,63
8139141,34,16,107,48
8139139,67,11,97,41
8139140,43,5,194,71
8019136,136,34,193,90
8032159,259,6,244,89
8114423,134,18,190,78
8114422,6,7,169,64
6300285,162,30,140,69
8121131,39,9,104,42
8114426,230,34,269,116
8138137,72,38,214,100
8038862,6,30,138,68
8127815,61,25,187,82
8127814,40,39,154,79
8033811,4,11,76,34
8033810,8,5,108,41
8114975,151,37,202,95
8114976,60,23,103,51
8034462,40,10,158,62
8138367,38,9,136,53
8142437,66,10,104,43
8140644,154,26,114,57
8029617,26,30,126,64
8038860,83,34,219,99
8020732,227,9,225,85
8010823,30,38,150,77
6310149,72,27,207,90
8020273,149,15,265,103
8123471,33,6,219,81
8010431,237,39,256,115
8010432,298,14,264,102
8141172,220,19,188,78
8032152,98,11,140,56
8034463,236,22,258,105
8021431,103,37,224,102
8125501,121,6,106,41
8125494,135,13,259,99
8125496,78,23,92,47
8132740,66,5,126,47
8125491,33,40,222,104
8125487,162,36,181,87
8125488,163,24,135,63
8125489,138,17,177,73
8134492,179,7,180,68
8125492,0,10,242,91
8127290,126,31,217,96
8127289,23,16,87,41
8119132,113,32,203,92
6310128,9,37,98,58
6033320,225,22,192,82
8009617,140,25,194,84
6310129,189,20,162,70
8009618,233,8,231,86
6034341,103,27,190,84
8129041,77,16,154,64
8028453,118,29,272,114
8129042,148,40,127,70
8028454,77,18,97,46
8136134,118,28,125,62
8136135,124,16,95,44
9999596,43,11,93,40
6031184,207,33,178,84
8033861,13,38,250,112
9999597,47,26,201,87
6030179,50,5,140,52
8033844,14,16,144,61
8041506,10,20,82,42
8033784,102,7,174,65
8134833,23,38,198,94
8004009,165,20,260,104
8007603,81,26,106,54
8007211,146,33,147,73
8011759,110,18,139,60
6530707,103,28,239,102
6530706,48,23,85,45
8005267,55,6,216,80
8005268,46,14,178,71
8005269,182,18,180,75
8005270,83,26,128,62
8005271,182,11,205,79
8005272,185,26,255,106
8136619,13,19,79,40
8018850,226,32,208,94
8007212,73,12,136,55
8023462,62,17,179,74
8004008,56,39,289,127
6033321,152,22,201,85
8000215,125,14,156,64
8139024,203,8,241,90
8136618,266,20,254,102
8139023,16,32,226,100
8136617,85,18,90,43
8014822,137,17,182,75
8009708,120,13,226,88
8013670,215,36,203,94
8013671,160,11,141,57
8027001,90,33,217,97
8013667,21,16,150,63
9999515,85,21,234,96
8013669,289,30,249,107
9999516,50,35,186,88
8013666,36,18,187,77
8022985,30,16,120,52
8024565,105,12,84,37
8138103,167,5,187,69
8138101,22,9,167,64
8138099,65,11,142,57
8138098,112,34,189,88
8140355,62,20,148,65
8140158,243,30,254,108
8140157,38,14,189,75
8138106,168,22,142,64
8138097,88,37,121,66
8140156,188,22,151,67
8138104,177,26,240,101
8136730,27,19,90,44
8112944,207,37,229,104
8117897,6,17,203,82
8117898,5,26,108,55
8125565,238,24,210,89
8125566,264,23,264,107
8115574,145,24,147,67
8117896,18,14,118,50
8118746,83,32,113,60
8117901,5,18,104,48
8129377,17,22,197,83
8112936,29,24,113,55
8117904,74,7,75,31
8129371,82,25,197,85
8116963,176,33,220,98
8136732,116,7,233,86
8120587,80,23,182,79
8117899,43,39,128,70
8116960,175,8,178,68
8120585,41,26,142,67
8120588,207,30,276,116
8129198,119,35,138,71
8115573,105,22,110,53
8136731,151,26,176,79
8136733,28,10,169,66
6039772,104,10,222,84
6300361,152,19,206,84
6031136,102,31,262,112
6031137,161,34,195,90
8132872,58,30,205,91
8132873,105,26,233,98
8022317,82,9,125,50
8022318,76,34,165,80
8125030,192,38,185,89
8015735,258,33,219,98
8013351,155,37,168,83
9993660,33,39,120,67
9999130,13,15,155,64
8025468,128,13,213,83
8024110,101,27,111,56
8126230,11,12,216,83
8126231,80,24,168,74
8122847,39,24,254,105
8115260,228,31,248,107
9997963,264,15,251,98
9993783,169,16,230,91
8142620,38,5,215,79
8142619,113,32,103,57
8032158,31,17,119,53
8034210,73,21,212,88
8034212,43,36,191,90
8034211,179,10,207,79
8041657,182,5,175,65
8034213,158,31,163,77
8034214,41,23,85,45
8034215,94,13,99,43
8041658,113,18,169,71
8034216,8,6,191,71
8141526,5,5,145,54
8141523,152,16,222,88
8139671,184,36,232,105
8139349,158,30,231,100
8139348,13,32,220,98
8139344,145,26,130,62
8139346,18,26,256,107
8139347,107,10,135,54
8139310,210,36,269,118
8141524,146,34,192,89
8139339,181,24,201,86
8139312,4,19,110,51
8139329,130,32,265,114
8139330,99,32,121,63
8139328,150,6,158,59
8141525,58,25,122,59
8139350,163,6,136,52
8139311,137,33,273,117
8139672,199,32,170,80
8139341,66,26,219,94
8139342,281,17,258,101
8139343,287,22,251,102
8141520,237,40,204,97
8139345,50,30,165,77
8141521,33,30,261,111
8139292,279,18,256,101
8141522,105,33,145,72
8139293,233,37,253,113
8141371,131,33,235,104
8141367,112,30,94,52
8141369,74,31,158,75
8011326,72,37,116,65
8139416,206,14,255,98
6310629,45,27,148,69
8139415,257,6,221,81
6310631,131,33,121,64
8141352,28,38,153,78
8141350,40,34,131,68
8039145,97,9,177,68
8141349,240,16,200,80
8141365,284,37,260,115
8141364,97,5,174,64
8141355,89,33,261,113
8141359,62,21,105,50
8141357,79,16,192,78
8141362,176,38,258,115
8139418,86,21,95,47
6310630,232,6,195,72
8139417,53,38,194,93
6310632,175,24,183,80
6039752,138,27,131,63
8133076,105,22,190,81
8133302,67,17,124,54
8133075,104,33,155,76
8000176,64,5,127,48
8140687,136,34,196,91
8140690,152,30,189,86
8140691,34,28,142,68
8140689,58,18,240,96
8140688,139,26,200,87
8117074,143,36,235,106
8117075,244,39,234,107
8113499,27,11,99,42
8113498,25,31,219,97
8113500,150,31,130,66
5101502,173,5,193,71
5101504,204,24,242,100
8127350,147,34,162,79
8127351,38,27,102,53
8120422,76,10,186,72
8120424,213,20,181,76
8125161,190,35,278,120
8140283,27,21,132,60
8125097,25,15,249,97
8138271,3,38,153,78
8038888,288,35,260,114
8122541,0,35,102,58
8128525,207,7,169,64
8110861,27,26,214,92
8121014,221,28,240,102
8110860,50,29,132,65
8121011,93,14,138,57
8022418,246,31,276,117
8007663,142,35,254,112
6530740,278,26,272,112
8130947,67,8,185,70
8116225,136,12,102,44
8007664,33,6,224,82
6302067,161,24,200,86
8142517,39,11,89,38
8127528,140,11,142,57
8127530,58,21,172,74
8119056,153,7,202,75
8119055,29,23,223,93
8119052,86,8,176,67
8119050,55,24,181,79
8119074,207,30,214,94
8127525,218,38,208,98
8119049,202,33,184,86
8120631,138,5,142,53
8119069,156,11,174,68
8120630,142,15,139,58
8127526,135,13,211,82
8127527,85,23,187,80
8119060,19,23,218,91
8119075,146,30,118,61
8139376,100,37,191,91
8139378,207,5,167,62
8139379,32,17,108,49
8127524,149,33,177,83
8119059,60,30,101,55
8119071,4,5,164,61
8120633,46,24,128,60
8119065,95,20,206,85
8134487,18,10,118,48
8134489,36,23,169,74
8134486,17,11,213,82
8134485,73,22,141,64
8140205,102,39,243,110
8140206,61,30,246,106
8140207,113,31,259,111
8127520,40,14,96,43
8127521,122,38,210,98
8130640,94,8,226,84
8129688,97,14,93,42
8131457,48,22,126,58
8129687,154,10,217,82
8139381,10,17,142,61
8142215,25,23,158,70
8142217,130,38,288,126
8142218,200,13,172,69
8142216,3,23,118,56
8142219,34,28,177,80
8131460,115,29,227,98
8039948,23,38,275,121
8128589,65,31,182,84
8019193,135,11,204,79
8019194,56,39,108,63
8128590,20,34,259,113
8019190,225,10,219,83
8019189,158,9,217,82
8128588,40,28,135,65
8125159,41,9,111,45
8125160,11,16,165,68
8019192,46,34,218,98
8019191,217,10,201,77
8137494,58,26,151,70
8132409,139,9,209,79
8110403,78,28,278,116
8110401,26,10,172,67
6300385,97,29,122,62
8110402,122,21,151,67
8031090,270,18,236,94
6300384,209,39,231,106
8012377,271,27,277,115
8123597,35,38,232,106
8117533,80,38,161,81
8012375,13,26,255,106
8012376,112,5,73,29
8031091,128,27,98,52
8142328,177,5,253,92
8137329,230,39,196,94
8143176,204,7,218,81
8142330,58,39,121,68
8133270,77,37,135,71
8135147,244,6,212,78
8133269,145,7,229,85
8142334,158,33,166,80
8133271,66,24,114,56
8135148,123,6,97,38
8143177,113,32,203,92
8137328,75,16,83,39
8137330,31,24,97,50
8004824,39,21,114,54
8117504,41,10,155,61
8123174,178,39,240,109
8123172,25,21,209,87
8141671,53,5,152,56
8000646,108,22,219,91
8126856,164,11,155,61
8126857,173,14,196,78
8138095,231,5,196,72
8126855,218,5,243,88
8126854,95,28,255,107
8138107,100,37,119,66
8138096,140,12,248,95
8126852,105,29,168,78
6033484,161,34,138,70
8008292,54,21,156,68
6301092,260,31,269,114
8004590,89,15,122,52
8142908,42,12,124,51
9999306,116,16,164,68
8000047,83,27,192,85
9999307,145,24,134,63
9998848,128,11,243,92
8000046,38,7,91,36
9997716,95,39,141,75
6302052,5,35,118,64
6302054,3,16,131,56
6302058,59,7,219,81
6302051,23,30,229,100
6302053,35,38,274,121
6030740,161,40,239,110
8018711,283,25,250,104
6034652,79,37,262,116
8118490,102,15,109,48
8002565,74,28,115,58
8134571,189,12,174,69
8134572,142,34,281,120
8118493,130,10,182,70
8118492,129,29,110,57
8002569,102,22,197,83
8118496,19,33,270,116
8118495,6,28,168,77
8118491,24,21,265,106
8002567,38,33,193,89
8141704,289,11,259,98
8118494,55,36,125,67
8118498,126,38,266,118
8118497,59,39,207,98
8118499,236,33,263,114
8002588,9,13,182,72
9998312,20,5,183,67
8004050,39,38,238,108
9998311,180,22,239,98
8013662,89,10,90,38
8123431,74,27,200,88
8141755,119,34,231,103
8141758,263,12,236,90
8141759,247,11,207,80
8141754,53,22,104,51
8139476,203,6,167,62
8141757,146,23,259,106
8141756,88,30,101,55
8035145,35,16,114,50
8018304,35,38,256,114
8015418,134,14,149,61
8018303,269,34,236,105
8026699,122,14,94,42
8026702,177,25,222,94
8026703,15,13,220,85
8009942,7,21,99,48
8009943,55,15,198,79
8020003,18,27,90,49
8126037,54,38,107,62
8039614,166,24,225,94
8039615,146,22,169,73
8043361,160,20,173,74
8115536,193,25,188,82
8142845,92,30,155,74
8121388,30,38,146,76
8127632,28,18,99,46
8126005,142,39,261,117
8142848,110,35,236,105
8142849,235,34,219,99
8142850,211,13,184,73
8141978,148,17,147,63
8131202,165,40,145,77
8126660,3,31,146,71
8132842,143,25,239,100
8021883,23,11,144,58
8112244,209,39,252,114
8112241,63,11,150,60
8128058,5,5,104,40
8111697,283,33,260,112
8111693,74,26,243,102
8138182,69,12,95,41
8138183,1,25,231,97
8138184,83,27,233,99
8138180,97,28,240,102
8138181,35,21,120,56
8011671,73,35,126,67
8011675,141,9,148,58
8011672,168,34,133,69
8011676,163,33,185,86
8133913,63,7,178,67
8133917,1,19,130,58
8133912,18,39,275,122
8133914,99,23,94,48
8135209,87,8,239,89
8135208,110,10,118,48
8135210,178,37,185,89
8135211,150,32,115,61
8011666,121,19,146,63
8034941,184,18,197,81
8128057,222,11,223,85
8128056,159,39,142,75
8128055,181,26,212,91
8037606,88,15,245,96
8037607,245,15,246,96
8037608,52,27,102,53
8128054,148,38,243,110
8037482,150,40,258,116
8037483,75,21,203,85
8034943,133,24,102,51
8011677,257,33,262,113
8034942,135,13,195,77
8129707,229,33,269,116
8130616,173,23,160,71
8036598,181,31,164,78
8136607,151,22,252,103
8136609,195,35,223,101
8136608,33,26,91,49
8133918,17,23,88,46
8119293,119,28,226,97
8119289,8,18,250,99
8119292,117,30,155,74
8138015,66,37,245,110
8138016,35,16,187,76
8138017,206,20,247,99
8119010,133,6,156,59
8119011,61,25,243,101
8119012,45,31,139,69
8119015,15,9,133,52
8119016,106,36,226,103
8119013,6,16,115,51
9991335,43,35,205,95
8140326,155,26,116,58
8128100,16,33,250,109
8128099,162,34,227,102
8140325,33,34,159,78
8135120,46,23,205,87
8135119,181,40,278,123
8120797,83,36,143,73
8140327,28,16,248,97
8010302,82,33,174,82
8010300,129,31,160,76
8120205,31,36,155,78
8126991,156,16,143,60
8126992,113,32,192,88
8126993,68,16,175,72
8114000,97,8,198,75
8132672,55,14,132,55
8018269,70,20,248,100
8028116,96,16,139,59
8127001,182,10,158,62
8132673,137,23,207,87
8127000,191,24,162,72
8020676,42,38,138,73
8139013,208,30,255,109
8139012,113,12,122,51
8019059,74,5,236,86
8019058,7,19,102,48
8019061,18,23,83,44
8019060,38,10,86,37
8019063,48,40,274,122
8019062,142,37,267,118
8019065,165,22,198,84
8019064,148,22,129,59
8018279,135,29,154,73
8018282,236,39,228,105
8023713,142,35,104,59
8038263,184,29,208,92
8140967,82,24,175,77
8140968,73,8,78,33
8135740,248,22,217,90
8135737,100,27,124,61
8135739,109,6,76,31
8018278,42,17,180,74
8018277,226,36,254,112
8019980,47,9,134,53
8019979,256,28,241,103
8019978,36,16,121,53
8018276,223,35,197,92
8122731,177,24,150,68
8122732,182,37,203,95
8019977,96,17,234,93
8018275,107,12,101,43
8018268,84,5,186,68
8122729,184,37,264,116
8019066,174,30,143,70
8018267,127,37,147,76
8030978,210,28,211,92
8030977,234,30,253,108
8019057,87,38,131,71
8019056,195,19,221,90
8132674,205,11,257,97
8033153,277,35,246,109
8029082,224,16,211,84
8029083,266,24,231,96
8109297,23,27,213,92
8135743,1,12,150,60
8021361,12,32,141,70
8018271,120,10,99,41
8135742,29,11,108,45
8135741,23,30,115,60
8026254,12,17,79,39
8026255,127,27,132,64
8020675,18,32,147,72
8020674,163,17,223,89
8018265,144,22,106,51
8122730,17,12,137,56
8018266,172,29,275,115
8019975,52,6,103,40
8001450,207,32,204,92
8001451,98,36,189,90
8012306,13,30,239,103
8012307,16,13,168,67
8016131,131,29,233,100
8012305,37,32,121,63
8021895,67,7,113,44
8018597,22,22,147,66
8033447,37,11,134,54
8006947,11,32,156,75
8021896,38,18,164,69
8141063,105,21,129,59
8136136,175,25,255,106
8127802,79,15,227,89
8127359,157,23,211,89
8136137,196,29,232,100
8141064,119,22,119,56
8030895,146,39,205,97
8034562,219,16,212,85
8006789,106,15,136,57
8022204,140,30,263,112
8022203,31,14,85,39
8006788,91,18,163,69
8015483,209,22,185,79
8023711,39,35,267,116
8018357,77,31,102,56
8039930,11,6,137,52
8037949,68,20,103,49
8012313,148,22,243,99
8012311,33,23,103,51
8012309,36,39,186,90
8012310,171,15,132,56
8012308,134,37,183,88
8038273,263,40,247,112
8039929,189,28,240,102
8039924,94,36,148,75
8039923,97,5,74,29
8039922,236,26,259,108
8012312,41,25,214,91
8025479,224,10,251,94
8007986,117,34,221,99
8007987,95,26,202,88
8025478,282,17,245,97
8028541,28,8,140,54
8012379,29,9,153,59
8134832,191,34,170,82
8143273,80,6,218,80
8126774,21,17,150,64
8126776,102,34,275,118
8126775,31,21,186,79
8126772,77,40,153,80
8126778,27,6,76,31
8126773,54,37,103,60
8128047,46,32,207,93
8129274,91,29,111,58
8132109,125,15,172,70
8132110,1,26,95,50
8128046,205,29,170,78
8132106,205,13,193,76
8128042,59,22,228,94
8128043,158,23,139,64
8132107,189,26,191,84
8128040,99,16,150,63
8132105,55,35,122,65
8128045,14,31,164,78
8132108,85,20,257,103
8128044,94,20,154,67
8128041,252,40,282,125
8133249,7,19,126,56
8128872,2,7,215,80
6310524,147,32,231,102
8118975,59,12,236,90
8014861,25,22,271,109
8014866,29,5,122,46
8013464,86,37,154,78
6310523,103,14,223,87
8142604,56,16,222,88
8142605,127,16,158,66
8042047,145,14,172,69
8042048,101,9,129,51
8139496,227,25,263,108
8040805,97,30,169,79
8031364,98,36,185,88
8031365,10,11,169,66
8126339,166,22,268,108
8011705,216,5,207,76
8011704,144,33,251,109
8019452,122,12,100,43
8127949,193,40,169,85
8128291,141,13,116,49
8141602,38,38,172,85
8141603,43,22,252,103
8138243,211,22,204,86
8138242,21,30,127,64
8138241,36,32,109,59
8128290,48,10,229,87
8132708,25,32,108,59
8111457,149,31,278,117
8008268,37,32,159,76
8036269,36,12,242,93
8000319,152,39,114,65
8003955,296,30,275,116
8118944,133,38,102,60
8000318,176,18,191,79
8031360,178,20,201,83
8137533,44,18,141,61
8035743,11,13,152,62
8027288,56,5,114,43
8027289,184,19,176,74
8140500,19,8,181,69
8140501,129,33,257,111
8027286,221,34,229,102
8027285,94,30,165,77
8027287,183,18,178,74
8027284,99,8,209,78
8035746,200,16,222,88
8027280,249,33,234,103
8027283,14,25,181,80
8133254,174,29,146,70
8134490,133,21,118,55
8035622,59,8,155,59
6533111,57,24,231,96
8136587,158,13,173,69
8136588,210,18,235,94
8136586,70,19,252,101
8142703,38,36,242,108
8142704,140,37,131,70
8142705,114,21,262,105
8142708,61,36,213,98
8142706,202,39,264,118
8142710,142,33,220,98
8142709,49,29,124,62
8142707,60,39,211,99
8143143,38,12,89,39
8110891,122,27,163,75
8110892,258,16,254,99
8110890,42,23,138,63
8110888,35,33,165,79
8110889,157,13,159,64
8110887,128,8,212,79
8138942,37,31,137,68
8138941,30,34,224,101
8138939,59,8,72,30
8138940,192,39,191,92
8142656,56,38,204,96
8139883,61,15,103,46
8111454,77,12,145,59
8111455,154,32,146,72
8127435,40,36,123,66
8020782,114,16,218,87
8031213,180,31,155,74
8127434,56,24,165,73
8136877,92,20,103,49
8014910,5,5,105,40
8111456,82,15,149,62
6301046,61,25,168,75
8026983,20,26,150,69
8031214,190,34,239,106
8030189,33,26,177,79
6034710,73,32,144,71
8132294,51,26,175,78
8132292,52,35,119,64
8121799,75,5,187,69
8121800,53,11,137,55
8133250,140,22,175,76
8131238,205,23,198,84
8131242,105,29,109,57
8131239,31,23,96,49
8131243,239,13,218,85
8139499,92,20,216,89
8138938,32,10,116,47
8138937,79,28,98,53
8133251,70,31,255,109
8139500,49,36,239,107
8139501,37,7,150,57
8139502,246,37,241,108
8139503,9,10,144,57
8036268,175,29,161,75
8011713,151,5,174,64
8141604,61,29,136,66
8011712,94,36,280,121
8026978,32,21,254,103
8137534,86,22,196,83
8003956,90,13,111,47
6533142,57,25,123,59
8133247,67,9,164,63
8143150,31,35,146,74
8143151,68,37,120,66
8133177,99,17,124,54
8133242,209,24,223,94
8143082,6,39,277,122
8143081,139,14,139,58
8143083,140,28,164,76
8133246,5,7,124,48
8133241,135,34,137,70
8133178,54,35,105,60
8133243,83,27,104,54
8133179,205,27,230,98
8133244,137,28,161,75
8133240,14,9,155,60
8133245,131,28,113,58
8019814,38,7,152,58
8031371,78,29,125,63
8133252,178,12,226,87
8133253,80,8,91,37
8130946,32,30,92,52
8131598,24,16,264,103
6310520,25,14,107,47
8118977,176,35,193,90
8014858,172,19,249,100
8014859,33,37,281,122
8013471,208,26,229,97
6310519,209,7,226,84
8142625,18,10,201,77
8032576,159,25,176,78
8142626,48,31,121,63
8042051,119,39,109,64
8042052,135,17,217,87
8139488,123,19,213,87
8139494,191,29,262,111
8040806,171,31,132,66
8031366,28,39,138,74
8031363,111,15,243,95
8142531,168,8,137,53
8142535,5,24,191,82
8138375,139,10,222,84
8138377,70,27,202,88
8042683,89,23,187,80
8140506,182,29,202,90
8042957,158,32,190,87
8141677,74,19,144,63
8129237,59,38,127,69
8142065,29,24,198,85
8129236,209,26,241,101
8138376,183,21,157,69
8140505,42,30,103,56
8138374,6,34,202,93
8141675,95,8,109,43
8141676,95,33,137,69
8142810,85,21,125,57
8142809,34,21,82,42
6301211,18,21,100,49
6253701,80,8,149,57
8017272,98,18,83,41
8115159,102,22,151,67
8130492,143,12,141,57
8043460,145,16,233,92
8043467,42,27,177,80
8043472,139,26,154,71
8043476,3,22,194,82
9995592,42,23,99,50
8043473,155,21,139,62
8130491,86,26,220,94
8143032,150,16,135,58
9995584,79,20,148,65
8143033,150,31,116,61
8143034,93,29,142,69
8043464,30,35,188,89
8013955,106,31,109,58
9996074,215,33,182,85
8008961,55,18,145,62
8008960,146,38,200,95
8021909,74,25,184,81
8021682,129,16,220,87
8002038,114,31,260,111
8121183,175,13,158,64
8121184,184,19,209,86
8121185,137,5,169,62
8121186,96,19,87,43
8121187,139,22,213,89
8002036,234,29,241,103
6030908,16,34,107,60
6530375,153,39,126,69
6030909,52,13,172,69
8121188,29,11,194,75
8002040,15,24,182,79
8002046,24,39,231,106
9996106,107,7,108,42
8007612,161,17,158,66
8136827,171,22,245,100
8031065,110,12,200,78
8027494,93,29,241,103
8027493,277,29,270,113
8136496,61,12,108,46
8141588,47,20,255,102
8020310,27,24,178,78
8137716,136,7,221,82
8020309,78,38,180,88
8126350,5,39,111,64
8020311,123,40,196,95
8136826,122,40,224,104
8122932,101,24,175,77
8122933,169,20,149,65
8032543,128,6,153,57
8032478,3,7,200,75
8032749,99,9,164,63
8032877,50,40,100,61
6030603,300,35,272,118
6030604,30,37,178,86
8127463,87,21,184,78
8127462,108,22,231,95
8016171,56,6,251,92
8016181,127,25,198,86
8116408,102,8,89,36
8037139,102,5,85,33
8038998,96,14,106,46
9994362,113,20,211,87
9999562,79,19,98,47
8017227,20,37,110,63
8029941,59,19,79,40
8000927,196,32,262,113
8042782,17,31,227,100
8137945,101,24,193,83
8037980,252,6,250,91
8135908,48,11,188,73
8138136,162,13,139,57
8037986,79,37,126,68
8042443,155,28,167,77
8136622,59,37,135,71
8136364,231,40,240,110
8128759,200,23,173,76
8137608,8,34,244,108
8037983,0,33,263,114
8037981,190,21,170,73
8037985,11,8,98,40
8037982,31,19,140,61
8143137,69,8,154,59
8128112,189,19,235,95
8143003,225,17,249,98
8143004,139,8,174,66
8143005,119,32,99,55
8043674,87,38,285,124
8123939,22,21,150,66
8018809,42,14,125,53
8018810,62,29,168,78
8038102,247,20,254,102
8038101,65,21,127,58
8137694,34,20,265,106
8137695,36,5,88,34
8137699,139,21,217,90
8041890,31,19,175,74
8131940,216,35,228,103
8131941,19,18,226,91
8131942,163,15,140,59
8127633,95,23,258,105
8127634,140,40,226,105
8135879,41,9,144,56
8116372,82,7,236,87
8116373,126,23,88,46
8127974,118,6,226,83
8018702,206,30,172,80
8033768,135,8,226,84
8021078,123,11,85,37
8021079,85,32,120,63
8021072,138,13,107,46
8021073,144,17,105,48
8126045,108,27,99,52
8018838,84,17,190,78
8018839,44,27,101,53
8027062,172,34,231,103
8027063,4,26,274,113
8019881,74,6,99,39
8019879,35,13,77,35
8019880,1,12,158,63
8043676,48,30,267,113
8141418,47,21,253,102
8141419,12,25,241,101
8141420,56,11,88,38
8021080,139,19,209,86
8033769,14,29,209,92
8143007,84,11,190,74
8137700,97,10,208,79
8131943,14,25,270,111
8116375,52,15,105,47
8018706,2,10,159,62
8009329,58,17,147,63
8027067,50,13,179,71
8019085,160,26,129,62
8141421,83,6,250,91
8131944,16,17,116,52
8116374,31,35,211,97
8143008,76,11,154,61
8137701,58,31,272,115
8127637,111,35,148,75
8126071,79,15,261,101
8019119,13,8,120,47
8019882,74,29,93,51
8038098,267,28,229,98
8143009,22,14,167,68
8131945,161,9,238,89
8143000,113,18,97,46
8143001,151,31,167,79
8143002,152,17,138,59
8043673,256,35,256,112
8123938,31,17,263,103
8018807,129,23,139,64
8018808,110,15,201,80
8038103,20,7,257,95
8038100,162,30,211,93
8137696,103,35,167,81
8137697,194,40,202,97
8137698,100,6,221,81
8041889,0,28,93,51
8129123,73,11,126,51
8141415,244,34,254,111
8141416,47,28,135,65
8141417,138,24,160,72
8131938,103,26,86,47
8131937,117,33,261,113
8131939,75,40,186,91
8127635,175,33,212,96
8127636,146,33,146,73
8135880,41,19,139,61
8116370,6,23,175,76
8116371,141,32,219,97
8127975,40,31,105,57
8033767,102,21,85,43
8021076,235,24,264,108
8021077,13,33,117,62
8021070,17,32,198,90
8021071,100,28,171,78
8043713,2,15,181,73
8018836,30,5,166,61
8018837,44,14,171,69
8027059,34,28,243,103
8027060,54,20,256,103
8019878,180,26,258,107
8019876,14,6,165,62
8019877,93,37,97,58
8018811,37,9,227,85
8043675,150,27,158,73
8017750,99,8,215,80
8121676,188,11,166,65
6530489,137,23,116,56
8005208,237,40,210,100
8012040,25,11,176,69
6034656,99,36,181,87
8003608,140,34,200,92
6034655,172,29,212,93
8021261,110,17,184,75
8003610,119,18,203,83
6030459,63,9,191,73
6300056,121,10,85,36
6034654,257,17,261,102
8003606,30,30,174,80
6030741,66,38,175,86
8020572,139,20,217,89
6034658,73,27,98,52
6034659,71,20,175,74
8129537,18,27,110,56
8132404,94,27,164,75
8124621,33,25,246,102
8132398,140,19,114,52
8126981,114,9,177,68
8119586,83,5,216,79
8126980,13,25,168,75
8119587,19,17,95,44
8143368,86,22,157,69
8143353,175,30,268,113
8143363,181,39,172,86
8143369,211,16,171,70
8143354,19,18,246,98
8014490,145,23,179,78
8143370,121,5,160,59
8113247,161,27,273,113
8043406,197,37,210,98
8040288,78,20,151,66
8040285,87,8,231,86
8131828,133,33,244,107
8113248,16,16,77,37
8021889,188,33,188,87
8021673,0,22,174,75
8021736,133,34,127,67
8021677,99,24,95,49
6295354,121,6,142,54
8020905,63,32,254,110
8020138,47,37,155,78
8041801,66,28,181,82
8133695,150,9,209,79
8113398,121,32,134,68
8018532,129,17,185,76
8018533,93,25,243,101
8122591,41,37,154,78
8122594,99,33,278,119
8122590,68,9,185,71
8122588,40,39,234,107
8122595,93,15,190,76
8122592,273,15,244,95
8122589,0,7,239,88
8122593,32,6,237,87
8114239,63,11,73,33
8017623,71,24,240,100
8114238,21,23,270,109
8114237,70,15,131,56
8020324,61,11,91,39
8114235,101,5,192,70
8017622,9,11,168,66
8114236,182,8,189,71
8017625,198,18,220,89
8035109,61,28,167,77
8012960,87,10,101,42
8012959,33,35,175,84
8120826,79,7,93,37
8120827,143,12,135,55
8120828,80,12,86,38
8120830,279,25,271,111
8120831,138,19,122,55
8120832,152,33,275,118
8120833,186,29,150,71
8113589,33,16,222,88
8113591,170,38,145,75
8113592,57,26,144,67
8113590,32,34,233,104
8112264,180,31,276,117
8041057,261,35,239,106
8041058,159,32,180,84
8041059,4,26,97,51
8041060,99,20,210,87
8136668,126,9,174,67
8041061,166,10,226,86
8041062,63,36,106,61
8041063,166,27,207,90
8112265,61,30,180,83
8041064,104,25,206,88
8041065,60,10,134,53
8041066,13,21,91,46
8126720,90,23,201,85
8041067,64,29,248,106
8041068,0,16,251,98
8041070,229,40,232,107
8041071,71,36,182,87
8041072,16,33,184,86
8041073,296,22,261,106
8041074,42,32,112,60
8126718,253,29,254,108
8041075,68,33,206,94
8041076,77,9,243,91
8041077,145,24,248,102
8126719,178,37,230,105
8041078,94,38,139,73
8041079,8,31,174,81
8041080,16,20,268,107
8041081,48,6,140,53
8041082,167,24,272,111
8136670,282,20,266,106
8136669,124,28,141,68
8041085,98,25,226,95
8041088,254,23,240,99
8041090,51,16,127,55
8126300,19,9,158,61
8126295,44,24,177,78
8126298,273,22,269,108
8126297,77,25,146,67
8126299,56,33,102,57
8126296,78,12,144,58
8126294,83,17,118,52
8142567,36,28,195,86
8142573,165,37,149,76
8142565,54,21,128,58
8142571,9,16,187,76
8142566,101,26,197,86
8142572,14,14,194,77
8024167,197,18,235,94
8142580,91,18,245,97
6039265,173,21,235,96
8142579,161,36,225,102
8014438,59,19,93,45
8014436,205,38,196,93
6039266,19,36,198,93
6039276,70,8,232,86
6039277,223,17,208,84
8017457,143,6,212,78
8140361,190,36,210,97
8140360,165,28,204,90
8140362,160,8,243,90
8003305,140,37,108,62
8036433,147,30,231,100
8036432,98,23,86,45
8137397,104,30,246,106
8116819,119,31,221,98
8116820,106,31,101,56
8116817,139,15,101,45
8136979,109,15,169,69
8116818,1,25,88,47
8116821,54,27,206,90
8116822,166,31,205,92
8022321,95,23,256,105
6300704,108,11,87,38
8140358,170,32,145,72
8140357,181,38,237,108
8140359,109,36,113,63
8121675,278,33,245,107
8122177,29,22,90,46
8122101,52,21,87,44
6300702,140,40,272,121
8110162,126,24,101,51
8110161,21,11,73,33
8110163,62,17,161,67
8033110,80,12,233,89
8042559,75,25,140,65
8042557,133,24,208,88
8042558,218,38,200,95
8033109,27,5,116,44
8042562,30,36,250,111
8042563,201,35,264,115
8042561,180,5,200,73
8033111,52,27,137,66
8036430,126,39,124,69
8036419,134,9,126,50
8036418,86,16,155,65
8033107,88,9,232,87
8042097,127,31,232,101
8110361,132,17,132,57
8140420,10,9,198,75
8140423,77,21,111,53
8140421,19,19,233,94
8140422,238,18,219,88
8120375,59,39,181,89
8028976,8,30,121,62
8119643,148,40,236,109
8040930,188,22,159,70
8028360,59,39,137,73
8028363,193,39,174,86
8028978,179,36,161,80
8038777,47,34,122,65
8028979,298,37,273,120
6300703,54,24,105,52
8043197,11,12,223,86
8142564,3,15,245,96
8142570,77,17,259,102
8142562,1,13,88,39
8142568,80,33,189,88
8142563,98,23,240,99
8142569,40,16,263,102
8142581,100,33,229,102
8014684,12,39,123,68
8010683,53,25,250,104
6039338,238,28,273,114
6034202,178,27,270,112
8010684,143,40,271,121
8143040,15,12,81,36
8128233,163,14,151,62
8123164,94,33,188,87
8038901,215,20,254,102
8038902,161,19,266,105
8038903,155,31,233,102
8137603,37,8,156,60
8137604,191,11,154,61
8123163,31,37,187,90
8024180,27,28,88,49
8024175,26,10,110,45
8036873,96,40,271,121
8115899,80,32,151,74
8115895,106,36,286,124
8010529,143,6,253,92
8116546,189,12,185,73
8142157,113,28,255,107
8111597,12,7,229,85
8015912,54,32,95,54
8015913,16,29,90,50
8019983,121,39,277,122
8131391,163,12,238,91
8110754,28,19,156,67
8013977,138,29,118,60
8142674,169,8,198,75
8120810,62,23,169,74
8134947,174,23,155,69
8033868,18,10,214,81
8033869,102,19,155,67
8033870,11,18,248,99
8033871,139,16,136,58
8134946,259,13,232,90
8131151,79,40,201,96
8033872,177,11,185,72
8040046,113,26,128,62
8027921,103,27,109,56
8027923,10,24,132,62
8013979,28,17,157,66
8036023,108,38,118,66
8040775,114,6,113,43
8034927,95,29,197,88
8112660,11,17,197,80
8112661,238,27,237,101
8126194,224,40,195,94
8140481,4,20,110,52
8127332,102,7,124,48
8127333,160,40,190,93
8110302,21,29,117,60
8115898,43,21,186,79
8036874,63,40,117,67
8115893,199,24,237,99
8140482,10,5,170,63
8140483,75,38,172,85
8038131,107,17,265,104
6301013,167,34,158,77
8012095,115,7,225,83
8024176,93,40,112,65
8037465,120,32,274,117
8126192,15,16,84,40
8032728,138,28,167,77
6300034,12,16,175,72
6310185,35,17,147,63
8001373,126,34,269,116
8001374,82,38,254,114
8007186,74,37,124,67
8018409,103,36,117,64
8018410,16,39,280,123
8026679,108,36,108,61
8039879,61,17,200,81
8123083,9,36,170,83
8014323,140,34,202,93
8010371,109,30,141,69
8121178,154,37,147,76
8022631,185,6,238,87
8022632,167,35,200,93
8127334,224,19,245,98
8138492,164,29,265,112
8138493,35,26,189,83
8026681,284,20,255,102
8128232,23,21,141,63
8010377,15,31,129,65
8111406,149,32,136,68
8117762,85,8,181,69
8117763,72,19,161,69
8026682,14,28,88,49
8023293,70,10,84,36
8014324,135,23,212,89
8141862,18,5,182,67
8122142,141,10,181,70
8038893,54,8,154,59
8018847,156,21,259,104
8018848,139,10,108,44
8018849,13,11,254,96
8140815,32,27,123,61
8140822,45,32,256,110
8140820,98,34,238,105
8140318,206,26,233,98
8140320,102,29,205,91
8141103,63,31,125,64
8141102,168,14,260,100
8131010,135,11,105,44
8136948,11,25,136,64
8014661,154,12,182,72
8022412,157,15,180,73
8131004,95,39,161,82
8133603,93,17,234,93
8133604,274,21,253,102
8022413,208,8,246,91
8131008,21,25,203,87
8137518,64,20,100,48
8143929,183,18,187,77
8137517,5,26,107,54
8139673,11,17,158,66
8013761,190,11,256,97
8010452,152,27,172,78
8131006,265,30,256,109
8022415,0,33,122,64
8131002,230,37,237,107
8018491,26,11,251,95
8140964,105,7,209,78
8140610,110,36,177,85
8140609,180,5,218,80
6031309,277,20,251,101
8025244,160,32,192,88
8013940,143,7,116,45
6031317,170,12,239,91
8025245,242,14,259,100
6031319,62,8,228,85
8138310,48,24,150,68
8138308,62,22,176,76
8138307,143,37,212,98
6031311,101,9,175,67
6031320,130,38,106,62
8004588,26,23,85,45
6031321,223,28,197,87
8138309,123,9,228,86
8120857,210,34,185,87
6031323,159,21,195,82
6031316,30,7,92,37
6310674,87,20,185,78
6300747,151,15,163,67
6300748,26,16,195,79
8009947,53,8,139,54
6031318,89,9,130,51
6031325,37,24,89,47
6031326,175,21,234,96
6031327,111,26,188,83
8020858,96,14,83,38
6031312,83,17,84,40
6031329,30,10,101,42
6031330,53,22,131,60
6031315,163,32,278,118
6031331,52,23,129,60
6031332,69,28,222,96
6031313,56,13,137,56
8029861,109,5,185,68
8116785,79,15,79,37
8116786,171,8,153,59
8129104,35,35,237,106
8129105,99,14,123,52
8129101,148,33,221,99
8129102,99,30,91,51
8129103,13,13,211,82
8129106,30,11,87,38
8129107,49,17,116,52
8129099,129,14,247,96
8129100,127,39,116,66
8020243,9,10,183,71
8020417,27,18,224,90
8017274,22,20,126,57
8017245,15,32,174,82
8115766,29,28,131,64
8118980,129,7,120,47
8038979,268,31,277,117
8129360,109,15,124,53
8124282,213,21,208,86
8041568,146,22,245,100
8120667,119,7,86,35
8124419,112,22,244,100
8123610,18,8,234,87
8136872,180,6,149,56
8123609,104,6,222,82
8119713,10,28,207,91
8135907,188,8,205,77
8143217,25,9,192,73
8113932,62,35,142,72
8039424,88,33,259,112
8039425,138,10,243,92
8110853,92,11,150,60
8130891,214,30,248,106
8116924,215,13,207,81
8110854,111,8,87,36
8143218,112,17,94,44
8122998,65,38,287,125
8135904,118,18,86,42
8141120,23,39,146,76
8135906,156,35,236,105
8135905,102,25,89,47
8040269,73,6,88,35
8040271,163,33,283,121
8040272,82,9,133,52
8040270,87,37,148,76
8116925,35,29,112,58
8113933,157,23,162,72
8130181,113,22,142,64
8121717,64,8,101,41
8038980,198,26,174,78
8041569,231,5,217,79
8039048,175,18,235,94
8126666,113,30,178,82
8038978,200,35,188,89
8038982,142,30,187,85
8139726,102,21,114,54
8040821,177,7,166,63
8040822,25,33,200,91
8135383,42,12,152,61
8135990,112,15,156,64
8134682,122,27,92,50
8112368,167,17,207,84
8033072,118,16,128,55
8033887,83,25,209,89
8125012,209,21,268,107
8125011,122,15,137,58
8125010,115,31,257,110
8009404,133,18,165,69
6033152,119,11,144,58
6033150,249,21,260,105
8007485,119,25,147,68
6033164,237,8,235,87
8000854,56,10,141,56
6033153,0,21,105,50
8023670,122,8,230,86
8011458,10,26,111,56
8009405,190,39,267,119
8005294,160,10,121,49
8005299,212,27,209,91
8005296,177,11,234,89
6301940,15,40,174,87
6301941,49,24,97,50
6301942,22,37,210,98
6301943,269,36,243,108
6301944,30,11,74,33
6301945,3,14,259,100
6301946,228,37,188,90
8005297,92,9,139,55
6301947,152,27,116,58
6301948,9,26,174,78
6301949,208,6,207,76
6301950,153,11,207,80
6301951,0,6,73,29
6301952,78,26,128,62
6301955,147,16,158,66
6301953,144,26,119,59
6301954,15,15,96,43
6301956,198,17,177,73
8005298,145,11,133,54
8005295,103,5,213,78
6301957,37,24,133,62
6310180,177,17,242,96
8001253,0,11,116,48
8010461,87,23,101,50
8010462,115,28,140,67
8121608,123,39,102,61
8109815,209,36,211,97
8109837,94,29,204,90
8109816,108,37,155,78
8109817,121,25,93,49
8109818,184,18,161,68
8109819,97,13,233,90
8109820,47,26,173,77
8109822,141,22,199,84
8109825,30,7,139,53
8109828,201,33,252,110
8109829,101,20,112,52
8109830,57,12,234,90
8109831,20,16,185,75
8109832,235,37,207,97
8109833,118,24,118,57
8109834,82,37,113,64
8109835,96,37,287,125
8109836,191,11,178,69
8121609,81,7,83,34
8121607,67,17,201,81
8004371,125,16,155,65
8004372,12,14,243,94
8004373,105,34,161,78
6310648,50,40,192,93
6310650,172,29,234,101
6310651,75,30,279,117
6310652,225,40,286,126
6310653,3,32,163,78
6310654,133,14,136,57
6310655,68,35,272,118
8007387,103,37,98,58
6310656,130,36,201,94
6310657,75,8,123,48
6310658,72,16,154,64
6310659,159,40,140,75
6310660,42,35,166,81
6310661,108,35,253,111
6310662,33,25,154,70
6310663,164,38,167,83
6310664,171,31,230,101
6310665,51,19,144,63
8007388,5,19,159,68
8007389,263,37,266,117
6310649,251,34,274,118
8134932,91,5,208,76
8134933,64,11,183,71
8134934,112,23,269,109
8134935,89,39,218,102
8134943,139,9,111,45
8134936,121,21,257,104
8134939,69,7,238,88
8134941,150,22,198,84
8134937,181,25,160,72
8134940,109,22,142,64
8134942,36,19,141,62
8134938,128,28,161,75
8004741,57,31,209,93
8039157,45,35,129,68
8039154,101,19,173,73
8039158,133,9,154,60
8039156,42,10,140,56
6310181,161,10,144,57
8116187,17,6,119,46
8116204,138,22,172,75
8116188,68,13,148,60
8116189,211,36,189,90
8116190,50,5,228,83
8116191,26,31,253,109
8116192,44,19,110,51
8116193,70,13,90,40
8116194,258,24,224,94
8116195,121,29,117,60
8116196,92,25,120,58
8116197,150,33,144,72
8116198,123,10,94,39
8116199,222,29,220,96
8116200,151,40,145,77
8116201,104,32,140,70
8116202,166,9,179,69
8116203,77,21,86,44
8033645,99,39,274,121
8034877,189,24,230,96
8139914,32,40,149,78
8139913,92,20,140,62
8142940,187,31,216,96
8139909,62,33,227,101
8139908,56,16,151,63
8139907,197,15,183,74
8139904,111,38,155,79
8139905,110,25,251,104
8139911,22,26,157,72
8142454,160,35,186,88
8039671,44,6,141,53
8034874,38,22,160,70
8034876,143,36,123,66
8141909,49,16,253,99
8034860,51,9,108,44
8034870,24,21,129,59
8112083,77,38,166,83
8139917,17,8,249,92
8139919,176,15,162,66
8142941,44,9,127,50
8139915,66,32,140,70
8139918,87,15,88,41
8139912,6,7,236,87
8033635,139,30,208,92
8139921,147,17,214,86
8143425,63,15,104,46
8139924,206,8,189,71
8141911,29,27,127,62
8119612,167,33,152,75
8118055,29,16,251,98
8118791,2,9,204,77
8130962,78,20,204,84
8130961,120,22,247,101
8130963,213,16,214,85
6301437,14,22,99,49
6301438,200,22,228,94
6301439,119,29,137,67
8130965,35,13,237,91
8130964,98,20,120,55
8140808,106,24,262,107
8140805,179,7,221,82
8140809,16,19,170,72
6033532,183,37,163,81
8130960,30,26,249,104
6030372,183,34,175,83
8021433,137,23,166,73
8021639,274,19,244,98
8040762,82,28,256,108
8040763,172,32,189,87
8039019,45,30,105,56
8031893,61,31,138,68
8031894,120,10,119,48
8035838,64,40,192,93
8031895,72,20,126,57
8031896,42,11,247,94
8032971,59,12,137,56
8127438,19,33,125,65
8127454,149,11,140,56
8127453,155,21,167,72
8003130,154,16,207,83
8023136,113,26,145,68
6530669,202,37,166,82
1160,283,39,253,114
1159,90,19,267,106
8015076,252,29,224,97
8015084,184,38,190,91
8030188,106,26,230,97
8015085,146,12,130,53
8011011,3,37,153,78
8022623,37,7,108,42
9994894,37,10,182,70
8009279,52,19,145,63
8011919,130,27,118,59
8011920,57,18,166,70
8022625,120,28,125,62
8022624,57,15,108,48
8024336,228,40,212,100
8009277,112,36,99,58
8021412,93,26,113,56
8129640,101,12,164,65
8126990,7,37,107,62
8124728,58,26,135,64
8134083,236,26,267,110
8029438,208,18,181,75
8126985,78,30,276,116
8113505,51,37,136,72
8110470,110,18,117,53
8140119,25,13,250,96
8134699,237,19,254,101
8140155,150,39,155,80
8041510,150,27,223,96
8138125,117,13,239,92
8126997,85,40,111,65
8041512,54,10,91,38
8132406,10,29,228,99
8126996,122,40,207,98
8140128,17,19,87,43
8138115,241,28,274,114
8138113,36,33,212,96
8138116,7,32,279,118
8138112,47,19,142,62
8138114,79,22,170,74
8119584,106,35,100,58
8041511,114,35,182,86
8041686,48,20,118,54
8126978,42,5,222,81
8039656,24,5,108,41
8039208,178,15,155,64
8039209,153,27,175,79
8142511,56,20,229,93
8142512,0,5,252,91
8031054,20,7,108,42
8031055,89,40,258,116
8110772,72,16,86,41
8110758,18,31,198,89
8138710,101,33,125,65
8131205,56,22,159,70
8110765,96,19,172,73
8119021,19,36,209,97
8128694,82,38,136,72
8128697,126,40,116,67
8135017,254,25,252,104
8034693,205,29,193,86
8035140,104,33,104,58
8035141,24,18,105,48
8031025,153,40,156,81
8031026,35,35,176,84
8124056,195,22,194,82
8136530,81,5,66,26
8136529,130,25,113,56
8136533,30,17,174,72
8142513,73,24,107,53
8114216,17,7,166,63
8125079,36,25,174,77
8129690,199,11,181,71
8125078,10,32,212,95
8136528,187,31,185,85
8125077,42,10,182,70
8031050,30,21,99,48
8131206,34,34,206,94
8037204,89,36,218,100
8041744,161,6,241,88
8138709,205,36,192,91
8131203,7,38,158,80
8037201,52,25,195,85
8119020,30,36,192,91
8039207,46,33,230,102
8039206,51,29,206,91
8039204,16,39,208,98
8142509,227,19,225,91
8142510,43,22,167,73
8031052,82,29,115,59
8031053,2,14,101,44
8110769,100,8,195,73
8110757,185,10,219,83
8138711,44,6,82,33
8110755,50,40,114,66
8122506,214,40,212,100
8131204,127,10,183,71
8110764,22,31,171,80
8119019,75,30,174,80
8128696,10,39,118,67
8128695,119,34,218,98
8135018,60,17,253,100
8034692,29,11,130,53
8035139,63,20,192,80
8035142,117,29,252,107
8031022,97,33,186,87
8031023,15,22,164,72
8136531,64,21,147,65
8136331,97,19,155,67
8136532,150,7,122,47
8143634,214,10,200,77
8002736,124,23,145,66
6030823,206,30,266,113
6530447,141,19,170,72
6030820,8,12,178,70
6530440,118,35,180,86
6530442,204,25,232,97
6530422,34,28,121,61
6530429,85,34,156,77
6530441,173,9,178,68
6530450,98,13,113,48
8019333,133,22,246,100
8032696,64,38,120,67
8008206,147,36,152,77
8032695,65,18,253,100
8032694,163,15,241,94
8032699,304,40,286,126
6530432,99,30,194,87
8032692,127,10,103,43
6530437,137,30,206,92
8032697,0,15,141,59
6530430,119,13,102,44
8032693,33,35,189,89
8032698,106,13,80,36
6530438,72,20,245,99
6530443,63,28,191,85
6530423,104,40,271,121
6530424,23,29,196,87
6530425,104,35,121,65
6530428,252,9,219,83
8016604,207,23,172,75
8015294,59,11,92,39
8015290,63,24,123,59
8016602,32,29,117,60
8015292,129,21,157,69
8015293,97,38,262,116
8015297,70,20,260,104
8015299,123,14,118,50
8129675,70,28,185,83
8015295,68,25,238,100
8015298,154,19,166,70
8129674,85,10,247,93
8129676,89,6,75,30
8015296,120,29,237,102
8015305,25,24,167,74
8015304,163,21,148,65
8028113,96,9,79,34
8015308,148,25,144,67
8017300,134,25,120,58
8133723,128,28,110,57
8015306,72,17,184,75
8017299,236,14,198,78
8133721,187,35,147,74
8123517,28,40,115,66
8133724,16,28,160,74
8015307,95,11,210,81
6530421,23,10,150,59
6530414,53,22,136,62
6530416,147,28,212,92
6530412,179,9,242,91
6030805,82,27,197,87
6300896,142,20,238,96
6300898,103,14,183,73
8123952,67,5,169,62
8017013,39,6,210,77
8017012,204,27,197,87
8129629,135,21,123,57
8135552,170,15,170,69
9991084,114,8,162,62
5993,217,5,227,83
8017296,142,38,184,89
8039969,69,14,178,71
8138861,168,37,222,102
8138862,66,6,179,67
8121047,208,25,182,80
8138860,118,40,151,79
8138863,203,15,237,93
8138859,75,13,141,58
8039961,113,12,162,65
6302066,111,7,85,34
8138849,233,39,220,102
8138846,33,18,176,73
8138847,161,37,140,73
8111425,65,27,118,59
8138848,130,16,259,101
8039964,130,14,170,69
8138845,56,18,159,67
8138850,268,9,230,86
8138851,13,24,208,88
8138852,40,25,140,65
8140143,176,27,179,80
8138855,254,39,256,115
8138854,167,14,243,94
8138853,8,15,243,95
8109485,120,13,93,41
8138857,18,31,177,82
8138858,221,22,191,81
8138856,127,15,186,75
8138864,13,18,132,58
8028184,101,34,233,104
6296200,118,28,146,69
8038732,164,40,223,104
8142633,111,17,100,46
8142632,82,40,241,110
8142631,66,6,71,29
8139365,126,33,163,79
8139364,29,26,111,56
8139363,267,16,265,103
8117786,110,35,106,60
8111852,286,25,264,109
8128506,139,10,220,84
8037235,122,6,155,58
8128507,41,25,150,69
8136040,188,24,191,82
8136041,124,10,244,92
8131870,2,30,268,113
8131869,195,27,200,88
8133441,78,8,137,53
8037244,144,27,145,68
8040150,125,19,157,67
8040151,122,20,202,84
8141422,14,5,167,62
8128508,140,11,105,44
8121638,80,40,249,113
8142379,36,15,105,47
8021446,138,15,220,87
8021448,22,11,121,50
8021657,93,12,118,49
8121352,187,40,162,83
8121353,144,28,174,79
8121350,85,20,111,52
8121351,143,40,146,77
8121355,254,40,240,110
8121354,30,33,254,110
8020821,123,22,267,108
8010986,20,34,159,78
8010987,156,25,172,76
8018718,18,11,124,51
8010988,67,14,77,36
8010989,32,17,244,96
8013369,39,25,220,93
8010969,108,13,109,47
8010970,265,21,248,100
8010971,270,24,257,106
8010963,25,15,170,69
8010964,197,16,165,68
8034271,73,26,124,60
8026109,255,19,224,91
8010994,4,7,251,92
8010993,126,8,91,37
8010981,178,21,208,86
8010982,134,12,223,86
8010983,137,5,98,38
8010992,83,11,76,34
8010990,117,17,157,66
8010991,76,24,262,107
8010960,155,22,149,66
8010962,2,31,211,94
8015846,126,35,253,111
8015847,24,36,163,80
8010984,14,39,108,63
8010985,3,6,97,38
8018924,218,36,268,117
8011004,125,20,253,102
8011005,69,34,139,71
8011006,24,39,116,66
8011007,281,18,252,100
8010975,18,33,134,68
8010976,83,6,79,32
8010977,176,20,181,76
8010972,227,30,211,93
8010973,6,34,109,60
8010974,95,18,203,83
8010978,147,17,198,80
8010979,269,33,271,116
8010980,45,19,103,48
8010995,34,9,236,88
8010997,64,33,127,66
8010996,75,12,140,57
8010998,170,33,223,100
8011000,100,7,106,42
8010999,77,38,110,63
8011001,271,32,271,116
8011003,231,23,198,84
8011002,110,31,111,59
8010966,32,21,120,56
8010967,25,26,236,100
8010968,12,17,108,49
8010957,24,12,101,43
8037075,46,27,120,60
8112234,130,24,208,88
8118070,53,19,106,49
8133943,39,19,142,62
8114518,10,25,114,56
8034413,54,15,101,45
8126725,170,21,236,96
8028679,44,5,71,28
8131172,257,22,264,107
8131136,146,25,195,85
8131137,128,24,246,102
8131731,66,9,182,70
8135128,48,36,119,65
8131134,168,5,149,55
8131135,54,12,131,54
8143982,133,33,198,91
8142958,225,24,249,103
8142957,66,15,200,80
8028709,65,27,165,75
8133696,165,13,153,62
8118300,8,27,94,50
8020538,116,30,152,73
8028675,1,14,123,52
8020537,67,22,106,51
8024468,110,10,202,77
8143981,33,32,122,64
8118696,64,15,159,65
8118697,21,9,111,45
8118699,105,20,116,54
8021001,79,16,108,48
8123635,28,12,235,90
8038371,108,38,165,82
8020046,60,14,251,97
8032286,189,10,173,67
8139585,203,11,165,65
8038373,48,16,83,39
8020043,95,23,91,47
8038372,21,24,148,67
8139593,137,27,276,114
8041169,319,38,285,124
8041168,61,22,121,57
8129247,99,8,97,39
8126088,112,6,232,85
8126089,74,23,233,97
8125753,35,33,184,86
8140965,16,11,133,54
8011414,92,12,201,78
8011412,117,15,129,55
8011416,107,34,200,92
6034531,74,20,234,95
8011413,212,24,237,99
8019429,91,15,106,47
8031907,44,15,194,78
8016945,61,35,124,66
8016943,232,31,193,88
8127377,141,20,141,62
8127255,147,12,108,46
8127254,50,34,95,55
8024682,209,18,207,84
6533126,52,15,263,102
6533128,69,12,108,46
8009700,132,36,283,122
8010797,202,31,189,86
8013427,175,21,241,98
8013428,105,40,114,66
8013484,38,33,162,78
8013426,77,26,224,95
6039226,150,9,122,49
8125754,111,6,122,47
8016951,2,8,165,63
8129245,67,19,160,68
8129244,114,37,214,99
8126080,53,40,225,105
8126081,60,34,260,113
8019430,120,6,194,72
8131738,173,17,148,63
8016952,263,35,247,109
8016950,59,20,180,76
8138906,189,29,179,82
8016948,90,15,243,95
8016949,29,11,180,70
8142811,45,10,177,68
8142812,142,5,255,93
8041010,149,11,211,81
8041011,257,30,225,98
8134552,122,18,88,43
8021374,140,35,143,73
8021373,95,15,101,45
8140354,102,37,239,108
8011046,69,11,105,44
8016099,148,32,128,66
8016097,148,38,161,81
8011043,74,36,148,75
8016101,26,6,113,43
8016100,247,40,224,104
8043389,187,30,252,108
8043387,141,24,183,80
8031374,202,13,234,90
8031373,48,6,109,42
8120432,116,40,259,117
8109262,122,24,111,54
8128420,53,18,210,85
8138832,73,39,174,86
8128418,132,35,193,90
8017037,188,27,245,103
8017038,29,35,175,84
8128419,171,10,249,94
8138274,36,9,232,87
8128421,109,40,194,94
8017036,216,13,228,88
8128417,5,15,187,75
8009104,41,13,78,36
8129914,44,14,134,56
8129915,24,30,124,63
8133417,113,35,196,91
8129920,107,16,237,93
8138276,88,28,93,51
8140352,98,37,220,101
8117181,126,9,194,74
8017015,87,16,147,62
8129913,123,37,200,94
8138275,142,33,219,98
8003426,118,15,258,100
8131660,295,28,260,109
8131658,37,35,253,111
8111593,170,27,194,85
8131656,110,9,120,48
8111592,72,9,76,32
8131657,189,26,248,104
8131655,153,14,113,49
8131659,25,26,174,78
8017052,25,27,97,52
8017053,163,32,216,96
8043098,168,9,243,91
8043097,86,37,191,91
8043095,1,10,143,57
8043100,155,8,230,86
8131670,76,15,152,63
8131661,283,39,252,114
8131662,130,6,159,60
8017055,142,13,175,70
8131671,16,12,83,37
6302023,153,36,250,111
9998758,3,34,223,100
9998528,56,7,188,70
8141924,88,27,159,73
8141925,10,34,264,115
8141926,99,18,175,73
8141934,99,36,222,101
8141935,143,34,151,75
8141930,250,31,250,108
8141936,131,5,118,45
8141921,58,28,216,94
8141922,76,25,160,72
8141923,67,14,101,44
8141937,168,36,246,110
8142943,185,33,160,77
8141938,43,31,175,81
8001461,61,31,104,57
8021808,270,35,257,113
8001463,218,31,250,108
8021807,77,20,95,46
8136709,198,33,231,102
8001462,118,18,226,91
8021809,6,16,262,102
8136708,199,21,169,73
8002123,103,23,169,74
8002122,61,10,260,98
8040691,208,8,194,73
8040704,139,22,110,53
6298019,57,11,133,54
9997142,26,12,100,43
8137403,23,38,201,95
8137405,238,37,263,116
8137398,13,30,243,105
8137399,73,11,74,33
8137402,125,19,146,63
8137406,108,31,194,88
8137401,84,12,109,46
8137400,68,5,222,81
8111768,42,16,79,38
8111773,178,33,251,109
8111771,216,26,258,107
8115953,122,5,221,81
6223603,204,14,236,92
6223601,154,17,264,103
6223602,133,37,275,120
8002838,201,34,209,95
6231635,225,10,186,72
6223606,88,7,69,29
6231633,65,14,130,55
6223604,4,32,256,110
6231634,37,40,130,72
6223605,34,13,161,65
8139944,54,32,125,65
8139943,295,32,264,113
8139941,77,14,109,47
8126016,93,22,213,89
8126019,69,35,135,70
8135714,51,21,135,61
8132325,234,29,245,105
8139507,177,39,268,119
8004609,31,28,110,57
8040816,17,6,81,32
8004610,30,5,84,33
8034137,31,7,151,57
8141787,187,31,167,79
8004612,59,32,99,55
8034138,40,19,158,68
8004611,61,35,144,73
8139509,198,32,167,79
8004616,216,11,212,81
8141786,110,10,96,40
8019667,85,36,265,116
8004629,44,6,201,74
8011211,53,16,160,66
8030377,106,5,188,69
8025593,184,5,186,68
8130971,6,36,138,72
8129795,47,26,219,94
8130975,1,30,145,70
8130976,53,35,99,57
8130977,59,14,80,37
8142880,300,38,285,124
8142881,76,26,204,88
8004615,2,26,212,91
8011209,82,15,126,54
8136564,143,7,209,78
8038944,23,25,267,110
8038943,3,27,118,59
8004617,131,24,152,69
8139508,6,15,251,98
8027652,36,13,250,96
8005333,186,5,210,77
8115583,63,29,127,63
8017424,299,40,280,124
8039806,31,32,163,78
8039805,83,27,210,91
8038941,187,24,159,71
8004619,184,18,156,66
8041926,183,11,193,75
8041928,28,12,192,75
8133568,23,25,245,102
8013025,202,16,201,81
8013026,13,28,218,95
8126316,93,14,213,84
8026845,57,8,216,81
8038945,52,5,203,74
8041929,47,37,257,114
8129796,126,16,92,43
8029098,3,25,150,69
8113610,25,5,196,72
8135712,36,12,153,61
8135713,47,24,144,66
8135709,215,18,264,104
8135710,11,32,253,109
8135708,149,26,178,79
8133566,279,27,259,108
8142882,59,7,134,51
8133567,15,29,225,98
8139510,7,40,115,66
8009755,18,29,166,77
8027650,217,37,195,92
8004634,129,16,250,98
8025264,123,23,195,83
8137835,170,39,151,78
8137834,10,30,121,62
8128396,178,12,195,76
8117360,108,36,204,95
8004630,49,18,177,74
8038942,148,20,249,100
8020597,13,6,70,28
8015038,78,31,172,80
8015037,33,7,158,60
8019665,38,35,163,80
8004624,92,29,143,69
8004626,120,8,142,55
8028083,56,5,139,52
8026846,72,22,203,85
8143035,146,12,166,66
8004627,158,13,158,64
8005524,180,8,165,63
8012581,179,24,269,110
8027647,182,35,262,114
8027648,19,32,260,112
8131956,116,34,147,74
8038946,36,16,112,50
8007604,108,20,256,103
8008288,126,7,129,50
8007296,107,9,219,83
8131233,37,5,100,38
8020656,95,5,79,31
8140741,77,17,88,42
8140739,57,33,186,87
8140740,141,25,265,109
8140742,232,35,228,103
8140738,196,33,216,97
8140743,71,37,177,86
8134086,175,24,175,77
9999348,230,16,219,87
9998705,95,8,150,58
9998711,97,19,222,90
8016599,23,8,186,70
9998717,1,27,252,106
8133891,121,32,126,65
8133893,146,28,163,75
8014560,96,29,105,56
8026726,187,22,147,66
8035977,100,30,196,88
9998702,7,39,264,118
8031273,151,39,243,110
8016594,16,15,216,85
8026718,188,32,201,91
8031274,218,23,231,96
8042435,112,19,138,61
8116572,182,22,214,89
8126492,172,30,220,97
8041354,135,8,191,72
8041350,109,11,216,83
8133298,171,34,237,105
8133299,207,5,181,67
8136518,73,40,151,79
8136517,65,12,79,35
8136516,141,16,139,59
8039051,20,28,190,85
8039050,96,13,96,42
8042433,197,19,199,82
8042432,46,10,174,67
8037132,62,38,123,68
8037116,49,28,169,77
8119333,29,11,201,78
8119334,263,13,262,100
8116571,131,15,171,70
8116570,99,32,203,92
8126082,165,30,268,113
8126083,169,28,174,79
8037117,111,33,266,115
8037114,159,21,199,83
8037109,221,6,185,69
8037110,161,11,200,77
8037106,247,14,217,85
8037105,278,10,241,91
8142049,121,38,98,59
8142052,197,20,190,80
8142053,163,9,254,95
8139711,118,19,97,46
8139712,108,31,255,109
8139713,154,10,158,62
8139715,89,37,131,70
8140035,41,16,244,96
8139716,151,36,114,63
8139717,205,13,219,85
8143355,160,11,259,98
8143364,48,40,243,111
8143371,38,40,115,66
8143365,16,30,134,66
8143356,186,14,224,88
8143372,151,31,180,83
8143366,46,8,82,34
8029418,44,20,174,74
8029419,75,31,180,83
8039647,57,10,144,57
8142698,148,36,156,78
8132117,5,11,218,83
8121246,80,14,144,60
8028594,28,7,198,74
8028473,105,34,136,70
8141342,20,24,159,71
8141340,79,34,278,119
8141339,49,40,166,84
8141336,134,21,120,56
8034852,62,17,175,72
8034851,244,22,214,89
8034853,146,24,221,93
8024464,10,10,171,66
8024465,87,27,156,72
8024466,13,28,236,101
8116154,91,10,191,73
6034514,271,17,256,101
8016373,135,33,149,74
6300513,158,29,149,71
6034511,50,23,269,109
6030340,37,19,128,57
8041362,75,9,101,41
8139619,106,11,207,80
8139615,220,28,186,83
8139620,89,33,156,76
8033822,47,30,245,105
8033824,111,6,202,75
8036383,36,12,246,94
8033817,290,12,255,97
8139600,114,39,263,117
8041366,221,21,202,84
8142055,177,32,256,110
8111719,89,12,103,44
8139617,89,20,131,59
8139598,1,29,180,82
8142054,219,30,217,95
8116581,90,14,236,92
8139621,132,25,164,74
8139618,203,13,188,74
8139623,159,39,170,85
8033821,5,19,223,90
8033823,234,40,277,123
8036382,72,12,115,48
8033816,141,18,129,57
8119206,6,37,149,76
11148,6,25,112,55
8140974,182,8,257,95
8140973,140,32,191,88
8140972,171,27,163,75
8140978,176,28,172,78
8140979,191,40,196,95
8140975,84,30,218,96
8140976,118,21,140,63
8140980,224,18,187,77
8140981,129,23,155,69
8140977,24,30,264,112
9994545,91,5,252,91
8008308,157,26,135,64
9991495,81,40,218,102
9998618,173,15,234,92
9998617,28,21,190,80
9991049,214,27,263,110
9991047,120,31,202,91
8136305,106,38,104,61
9991172,25,39,114,65
9991180,164,32,173,81
8016870,86,32,97,55
8137946,35,39,280,123
8137947,3,15,219,86
6270010,70,23,126,59
8123115,156,26,200,87
8123117,94,25,252,104
8123116,67,10,94,39
8123107,252,10,243,92
8123108,167,34,131,68
8123119,121,33,140,70
8123118,77,11,176,69
8124764,126,23,240,99
8016930,72,10,102,42
8020923,256,21,243,99
6032585,35,12,85,38
8020456,180,14,206,81
8019122,131,32,117,62
8121443,216,33,185,86
8121444,22,28,209,91
8121445,136,28,100,53
8120868,196,15,163,67
8120869,179,20,231,94
8120870,149,17,149,63
8120867,38,27,137,66
8034217,117,12,111,47
8039804,93,23,212,89
8016023,73,33,194,89
8002138,170,7,156,59
8118808,145,36,178,86
8142000,15,20,205,85
8139858,72,6,148,56
8143682,149,33,126,66
8143680,37,10,192,74
8141999,70,8,228,85
8139855,80,29,185,84
8139859,25,22,90,46
8143677,175,15,245,96
8139860,48,27,92,50
8139857,60,22,88,45
8141998,82,5,91,35
8142174,129,31,108,58
8139856,23,7,184,69
8139537,249,11,239,91
8143456,50,36,154,77
8143457,278,10,251,94
8136795,58,27,109,56
8007806,48,29,95,52
8143198,162,11,228,87
8009719,156,28,204,90
8136567,28,5,207,76
8136794,99,18,210,85
8143194,246,32,267,114
8130810,53,25,139,65
8136566,25,30,204,91
8139391,99,25,243,101
8143202,209,33,175,83
8143203,111,5,139,52
8136796,24,39,135,73
8007807,22,30,270,114
8143199,2,14,159,65
8130811,83,33,208,94
8136797,49,9,105,43
8136568,249,38,222,102
8130809,169,17,207,84
8143200,138,35,110,61
8136798,45,13,207,81
8136569,273,25,234,98
8135400,107,23,211,89
8143201,111,5,83,32
8136799,24,19,85,42
8121266,44,10,74,32
8136098,73,15,257,100
8136097,5,37,220,101
8142116,130,40,101,61
8138807,60,34,99,57
8142117,6,13,111,47
8136099,30,14,123,52
8042550,22,9,117,47
8112967,112,5,125,47
8112961,115,11,111,46
8038967,110,38,199,94
8042761,98,15,134,57
8116747,107,39,150,78
8042540,233,33,282,120
8116887,165,11,133,54
8042551,4,21,198,83
8112968,41,18,104,48
8112964,194,11,211,81
8042552,37,6,152,57
8112969,101,32,265,114
8112965,77,38,229,105
8122281,81,8,159,61
8136804,126,18,113,51
8121265,46,11,261,99
8006945,106,6,126,48
8124185,69,24,227,95
8112970,12,26,143,67
8010537,162,29,194,87
8027677,116,20,171,73
8135398,208,15,222,87
8127860,230,7,252,93
8127864,138,6,129,49
8127859,201,26,261,108
8127863,34,34,174,83
8127856,54,28,203,89
8127855,149,24,109,54
8127858,80,30,116,60
8127861,23,17,224,89
8127865,171,15,183,74
8127862,22,24,99,50
8127866,182,18,149,64
8143193,224,36,230,104
8127867,66,34,127,67
8142745,72,21,130,59
8142750,101,8,147,57
8116295,234,31,195,88
8142744,229,14,228,89
8116763,38,9,108,44
8142749,51,23,170,74
8116294,74,26,265,110
8116759,209,12,197,77
8116757,64,33,260,112
8142743,67,24,253,104
8116756,203,38,179,87
8142746,145,39,261,117
8142751,135,31,140,69
8116296,144,21,177,76
8142747,108,28,174,79
8123569,90,29,260,110
8142752,64,33,274,117
8116299,69,13,185,73
8142748,130,32,197,90
8142753,103,39,215,101
8122282,147,36,242,108
8015066,45,6,228,84
8136803,133,21,141,63
9999480,149,6,119,46
8116755,36,35,123,66
8143272,110,32,192,88
8130469,142,23,140,64
8136096,22,15,177,72
8040471,111,37,190,91
8040472,5,35,218,99
8024105,11,31,97,54
8024106,20,28,249,105
8116791,81,23,95,48
8116753,95,28,132,64
8000861,87,10,124,50
8112196,109,18,108,50
8112197,215,17,211,85
8141673,195,36,174,84
8010799,200,18,201,82
8133416,27,30,251,107
8133415,58,33,273,117
8123080,107,17,168,70
8141672,148,19,249,100
8120521,165,40,149,78
8133272,95,12,108,46
8132850,127,30,142,69
8132851,71,10,220,84
8131024,76,26,101,52
8138057,90,10,99,41
8132025,122,34,151,75
8132015,8,18,123,55
8132018,42,28,239,102
8132022,54,15,174,71
8132026,148,30,129,65
8132016,192,16,175,72
8132020,143,38,230,105
8132027,166,23,217,91
8132017,121,19,199,82
8109469,174,37,285,124
8137894,149,10,121,49
8143980,64,18,93,44
8137893,245,9,210,79
8037826,129,27,128,62
8139681,225,33,213,96
8037830,26,32,171,81
8126285,171,26,186,82
8037828,130,11,215,82
8041794,58,37,99,59
8136745,109,21,235,96
8119279,225,28,208,91
8002900,11,17,231,92
6300187,35,35,237,106
6300186,51,16,189,77
8139677,288,21,254,103
6033476,164,24,142,65
6033477,1,12,174,69
8119278,0,30,247,106
8119280,122,18,233,93
8119281,99,25,206,88
8139675,155,40,262,118
8139674,160,25,134,63
8139676,11,11,84,37
8038050,9,32,110,59
6033474,20,8,178,68
8139683,192,21,152,67
8037840,151,17,117,52
8139684,118,36,251,111
8037838,118,37,114,64
8139685,232,30,262,111
8037841,78,11,137,55
8037842,107,40,190,93
8119275,121,10,141,56
8119271,130,17,246,97
8119273,105,37,186,89
8119276,62,37,169,83
8119274,58,13,81,37
8119270,173,23,176,77
8119272,148,26,260,108
6033398,43,7,156,59
6033397,135,16,247,97
6033399,32,37,258,114
6033400,79,15,138,58
6033401,116,19,135,60
6033423,33,11,135,54
6033402,31,21,229,94
6033407,45,20,124,56
6033408,163,22,220,91
6033429,120,38,193,92
6033413,47,17,263,103
6033415,36,12,132,54
6530464,231,20,225,92
6033403,64,20,95,46
6033409,101,39,127,70
6033430,85,9,200,76
6033416,137,7,224,83
6030468,10,11,183,71
6033404,82,32,104,57
6033419,206,38,281,123
6033431,103,26,232,98
6033405,70,34,131,68
6033410,121,24,98,50
6530465,68,13,96,42
8002904,86,11,114,47
8002896,22,39,112,65
8024812,199,36,176,85
8109916,21,11,195,75
8109915,31,37,192,91
8032145,93,40,230,107
8112037,133,11,261,99
8014271,106,34,146,73
6033480,75,9,76,32
8139678,125,15,131,56
8037835,112,22,91,46
8037836,167,29,176,80
8139682,29,18,194,80
8037825,86,30,279,117
8037829,78,35,96,56
8126284,17,32,113,60
8037827,44,5,139,52
8136744,172,25,230,97
6033483,91,29,152,72
8031461,28,13,160,64
8134734,113,9,169,65
8132411,138,32,230,101
8134735,76,26,120,59
8132410,52,38,165,82
8134745,215,10,249,94
6298039,228,31,204,92
8133175,288,40,264,118
8139383,287,23,262,107
8133174,87,34,137,70
8124235,155,5,125,47
8134273,62,9,146,57
8134274,70,12,200,78
8132272,133,6,142,54
8138814,182,39,263,117
8128094,62,24,158,71
8030761,165,22,235,97
8025534,179,29,157,74
8126952,196,30,254,108
8009395,147,38,228,105
8000998,193,16,231,91
8010170,104,12,255,97
8010729,264,16,237,93
8133176,206,14,184,74
8031620,71,26,103,53
8141079,96,22,133,61
8142680,33,35,285,123
8142681,190,37,268,118
8142682,111,10,94,39
8142683,172,38,221,102
8142684,96,13,81,37
8025012,159,28,228,98
8138934,57,12,199,77
8017393,163,17,190,78
8143672,61,11,189,73
8143750,59,18,129,57
8141899,217,25,196,85
8014640,65,13,187,74
8139412,74,19,156,67
8019648,37,9,161,62
8024187,146,35,122,65
8024188,108,34,97,56
8017391,18,15,160,66
8014825,172,31,150,73
8139384,180,28,160,74
8143751,24,10,163,64
8124237,198,6,170,63
8124236,101,18,249,99
8037151,143,18,123,55
8129023,209,7,214,79
8135861,40,26,254,106
8140077,142,38,185,89
8133500,223,33,198,91
8138893,61,23,84,44
8138894,156,25,130,62
8140563,187,27,218,94
8111011,84,27,268,111
8036019,44,19,249,100
8039130,15,32,103,57
8031622,53,23,104,51
8039998,124,31,110,59
8134837,294,37,270,119
8041982,137,34,160,78
8143748,105,40,224,104
8036951,7,21,110,52
8036022,186,7,202,75
8138812,43,36,160,79
8138811,224,34,203,93
8031103,28,39,232,107
8036110,61,32,96,54
8120343,77,33,96,55
8036107,58,16,184,75
8133501,206,10,175,68
8139400,81,24,186,81
8138813,172,11,195,75
8133502,180,38,198,94
8019649,32,37,206,96
8036020,144,27,169,77
8129337,0,35,171,83
9999569,71,32,143,71
9999566,12,38,120,67
8009773,38,16,264,103
8009774,14,29,164,76
8009775,84,36,160,79
8031105,153,19,151,65
8031104,115,12,198,77
8117446,137,12,173,68
8036941,19,18,146,63
8110265,78,16,189,77
8115206,151,8,241,90
8025011,87,24,203,87
8025010,110,34,228,102
8041164,2,24,232,97
8025533,119,19,81,41
8120531,22,31,260,111
8137532,226,29,247,105
8137530,145,31,266,113
8137531,61,18,242,96
8042622,189,13,192,76
8010351,172,23,240,99
8138778,25,28,95,51
8025532,82,22,262,106
8020871,234,26,245,103
8003935,70,24,188,81
8043438,46,27,100,53
9999565,86,17,87,42
8032276,233,33,221,99
8034569,218,12,251,96
8017389,114,29,103,55
8017390,44,15,240,94
8138810,27,6,241,88
8038996,182,31,235,102
8122717,89,21,226,93
8032275,11,25,120,58
8042495,92,27,111,56
8121843,250,30,236,102
8139557,64,15,90,41
8139556,22,18,98,46
8039039,48,8,214,80
8039044,128,19,219,89
8039041,151,36,152,77
8110313,48,5,171,63
8115209,149,6,150,56
8134542,105,26,154,71
8130614,190,34,262,114
8128215,96,26,146,68
8128216,104,28,97,52
8130615,81,24,131,61
8128217,47,23,209,88
8128218,75,11,165,65
8041340,152,32,133,67
8041341,121,23,199,85
8041339,81,16,165,68
8133173,59,6,100,39
8133172,162,5,139,52
8122715,136,39,196,94
8122716,221,20,263,105
8139382,166,13,154,62
8129722,10,18,109,50
8134543,3,33,117,62
8119703,124,21,218,90
8137721,40,9,98,40
8137720,182,13,187,74
8137723,110,16,95,44
8143973,125,10,149,59
8143974,48,12,87,38
8143975,8,15,189,76
8137725,9,40,138,74
8143972,150,30,230,100
8137727,178,32,244,106
8137896,43,33,108,59
8143971,24,30,109,58
8137728,79,40,179,89
8116691,4,32,255,110
8124837,119,6,152,57
8124839,232,12,203,79
8122840,69,27,228,97
8115093,132,27,166,76
8021038,126,18,220,89
8122897,22,34,131,68
8040641,5,16,123,53
8002220,111,6,231,85
8002229,204,29,237,102
8031202,117,21,94,47
8038593,46,15,124,53
8031203,108,5,190,70
8016040,142,35,104,59
8112591,100,12,124,51
8016063,46,15,143,60
8016041,33,13,103,45
8016042,85,10,121,49
8016043,106,13,147,60
8016044,82,25,190,83
8016046,263,10,228,86
8016048,5,18,91,44
8016049,116,25,240,100
8016050,43,10,82,35
8016051,117,32,178,83
8016052,115,21,131,60
8016053,86,17,132,57
8016054,135,19,148,64
8016056,193,19,188,78
8016057,113,36,160,79
8016058,51,29,110,57
8016059,41,30,129,65
8112590,138,33,192,89
8016061,200,26,206,89
8016062,64,6,185,69
6033432,37,31,117,61
8001158,100,33,242,106
6033458,157,31,229,100
6033448,119,23,169,74
6033433,2,17,183,75
6033434,205,21,248,100
6033435,74,24,90,47
6033443,71,36,159,79
8000165,147,23,118,56
6033449,109,38,125,68
6033454,215,29,180,82
6033436,1,39,114,65
6033444,128,27,105,54
6536005,149,12,216,83
8000166,249,14,234,91
6033437,51,18,255,101
6033445,58,40,115,66
6033450,5,17,248,98
8001162,228,40,227,105
6033438,39,36,233,105
6033446,181,19,180,75
6033451,31,12,217,84
8000167,68,21,195,82
6033439,17,25,147,68
6033447,72,19,108,50
8040432,145,5,170,63
8040447,269,29,261,110
8040433,80,20,91,45
8040434,244,36,213,98
8040435,82,14,169,68
8040436,60,19,90,44
8040437,23,13,75,35
8040438,6,28,168,77
8040439,116,20,243,98
8040440,45,16,246,97
8040445,14,6,88,35
8040442,152,19,204,84
8040441,123,35,130,68
8040443,221,7,246,91
8040444,27,24,195,84
8040446,15,31,126,64
8123400,35,8,128,50
8119199,47,31,108,58
8011610,50,15,176,71
6033472,209,37,283,123
6033473,71,36,255,113
8135387,204,18,166,70
8129055,25,16,169,70
8129053,231,8,196,74
8135388,173,32,179,83
8129054,50,35,131,69
8135386,45,25,192,83
8123231,219,23,212,89
8123234,31,39,99,60
8123230,84,35,125,67
8123232,129,10,183,71
8123233,158,11,147,59
8130512,9,30,128,64
8130518,43,37,215,99
8130513,87,11,168,66
8130524,53,36,283,122
8130514,25,16,79,38
8130519,0,5,83,32
8130525,7,26,155,71
8130520,118,9,94,39
8130515,27,24,108,53
8130526,230,10,205,78
8130522,184,13,246,95
8130516,0,28,168,77
8130527,197,33,268,115
8130523,71,21,130,59
8130517,12,16,190,77
8135658,120,16,229,91
8135659,3,27,225,96
6295355,54,10,133,53
8114611,238,20,223,91
8035394,81,26,187,82
8029380,45,32,151,74
8029381,88,18,91,44
8029382,5,38,286,125
8127567,88,13,189,75
8127568,132,19,106,49
8127569,172,32,217,97
8127570,30,29,107,56
8029377,158,27,248,104
8029378,46,19,85,42
8029379,69,7,135,52
8136839,127,35,120,65
8132422,99,21,174,75
8115504,118,19,89,44
8115503,134,27,243,103
8038830,26,29,148,71
8132424,191,8,220,82
8038825,180,8,254,94
8132426,30,36,266,117
8038826,29,24,269,110
8038832,135,36,271,118
8038831,144,38,117,66
8132435,34,25,264,109
8132437,249,38,272,120
8132436,7,35,129,68
8124622,295,12,258,98
8038692,190,34,200,92
8041492,95,12,210,81
8113566,81,21,214,89
8113567,63,32,257,111
8113585,14,37,132,70
8122496,108,9,134,53
8122494,2,14,110,48
8122495,141,39,171,85
8029384,44,24,161,72
8029383,177,21,154,68
8029385,196,24,191,82
8029387,105,37,116,65
8029386,124,8,244,91
8029388,30,11,208,80
8136837,79,21,120,56
8136838,112,40,100,61
8136836,55,25,86,46
8127002,126,25,118,58
8127004,8,38,107,62
8127003,184,23,183,79
8126999,43,13,125,52
8029343,98,14,158,64
8029346,165,37,149,76
8029344,40,36,96,57
8132421,157,33,260,112
8029345,138,12,227,87
8038693,108,13,81,37
8029336,6,33,129,67
8029337,81,28,253,107
8029339,168,16,230,91
8029338,121,31,222,98
8113552,129,35,161,79
8029202,41,26,267,110
8122548,178,20,171,73
8122554,126,37,270,119
8122550,269,16,231,91
8122547,66,30,179,82
8041518,56,9,105,43
8041517,106,16,93,43
8122546,170,15,142,59
8122553,144,10,218,83
8029203,122,40,133,73
8029330,136,12,164,65
8029331,265,21,253,102
8113548,54,35,249,110
8113547,196,14,214,84
8113554,1,33,199,91
8113555,32,24,189,82
8113550,64,35,100,58
8113553,191,13,187,74
8113557,269,12,249,95
8115450,113,5,79,31
8113556,94,11,176,69
8113549,192,34,222,100
8113551,55,15,255,99
8115455,163,20,234,95
8115452,82,25,205,88
8113546,181,37,234,106
8029201,214,20,237,96
8029323,34,30,111,58
8029322,14,13,75,35
8029319,231,29,261,110
8029204,100,23,165,73
8029205,183,16,224,89
8029206,274,38,240,109
8029320,297,22,260,105
8029321,100,32,239,104
8029329,45,35,135,70
8029327,128,30,275,116
8029328,34,39,175,87
8029326,69,38,103,61
8029324,185,10,214,81
8029325,246,17,246,97
8041513,120,27,242,102
8041514,16,27,195,86
8029332,132,30,194,87
8029334,179,31,173,81
8029335,206,16,167,69
8029022,64,15,162,66
8115461,264,34,249,109
8115462,76,15,216,85
8115463,104,11,229,87
8115466,9,31,232,101
8029020,128,11,253,96
8029024,243,12,217,84
8115465,132,11,240,91
8115464,97,32,156,75
8115460,10,7,90,36
8115467,208,16,244,96
8029017,240,6,219,81
8113540,47,14,105,46
8113536,102,37,208,97
8113538,15,18,198,81
8113537,249,16,237,93
8113539,182,36,183,87
8113541,94,37,224,102
8132418,94,5,242,88
8132419,156,35,119,64
8132417,17,6,189,70
8132420,248,20,213,88
8132416,32,21,142,63
8041495,118,5,96,37
8029333,208,17,173,72
8127563,237,20,237,96
8124624,26,30,226,99
8124623,32,20,229,93
8132438,147,34,108,60
8134095,13,23,91,47
8132412,40,40,157,81
8136834,24,18,99,46
8136835,63,17,248,98
8132413,183,11,219,84
8132415,49,38,138,73
8132414,110,31,240,104
8129540,102,34,114,62
8121822,105,19,120,54
8121823,135,39,287,126
8029360,150,27,223,96
8031809,228,28,278,116
8029359,10,35,196,91
8029358,46,12,211,82
8029357,37,39,148,77
8029355,131,23,270,109
8031806,201,22,218,91
8029356,165,25,238,100
8031808,57,19,254,101
8122492,78,14,78,36
8127565,102,14,219,86
8121824,102,28,187,84
8121825,90,11,186,72
8113560,3,18,150,64
8113561,68,10,173,67
8113559,31,38,224,103
8121820,36,13,208,81
8031817,253,18,266,105
8031814,27,10,92,39
8031813,65,28,90,50
8031810,51,8,194,73
8031816,109,11,155,61
8136843,205,32,279,118
8136844,25,39,138,74
8113563,77,38,111,64
8113565,29,17,235,93
8113564,172,38,221,102
8113562,215,15,200,80
8115495,163,26,208,90
8033707,46,19,155,67
8033705,63,24,204,87
8033708,65,20,87,43
8033704,209,23,183,79
8029347,58,12,168,67
8138867,19,37,149,76
8127566,258,19,242,97
8127006,117,7,120,47
8029348,108,17,255,100
8121174,87,24,97,50
8132443,186,6,162,61
8132440,126,10,116,47
8132439,78,13,182,72
8132442,149,40,178,88
8132441,31,36,154,77
8121202,221,21,237,97
8121200,102,9,150,58
8121205,134,15,182,73
8121203,75,13,176,70
8121201,61,15,206,82
8121204,119,7,178,67
8121192,232,36,255,113
8121195,20,13,203,80
8121193,92,19,186,77
8121197,62,7,100,40
8121194,19,24,192,83
8127007,77,13,93,41
8132431,112,31,97,54
8132432,106,26,114,57
8132433,250,22,269,108
8132434,178,21,208,86
8132430,244,9,205,78
8132429,52,12,114,48
8132428,114,7,101,40
8132427,214,10,214,81
8136840,254,31,255,109
8136841,123,18,250,99
8136842,172,39,211,99
8127564,87,9,149,58
8027929,113,13,194,76
8027928,106,19,251,100
8040582,145,14,191,76
8027932,138,22,186,79
8040585,90,28,111,57
8029026,192,5,248,90
8040583,46,28,98,53
8029027,39,11,234,89
8121176,213,7,217,81
8127349,123,9,155,60
8013262,26,34,97,56
8110468,206,21,197,83
8123616,195,29,179,82
8140338,196,26,231,98
8131339,30,7,210,78
8123612,27,10,91,38
8131335,200,25,216,92
8140334,6,23,123,58
8131337,24,33,180,84
8121743,106,31,117,61
8121742,252,33,273,117
8140333,30,29,136,66
8131336,168,14,178,71
8121744,85,21,217,90
8121745,6,36,98,58
8121746,99,38,287,125
8121750,211,31,262,112
8121748,18,31,97,54
8140331,181,24,215,91
8140335,30,8,115,45
8131334,55,37,245,110
8131341,62,25,147,68
8140337,26,23,108,53
8136557,210,34,204,94
8136558,107,33,169,81
8136559,49,32,190,87
8136560,188,38,234,107
8136561,27,18,122,54
8136562,181,5,196,72
8131346,80,12,211,82
8131345,28,8,79,33
8136917,85,25,100,51
8136916,226,17,190,78
8136918,0,8,116,46
8136910,31,12,108,46
8136911,57,24,163,73
8136913,187,28,194,86
8136912,38,13,168,67
8136915,134,40,151,79
8136914,69,29,89,50
8140285,286,35,247,109
8140287,67,32,213,95
8140289,183,27,159,73
8140293,95,12,136,55
8140291,2,32,174,82
8140296,26,36,99,58
8140284,60,15,114,50
8140286,161,30,132,66
8140288,127,26,163,74
8140292,142,36,211,97
8140290,74,6,79,32
8140295,35,23,194,83
8016966,102,27,143,68
8022814,156,23,269,109
8022815,18,18,158,67
8028074,92,20,138,61
6039949,63,33,121,64
6039950,229,10,223,85
8024895,196,12,205,80
8024894,12,13,160,64
8115304,42,8,74,31
8143085,100,30,246,106
6030923,105,11,128,52
6030924,100,23,263,107
8141303,79,23,84,44
6533230,48,34,144,73
8141302,52,23,89,46
8022083,45,22,107,52
8139420,53,25,143,66
6030925,149,38,209,98
6030926,53,23,105,52
8022084,148,20,253,102
8126923,7,29,218,95
8026641,41,8,172,65
8137217,251,30,259,110
8137216,46,39,205,97
8009439,210,19,240,96
8023196,16,28,112,57
8009440,81,5,81,32
8030084,48,39,110,64
8139422,154,23,179,78
8019048,99,22,201,85
8016965,84,21,198,83
8022811,29,40,209,99
8022812,87,25,95,50
8009481,91,29,124,62
8116166,131,27,98,52
6039951,146,9,136,53
6039952,151,33,168,80
6309925,3,39,153,79
8139421,135,11,149,59
6030930,277,23,256,105
6030943,137,39,106,62
6309926,75,11,83,36
8018894,212,40,280,124
8022816,164,38,143,75
6301006,145,30,220,97
8001392,211,7,232,86
8042088,121,24,178,78
8020632,44,9,210,79
8020951,69,17,256,101
6301005,40,28,103,54
8020631,30,32,190,87
8039640,136,35,106,60
6535941,18,24,132,62
8135314,157,9,238,89
6030941,145,22,188,80
6530397,257,33,248,108
8005306,103,10,220,84
8124604,106,28,207,91
8031391,100,22,109,52
8132563,60,18,212,86
8132558,134,15,156,64
9997344,23,20,141,62
9997347,8,27,160,74
9991298,4,28,201,89
8117562,210,33,172,82
8117554,5,18,108,50
8117558,88,40,100,61
8117561,15,16,253,99
8037194,98,21,136,61
8037192,107,25,229,96
8037193,59,24,125,59
8117553,104,11,252,95
8117557,140,37,179,87
8013489,215,14,180,72
8011642,191,18,266,105
8011643,62,22,98,49
8011644,189,12,193,75
8011646,98,29,227,98
8011645,139,10,163,64
8117563,78,17,191,78
8016274,155,14,186,74
8010560,165,34,278,119
8039980,109,11,143,57
8010561,208,21,203,85
8117555,198,38,204,96
8010558,159,29,131,65
8010557,10,8,196,74
8010556,91,16,228,90
8117559,114,40,236,109
8039982,39,19,239,96
8024772,112,20,141,62
8039983,22,7,105,41
8010559,35,28,109,56
8040261,37,40,179,89
8040259,200,32,228,101
8040260,25,6,71,29
8117560,149,15,195,78
8117552,29,10,143,57
8117556,116,7,195,73
8010141,256,13,243,94
8010140,57,19,261,104
8010142,168,28,274,114
8010139,187,8,223,83
8010138,194,9,241,90
8139087,4,27,144,68
8139085,44,14,132,55
8139086,52,24,245,101
8139089,131,24,144,66
8139090,143,9,103,42
8139088,150,22,272,110
8133674,13,34,229,102
8133673,19,21,166,72
8142442,116,20,140,62
8142443,51,25,244,102
8133675,274,5,242,88
8139095,76,22,270,109
8133672,60,31,182,84
8133670,46,17,114,51
8133671,108,18,90,43
8009691,37,34,235,104
8012663,32,16,149,63
8013678,294,33,267,115
8137212,105,27,235,100
8009696,19,10,196,75
8009690,123,8,92,37
8026804,184,17,147,63
8115568,109,17,211,85
8010131,6,10,93,39
8132454,36,17,94,44
8132452,229,33,210,95
8012431,150,39,116,66
8010753,160,37,184,88
8132450,79,6,121,46
8009695,250,19,214,87
8132451,49,20,256,103
8139104,52,33,101,57
8139103,157,40,125,70
8133683,201,12,212,82
8133681,233,35,236,105
8133684,88,30,240,104
8133685,119,33,162,78
8133686,95,37,117,65
8139102,10,38,258,115
8133682,235,10,233,88
8143912,58,25,253,105
8143916,92,15,77,37
8012875,259,27,232,99
8140589,100,35,136,70
8111369,118,27,231,98
8111367,7,6,73,29
8111368,12,21,114,54
8119469,6,40,262,118
8119472,115,14,77,36
8119473,93,24,186,81
8119468,42,35,144,73
8119470,86,26,204,88
8119471,46,13,93,41
8133679,196,18,237,95
8133678,99,21,98,48
8133680,35,16,145,61
8143909,141,36,101,59
8140586,109,33,112,61
8137213,95,39,147,77
8139096,190,24,229,96
8139097,0,26,211,91
8143910,79,11,212,81
8139098,147,29,161,75
8139099,18,29,202,90
8139100,118,29,231,100
8139101,9,23,193,83
8143911,24,25,209,89
8010146,172,39,287,126
8010148,44,37,186,89
8013756,59,28,245,104
8012625,183,39,227,105
8012874,91,26,225,96
8139092,10,32,204,92
8139091,115,5,85,33
8139093,175,19,218,89
8143913,52,5,129,48
8143915,92,28,99,53
8143914,208,17,236,94
8015088,278,21,245,99
8136611,226,25,229,96
8136612,21,8,239,89
8136610,22,21,136,61
8008293,224,33,219,98
8019249,29,38,272,120
8019250,62,18,175,73
8131326,91,30,174,80
8019252,123,17,256,101
8019251,17,17,211,85
8128522,58,32,102,57
8007770,3,24,236,98
8007771,289,28,268,112
8023137,212,23,243,100
8131328,11,9,123,49
8007768,31,30,178,82
8007767,61,24,160,72
8131325,250,34,252,110
8142361,40,13,198,78
8142362,107,24,153,69
8142359,178,40,150,79
8142360,20,27,225,96
8029531,203,27,224,96
8029532,47,9,228,86
8029529,37,37,205,96
8121165,166,32,131,67
8121166,129,26,203,88
8121164,140,31,273,116
8121162,62,33,132,68
8042768,139,23,161,71
8042769,187,16,240,94
8042767,43,17,98,45
8042766,82,8,214,80
6300874,128,20,169,72
6300875,259,6,222,82
8011552,68,26,202,88
8003115,45,6,93,36
6300873,210,8,178,68
6300872,217,21,182,77
6300871,172,39,269,120
6530660,217,9,243,91
6530661,65,37,191,91
6530657,104,30,203,91
8022270,33,6,235,86
8022272,122,25,106,53
8022268,5,29,245,105
8131094,41,37,129,69
8131095,132,33,196,90
8131330,151,12,125,52
8131093,93,36,185,88
8131092,5,37,247,111
8142129,70,32,282,120
8012660,271,5,233,85
8012661,124,36,238,107
8012658,213,37,204,95
8012657,40,5,131,49
8038723,50,39,186,90
8034955,119,11,119,49
8034956,98,20,235,95
8034544,196,40,171,86
8025825,129,22,153,68
8025827,10,31,155,74
8122009,89,27,228,97
8122007,215,8,180,68
8122008,98,11,71,32
8034957,22,7,206,77
8025828,85,19,113,52
8007783,13,6,108,42
8007784,82,8,257,95
8007785,146,40,238,109
8025434,89,11,97,41
8113891,180,25,236,99
8004783,43,20,153,67
8025433,98,9,190,72
8137336,122,11,222,85
8126876,287,26,250,104
8143443,245,34,269,116
8004784,3,31,238,103
8034414,29,37,213,99
8025438,199,35,269,117
8113892,156,39,143,75
8014666,70,6,133,50
8025437,86,10,87,37
8143442,6,9,80,34
8014667,189,31,245,106
8031093,1,20,244,98
8034377,38,10,185,71
8021795,145,36,140,72
8011790,58,39,269,120
8028685,72,28,230,99
8013597,70,27,163,75
8011791,158,15,202,80
8028689,89,24,135,63
8039150,49,26,117,58
8011770,32,35,138,71
8031094,81,27,99,52
8011771,125,13,174,69
8018360,25,23,234,97
8018361,98,11,261,99
8126870,77,14,94,42
8126871,139,23,273,111
8126728,15,8,188,71
8138809,151,23,151,68
8137335,115,39,278,123
8137211,36,5,112,42
8127905,83,23,176,77
8034416,18,40,120,68
8125071,179,23,169,74
8018386,165,13,187,74
8034415,17,40,117,67
8126729,55,8,185,70
8033829,204,21,236,96
8034837,99,35,201,93
8032733,228,29,259,110
8034406,64,32,257,111
8032734,37,9,244,91
8032735,58,30,250,107
8033830,216,35,249,110
8033831,162,27,194,85
8034839,75,24,112,55
8033832,86,12,73,33
8034468,108,15,169,69
8034405,41,35,162,79
8034838,108,6,160,60
8034493,41,34,98,56
8034176,102,38,285,124
8033988,228,9,227,85
8034132,185,31,189,86
8032739,86,14,114,49
8032740,27,20,185,78
8034469,4,26,88,48
8033986,174,30,142,69
8033833,92,18,225,90
8033834,227,20,215,88
8032736,130,22,121,57
8033835,105,22,190,81
8034470,185,16,176,72
8032741,153,35,262,114
8034404,53,17,202,82
8033836,113,29,146,70
8033837,85,12,103,44
8032737,18,31,208,93
8033838,185,34,213,97
8034492,13,26,253,105
8034379,170,38,218,101
8032742,187,26,159,73
8033839,164,35,255,112
8033987,122,20,93,46
8033840,273,30,272,115
6310462,60,19,80,40
6310496,107,26,274,113
6310497,106,20,270,108
6310463,236,14,256,99
6310488,116,5,178,66
6310464,10,10,73,32
6310478,29,5,181,67
6310491,103,11,221,85
6310470,45,19,206,84
6310489,48,10,150,59
6310466,189,33,219,98
6310479,180,37,186,89
6310471,115,7,198,74
6310486,24,34,141,71
6310490,212,19,178,75
6310480,128,16,108,48
6310493,247,39,219,102
6310483,185,12,227,87
6310472,24,9,79,34
6310475,78,33,169,81
6310487,95,8,84,35
6310484,244,12,245,94
6310473,232,38,193,92
6310476,25,32,184,85
6310477,20,21,269,108
6310468,238,13,214,83
6310482,247,18,224,90
6310495,60,30,183,84
6310474,122,14,152,62
6310469,70,14,130,55
8012463,253,35,247,109
8012458,128,18,171,72
8021941,15,37,168,83
8021960,62,28,238,102
8021961,43,26,142,67
8021946,140,39,162,82
8021963,48,21,240,98
8142373,206,13,243,94
8131494,205,12,219,84
8132852,227,38,231,106
8120969,44,9,144,56
8043445,56,17,116,52
8043590,179,28,144,69
8043591,138,11,157,62
8141914,30,11,182,71
8143031,247,14,254,98
9997507,37,18,97,46
8015446,16,30,279,117
9997404,103,20,242,98
8015440,200,32,191,88
9997401,199,23,203,86
8043441,101,31,102,56
8112031,123,6,165,62
9997586,167,30,156,74
8043589,139,27,207,90
8120968,135,8,111,44
8120967,103,5,113,43
8120966,107,26,117,58
9997510,137,22,244,100
8043587,184,28,145,69
8143030,162,21,213,88
8002137,61,18,235,94
8135313,141,7,254,93
8033410,66,31,227,100
8135312,104,20,117,54
8033411,89,23,159,71
8119002,117,12,220,85
6300535,13,38,231,106
6300515,25,19,250,100
8119001,39,12,155,62
6300516,89,28,264,111
6300517,33,36,112,63
8130509,0,8,200,75
8122934,184,20,242,98
6300536,127,20,131,59
6300518,149,11,160,63
8130511,24,36,196,92
8122935,41,26,115,57
6300537,150,28,155,72
6300519,296,22,256,104
8119004,257,24,250,103
8000732,72,34,109,60
6300521,105,30,159,75
8122936,163,23,273,111
6300522,148,33,239,105
6300523,97,10,97,40
8135685,6,38,282,123
8024910,96,15,233,91
6300524,32,31,192,87
6300525,86,20,228,93
6300526,272,30,254,108
8130508,37,31,119,62
6300528,100,11,225,86
6300529,101,29,120,61
8000292,0,6,157,59
6300530,54,28,188,84
6300531,83,13,149,61
8130510,135,32,243,106
8135686,24,31,224,99
6300533,146,28,220,95
6300534,165,40,272,121
6300564,20,33,103,58
6300565,8,13,127,53
8141855,140,37,133,71
8141846,22,11,177,69
8141848,115,9,211,80
8141849,99,35,170,82
8141850,4,27,119,59
8141851,16,39,158,81
8141852,35,16,176,72
8141853,63,15,164,67
8141854,61,30,175,81
8024980,126,28,169,77
6300566,206,18,261,103
6300567,129,11,176,69
6300568,84,24,196,84
6031055,132,6,204,75
8021051,218,40,269,120
8021052,218,16,211,84
6031063,135,19,122,55
9999531,96,35,148,75
6031062,121,14,257,99
6031061,305,33,269,116
8000815,20,34,189,88
6031060,7,27,145,68
6031059,48,16,203,81
6031050,82,16,90,42
8021054,120,18,82,40
6031037,227,38,274,121
6031058,7,7,95,38
6031049,26,29,149,71
6031043,169,25,160,72
6302220,0,7,206,77
6031057,55,17,106,48
6031048,123,34,151,75
6031056,157,11,128,52
6031047,148,18,148,64
8129363,46,14,92,41
8113516,93,25,214,91
8113513,205,10,168,65
8113515,131,35,207,95
8112918,63,33,281,120
8112920,75,21,111,53
8112907,130,34,136,70
8112908,104,6,173,64
8112917,20,17,136,59
8112910,207,16,195,79
8143635,54,15,202,80
8143646,19,29,167,77
8143644,256,14,230,90
8143643,8,13,145,59
8143645,173,34,225,101
8143638,12,23,166,73
8143637,113,6,79,32
8143636,137,33,97,55
8143641,132,17,113,51
8143640,33,34,96,56
8143642,224,37,247,111
8143639,55,36,226,103
8134993,57,27,191,84
8016454,4,23,98,49
8016455,178,17,193,79
8016459,85,16,155,65
8016457,56,29,117,60
8016458,189,20,152,66
8118132,35,5,69,27
8118131,78,12,234,90
8131846,18,9,176,67
8120614,147,17,144,61
8122268,88,12,157,63
8122267,140,26,107,54
8122266,47,22,199,84
8120615,5,35,215,98
8022383,6,40,213,101
8016451,35,19,247,99
8139868,245,6,234,86
8136805,80,37,178,86
8016446,164,29,139,68
8016448,72,29,119,61
8042396,169,34,167,81
8042398,55,8,139,54
8140136,99,31,223,98
8140139,96,10,161,63
8140137,165,27,151,70
8140135,112,23,194,83
8140138,19,36,186,89
6309921,66,35,156,77
8035936,78,9,132,52
8013792,100,37,111,63
8013840,58,21,259,104
8143713,143,9,116,46
8143715,112,29,128,64
8141247,157,20,241,97
8143714,46,27,158,73
8143716,102,38,152,78
8141248,102,20,92,45
8141250,15,15,115,50
8141249,112,33,208,94
8031599,93,27,243,103
8031601,79,10,186,72
8031600,227,11,190,74
8127203,132,8,141,55
8127202,136,20,210,87
8128183,107,14,153,63
8128182,204,40,255,115
8127205,82,38,114,65
8127204,89,35,235,105
8128181,34,21,132,60
8128180,137,29,99,54
8141385,240,11,222,85
8141381,198,19,187,78
8141373,75,13,149,61
8141363,76,26,125,61
8141351,181,16,259,101
8141374,18,7,75,31
8141366,128,7,227,84
8141353,5,10,81,35
8141375,47,25,167,75
8141368,160,26,195,85
8141356,90,8,70,30
8141376,16,18,102,47
8141370,150,28,223,96
8141358,154,36,175,85
8141377,52,36,110,62
8141372,237,32,218,97
8141360,77,23,164,72
8112615,22,5,249,90
8112612,90,39,203,96
8124512,121,34,96,56
8132805,52,15,145,61
8125096,154,38,268,119
8136575,115,17,176,73
8132803,38,40,274,122
8124516,202,38,245,110
8126055,216,22,220,91
8129785,43,8,105,42
8112608,23,36,136,71
8136573,111,19,88,43
8136571,185,16,257,100
8112617,249,24,233,97
8136574,11,9,101,41
8141088,41,40,225,105
8134053,127,8,186,70
8125095,126,15,101,45
8131150,100,30,134,66
8112594,29,31,214,95
8124505,23,15,192,77
8112603,87,12,96,41
8112600,61,30,114,59
8112611,22,25,250,104
8112589,108,12,260,99
8124502,59,29,114,59
8112614,48,26,187,82
8112622,186,5,149,55
8136572,138,5,112,42
8129771,231,6,245,90
8124513,152,13,122,51
8126052,112,33,93,54
8112598,30,16,129,56
8129783,227,8,231,86
8112629,71,36,105,60
8141089,161,29,132,65
8112609,6,22,114,54
8112595,110,31,191,87
8124520,35,39,120,67
8124521,181,36,199,93
8124522,72,11,104,44
8141083,94,33,264,114
8112626,158,20,148,65
8112631,136,35,284,122
8112630,45,34,154,76
8112632,24,9,75,32
8124515,257,26,274,113
8124517,72,10,96,40
8124518,101,27,196,86
8124519,131,21,124,57
8131148,174,29,156,73
8112616,54,38,101,60
8124506,189,25,247,103
8112593,82,35,103,59
8125093,10,28,208,91
8112601,141,10,101,42
8112606,104,28,128,63
8124503,116,35,173,83
8112588,199,18,199,81
8112613,16,9,170,65
8136570,180,19,223,90
8129769,70,27,115,58
8112625,98,24,272,111
8125092,282,10,242,91
8112602,97,6,150,56
8136576,3,22,164,72
8124511,111,7,79,32
8126051,4,12,147,59
8124508,152,6,112,43
8112597,81,25,136,64
8129781,56,15,105,47
8112627,32,35,115,63
8141090,17,33,162,78
8137637,28,26,182,81
8137636,155,8,188,71
8132802,56,12,74,34
8132804,238,36,262,115
8124514,219,6,180,67
8136577,61,35,198,92
8129784,55,27,121,60
8141081,17,18,128,57
8141082,110,7,110,43
8141087,100,7,82,33
8141086,162,19,202,83
8131149,16,22,243,99
8112592,157,29,277,116
8124507,31,34,196,91
8125094,152,18,248,99
8124504,245,33,267,115
8112587,156,17,169,70
8112607,73,15,256,99
8129782,69,21,127,58
8112628,110,32,125,65
8141084,109,8,160,61
8141085,47,23,183,79
8029175,100,9,232,87
8037233,82,13,127,53
8007877,83,7,253,93
9998228,87,38,209,98
8013631,24,40,171,86
8009286,183,11,149,59
8142352,284,40,257,116
8142353,175,17,262,103
8142355,134,28,252,106
8142354,132,32,128,66
8142356,130,38,281,123
8140111,126,28,164,76
8140110,262,36,222,101
8140112,81,5,95,37
8140113,248,13,251,96
8009433,94,34,181,85
8127421,185,34,283,121
8141348,64,10,224,85
8134349,172,23,228,95
8016913,115,27,186,83
8127420,150,23,206,87
8129762,201,29,217,95
8027204,60,36,142,73
8021214,54,38,227,104
8021215,136,37,238,107
8134777,19,18,160,68
6310274,291,38,271,120
8021315,62,10,96,40
6310272,96,16,194,78
6310275,109,5,129,48
8021316,55,12,125,52
6310273,64,25,194,84
8139419,155,40,216,102
6530373,91,10,183,71
6530374,69,38,112,64
8003857,39,35,178,85
8038973,34,27,165,75
6032755,256,19,229,93
8026625,29,36,247,110
8115416,75,28,164,76
8115415,111,12,168,67
8028102,209,7,217,81
8034898,192,5,218,80
8034897,127,17,163,68
8117931,132,27,185,82
8143111,208,13,253,97
8019055,16,34,193,90
8143113,151,12,166,66
8012604,48,27,167,76
8010528,244,16,259,101
8136653,29,10,109,45
8031294,69,15,98,44
8117930,58,35,111,62
8132849,178,21,247,100
8132848,0,20,150,66
8121570,86,35,278,120
8142670,273,38,284,124
8141917,151,19,151,65
8141918,114,17,201,81
8025201,47,37,115,64
8141916,112,38,140,74
8138569,39,31,99,55
8143109,135,34,256,112
8143112,0,31,99,55
6301939,30,30,110,58
8020882,190,10,231,87
8128786,125,35,258,113
8016376,85,5,70,28
9999576,270,12,236,90
8022133,164,20,129,58
8022132,188,28,197,87
8016377,81,21,268,107
8028628,79,25,246,102
8115108,134,7,203,76
8038575,43,28,146,69
8038576,189,22,201,85
8137613,217,14,188,75
8138608,86,26,173,77
8133239,146,32,124,64
8142303,69,5,74,29
8115413,28,14,85,39
8115414,88,6,210,77
8137103,15,23,209,88
8013658,20,36,253,112
8009737,36,38,228,105
8143110,236,36,226,103
8143964,125,28,138,67
8139679,302,30,267,113
8140943,18,20,152,66
8139269,65,20,199,83
8139268,226,38,244,110
8038173,126,39,144,76
8141316,121,27,99,52
8136168,177,17,220,88
8033689,2,10,87,37
8139612,209,26,211,91
8133186,117,24,131,61
6301877,11,11,87,38
8142666,46,23,125,59
8117254,81,33,264,114
8142665,10,7,102,40
8117255,18,31,251,108
8141648,116,40,125,70
8141649,66,34,96,56
8141640,127,21,271,109
8123024,101,27,110,56
8138609,125,23,120,57
8029493,5,20,143,63
8125898,138,16,214,85
8004017,131,22,229,94
6536013,5,23,225,94
8126075,100,20,85,43
8131880,7,16,110,49
8142669,181,38,155,79
8133184,56,5,217,79
8142668,104,8,244,91
8142667,119,6,161,60
8139611,262,32,258,111
8139614,152,16,237,93
8020308,234,19,206,84
8018396,104,33,156,76
8018398,26,20,107,50
8138203,196,27,177,80
8004028,58,31,97,54
8018400,122,21,229,94
8043697,164,25,130,62
8012334,37,13,185,73
8007524,283,34,262,114
8120272,40,15,198,79
8120271,4,19,110,51
8120273,162,30,272,115
8035148,138,31,103,56
6030904,84,32,223,99
8143965,184,9,203,77
8134917,93,24,226,95
8134916,219,36,269,118
8115728,55,24,227,95
8115726,105,36,146,75
8115729,126,31,148,72
8115727,58,12,199,77
8008861,80,21,108,51
8008862,135,7,149,57
8008871,192,28,238,102
8008863,91,40,194,94
8008864,286,37,263,116
8008874,37,19,149,65
8008872,140,10,106,44
8008869,123,34,255,111
8008870,114,6,197,73
8008873,78,31,171,80
8008865,200,16,195,79
8008867,10,14,253,98
8138092,83,38,279,122
8137154,6,10,124,50
8140144,23,8,167,64
8138076,230,35,229,103
8140142,57,31,182,84
8138090,186,40,148,78
8137156,113,24,156,70
8139580,3,13,178,71
8137158,118,22,201,85
8140145,141,34,128,67
8137159,283,32,246,107
8139579,176,35,217,99
8140056,181,38,198,94
8137155,130,20,90,45
8139581,51,9,120,48
8140636,274,39,245,111
8141097,188,8,151,58
8141099,100,18,179,74
8141096,73,33,113,61
8141101,176,32,172,81
8141098,181,23,148,67
8139578,84,39,167,84
8140146,159,35,248,110
8140638,246,11,231,88
8137152,4,32,170,80
8137157,41,27,100,53
8138094,27,5,99,38
8138091,100,16,215,86
8138074,95,36,181,87
8140637,77,13,133,55
8137151,171,10,227,86
8140147,241,31,207,93
8138079,53,16,91,42
8140148,46,14,133,56
8141095,89,23,257,105
8141093,203,39,282,124
8141094,20,13,207,81
8140149,97,23,183,79
8137153,177,7,178,67
8114279,297,20,262,105
8114277,141,35,108,61
8110983,190,20,215,88
8030116,29,7,194,72
8030125,227,21,204,85
8030120,179,33,188,87
8030064,166,33,178,84
8030065,90,12,227,87
8030126,155,16,238,94
8030127,230,34,229,102
8030066,34,14,111,48
8030129,113,35,150,75
8132304,7,6,97,38
8030067,66,34,182,86
8030130,9,9,178,68
8132305,23,40,136,74
8030117,58,35,211,97
8030122,139,39,241,110
8030134,244,26,209,90
8132306,140,40,200,96
8030118,31,23,178,77
8030123,121,7,84,34
8030136,202,10,166,65
8030119,114,31,93,53
8030137,34,12,132,54
8022743,172,8,155,59
8022741,32,15,87,40
8022744,17,16,191,77
8021864,130,39,109,64
8021850,102,37,240,108
8021848,126,27,92,50
8021849,201,21,189,80
8021851,34,34,109,60
8021853,119,17,230,92
8021852,79,40,134,73
8021854,61,20,82,42
8040987,9,8,138,54
8040988,37,15,139,58
8021839,211,19,196,81
8021841,19,40,136,74
8021840,153,21,142,63
8021843,7,10,98,41
8021846,165,21,187,79
8021844,20,24,144,66
8021847,256,12,249,95
8021988,41,37,248,111
8040990,21,13,101,44
8021845,59,14,247,96
8022734,2,14,171,69
8021835,19,28,201,89
8021866,250,11,248,94
8021867,34,40,112,65
8021868,83,7,88,35
8021978,22,27,264,110
8021838,19,18,177,74
8021842,112,14,129,54
8021831,109,8,237,88
8021833,229,31,267,114
8021832,230,11,203,78
8022739,170,19,226,91
8022742,143,29,120,61
8022735,133,5,159,59
8040983,108,22,167,73
8022737,132,15,108,48
8022740,154,6,194,72
8022736,7,35,251,111
8021857,11,9,160,62
8021856,219,34,274,118
8021858,250,31,227,100
8021861,126,40,233,108
8021860,4,9,224,84
8021862,17,28,173,79
8022747,25,35,253,111
8022746,305,31,269,114
6300350,6,39,130,71
6039486,23,30,185,84
8117051,198,12,159,63
8117050,135,33,120,63
8140103,83,38,100,60
8140101,28,39,155,80
8140102,129,20,256,103
8140100,191,12,175,69
8140084,71,37,187,90
8140104,264,37,287,125
8140105,5,14,96,43
8034219,70,16,248,97
8120834,5,12,73,33
8001993,90,33,248,108
8001994,123,16,90,42
8009518,134,29,94,52
8001995,95,11,112,46
8120835,22,5,241,88
8120837,21,26,142,67
8041659,76,7,255,94
8136858,8,38,260,116
8120841,166,5,223,81
8120849,152,38,263,117
6300462,75,21,97,48
8134994,117,23,134,62
8130594,179,10,210,80
8130593,226,34,284,122
8043324,60,18,113,51
8016226,261,36,224,102
8016228,93,35,167,81
8016227,71,14,193,77
8009446,107,16,137,58
8009445,81,23,238,98
8036693,166,27,180,81
8036692,131,38,140,74
8022362,120,14,169,68
9993367,238,20,241,97
8022247,68,30,104,56
8022551,220,35,229,103
8143841,100,36,234,105
8143842,54,21,114,54
8143839,92,12,114,48
8143840,183,20,229,93
9995523,53,27,111,56
9995522,259,20,249,100
8011284,231,24,230,96
8011285,74,17,226,90
8138450,106,16,91,42
8138451,91,32,112,60
8015923,78,28,105,55
8015016,60,23,89,46
8031385,64,19,105,49
8031386,155,12,205,80
8022384,41,12,156,62
8016382,135,18,224,90
8028056,91,30,278,117
8028057,31,34,165,80
8040843,23,11,86,37
8040847,290,38,261,116
8129522,22,38,188,91
8129536,115,33,114,61
8110552,169,27,159,73
8119585,208,38,257,115
8126998,77,23,177,77
8113533,164,11,207,80
8113507,78,14,91,41
8126979,169,5,171,63
8136599,186,14,157,64
8136595,10,5,111,42
8136596,229,25,200,86
8136597,95,13,125,52
8136600,230,17,244,96
8136593,110,20,80,41
8136591,115,34,239,106
8136602,27,29,223,97
8142070,220,30,275,116
8142071,8,40,141,75
8142072,27,10,185,71
8142073,171,30,154,73
8136592,197,21,165,71
8136598,105,21,142,63
8136601,21,33,105,58
8136594,131,5,193,71
8140116,158,8,212,79
8130936,75,26,88,48
8130937,282,34,280,120
8141655,89,17,263,103
8141656,188,12,155,62
8141652,132,40,139,75
8141657,116,32,129,66
8141658,30,36,166,82
8141653,166,11,158,62
8110031,111,16,151,63
8110034,173,30,159,75
8139818,96,40,189,92
8139817,185,29,202,90
8139816,70,32,244,106
8139815,119,28,115,58
8139814,201,11,164,65
8110022,160,18,159,67
8110026,101,14,76,36
8121761,137,14,126,53
8110025,40,18,106,49
8110023,57,29,131,65
8121763,35,28,256,108
8121766,8,13,91,40
8109987,153,39,211,99
8109991,93,13,90,40
8109974,207,38,270,119
8121770,86,5,84,33
8109985,177,11,235,89
8121778,37,26,176,79
8109984,99,11,164,65
8109989,51,12,142,58
8121777,58,37,133,71
8121769,38,23,125,59
8121780,228,21,211,88
8109990,163,11,207,80
8133442,18,10,101,42
8110003,229,16,264,103
8110002,130,36,188,89
8110001,72,40,147,77
8120855,237,15,224,88
8133448,2,24,246,102
8133449,21,9,128,51
8133447,131,35,185,88
8133446,152,11,114,47
8133445,95,18,197,81
8133444,15,17,83,40
8139362,61,21,176,75
8129593,53,14,87,40
8124321,63,7,130,50
8129594,93,18,108,50
8117793,1,7,141,54
8143612,60,39,256,115
8143613,190,13,157,63
8141967,224,30,238,103
8141968,12,31,222,98
8141966,28,22,199,84
8143236,36,19,216,88
8143237,208,33,216,97
8143241,62,26,275,113
8143239,147,36,127,68
8143238,29,27,134,64
8138716,164,12,131,54
8138717,110,36,161,80
8138712,23,26,251,105
8138715,22,20,220,90
8138713,102,36,178,86
8123287,57,12,129,53
8109958,140,17,106,48
8121772,155,20,125,57
8134610,95,34,115,62
8134611,212,10,212,81
8137186,86,20,230,94
8134612,63,30,139,68
8143633,30,33,129,67
8143226,102,17,213,86
8137185,192,25,202,87
8136068,255,33,229,102
8136067,16,11,189,73
8136066,146,31,195,88
8136064,3,25,85,46
8138340,4,11,253,96
8138338,106,24,142,65
8138336,241,31,244,106
8138341,113,5,135,51
8127227,116,13,161,65
8127225,175,23,195,83
8127226,125,40,144,76
8127228,56,7,123,48
8127224,76,24,136,63
8128690,49,11,93,40
8128689,144,39,142,75
8128691,127,29,122,62
8128688,48,8,140,54
8128692,81,19,234,94
8142869,3,35,114,63
8142865,2,20,90,45
8142866,40,11,170,67
8142868,28,33,132,68
8142867,144,21,113,53
8143230,176,26,214,92
8143231,203,20,248,100
8139303,27,23,176,77
8143232,117,14,222,87
8143233,260,9,259,97
8139302,203,32,203,92
8139301,76,23,173,76
8143234,129,11,174,68
8139305,50,35,211,97
8143235,97,30,218,96
8139304,128,10,113,46
8130595,79,39,205,97
8130596,226,18,193,79
8130599,78,7,219,81
8130602,88,18,129,57
8130603,86,11,195,75
8135891,159,37,235,106
8135893,243,26,252,105
8135894,91,16,111,49
8135895,60,31,114,60
8135896,87,12,213,82
8135901,184,15,245,96
8138723,145,25,156,71
8138719,16,32,99,55
8138721,4,12,90,39
8142861,105,14,130,55
8142863,86,32,217,97
8142864,143,23,209,88
8142862,132,26,189,83
8138720,125,33,257,111
8138722,127,27,123,61
8126215,55,23,130,60
8126214,232,23,262,107
8126216,128,36,241,108
8126217,84,20,104,49
8126213,17,25,154,70
8134617,131,34,146,73
8134614,128,16,135,58
8134615,111,22,161,71
8126210,20,11,215,82
8126211,70,36,168,82
8109946,22,34,114,62
8140697,62,32,99,55
8132806,157,34,244,108
8132813,118,16,100,45
8141965,222,39,276,122
8137710,138,34,180,85
8137709,52,23,218,91
8109994,25,21,115,54
8109996,180,10,188,72
8129211,35,14,264,102
8129212,105,5,146,54
8112258,206,20,253,102
8110018,32,28,273,114
8110000,179,7,156,59
8109995,186,25,163,73
8120859,204,21,181,77
8121786,10,17,79,39
8121787,140,26,224,95
8121788,226,20,270,108
8121789,191,35,170,82
8121790,81,16,142,60
8127644,23,22,142,64
8136073,55,22,85,44
8136069,187,40,274,122
8136071,5,6,79,32
8136072,102,10,182,70
8136070,19,18,266,105
8126661,174,16,239,94
8120850,132,20,150,66
8120851,33,32,178,83
8120852,189,15,242,94
8120853,227,19,259,103
8129581,38,32,165,79
8129582,55,19,153,66
8143614,106,16,133,57
8143615,212,25,241,101
8143616,113,32,271,116
8143617,56,20,135,60
8134967,15,27,98,52
8134968,194,16,245,96
8134970,130,27,192,85
8134966,98,14,79,37
8134969,117,17,97,45
8134971,57,32,100,56
8035101,131,29,99,54
9993811,115,15,207,82
9998529,101,7,241,89
8005292,133,29,101,54
8008814,2,7,95,38
8131601,37,13,77,35
8132749,40,11,203,78
8138704,182,10,223,85
8138705,6,37,254,113
8131617,279,19,240,96
8132748,33,11,145,58
8036832,129,9,174,67
8036833,54,33,114,61
8036830,186,19,253,101
8036811,16,28,108,56
8036831,197,34,193,90
8036825,132,7,182,68
8131582,185,9,245,92
8131621,73,26,143,67
8131620,73,13,174,69
8138707,219,39,213,100
8138706,135,22,263,106
8131618,24,23,252,103
8131623,73,10,176,68
8131622,44,19,201,83
8131583,119,15,94,43
8131588,213,38,205,96
8131584,117,40,112,65
8131585,140,14,128,54
8131590,52,27,270,112
8131586,21,11,74,33
8131591,236,38,263,117
8131587,34,30,173,80
8043108,61,24,206,88
8020532,45,26,196,86
6030051,5,25,124,60
6301110,192,25,224,95
8000749,16,27,192,85
8138272,297,40,267,119
8138273,169,5,169,62
8037703,256,31,256,110
8134826,125,6,106,41
8013980,186,27,261,109
8131654,138,30,185,84
8134537,200,10,160,63
8037700,36,18,144,62
8134825,160,22,123,57
6039424,11,15,214,85
8043107,131,38,238,108
8043152,91,11,112,46
8043087,56,20,90,45
8043085,151,12,225,87
8043086,213,40,175,87
8131653,121,36,142,73
8043084,74,11,96,41
8138830,45,10,158,62
8138829,53,40,184,90
8120755,197,28,262,110
8117640,110,33,93,54
8117637,185,40,215,101
8122651,266,10,245,92
8117639,63,33,145,72
8138828,241,17,252,99
8117635,119,7,150,57
8117638,76,37,117,65
8043104,65,17,84,40
8043103,69,28,141,68
8016936,36,11,189,73
8112200,39,32,221,98
8116297,82,29,192,86
8116298,59,37,236,107
11338,7,10,118,48
8138872,1,37,147,76
8138871,77,20,185,78
8121988,30,35,118,64
8123728,223,14,212,83
8123727,46,30,95,53
8130942,72,8,146,56
8130944,173,18,137,60
8130943,99,27,187,83
8130945,106,21,143,64
8032528,91,5,239,87
8032531,255,31,230,101
8032527,5,14,88,40
8032529,122,33,189,88
8032530,262,14,234,91
6220481,232,27,276,114
6220480,125,37,213,99
8029554,40,8,222,83
8122011,160,9,169,65
8139937,180,34,169,81
8113730,2,39,191,92
8113732,168,19,215,88
8022255,212,26,234,99
8113733,103,6,121,46
8113734,99,20,184,77
8038460,150,27,145,68
8033621,176,10,157,61
8130256,10,7,169,64
8018733,163,30,133,66
8132496,6,32,263,113
8132495,65,33,149,74
9994242,187,34,226,101
8027639,33,7,107,42
9998908,174,39,143,75
8034220,286,25,267,110
8138398,124,36,262,115
8116742,102,35,142,72
8138401,223,27,216,93
8116741,125,18,262,103
8116739,38,15,118,51
8138400,185,39,284,125
8138399,103,33,93,54
8116738,104,10,133,53
8131440,70,27,235,100
8138397,155,25,123,59
8113279,73,38,231,106
8133862,153,31,258,110
8129622,13,39,153,79
8129625,232,40,240,110
8138406,110,33,130,67
8141696,136,27,114,57
8143037,22,27,154,71
8141693,138,15,190,76
8141694,29,25,153,70
8143036,41,9,106,43
8141691,164,38,269,119
8143039,78,27,154,71
8141695,14,10,172,67
8143038,33,25,218,93
8141692,185,15,153,63
6300962,132,26,249,104
6030837,105,16,81,39
6030836,65,20,111,52
6030835,177,22,203,85
6302129,44,33,94,54
6302130,183,25,158,72
6031168,0,19,90,44
6030966,142,36,110,62
6030967,28,28,139,67
6031167,167,8,172,65
6031170,28,5,80,31
6031171,52,8,203,76
6031172,127,23,205,87
9999690,177,39,221,103
6031173,150,16,155,65
6302131,216,36,236,106
6031174,53,15,216,85
6031175,66,24,238,99
6031177,64,26,234,99
6031464,110,15,261,101
6031465,98,9,123,49
6031467,36,20,112,52
6031490,228,19,265,105
6031468,190,16,261,102
6300837,1,32,107,58
6030968,49,10,79,34
6030969,178,11,245,93
6033503,230,31,266,113
8141561,14,5,104,40
6033502,6,35,157,78
6031178,65,28,237,101
6031179,116,7,82,33
6300847,237,38,272,120
9999692,128,8,128,50
9999693,58,23,268,109
6031480,100,20,166,71
6031365,36,23,218,91
6302133,5,35,144,73
6302136,11,25,273,112
8141559,120,12,122,51
6031367,135,22,168,73
6031368,100,40,250,114
6300836,261,28,246,104
6031369,26,34,105,59
6031370,150,22,175,76
6030970,17,37,197,93
6031371,141,28,172,78
6031372,42,12,109,46
6031481,128,28,259,109
6302138,282,29,275,115
6031377,153,21,200,84
6031379,159,21,123,57
6300851,6,32,144,71
6031380,20,16,111,49
6302139,47,16,265,103
8016633,180,20,171,73
8016626,126,8,257,95
8016632,26,25,243,101
6302140,5,26,89,48
6030971,55,21,221,91
6302147,110,22,204,86
9999695,110,5,246,89
6031341,137,18,197,81
6031383,149,12,231,89
6302146,91,7,156,59
6030972,96,23,270,109
8009361,130,19,104,49
6031386,30,25,97,50
8009363,138,29,235,101
6031388,167,11,198,76
8009362,71,40,238,109
6031387,169,19,154,66
8009364,20,31,226,99
6031389,116,14,251,97
8007595,73,20,199,83
6030973,249,32,220,98
8005205,71,19,225,91
8009373,167,15,184,74
6302141,102,16,97,44
8005206,78,8,94,38
6031158,66,5,152,56
9999696,261,37,282,123
6302142,27,22,214,89
6031390,103,30,181,83
6301012,13,18,130,57
6031393,102,6,162,61
6031392,85,9,128,51
6031491,0,24,120,58
6300845,206,27,182,81
6031591,247,37,263,116
8012996,262,34,275,118
6031396,81,32,169,80
6031592,81,32,110,59
6031397,197,34,251,110
6031398,41,10,103,43
6300843,210,39,191,92
6031513,115,27,137,66
6031400,61,13,146,60
8009358,41,12,115,48
6031482,78,11,241,92
8009359,122,34,223,100
6031483,0,11,84,37
6302151,62,39,181,89
6302148,147,33,137,69
6031337,29,32,111,60
6302152,97,28,254,107
8016630,2,20,108,51
8141560,28,17,186,76
6302153,201,38,222,102
8009360,235,12,232,89
6300848,139,7,173,65
8015068,129,29,153,72
6030974,43,38,111,64
6031484,208,27,221,95
6031471,40,24,194,84
6031498,63,15,106,47
6031512,16,30,168,78
6031470,221,39,183,89
6031472,136,20,195,81
6031473,105,37,210,98
6031485,27,23,160,71
6300849,26,25,139,65
6031339,186,21,227,93
6300850,198,25,240,100
6030978,27,22,162,71
8030162,69,32,185,86
6031406,15,13,128,53
6301026,198,24,173,76
6031408,50,34,114,62
6031410,90,29,228,99
6031409,229,26,274,113
6031411,13,7,162,61
8009371,236,37,255,113
6031488,133,10,153,60
8009370,107,19,234,94
6031487,75,27,108,55
6302154,125,31,204,92
6302155,96,16,219,87
6302156,196,14,161,65
6031417,13,10,83,36
6031420,116,35,264,115
8009372,120,5,151,56
6031416,52,7,188,70
9999701,91,33,159,77
9999702,143,35,136,70
6031424,23,26,114,57
9999703,74,35,111,62
6033504,169,16,158,66
8015067,31,10,78,34
6031596,142,8,201,76
6031426,20,5,76,30
6031428,40,35,158,78
6031425,240,34,277,119
6031598,37,19,186,77
6302158,26,9,212,80
6302160,130,11,95,40
6031477,217,23,236,98
6031150,185,5,208,76
6031151,171,28,270,113
6031478,150,25,155,71
6031153,47,38,143,75
6030980,19,22,82,43
8009365,207,34,200,92
8141567,203,27,201,88
8141565,135,26,268,111
8141566,125,9,219,83
6031601,60,17,174,72
6300834,88,36,193,91
6031602,233,30,208,92
6031430,101,35,99,57
9999705,106,28,232,99
6031431,92,29,264,111
6031432,115,19,204,84
8030156,178,23,239,99
8009366,281,25,259,107
6031447,42,10,136,54
6302161,28,5,232,84
6030981,10,32,203,92
6031448,86,23,131,61
6031474,3,8,176,67
6030991,18,7,146,56
6031475,53,23,215,90
6031449,82,8,249,92
8009367,85,35,121,65
6031450,67,14,191,76
6031338,79,26,186,82
6302162,120,39,238,109
6031452,20,40,121,68
6031454,82,35,151,76
6031489,33,15,144,60
6302163,109,34,124,66
8009368,109,9,121,48
8009369,67,7,245,90
6031453,123,23,98,49
6302164,18,25,143,66
8141558,55,13,132,55
8141557,185,28,245,104
6031427,111,7,109,43
8141556,0,14,142,59
9999706,130,18,238,95
8015072,123,21,110,52
8030144,98,39,123,68
9999710,8,9,88,37
6031476,263,39,288,126
6030996,42,5,204,75
6030997,82,13,106,46
6031462,124,24,223,94
6031335,115,7,221,82
8030164,35,29,242,104
8030157,171,18,161,68
8005207,90,38,163,82
9999712,1,20,96,47
6033506,99,13,135,56
6033507,114,37,132,70
6302167,122,18,247,98
6302165,43,32,257,111
6302166,119,36,285,123
8007596,128,34,194,90
6031463,78,24,108,53
8009374,133,15,103,46
8016624,57,35,108,61
8121357,132,29,204,90
8121358,38,7,136,52
8011556,170,18,260,103
6039649,138,20,148,65
8131794,12,15,191,77
8131790,80,32,100,56
8131806,143,37,125,68
8131802,245,28,265,111
8131798,268,39,246,111
8128556,90,5,176,65
8127398,112,10,111,45
8042289,57,35,118,64
8042294,100,16,96,44
8042360,24,9,188,72
8042364,108,31,230,101
8042209,141,26,194,85
8042235,57,5,105,40
8042199,185,5,170,63
8122581,98,22,112,54
8122582,73,16,200,80
8122584,188,40,217,102
8122583,177,16,244,96
8122585,120,8,108,43
8124074,33,17,260,102
8124075,139,18,156,66
8124076,44,37,204,95
8124077,115,22,132,61
8128210,39,27,146,69
8038994,158,39,185,90
8118396,123,17,240,95
8128208,190,28,193,86
8039024,169,15,138,58
8118179,108,39,99,60
8039020,145,21,166,72
8118395,52,31,188,86
8039027,54,11,98,41
8039021,146,35,207,95
8118393,35,12,119,49
8039026,82,35,241,107
8039022,34,38,124,68
8118397,196,8,217,81
8135943,99,33,218,98
8039023,40,26,173,77
8118394,99,19,268,106
8039025,99,18,87,42
8128207,213,34,248,109
8132830,189,5,188,69
8127984,47,23,95,48
8127985,47,28,105,55
8127990,156,7,160,61
8127991,66,8,91,37
8127986,31,14,243,94
8127987,221,11,229,87
8127989,63,26,147,68
8132837,131,11,170,67
8132838,10,37,165,82
8132839,78,25,118,58
8132832,93,20,109,51
8132834,56,38,172,85
8041211,164,28,154,72
8121754,125,19,209,86
8040133,30,37,166,82
8121488,25,5,138,52
8041214,89,12,73,33
8040131,140,7,180,68
8036903,95,29,104,55
8121484,21,34,174,83
8041215,144,35,165,81
8036896,140,23,243,100
8041218,192,8,177,67
8121486,238,8,257,95
8121487,112,10,89,38
8121489,45,18,123,55
8124888,214,7,200,75
8124889,68,12,252,96
8124890,95,27,97,52
8124891,98,27,123,61
8124892,198,25,233,98
8141969,149,6,187,69
8141970,14,22,99,49
8141971,28,10,123,50
8141972,68,25,118,58
8141975,209,6,207,76
8133909,181,23,256,105
8133908,26,28,104,55
8139804,95,11,184,72
8133907,62,37,152,77
8133906,71,34,156,77
8133905,209,17,222,89
8133904,37,22,150,67
8139803,107,13,174,69
8139802,168,22,172,75
8133903,35,24,153,69
8133902,150,14,112,48
8133901,184,26,150,69
8139801,19,27,180,81
8139800,124,5,123,46
8133886,95,11,144,58
8139805,247,7,250,92
8118064,166,26,130,62
8118063,229,16,244,96
8014221,152,5,239,87
8014220,170,13,259,99
8014219,215,37,183,88
8143624,7,13,246,95
8143625,113,7,141,54
8143626,91,20,93,46
8143627,1,26,245,103
8143628,155,39,191,92
8123946,1,28,268,112
8040853,13,39,103,61
8040855,177,5,206,75
8016424,129,13,105,45
8137171,113,16,120,52
8115566,160,16,210,84
8016425,175,15,167,68
8016426,110,28,264,111
8016427,87,12,147,59
8115567,169,17,200,81
8137178,95,26,210,90
8137183,182,33,263,114
8137180,139,34,171,82
8137184,141,5,204,75
8137179,5,26,183,81
8137182,209,38,251,113
8012325,97,27,121,60
8119167,31,8,167,64
8143622,103,26,90,48
8143621,41,27,174,78
8143620,216,9,231,87
8143623,219,40,194,94
8134992,56,39,222,103
8134991,198,6,243,89
8134990,157,39,164,83
8134987,77,33,170,81
8134989,265,12,261,99
8134988,76,14,261,100
8119157,219,34,199,92
8130782,216,21,224,92
8130783,171,33,160,77
8130784,12,31,187,86
8129226,169,12,213,82
8139811,99,23,154,69
8010259,51,19,220,89
6301465,161,11,256,97
8040856,187,12,198,77
6301469,62,14,109,47
8014059,11,40,235,108
6301478,192,31,237,103
8012243,49,14,82,38
8012242,25,32,275,117
8014121,10,11,96,41
8031689,207,33,252,110
8109468,200,11,245,93
8131194,122,39,287,126
8131193,127,26,206,89
8141438,67,28,88,49
8141435,151,11,159,63
8141441,143,35,247,109
8141440,186,17,183,75
8141439,102,13,154,62
8141436,150,22,203,85
8141437,74,18,227,91
8121394,151,8,226,84
8132821,116,15,240,94
8132826,204,29,195,87
8141959,75,31,97,54
8141954,30,15,252,98
8141956,103,16,98,45
8141958,70,31,188,86
8141955,21,19,138,61
8121395,104,34,171,82
8121391,206,33,177,83
8132822,55,31,101,56
8132817,225,21,268,107
8121396,42,27,147,69
8137172,4,6,71,29
8137176,5,6,140,53
8137173,21,21,219,90
8137175,102,32,140,70
8137177,107,19,133,59
8137174,33,33,197,90
8121393,123,39,141,75
8132818,81,20,147,64
8121392,165,29,160,75
8132819,16,16,227,90
8036777,255,24,222,93
8036778,209,16,250,98
8036779,3,25,112,55
8036782,83,26,254,106
8037747,60,9,256,95
8139300,200,32,210,94
8139299,160,17,256,101
8139297,128,27,213,92
8139295,127,6,147,55
8139294,44,27,175,79
8038165,139,23,267,108
8038168,28,33,105,58
8041219,65,26,262,109
8039175,31,9,107,43
8041225,16,33,105,58
8041228,118,14,226,88
8041226,156,35,192,90
8137702,54,34,252,110
8137703,46,5,113,43
8137704,221,14,193,77
8137705,88,20,264,105
8137706,49,16,116,51
8137707,71,11,75,33
8137708,112,32,97,55
8142506,8,31,113,60
8142505,157,30,208,92
8142508,57,7,187,70
8142503,124,25,132,62
8142507,100,34,156,77
8142504,62,28,220,95
8136059,191,38,181,88
8136060,79,28,218,95
8126667,85,36,159,79
8126663,199,7,231,85
8126662,6,28,274,114
8136061,109,36,131,69
8128912,88,15,99,44
8128913,53,20,120,55
8136063,166,24,166,74
8126665,133,32,193,88
8126668,108,34,103,58
8136062,30,16,192,78
8140159,54,10,238,90
8140160,156,21,241,98
8140161,5,34,104,59
8140162,75,6,98,38
8140163,163,9,140,55
8140164,144,9,250,93
8140165,121,23,108,53
8140166,10,15,201,80
8140167,220,25,187,82
8119159,49,17,104,47
8041746,107,29,180,82
8111827,44,39,126,69
8131819,110,9,70,30
8014137,157,19,234,94
8000339,124,21,159,69
8143619,20,34,236,105
8143618,109,26,198,86
8136505,160,32,216,96
8136504,126,13,147,60
8139807,118,6,165,62
8126218,67,17,234,93
8121647,61,21,115,54
8121648,14,21,206,86
8141651,18,9,129,51
8141650,249,39,214,100
8020748,70,28,91,50
8020749,120,22,130,60
8013691,181,37,286,124
8013689,29,6,139,53
8143221,6,15,131,56
8143219,62,7,132,51
8143224,0,26,95,50
8143223,104,8,229,85
8143225,44,16,250,98
8143220,8,30,162,76
8129229,145,20,268,107
8033921,184,5,167,62
8135873,70,22,213,89
8129227,23,27,113,57
8118056,108,35,162,79
8118057,40,5,69,27
8036894,12,6,115,44
8036895,92,33,140,70
8029045,182,32,237,104
8029046,184,18,239,95
8029047,128,8,114,45
8029048,142,16,192,78
8036899,42,34,211,96
8036898,145,36,263,115
8136048,120,37,278,121
8136047,241,24,254,105
8136045,130,28,262,110
8136044,242,29,259,110
8136043,47,24,192,83
8136042,69,9,100,41
8138327,198,12,168,67
8138326,170,21,213,88
8138325,42,24,231,96
8138324,186,39,282,124
8138323,4,17,129,56
8138322,63,33,175,83
8138321,167,18,227,91
8138320,207,36,194,91
8035118,271,22,249,101
8035117,131,7,142,54
8110789,13,17,94,44
8035119,108,35,220,100
8110790,79,33,105,58
8110791,187,25,172,76
8110787,134,20,186,78
8035143,8,32,107,58
8039194,56,27,205,89
8130006,13,35,111,62
8130007,210,16,249,98
8139291,93,24,87,46
8139282,97,29,106,56
8139277,77,29,207,91
8139276,105,35,233,104
8139288,89,29,112,58
8139280,122,18,200,82
8139275,10,37,162,81
8139290,109,5,164,61
8139281,88,24,234,98
8139289,134,39,145,76
8139274,162,39,225,104
8139286,172,33,193,89
8139283,46,16,117,51
8139278,223,8,232,86
8139287,28,7,93,37
8139284,64,23,132,61
8139279,191,20,166,71
8139285,27,28,114,58
6220482,6,30,139,68
6220477,144,8,197,74
8126345,89,37,143,74
8136983,137,9,146,57
8136984,34,36,123,66
8136982,50,39,276,122
8136981,261,21,230,94
8139849,50,12,151,61
8123202,26,25,129,61
8123203,113,27,154,71
8136986,82,35,245,109
8123204,1,10,108,44
8136985,220,27,202,88
8130774,69,23,231,96
8119383,149,37,226,103
8126343,119,8,89,36
8126342,55,20,191,80
8126344,135,29,202,90
8123205,105,7,123,48
8140339,171,35,211,97
8140341,35,7,76,31
8140340,123,31,138,68
8135121,68,21,94,47
8131227,5,23,86,45
8135126,1,10,175,68
8119729,26,36,131,69
8119727,96,6,133,50
8135122,104,23,202,86
8131231,218,30,209,93
8135123,52,8,165,63
8038288,153,16,126,55
8038294,245,35,261,114
8038289,135,11,141,57
8038390,128,24,100,51
8040078,3,31,252,108
8040079,115,17,239,95
8040080,99,20,151,66
8040082,92,27,239,101
8040083,68,38,282,123
8038295,38,17,132,57
8111767,151,16,229,91
8040076,15,12,182,72
8040077,130,12,196,76
8038392,120,8,224,84
8038393,9,22,259,105
8038385,186,6,146,55
8038298,116,12,246,94
8110331,167,20,254,102
8038388,242,39,225,104
8038300,193,29,171,79
8038303,152,34,119,64
8038302,52,29,112,58
8038301,12,35,182,86
8038387,128,35,196,91
8038307,144,19,175,74
8038306,9,25,240,100
8038305,136,24,167,74
8038304,88,12,195,76
8038400,169,9,173,66
8038396,7,31,278,117
8038402,27,21,88,44
8038401,170,19,228,92
8038404,127,5,105,40
8038412,43,9,245,92
8038413,6,9,191,73
8038403,51,37,134,71
8120371,131,14,158,64
8038406,42,23,209,88
8038407,165,24,203,87
8111766,45,6,255,93
8038408,185,9,220,83
8041128,133,36,262,115
8041127,2,14,189,75
8038395,128,38,178,87
8038394,94,20,89,44
8038266,82,10,220,84
8038267,123,26,96,51
8038287,200,37,267,118
8110332,209,10,196,75
8038422,231,29,225,98
8131960,159,19,165,70
8131958,74,12,132,54
8038423,151,5,194,71
8131957,63,19,105,49
8038425,169,22,138,63
8038424,229,36,267,117
8131959,181,19,145,63
8131961,180,17,206,83
8038420,161,37,189,90
8038416,189,27,196,86
8038414,82,30,236,102
8038417,107,25,97,50
8038419,141,30,131,65
8038421,118,9,226,85
8038431,54,10,110,45
8131600,58,40,275,122
8138126,242,13,244,94
8134082,50,17,92,43
8132396,21,13,123,52
8018616,123,16,116,51
8124744,95,24,242,100
8126987,72,29,241,103
8029970,43,29,253,107
8134704,64,15,88,41
8127516,86,39,182,89
8138127,31,18,148,64
8140125,117,14,81,37
8140132,115,36,284,123
8134737,51,8,85,35
8134695,76,18,107,49
8119591,161,35,125,67
8121207,263,40,253,115
8035175,127,19,201,83
9997284,110,31,215,95
9997285,126,16,246,97
8143949,117,14,164,67
8143950,256,36,230,104
8128728,193,20,203,84
8002506,130,32,108,59
8137717,32,6,116,45
8140353,58,17,165,69
8129029,5,20,174,74
8129079,43,19,252,101
8129080,192,16,174,71
8032423,55,10,81,35
8134140,30,36,286,124
9999867,130,8,252,93
8012619,92,26,176,79
8130129,75,13,141,58
8021143,195,6,179,67
9998864,244,21,241,98
8029223,129,28,100,53
8021144,108,29,143,69
8021145,283,31,263,112
8125768,142,6,189,70
8125554,210,38,202,95
8135389,13,36,261,115
8125537,63,15,122,52
8125561,67,19,242,97
8114002,43,23,123,58
8125555,228,39,257,115
8114005,201,31,270,115
8135390,89,19,87,43
8123591,130,7,106,42
8135106,191,30,206,92
8135097,61,35,112,62
8131352,167,10,199,76
8131351,167,30,275,116
8131353,205,13,166,67
8131354,139,6,128,49
8131347,157,35,259,113
8131355,77,40,178,88
8131350,124,29,251,107
8131356,159,22,146,65
8131348,154,23,210,88
8135108,221,20,214,88
8137729,24,32,178,83
8137897,92,26,271,112
8137730,108,37,212,98
8137899,104,9,217,82
8137898,115,15,78,37
8137904,111,13,75,35
8137731,170,23,179,78
8137901,27,23,113,55
8132446,21,11,108,45
8009660,241,19,246,98
8132447,1,35,190,89
8016509,48,35,285,123
8039641,114,35,241,107
8037080,246,8,221,83
8018617,63,32,101,56
8140120,75,34,254,111
8140085,164,39,151,78
8140086,127,6,107,41
8140088,153,27,158,73
8029971,79,38,169,84
8140133,134,36,102,59
8129647,175,11,224,86
8135444,40,11,139,56
8135442,161,9,154,60
8135441,87,35,233,104
8132408,81,6,114,44
8135443,158,38,120,67
8113497,8,23,128,60
8135445,84,8,68,29
8138128,189,26,219,94
8134736,104,6,82,33
8138129,275,39,277,122
8035174,145,28,218,95
8114698,20,25,182,80
8140122,114,34,200,92
8140151,9,25,99,51
8134691,204,35,237,106
8132524,145,36,155,78
8132521,218,23,209,88
8027852,130,22,105,51
8027888,104,20,124,56
8134670,25,18,119,53
8132507,71,30,90,51
8134671,123,36,142,73
8132510,35,16,178,73
8134676,4,14,76,36
8132523,41,34,140,71
8027881,96,20,84,42
8027883,99,6,215,79
8027882,251,37,272,119
8027880,45,18,166,70
8134683,173,14,133,56
8134684,167,24,202,86
8134693,51,31,105,57
8132520,226,34,238,105
8132517,174,30,184,84
8132506,152,29,153,72
8132508,93,16,244,96
8134687,45,22,115,55
8134688,64,30,272,115
8134675,137,23,239,99
8134673,168,5,249,90
8134681,98,20,83,42
8134680,193,37,192,91
8134678,47,32,138,69
8132505,187,22,247,101
8132504,0,12,82,37
8027853,209,37,238,107
8027869,108,9,72,31
8027870,93,29,273,114
8027871,92,17,155,65
8027856,66,12,180,71
8134692,61,11,80,35
8027867,66,26,249,104
8132516,125,34,113,62
8027866,156,24,144,66
8043134,124,24,93,48
8043135,100,20,113,53
8043118,141,31,186,85
8043127,159,6,231,85
8043126,94,16,210,84
8043142,39,18,198,81
8134824,42,27,254,106
8043145,103,36,125,67
8043138,187,17,151,64
8043141,2,40,102,62
8043122,76,10,75,33
8125047,141,22,144,65
8127185,239,19,216,88
8125044,114,40,257,116
8127811,172,32,260,112
8125048,104,33,96,55
8127184,276,30,245,105
8125045,250,36,284,123
8127812,93,15,168,69
8125049,141,14,123,52
8127186,8,35,205,95
8125046,77,33,122,64
8127813,188,36,151,76
8129533,9,6,117,45
8117073,119,31,269,114
8117072,111,18,182,75
8121813,87,25,170,76
6034129,117,7,250,92
6039773,104,12,217,84
6032702,276,12,257,98
8010128,103,14,182,73
8010126,148,22,162,71
8115141,2,14,131,55
8115140,4,13,83,38
8115139,45,7,171,64
8115138,109,35,253,111
8010127,44,28,131,64
8010125,123,23,255,104
8010129,61,30,257,109
8113508,247,11,255,96
8110485,11,34,181,85
6220470,93,33,227,101
6220469,235,9,237,89
6220468,167,33,218,98
6220467,237,34,248,109
8134674,103,13,107,46
8109920,82,21,118,55
6220466,69,28,130,64
6220465,102,33,157,76
6220464,67,20,97,47
8119589,86,5,191,70
8126994,112,7,115,45
8119588,183,26,152,70
8136975,18,16,115,51
8136919,202,34,274,118
8136921,128,30,144,70
8136920,28,34,256,112
8136922,17,15,173,70
8141208,151,34,133,69
8141210,44,31,171,80
8141212,126,25,151,69
8141209,118,15,134,57
8137912,108,23,190,81
8137907,80,6,84,33
8137732,135,38,112,64
8137906,219,13,227,88
8137905,2,27,207,90
8140859,107,13,211,82
8140856,3,14,147,61
8140870,39,27,126,62
8140893,27,28,100,53
8140897,111,37,194,92
8140896,196,18,249,99
8140900,37,30,102,55
8140901,49,5,81,32
8140894,99,33,241,106
8140899,38,35,218,99
8140898,111,19,222,90
8140895,50,15,213,84
8140892,35,8,123,48
8140858,22,29,202,90
8140874,7,19,192,80
8140853,15,10,246,93
8140860,92,33,254,110
8140857,68,13,173,69
8140861,122,8,178,68
8140875,154,36,145,74
8140871,188,13,194,76
8140854,129,30,188,85
8140872,133,32,192,88
8140855,7,22,101,50
8140873,218,17,230,92
6206027,21,29,125,63
6206024,48,25,154,70
6206025,46,30,170,79
8033313,25,16,76,37
8040815,271,17,243,96
8033315,34,18,111,51
8027536,50,19,91,44
8027532,153,6,168,63
8119991,12,40,261,117
8119990,162,6,133,50
8040370,47,6,127,48
8142516,130,9,180,69
8117957,217,24,250,103
8033319,91,17,97,45
8131386,9,40,179,89
8039873,173,19,184,77
8116651,16,8,172,65
8027527,70,6,119,46
8122586,62,39,156,80
8134144,53,33,204,93
8134145,33,33,156,76
8134143,210,29,199,89
8031477,63,37,136,72
8031482,15,14,153,63
8031481,12,29,246,105
8134146,181,39,239,109
8031478,90,14,127,54
8035151,96,35,101,58
8028752,55,33,273,117
8028753,100,39,254,114
8028773,132,11,105,44
8028776,86,33,144,72
8028763,3,9,193,73
8028767,140,28,173,79
8035150,190,33,226,101
8141919,270,11,238,90
8109618,63,18,79,39
8112118,180,9,207,78
8138086,20,28,240,102
8041777,165,35,194,91
8138089,24,14,118,50
8127340,144,34,268,116
8127439,100,24,126,60
8141950,169,23,174,76
8041775,85,27,128,62
8138077,122,27,187,83
8139561,192,39,182,89
8112117,220,8,194,73
8041771,234,36,204,95
8041772,41,5,89,34
8138084,136,23,203,86
8041779,124,15,86,40
8134920,17,34,105,59
8141949,192,20,213,88
8041778,144,35,108,61
8122927,200,38,168,84
8122928,208,40,182,90
8134921,16,9,82,35
8138081,35,34,214,97
8143499,34,15,231,91
8142332,73,30,114,59
8131530,63,35,169,82
8141748,143,24,110,54
8141749,80,29,114,59
8141680,71,39,102,61
8138879,128,9,107,43
8138881,85,40,153,80
8141681,93,36,247,110
8137252,210,40,173,87
8141679,177,9,188,72
8138880,26,37,123,67
8138882,167,29,239,103
8142331,197,13,186,74
8131531,115,32,95,54
8139854,37,25,125,60
8141747,158,14,169,68
8136615,28,30,132,66
8137881,134,5,216,79
8137882,20,8,140,54
8137878,283,38,265,117
8137875,109,11,81,36
8137877,62,7,143,55
8137883,56,40,135,73
8137880,65,10,135,54
8000050,23,7,101,40
8137994,35,32,106,58
8137995,15,13,203,80
8137992,24,34,107,60
8137993,81,29,93,51
8143460,97,35,121,65
8143461,11,38,166,83
8143462,7,27,92,50
8121349,7,10,249,94
8028916,112,27,101,53
8131701,94,15,264,102
8008040,176,18,225,90
8012418,60,25,89,47
8025348,243,18,234,94
8121348,63,13,92,41
8126523,9,24,188,81
8126524,250,25,223,94
8126526,26,26,226,96
8139945,99,32,97,55
8126522,52,18,98,46
8143373,128,24,213,90
8143357,209,36,238,107
8143359,43,15,82,38
8034726,34,39,202,96
8118134,234,13,211,82
8118135,26,16,207,83
8118130,41,37,281,122
8118133,148,26,272,112
8118129,239,26,252,105
8118703,151,26,210,90
8122025,44,23,268,109
8122029,193,36,274,119
8015639,39,40,269,120
6300794,90,6,201,74
6310105,16,25,113,56
8116044,211,36,254,112
8039480,60,16,174,71
8030088,53,6,183,68
8129020,226,36,215,99
8030089,47,9,75,32
8139375,112,34,97,56
8116061,99,27,210,91
8118463,116,7,108,42
8116209,160,8,175,66
8136553,25,27,256,107
8126353,256,16,250,98
8139180,64,20,82,42
8139179,151,8,148,57
8133467,243,37,254,113
8133468,150,38,134,72
8133469,13,39,222,103
8012536,114,15,125,54
8035350,37,12,86,38
8116206,115,32,275,117
8037935,147,6,174,65
8037936,59,38,179,87
8139873,130,16,127,55
8139872,227,38,235,107
8021029,183,40,171,86
8023163,113,7,181,68
8016122,213,6,225,83
8011313,124,12,219,84
8023197,174,27,271,112
8118854,241,35,280,121
8118851,81,14,128,54
8118853,77,22,236,97
8118850,96,37,124,67
8128622,8,26,101,52
8118855,90,19,151,65
8118852,104,12,142,58
8117865,29,30,103,56
8117864,183,22,162,71
8117867,79,26,251,105
8117866,50,15,192,77
8128051,90,25,126,60
8117576,224,17,241,95
8124631,80,21,197,83
8129367,154,18,135,59
8117579,86,32,95,54
8141055,174,34,151,75
8135189,78,23,174,76
8128048,214,23,213,90
8134132,144,9,243,91
8117578,97,32,210,94
8125643,57,12,134,55
8139641,84,29,124,62
8139640,296,36,268,117
8139639,51,31,124,64
8117575,162,14,167,68
8141728,3,26,105,54
8134977,77,14,96,43
8134976,78,34,162,79
8134978,74,21,109,52
8134979,68,7,205,76
8124247,72,7,221,82
8117577,114,10,109,45
8127028,62,29,265,112
8122070,201,12,203,79
8141960,24,13,77,35
8141961,144,17,109,49
9992652,72,34,262,114
9998127,187,37,158,79
8031395,100,32,171,81
8119217,208,11,217,83
8119218,165,35,213,97
8140055,74,26,152,70
8009906,22,22,159,70
8009905,46,37,109,62
8009904,132,10,123,50
8110392,10,25,111,55
8130218,209,37,261,115
8130219,180,6,153,57
8130220,174,12,196,76
8022518,162,32,179,83
8128760,65,5,88,34
8009911,201,38,278,122
8009910,212,6,181,67
8139891,217,9,241,90
8009902,23,9,74,32
8009901,53,23,152,68
8031394,73,10,240,91
6030202,72,12,105,45
6039003,209,20,171,73
8027490,129,19,199,82
8013521,239,18,242,96
8118089,142,27,142,67
8022168,43,19,92,45
8118112,26,37,239,108
8139733,129,18,222,89
8139753,81,11,127,52
8118100,30,40,238,109
6301106,47,7,74,30
8118099,26,11,250,95
8013522,82,26,243,102
8139752,222,36,194,91
6310405,51,6,156,59
6301105,201,36,257,113
8118092,242,20,261,104
8140734,174,31,266,113
8127798,127,32,268,115
8000988,128,18,147,63
8143045,21,8,172,65
6300593,287,12,248,95
8033880,116,16,79,38
8013523,25,37,213,99
8000598,42,27,120,60
6300594,218,38,269,119
8013520,8,30,123,63
8001186,51,24,172,76
8022166,104,25,233,98
8143046,66,40,142,76
8133413,15,31,92,52
8133414,65,27,188,83
8132497,102,37,213,99
8134300,81,22,162,71
8127022,76,19,205,84
8109584,119,31,114,60
8124188,151,28,114,58
8033875,182,32,271,116
8114707,60,8,236,88
8122791,170,14,139,58
8122143,125,36,122,66
8122144,275,6,244,89
8110625,108,17,215,86
8140731,39,21,115,54
8136694,174,17,142,61
8025636,26,38,280,123
8013304,201,37,203,95
8126225,19,36,197,92
6030355,7,40,131,72
6030354,141,39,155,80
6030351,232,24,219,92
6533140,199,24,251,103
6300304,98,20,206,85
6300320,10,18,225,90
8118507,171,21,140,63
8118511,134,38,102,60
8118509,143,23,157,70
8118510,126,19,109,51
8138899,91,28,234,100
8118512,242,32,281,119
8141795,170,11,224,86
8031392,33,28,151,71
6310541,118,15,119,51
8110943,2,26,131,63
8129332,122,13,189,75
8021400,67,12,132,54
8113208,110,17,77,38
8129392,2,5,100,38
8129394,82,30,224,98
8129389,119,12,222,86
8024909,115,32,165,79
8122045,71,23,207,87
8141622,118,14,207,82
8141623,92,18,139,60
8141621,283,21,252,102
8141624,67,18,256,101
6300299,221,26,204,88
8130252,0,34,229,102
6039010,126,17,95,44
6530722,163,32,147,72
6530723,213,29,253,107
8142060,136,38,259,115
8122046,4,23,143,65
8141625,78,16,81,39
8121527,38,36,185,88
8121526,226,21,232,95
8130776,13,23,162,72
8130777,229,24,239,99
8121524,14,15,215,85
8040778,44,7,129,50
6309975,71,21,196,82
6309969,12,7,91,36
8116235,130,12,199,77
8122539,37,15,233,91
8141629,41,19,148,64
8019917,10,15,125,54
8022186,289,19,258,103
8012265,142,24,109,54
6530721,145,31,119,62
6309977,167,40,143,76
8129252,0,32,177,83
8012595,88,39,123,68
8136507,103,28,243,103
8036024,47,12,83,37
8133053,28,37,131,70
8129253,50,17,132,57
8138808,2,8,78,33
8138013,155,23,235,97
8138014,7,23,85,45
8143454,97,40,181,89
8133052,67,16,133,57
8016541,86,30,93,52
8123532,98,28,106,55
8123531,186,28,222,96
8143455,34,33,229,102
8129251,259,32,255,110
8129250,129,9,184,70
8129254,147,9,159,62
8139882,39,24,200,86
8139885,185,24,168,74
8038020,153,18,135,59
8006949,1,18,209,85
8021892,136,35,193,90
8006946,15,23,106,52
8029490,20,24,92,48
8003961,37,24,86,46
8039919,108,17,222,89
8039917,150,33,271,116
8039920,179,34,177,84
8039918,91,18,217,88
8016129,60,12,233,89
8018740,114,20,249,100
8016130,48,11,76,34
8024266,298,40,275,122
8039109,71,11,96,41
8002492,86,36,219,100
8002493,21,11,144,58
8031445,44,20,251,101
8031402,50,16,76,37
8022522,117,36,145,74
8002489,179,31,261,112
8002490,208,36,260,114
8032575,8,39,125,69
8039916,29,7,74,30
8019163,196,36,229,104
8022523,112,5,86,33
8012315,207,11,184,72
8012314,155,18,203,83
8033350,2,30,116,60
8033352,76,12,219,84
8021894,186,13,240,92
8021893,152,7,168,63
8142541,110,29,177,81
8142546,188,23,155,69
8016221,97,34,152,75
8118074,69,31,95,53
8014426,2,13,257,98
8141793,0,10,117,47
8140797,112,35,127,67
8142206,128,12,126,52
8030610,259,33,238,105
8030611,23,7,195,73
8032259,213,30,218,96
8021267,51,38,240,109
8021266,117,30,112,59
8113043,147,25,275,113
8113045,247,20,260,104
8014423,27,12,102,44
8138973,121,7,213,79
8014425,294,39,273,121
8014424,230,19,214,87
8139020,36,21,156,68
8035430,65,8,242,90
8041314,197,11,170,67
8035431,23,24,143,66
8041315,89,39,193,93
8035432,271,17,260,102
8137510,0,6,92,36
8138071,30,16,100,45
8020833,77,27,236,100
8019580,195,29,218,95
8137511,74,13,213,83
8137512,125,31,131,66
8021966,126,29,183,83
8030612,129,30,182,83
8139021,128,31,243,105
8128535,116,22,145,65
8137804,137,11,238,90
8014422,156,6,230,84
8014417,21,14,254,98
8118073,282,24,256,105
8014416,79,7,111,43
8014419,8,30,155,74
8014418,147,23,170,74
8118072,0,22,203,85
8118071,5,13,158,64
8014420,107,39,250,113
8111595,127,23,95,48
8111594,157,33,200,91
8014421,8,13,112,48
6310781,154,10,148,58
6310782,42,21,144,64
6310794,24,30,254,108
6310793,179,11,176,69
6310784,181,26,230,97
6310787,80,27,199,87
6310788,29,27,154,71
6310797,128,21,128,58
6310789,125,32,177,83
6310790,49,37,106,61
6310785,167,36,150,76
6310791,180,29,151,72
6310796,206,24,230,96
6310792,68,19,83,41
6310795,115,33,93,54
6030833,140,37,133,71
8009682,197,12,182,72
6030831,135,33,212,96
8035457,165,21,182,77
8026296,95,38,101,60
8035492,85,10,242,91
8035491,35,5,187,69
8026300,223,20,223,91
8026292,22,31,171,80
8026295,48,33,192,89
8035452,47,31,155,74
8030458,89,28,123,61
8026290,101,28,104,55
8026294,217,19,249,100
8027664,73,23,203,86
8033267,89,37,188,90
8035453,146,9,246,92
8026312,113,32,271,116
8026313,119,36,183,87
8026315,12,12,138,56
8026309,78,19,205,84
8125123,15,21,119,55
8035451,165,17,145,62
8127436,95,22,190,81
8030389,169,14,244,95
8026319,50,26,237,100
8026317,31,6,152,57
8030459,77,16,172,71
8035590,100,25,269,110
8035589,4,29,219,96
8035459,98,23,173,76
8035588,218,30,227,99
8125124,115,8,235,87
8026301,246,39,235,108
8026298,171,22,238,98
8026297,137,30,273,115
8035455,147,29,209,92
8026307,44,31,134,67
8026327,162,19,154,66
8026330,118,32,96,54
8035454,144,15,209,83
8114240,50,26,103,53
8030390,153,22,137,62
8027667,131,12,234,90
8027668,93,6,130,49
8026337,1,23,190,81
8026340,63,30,110,58
8030460,216,20,188,79
8026339,186,21,193,81
8033268,152,29,187,84
8026336,178,11,181,71
8026338,68,35,284,122
8027669,111,20,167,71
8031961,165,36,210,97
8127437,65,26,196,86
8035489,290,14,254,98
8026335,124,35,132,69
8030391,43,6,144,54
8035460,23,31,137,68
8125122,19,32,155,75
8028518,47,27,117,59
8028484,195,24,253,104
8112179,80,37,144,74
8112178,87,31,201,91
8132856,7,28,120,60
8130574,87,36,110,62
8130573,213,5,176,65
8130577,39,39,110,64
8130578,53,27,262,109
8130579,71,39,120,67
8130580,169,25,187,82
8112180,141,22,186,79
8124305,47,25,117,57
8122708,116,12,231,89
8124304,88,32,180,84
8134911,4,36,268,117
8135748,38,20,103,49
8134538,9,30,146,71
8137872,44,9,250,93
8137873,149,22,225,93
8112125,188,22,170,74
8112164,208,21,189,80
8112177,140,13,209,82
8143778,218,40,227,105
8112151,83,24,199,85
8137874,175,12,194,76
8124307,82,37,162,81
8118929,134,14,129,54
8118930,112,13,121,51
8134544,119,33,232,103
8134540,7,40,170,86
8124980,111,36,188,89
8124981,171,5,211,77
8124979,23,19,134,59
8135504,81,11,91,39
8135503,51,21,269,108
8135502,144,7,183,69
8135489,37,20,248,100
8135500,29,7,226,84
8135499,172,38,270,119
8135497,117,27,251,105
6530522,116,9,76,32
8122859,76,35,219,99
6530525,17,18,259,102
6530527,42,14,99,44
8125306,56,35,167,81
8007035,98,11,131,53
6530529,166,28,235,100
8110786,156,8,139,54
8122858,138,29,153,72
6530530,88,33,154,75
6300993,6,25,100,51
6530533,25,38,105,61
6530534,95,29,90,50
6310304,70,39,124,69
6530537,111,37,105,61
8022417,149,35,271,118
6530538,37,38,206,97
6530539,113,12,142,58
6530540,100,12,237,91
6530542,111,17,78,38
6530543,93,10,241,91
6530544,18,5,166,61
6530545,27,20,102,49
6301263,67,40,142,76
8040004,158,9,249,93
8011597,113,8,110,44
8122852,107,28,110,57
8011600,59,11,114,47
8018430,77,12,228,88
8018429,99,20,150,66
8018447,239,14,252,97
8018446,21,19,79,40
8018444,54,10,194,74
8018443,95,25,145,67
8018442,165,13,247,95
8018441,186,21,191,81
8020245,137,13,99,43
8018440,69,19,89,44
8018439,216,40,258,116
8110773,55,19,112,52
8018437,126,6,150,56
8018436,9,30,92,52
8018435,29,24,168,74
8134613,153,30,265,112
8020418,60,21,84,43
8020005,151,11,208,80
8018434,63,6,83,33
8018433,4,39,109,64
8110778,110,34,148,74
8021222,145,32,155,75
8018432,138,9,114,46
8137458,108,36,115,64
8142851,88,5,251,91
8142852,199,30,250,107
8142853,115,20,174,74
8142854,148,11,254,96
8142855,151,30,259,110
8142856,30,26,170,76
8142857,88,29,145,70
8142858,115,31,150,73
8142859,115,37,245,110
8142860,132,40,271,121
8026737,118,29,125,63
8026732,4,14,93,42
8026733,89,20,83,42
8039834,44,16,260,101
8039988,37,39,159,81
8039989,71,38,119,66
8039787,125,28,256,108
8039987,241,18,205,83
8114421,204,18,237,95
8114419,115,7,109,43
8114420,123,19,89,44
8126264,101,10,130,52
8141170,128,36,240,107
8141169,88,28,89,49
8141171,57,17,96,45
8117607,149,10,247,93
8123192,0,37,150,77
6033636,93,16,82,39
8117609,129,21,148,65
8037690,80,19,181,76
8037689,79,11,89,38
8037691,99,29,137,67
8117608,210,19,179,75
8130575,46,6,138,52
8130215,69,35,118,64
8123194,214,17,178,73
8124291,171,12,179,70
8123195,153,23,178,77
8039845,3,32,149,73
8039847,5,27,93,50
8141952,36,16,103,46
8039843,59,19,133,59
8039849,57,33,193,89
8121709,142,26,134,64
8039851,171,6,143,54
8139560,10,38,285,124
8128943,61,10,90,38
8119413,15,10,178,69
8141957,77,32,232,102
8119415,80,36,125,67
8141953,142,15,117,51
8119417,155,20,150,66
8039844,171,29,145,70
8141951,197,11,247,94
8039842,196,30,270,114
8039848,44,9,234,88
8121708,93,8,146,56
8039850,57,30,132,66
8128947,52,29,205,91
8139559,0,32,181,84
8139558,0,11,208,80
8021060,181,20,189,79
8139625,8,8,231,86
8041171,71,23,261,106
8038370,209,7,208,77
8139627,88,19,177,74
6033609,144,17,152,64
8025269,70,25,208,89
8041172,5,8,118,47
8139628,122,33,218,98
8136500,78,25,227,96
8136501,92,11,89,38
8140263,14,27,176,79
8140265,24,9,249,93
8140264,42,11,83,36
8122336,139,28,123,61
8130618,29,27,253,106
8136499,43,26,152,70
8127489,39,13,104,45
8122335,16,14,85,39
8141259,55,29,131,65
8137913,125,6,113,43
8142436,101,12,104,44
8137909,285,17,250,99
8137733,65,11,212,81
8141257,241,16,227,90
8141258,112,10,158,62
8137940,56,29,97,53
8143976,73,30,162,76
8143977,45,14,256,99
8141256,183,35,182,86
8142435,87,10,103,43
8141255,164,36,215,99
8137734,205,16,266,104
8141260,141,17,266,104
8121343,145,34,255,111
8139861,91,8,140,54
8139862,99,25,172,76
8139863,80,24,159,71
8139864,85,26,120,59
8133325,118,29,159,75
8026817,14,40,175,87
8141547,192,30,223,98
8031908,35,32,104,57
8009712,69,23,161,71
8123630,73,29,227,98
8141674,20,29,110,57
8127376,28,36,154,77
8009723,133,30,264,112
8029127,284,33,255,111
8116568,144,23,130,60
8116554,61,39,167,84
8123586,143,38,256,114
8123588,13,13,100,43
8022177,164,22,129,59
8039688,44,34,205,94
8123585,7,40,244,111
8123587,49,31,138,68
8012730,93,37,261,115
8022818,151,33,155,76
8130723,41,25,122,59
8112999,227,19,214,87
8024549,161,18,187,77
8019417,53,25,146,67
8019416,237,13,211,82
8116566,33,5,136,51
8126085,116,36,115,64
8139194,84,32,193,88
8139193,206,8,244,91
8136075,129,37,282,123
8119208,285,32,275,117
8024552,138,22,254,103
8000739,161,16,208,83
8033618,203,32,245,107
8133321,90,36,245,109
8142877,255,23,260,106
8022183,18,24,274,112
8142919,66,16,82,39
8142918,129,28,129,63
8143684,10,33,215,97
8143698,17,37,123,67
8143701,44,34,98,56
8142917,273,15,245,96
8143696,113,8,182,69
8143699,2,37,192,91
8142916,25,19,97,46
8143697,145,27,187,83
8143700,123,27,202,88
8143683,131,34,229,102
8021713,28,12,123,51
6211702,6,34,222,100
6211703,170,23,173,76
6211701,169,30,193,87
8028180,161,33,275,118
8134640,4,35,213,97
8134645,154,37,166,82
8134647,211,10,231,87
8134646,79,31,100,55
8134643,85,25,196,85
8134644,94,31,170,80
8134641,260,12,256,97
8134654,83,20,114,53
8134648,32,6,111,43
8134655,176,6,167,62
8134649,190,35,195,91
8134651,176,22,205,86
8134650,30,23,96,49
8134652,16,39,220,102
8134653,114,37,131,70
8134656,64,14,218,85
8134657,149,34,203,93
8139359,22,15,174,71
8134642,131,39,240,109
8134633,19,24,108,53
8134634,148,31,207,93
8139357,197,23,176,77
8134638,33,27,95,51
8134639,13,11,75,33
8134637,157,8,254,94
8139358,184,11,158,62
9995637,22,5,200,73
8141145,145,23,110,53
8030202,187,39,159,81
8141144,269,9,238,89
8138051,9,32,124,64
8131316,198,5,205,75
6300360,81,26,92,49
6032701,63,23,135,62
6031142,61,12,199,77
8010898,139,5,216,79
8003156,143,39,155,80
8027782,212,26,250,104
8122676,180,31,178,82
6536071,36,17,224,89
8136691,208,38,225,103
8136692,38,22,252,103
8143424,154,36,131,69
8143138,19,16,242,95
8113518,35,31,196,89
8136352,10,40,148,78
8131114,215,20,263,105
8001083,58,14,117,50
8137668,108,36,274,119
8114979,11,25,230,97
8114980,25,5,174,64
8129550,27,31,137,68
8124166,186,38,241,109
8119062,83,32,103,57
8136178,59,14,150,62
8124165,84,7,156,59
8136180,223,40,276,123
8119068,18,40,212,100
8136181,208,9,187,71
8136693,57,25,239,100
8131103,50,37,182,88
8032470,47,34,124,66
8126683,130,8,183,69
8113767,158,17,252,99
8018493,129,39,133,72
6300505,28,19,130,58
8126924,72,17,79,39
8114978,153,10,169,66
8114977,139,24,111,54
8143967,152,11,180,70
8143966,191,30,254,108
8031377,44,19,83,41
8031376,35,31,162,77
8031375,108,12,72,33
8124243,37,6,72,29
8124242,98,18,119,53
8124241,11,9,122,49
8128762,96,30,125,63
8143591,125,8,156,60
8143589,202,23,181,78
8143590,43,32,190,87
8143592,105,11,179,70
8115136,70,23,119,57
8115134,206,5,171,63
8115135,36,33,162,78
8005526,159,16,164,68
8131511,68,10,167,65
8126510,259,40,246,112
8131693,39,29,140,68
8142061,56,13,86,39
8131510,73,21,169,73
8126509,0,8,114,45
8131505,137,12,101,43
8142058,172,31,247,107
8131507,177,18,248,99
8126508,133,37,176,86
8142057,94,11,158,62
8126901,135,20,112,52
8131508,1,7,88,35
8126507,177,12,233,89
8131694,97,36,203,94
8142062,73,10,153,60
8131509,180,9,160,62
8126506,148,21,111,53
8131695,148,22,165,72
8142063,160,5,140,52
8126504,206,17,177,73
8126501,154,22,219,91
8126500,245,33,276,118
8126505,271,18,238,95
8126499,134,26,111,56
8126902,58,7,118,46
8126503,90,8,172,65
8126498,148,8,137,53
8126502,279,20,269,107
8126497,68,17,181,74
8135821,78,11,78,34
8135822,193,18,247,98
8135823,176,10,149,59
8028334,98,18,210,85
8140508,148,12,192,75
8140509,35,24,147,67
8130173,45,31,183,84
8131690,9,8,122,48
8130172,128,15,161,66
8131691,63,27,247,104
8130171,212,8,203,76
8130528,134,18,112,51
8130167,80,16,84,40
8130168,65,10,180,70
8130170,102,28,92,50
8131692,14,10,154,60
8130169,115,14,88,40
8131689,83,33,124,65
8114684,98,38,120,67
8114683,88,6,141,53
8114685,60,16,95,44
8114686,6,28,98,53
8140507,180,34,180,85
8112091,81,37,162,81
8112090,34,5,164,61
8112092,154,29,162,76
8120408,157,32,157,76
8137121,262,9,238,89
8025215,172,36,213,98
8115837,123,33,101,57
8115838,278,25,258,107
8038534,245,26,234,99
8025912,127,35,144,73
8025909,125,20,124,56
8123102,31,30,114,59
8139629,123,27,209,91
8139630,49,8,139,54
8124230,232,25,214,91
8137040,168,31,179,83
8137039,200,20,232,94
8123103,47,8,212,79
8000772,186,25,211,90
8020762,268,33,275,118
8011144,142,24,254,105
8011145,166,5,199,73
8014678,13,20,113,53
8137105,108,13,73,34
8124234,60,32,280,119
8022174,204,38,195,93
8124238,125,35,148,75
8136511,190,6,162,61
8136515,32,15,177,72
8129166,148,8,208,78
8129181,272,24,272,111
8129179,85,27,122,60
8129186,49,38,130,70
8129183,201,17,234,93
8129182,220,31,183,84
8127370,240,34,208,95
8127373,49,21,97,48
8127371,202,16,235,93
8131517,160,39,151,78
8137045,197,24,176,77
8137041,173,35,158,78
8130198,130,19,91,44
8130197,186,37,280,122
8114657,59,14,120,51
8130202,217,37,283,123
8130201,117,17,126,55
8130196,137,26,100,52
8130195,250,14,244,95
8131518,134,6,124,47
8131522,102,29,237,102
8131521,61,27,151,70
8131520,0,25,143,66
8131519,79,37,142,74
8136514,68,14,104,46
8136512,183,38,156,79
8129178,185,29,148,71
8129177,15,14,77,36
8129180,49,15,121,52
8129185,38,25,256,106
8129184,233,27,228,97
8129187,4,26,195,85
8127369,219,30,259,110
8127372,10,34,210,96
8127368,62,24,252,104
8131516,240,16,259,101
8137044,42,30,258,110
8137042,38,9,126,50
8131514,1,40,149,78
8130200,239,30,235,102
8130199,113,31,173,81
8130204,83,23,239,99
8130203,76,36,121,66
8130194,99,29,277,116
8130193,157,30,203,91
8138695,40,14,115,49
8139202,57,6,110,42
8124239,233,15,217,86
8112056,101,33,126,66
8112057,100,28,204,90
8124229,75,37,254,113
8137037,144,23,111,54
8137038,238,38,211,99
8019433,197,35,255,112
8020761,82,15,94,43
8011146,184,5,216,79
8011147,101,38,260,116
8137046,80,10,90,38
8142694,65,21,84,43
8142695,123,18,91,44
8016482,201,25,243,101
8022059,46,35,116,63
8041573,7,31,155,74
8017719,267,8,245,91
8017720,95,40,228,106
8119285,51,13,120,50
8119286,129,19,162,69
8119288,180,13,216,84
8119290,218,37,189,90
8034200,241,16,239,94
8039165,30,31,91,52
8138515,99,25,245,102
8032155,180,15,177,72
8021371,135,37,154,78
8021370,9,23,247,101
8041111,127,29,112,58
8032156,42,24,265,108
8114407,91,23,114,55
8032157,215,37,282,123
8138516,110,6,248,91
8041112,236,11,244,93
8136247,97,17,214,86
8136255,226,21,231,95
8110733,125,17,169,70
8112818,68,30,159,75
8131675,71,24,214,91
8131674,23,37,151,77
8043120,183,37,179,87
8131678,121,28,156,73
8131677,216,12,194,76
8131672,90,11,73,33
8110735,18,39,122,68
8122893,30,14,167,68
8043125,118,29,197,88
8043109,130,9,191,73
8137735,27,30,127,64
8137943,48,5,163,60
8133418,133,15,137,58
8133419,128,34,165,80
8043123,19,19,137,60
8110734,133,8,107,43
8043111,250,8,230,86
8043116,145,12,216,83
8043121,60,24,206,88
8129118,164,21,145,64
8032572,274,28,253,107
8032571,160,12,132,54
8041103,10,24,93,48
8032574,176,9,144,56
8001066,82,27,253,106
8001067,164,35,133,69
8001068,191,40,227,105
8119633,96,31,141,70
8119632,105,15,199,79
8119631,188,20,168,72
8128761,105,29,228,99
8021131,194,8,167,64
8021129,117,36,97,57
8008707,188,5,210,77
8008705,184,23,263,107
8023143,125,29,228,99
8142365,215,30,236,102
8142364,134,35,259,113
8142363,53,20,192,80
8142366,59,30,139,68
8143078,185,33,155,76
8016928,35,33,202,92
8016927,7,9,106,43
8014520,117,25,187,82
8014519,29,33,164,79
8011041,166,23,221,92
8011036,110,27,205,89
8010794,36,19,92,45
8016926,32,27,110,56
8132859,144,14,109,47
8140087,77,23,93,48
8133582,91,39,138,74
8133584,212,6,191,71
8132861,109,24,183,80
8132860,21,33,140,70
8133583,15,18,196,80
8133586,1,11,91,39
8021024,11,35,250,110
8033858,264,32,252,109
8022476,108,10,97,40
8022477,100,33,156,76
8022478,193,36,215,99
8022479,103,29,106,56
8022480,254,33,218,98
8022469,19,35,190,89
8115353,135,14,186,74
8022481,183,31,157,75
8022471,54,38,164,82
8022473,212,14,228,89
8022482,121,26,234,99
8115355,130,6,146,55
8022470,8,26,151,70
8022472,118,15,203,81
8022474,24,34,249,109
8022475,14,5,246,89
8115354,110,7,181,68
8022483,128,36,117,64
6039446,60,15,98,44
6206016,124,36,135,71
8001303,83,31,194,88
8013177,212,7,191,71
8002715,251,32,221,98
6253702,57,24,169,75
6253703,74,26,120,59
8035981,55,39,102,61
8031545,196,29,196,87
8141838,171,17,223,89
8032489,173,23,153,69
8028028,170,32,167,79
8009001,186,32,231,102
8127397,50,15,90,41
8009000,48,40,139,75
8032490,59,31,139,69
8140342,160,8,158,61
8140343,105,5,75,30
8042035,127,36,125,67
8141555,63,20,96,47
8141553,57,8,73,31
8141554,224,7,206,77
8141552,140,24,237,99
8135071,66,7,127,49
8135078,164,24,146,67
8129534,2,19,89,44
8132402,37,13,172,69
8039519,34,12,155,62
8037073,62,17,146,62
8127512,107,15,205,82
8119599,193,12,155,62
8027823,103,8,153,59
8027821,19,14,135,56
8039518,50,21,197,83
8024271,266,5,250,91
8124620,127,10,238,90
8037072,46,32,134,68
8027822,237,26,220,94
8039517,97,13,126,53
8127517,126,40,265,119
8134733,190,13,175,70
8134732,252,38,230,105
8140134,300,26,268,111
8132399,16,9,94,39
8024269,12,12,124,51
8119583,58,27,256,107
8129637,153,35,114,63
8027824,64,27,212,92
8124733,21,13,148,60
8024288,28,26,132,63
8029974,277,11,255,96
8000557,100,26,183,81
8000556,69,17,193,79
466939,14,18,125,55
9995000,206,35,208,96
8039099,1,6,89,35
8003163,91,15,164,67
8008711,2,9,116,46
8003168,124,14,132,55
8039102,51,24,180,79
8039103,32,23,263,107
8014180,131,16,158,66
8039100,140,13,207,81
8039101,20,7,94,37
8003164,265,24,238,99
8003161,98,16,158,66
8138970,192,36,207,96
8140003,49,33,208,94
6300083,17,15,94,43
6300081,16,40,189,92
6033106,59,28,154,72
6033111,13,23,235,97
6300085,62,29,91,51
6300075,45,32,143,71
8039084,50,37,115,64
6300078,49,5,94,36
8001017,244,34,276,119
8001018,27,36,152,77
6300077,145,15,184,74
8011251,36,11,146,58
8138972,29,7,175,66
6033112,155,35,167,81
8021923,103,35,179,85
8039082,34,19,114,52
8039081,99,34,193,90
8039083,167,35,165,81
8039098,132,17,123,54
6033263,109,38,259,115
6300086,16,26,254,106
8005262,21,36,148,75
8003175,63,21,229,94
6300079,19,13,137,56
8140005,177,17,149,63
8014184,4,34,95,55
6300076,9,8,106,42
8127425,129,12,168,67
8128790,58,9,147,57
8140007,72,30,265,112
6033262,20,5,130,49
8003169,56,25,215,92
6300080,83,13,129,54
6033109,120,20,162,70
8140001,16,10,87,37
6300084,28,15,162,66
6300082,7,27,159,73
8138971,172,9,151,59
8007404,64,30,103,56
8003162,38,10,119,48
8139109,190,40,260,117
8139110,201,36,200,93
8142878,110,35,215,98
8139111,64,40,106,63
8142879,78,27,128,62
8139107,174,21,173,74
8139106,177,38,233,106
8139108,88,17,159,67
8139112,122,8,115,45
8114511,221,9,200,76
8042814,81,36,182,87
8141709,118,30,202,90
8136620,110,40,244,111
8141713,104,38,238,108
8109554,126,40,131,72
8042812,75,14,77,36
8121374,83,23,90,46
8141710,283,28,244,104
8141712,230,24,215,91
8140192,226,15,219,86
8121372,151,10,226,86
8137813,160,9,218,82
8137814,81,6,194,72
8137815,43,29,250,106
8127014,16,22,136,62
8127015,98,36,166,82
8127016,184,33,208,94
8137253,145,16,198,80
8042809,1,30,93,52
8137254,149,27,153,71
8042810,71,8,189,71
8109556,74,38,279,122
8109553,222,37,269,118
8141711,66,18,80,40
8116940,11,13,173,69
8121371,234,15,223,88
8109558,151,29,146,70
8109559,71,13,94,41
8114514,43,30,277,116
8133591,31,25,224,95
8133593,131,28,111,57
8133590,50,21,84,43
9999863,13,21,157,69
8133595,13,9,168,65
8133594,64,35,184,87
8133598,71,17,142,61
8133596,194,11,244,93
8139526,261,38,263,117
8139524,66,9,147,57
6039774,87,10,106,44
8136990,70,29,199,89
8136987,95,39,229,106
8136989,142,28,152,71
8136988,22,33,274,117
6218600,82,19,128,57
8138056,156,39,178,88
8122905,149,34,186,87
8122904,42,28,170,78
8122907,146,30,203,91
8122908,1,27,172,78
6298008,40,11,172,67
8039855,144,38,108,63
8034221,124,17,263,103
8034222,46,5,163,60
8034223,71,40,213,101
8034224,39,21,214,89
8034374,273,23,249,102
8136859,29,17,105,48
8034225,5,20,187,78
8034226,185,19,185,77
8122012,41,12,130,53
8042474,229,16,255,100
8132477,32,13,252,97
8132479,55,26,189,83
8135277,107,28,268,112
8132476,36,10,96,40
8132478,52,30,203,91
8121342,95,30,267,113
8121341,43,17,177,73
8039626,41,36,112,63
8035227,120,22,170,74
8035231,131,26,232,98
6034201,34,8,208,78
8001080,236,37,268,118
8126248,107,31,208,93
8031502,54,36,106,61
8132172,48,33,252,110
8126251,58,30,179,82
8026154,32,30,136,67
8015557,211,13,226,88
8015558,166,17,144,61
8126277,99,33,143,72
8126278,16,31,159,76
9931907,95,32,279,118
8026005,141,13,129,54
8017451,97,37,265,117
8017452,217,17,205,83
8039210,39,34,190,89
8125470,122,9,154,60
8135930,143,19,189,79
6300455,59,23,248,102
6300454,6,39,142,75
8110716,208,38,254,114
8135931,277,24,273,111
8117773,186,24,222,93
8130592,68,36,132,70
8008339,77,34,205,94
8130587,89,17,126,55
8020228,121,33,116,62
8026357,37,20,145,64
8026358,71,26,243,102
8124698,149,36,196,92
8130582,102,15,79,37
8138365,49,30,93,52
8127608,38,24,161,72
8127607,96,11,139,56
8016429,147,28,262,110
8007415,73,17,98,45
8016428,198,26,232,98
8019282,79,20,161,69
8019281,70,22,183,78
8020376,140,12,153,61
8028150,74,24,112,55
8028151,41,18,90,43
8117288,91,22,109,52
8117290,74,27,139,66
8039608,125,32,279,118
8039609,99,6,73,29
8036580,47,26,93,49
8036581,68,8,155,59
8041743,157,26,120,59
8021529,38,22,235,97
8124948,232,27,201,88
8124946,176,6,249,91
8136874,139,27,210,91
8136871,84,34,96,56
8136876,3,40,195,94
8021530,86,24,267,109
8128767,53,38,282,123
8109493,102,25,93,49
8109494,145,13,178,71
8021532,114,10,204,78
8038586,80,10,127,51
8021531,54,12,132,54
8121119,45,40,156,81
8122276,66,16,151,63
8122275,12,7,179,67
8122277,178,36,201,94
8116128,236,29,227,98
8136881,81,28,154,72
8116130,259,28,232,99
8116129,233,38,226,104
8116117,104,9,185,71
8128768,116,15,122,52
8116122,82,16,95,44
8116118,28,19,156,67
8043163,18,31,128,65
8025759,206,39,236,108
8138423,19,19,236,95
8138429,194,31,276,117
8138425,52,18,100,47
8138430,209,20,225,92
8037770,42,6,121,46
8025760,121,19,131,58
8138427,198,38,235,107
8138422,156,33,172,82
8138428,34,9,107,43
8138426,16,10,86,37
8025762,195,34,264,115
8037767,93,37,284,123
8122278,70,14,88,40
8122279,76,8,101,41
8043332,230,17,225,90
8007836,119,11,218,83
8124943,200,9,204,77
8124942,110,19,147,64
8136873,173,24,201,86
8136870,4,19,159,68
8136875,43,19,89,44
8021526,103,5,163,60
8109488,101,9,69,30
8109490,207,15,241,94
8021528,44,14,133,56
8038587,137,7,125,48
8021527,58,40,271,121
8121117,266,16,227,90
8119741,148,17,190,78
8119742,8,34,229,102
8143919,183,40,176,88
8143923,260,32,262,113
8143921,56,30,119,61
8143925,112,12,73,33
8143928,208,25,226,95
8143926,197,23,230,95
8143922,91,15,125,54
8143924,136,36,141,73
8143927,115,9,136,53
8143920,106,22,85,44
6301903,48,22,211,88
6301902,13,10,181,70
6030057,153,22,142,64
8028832,88,23,240,99
8022108,46,40,266,119
6310247,224,21,217,90
8007188,96,13,87,39
8000573,18,28,159,74
8037340,133,32,134,68
8037341,212,24,207,88
8115630,65,28,259,109
8032713,153,18,139,60
8016410,95,7,79,32
8023177,122,27,92,50
8016408,163,7,193,72
8016409,138,29,161,75
8016412,151,21,225,92
8016411,118,31,137,68
8024366,1,15,154,64
8024367,19,22,198,84
8023106,55,35,194,91
8034218,153,26,157,72
8007822,73,38,147,76
8035108,129,20,111,52
8037063,59,28,93,51
8007828,242,38,214,100
8007827,94,36,260,114
8007826,121,8,199,75
8021068,198,34,243,107
8021069,71,18,132,58
8021067,266,16,264,103
6030660,122,17,154,65
8007823,79,6,137,52
6301228,103,34,269,116
8007824,243,27,274,113
6030659,79,34,255,111
6301227,27,27,192,85
8139113,69,25,266,109
8038283,130,12,114,48
8038284,96,18,254,101
8141901,93,16,87,41
8030057,171,25,153,70
8030055,118,36,206,96
8030054,95,39,244,111
8138606,77,34,190,89
8127822,127,8,257,95
8114282,97,19,120,54
8014201,190,25,164,74
8136522,14,14,139,58
8136523,82,28,185,83
8136524,127,5,152,56
9932001,67,9,87,36
8010382,140,29,108,57
8010383,224,38,248,112
8038798,238,9,216,81
9932002,165,8,137,53
8022118,29,8,82,34
8022119,117,32,215,96
9931999,256,38,266,118
9932000,98,37,97,58
8120639,174,20,246,99
8001150,246,16,226,90
8143584,32,18,122,54
6033203,235,19,239,96
6309906,22,20,108,51
8136908,30,16,246,97
8135706,103,15,165,68
8135705,129,14,211,83
8135704,123,24,241,100
8038679,84,16,94,43
8138163,167,11,167,66
8140021,6,10,114,46
8126769,30,11,196,76
8126770,17,10,95,40
8132676,81,26,88,48
8132685,67,33,102,57
8128206,166,11,243,92
8132684,168,39,259,116
8126771,203,8,227,85
8021785,34,29,142,69
8021784,79,23,252,103
8021787,21,12,176,69
8021783,15,38,286,125
8126768,35,5,122,46
8021786,107,16,77,37
8021782,65,37,116,65
8126767,192,34,208,95
8123874,119,19,128,57
8126766,144,18,130,57
8018543,58,28,250,106
8020203,41,20,267,106
8020470,167,38,185,89
6242317,200,12,191,75
8021013,69,24,108,53
6242318,224,16,228,90
8018893,186,26,260,108
8039874,110,11,105,44
8019981,125,24,188,81
8141466,28,39,105,62
8035176,233,12,242,93
8018518,141,19,192,80
8016561,4,6,232,85
8039028,22,8,207,78
8039034,140,35,277,120
8142525,170,5,169,62
8128204,12,14,161,65
8128205,142,27,126,62
8039031,152,16,124,54
8039032,91,40,251,114
8039030,175,36,136,71
8039029,256,25,244,102
8039033,87,20,195,81
8038215,180,35,199,92
8030011,74,30,233,101
8030013,99,37,274,120
8033115,163,7,218,81
6242319,159,9,252,94
6203582,248,7,254,93
8003056,44,23,185,80
8016511,120,10,224,85
6242320,205,13,167,67
8028590,268,36,279,121
8028591,115,14,208,82
8010487,61,20,100,48
8010488,164,17,205,83
8010485,139,40,112,65
8010486,74,28,189,84
8124078,56,19,90,44
8124081,6,7,199,74
8143779,305,33,283,121
8143815,30,15,241,94
8132686,95,7,145,55
8131066,20,40,161,82
8131041,152,10,186,72
8131047,12,9,85,36
8131046,70,11,200,77
8131077,82,15,206,82
8131089,105,11,243,92
8131065,14,10,86,37
8131088,15,11,83,36
8131072,153,33,162,78
8131061,57,30,112,59
8131083,86,29,249,106
8131073,230,21,196,82
8131062,67,26,191,84
8131084,46,14,97,43
8131075,72,10,222,84
8134134,221,29,187,84
8131098,115,21,110,52
8131087,78,34,234,104
8131074,96,33,252,110
8131063,7,36,165,81
8131085,103,13,219,85
8131071,139,12,122,51
8131040,57,5,238,87
8131060,62,15,250,97
8131079,72,11,106,44
8131058,42,7,196,73
8131070,60,6,80,32
8131059,317,38,286,125
8131081,48,16,127,55
8131056,124,31,281,119
8131057,47,35,118,64
8131055,10,19,246,98
8137779,43,5,148,55
8137777,50,19,83,41
8137778,124,19,136,60
8137780,42,36,197,92
8131048,213,35,240,107
8131044,35,7,108,42
8131043,186,38,164,82
8131039,54,12,78,35
8131042,115,14,133,56
8131080,12,23,134,62
8137784,30,19,197,81
8137785,34,22,116,55
8137782,162,29,197,88
8137781,91,33,103,58
8137783,92,22,187,80
8137786,34,26,146,68
8134084,113,10,138,55
8017216,45,21,81,42
8138124,138,27,216,93
9931813,238,37,227,104
8009987,196,39,191,92
8126961,171,25,269,110
8035110,125,10,91,38
8008142,40,14,87,40
8129521,106,11,173,68
8129519,13,16,218,87
8032622,129,9,169,65
8035180,175,18,196,80
8024290,123,39,128,70
8041707,14,28,235,100
8126960,110,34,122,65
8129520,261,33,235,104
8024795,134,23,234,97
8121475,137,5,159,59
8018327,108,34,229,102
8119465,27,33,283,121
8008107,143,37,180,87
8012042,63,37,147,76
8012041,16,14,182,73
8012366,21,38,202,95
8010206,57,39,198,95
8141797,22,7,237,88
8012365,60,15,143,60
8005358,151,19,263,104
8141798,22,23,139,64
8131104,106,9,119,48
8131105,13,10,223,85
8012861,17,35,241,107
8020935,158,33,247,108
8016547,50,16,206,83
8011917,209,8,231,86
8011918,144,23,154,69
8142757,154,35,231,104
8026008,61,27,146,69
8026007,123,18,98,46
8130790,108,29,277,116
8019972,220,27,212,92
8043407,118,35,99,57
8040969,160,34,238,105
8121105,208,20,171,73
8008702,4,11,208,80
8008699,91,30,120,62
8039644,153,35,163,80
8039643,120,9,88,37
8008703,100,6,77,31
8008700,165,34,193,90
8008704,114,35,235,105
8008701,79,29,121,61
8019948,67,17,264,103
8023141,178,33,139,70
8017645,57,17,144,61
8013450,189,6,153,57
8021644,210,30,170,79
8021714,35,14,78,36
8025844,134,38,118,66
8024728,197,29,222,97
8024727,160,23,169,74
8024726,176,20,219,90
8040880,91,22,163,71
8025293,14,39,213,100
8024740,160,14,193,77
8024736,36,28,111,57
8024737,98,37,128,69
8024738,73,19,154,66
8024739,224,32,232,102
8117222,81,23,132,61
8024706,52,5,88,34
8024701,80,14,111,48
6300945,26,36,157,78
8024700,46,37,103,60
6300944,203,21,201,84
8024699,23,5,200,73
6300943,28,29,110,57
8024702,38,12,220,85
6300946,59,10,212,81
8024703,89,11,103,43
6300947,43,8,102,41
6301836,28,8,190,72
8024693,130,10,219,83
8024692,87,39,106,62
8024691,111,22,192,82
8024746,96,22,202,85
8024745,120,40,103,62
8024744,273,23,259,106
8024759,53,36,189,90
8024758,247,33,219,98
8024757,28,29,142,69
8024734,115,14,216,85
8024732,79,13,227,88
8024735,7,35,206,95
8141027,47,27,156,72
8141026,268,29,233,100
8141050,275,27,251,105
8117215,13,25,192,83
8117216,107,33,106,59
8117217,127,25,236,99
8118560,130,34,228,102
8038907,113,26,134,64
8038906,167,29,131,65
8038905,108,5,121,46
8133111,59,38,265,117
8133128,97,25,176,78
8118561,114,20,176,75
8126129,117,35,166,81
8126130,234,28,270,113
8126116,32,8,166,63
8126117,11,13,223,87
8126113,4,7,145,55
8126120,234,29,231,100
8126119,108,19,133,59
8126121,33,31,191,87
8038915,128,8,98,40
8038914,172,40,273,122
8038913,153,8,234,87
8038916,115,12,120,50
8118562,44,38,245,110
8126111,31,5,150,56
8126110,1,10,70,31
8126108,95,23,120,57
8126112,14,7,169,64
8126105,120,15,110,48
8126106,227,38,192,92
8038911,209,24,238,99
8038910,93,10,164,64
8038909,131,22,135,62
8038912,3,19,123,55
8024697,3,13,259,99
8024696,75,28,115,58
8024695,288,28,278,116
8024698,14,29,96,52
8133129,128,30,199,89
8133130,36,21,257,104
8133131,248,33,267,115
8041132,99,19,93,45
8041133,132,37,251,112
8025831,55,22,213,89
8024712,128,40,190,93
8024711,45,15,114,50
8024710,41,25,220,93
8024713,25,28,269,112
8024724,31,15,186,75
8024723,218,23,242,100
8024725,45,36,132,70
8024754,18,28,216,94
8024753,67,7,126,49
8024752,184,18,176,73
8024755,81,15,211,84
8024756,223,6,198,73
6300950,44,32,196,89
6300948,60,9,142,56
8024716,55,29,163,76
8024715,56,30,230,100
8024717,47,11,82,36
8024748,78,36,172,84
8024747,160,6,241,88
8024750,104,25,87,47
8024751,105,36,114,63
8032366,45,11,158,62
8024704,204,40,275,122
8024705,111,10,181,70
8024694,120,10,203,78
8030141,123,11,84,37
8030148,115,23,107,52
8030143,195,19,209,86
8030149,121,10,155,61
8030154,132,21,133,60
8030145,131,37,254,113
8030151,8,20,238,96
8030155,195,27,271,112
8030146,212,30,219,96
8030152,118,19,163,69
8030158,44,13,86,39
8024730,29,24,120,58
8024729,16,29,183,83
8126154,110,37,109,62
8133146,41,25,136,64
8133140,204,5,255,93
8133141,102,15,203,81
8133142,45,15,217,86
8117210,38,6,101,39
8126889,37,40,100,61
9999138,149,37,113,64
9995411,101,14,113,49
8025274,115,5,92,35
9995476,150,20,187,78
8004175,4,18,136,59
8012101,124,5,213,78
9998744,114,18,174,73
8127788,182,24,227,95
8127806,18,18,180,75
8138840,223,25,185,81
9999781,98,32,119,62
9999779,49,36,263,115
8012474,102,21,152,67
8138841,43,29,230,99
8143669,173,36,229,104
8042714,67,8,253,94
8040942,39,40,224,104
8030209,29,7,241,89
8143668,246,40,269,120
8026951,47,6,115,44
8128990,84,6,233,85
8015927,211,31,202,91
8128357,22,11,124,51
8127617,81,22,83,43
8128989,19,12,102,44
8015745,205,21,165,71
8015928,152,20,248,100
8130727,220,32,224,99
8143667,67,22,184,79
8119251,173,12,159,63
8141008,33,26,151,70
8141007,133,36,172,84
8141006,155,17,228,91
8141020,62,30,134,66
8141019,48,27,263,110
8141018,56,22,118,56
8141009,29,16,121,53
8141023,206,20,176,75
8141022,250,40,260,117
8141021,97,17,206,83
8141015,71,39,186,90
8141017,178,19,155,67
8141014,144,10,246,93
8141016,231,36,217,99
8141011,124,32,149,73
8141013,98,6,88,35
8141010,19,12,200,78
8141012,80,14,176,71
8141002,222,11,237,90
8141001,71,6,72,29
8141000,88,32,249,108
8141024,71,15,193,77
8141005,35,14,104,46
8141004,249,21,214,89
8141003,68,39,220,102
8118475,236,14,245,95
6300887,64,39,139,74
8128415,145,29,159,75
8117990,225,30,185,84
8128414,228,36,208,96
8123439,191,37,260,115
8123438,141,34,205,94
8128411,145,18,227,91
8133602,185,38,150,77
8122889,19,15,130,55
8017062,26,27,161,74
8128413,165,19,139,61
8138818,260,39,239,109
8118839,105,27,243,103
8128412,55,23,99,50
6300903,157,36,166,82
6300886,43,27,268,111
8131673,41,19,91,44
8123440,136,25,167,75
6300894,255,34,260,113
6300882,53,27,121,60
8024093,117,39,204,97
8139707,4,10,255,96
8139708,61,8,121,48
8117182,179,33,162,78
6300890,161,40,216,102
8113894,4,8,115,45
8023086,64,9,149,58
8119335,76,13,197,77
8119339,71,38,121,67
8119336,4,25,169,75
8119338,90,36,196,92
8119340,21,29,170,78
8119337,92,13,83,38
8022700,150,20,138,61
8119284,219,29,277,116
8119283,61,18,121,54
8140152,135,17,100,46
8110453,127,31,125,64
8143719,68,30,128,64
8026692,145,7,130,50
8021251,63,29,132,65
6301864,214,7,223,83
8021252,11,19,149,65
9931766,87,9,242,91
8012791,36,23,129,60
6301848,131,32,213,95
8021240,117,29,179,82
6301857,130,30,164,77
8014701,103,20,139,62
8036601,6,8,93,38
8118144,141,39,107,63
8021234,186,14,212,83
6301862,180,40,150,79
8033450,45,32,161,77
8014702,12,19,140,61
8123496,26,21,253,102
8031516,108,16,149,63
8031514,114,17,155,65
8123497,74,22,178,77
8012788,81,28,95,51
8023280,172,36,262,115
8021249,84,13,133,55
8003312,259,31,223,98
8017072,100,8,185,70
6301844,73,9,91,38
8023275,66,12,262,100
8022223,158,13,160,64
8033433,196,39,281,124
8021243,110,15,88,41
8021244,154,9,211,80
8023278,90,35,97,57
8017073,78,12,196,76
8019242,171,27,146,69
8134902,233,8,205,77
8134903,195,10,213,81
8140571,17,7,185,69
8123498,25,20,145,64
8118142,124,17,128,56
8021237,51,36,114,63
8021238,119,34,173,83
8140498,185,25,149,68
8021239,100,9,74,32
8021247,69,28,233,100
8120416,123,17,233,93
8026690,67,31,163,77
8026691,46,40,264,118
8143718,90,25,261,108
8010861,59,32,209,94
8021250,44,37,229,104
8023152,69,37,103,60
9992818,174,27,225,96
8142711,184,25,164,74
8142712,191,13,261,100
8142714,41,34,181,85
8142715,76,6,122,47
8142716,65,39,283,124
8142717,114,9,130,51
8142718,245,37,264,116
8124474,103,19,224,91
8124477,245,10,239,90
8124475,121,5,139,52
8124478,181,24,170,75
8124476,100,8,212,79
8124479,7,34,122,65
8009483,87,33,107,59
8010862,60,28,118,60
8023214,257,38,256,114
8139687,115,30,147,71
8139688,82,39,260,116
8139686,53,15,201,80
6530369,36,28,230,99
8003906,123,37,218,100
8021607,31,18,200,82
9996210,155,11,200,77
9992934,127,16,103,46
8113482,50,27,193,85
8113483,169,29,276,115
8113484,1,16,248,97
8109806,51,10,189,73
8109804,62,20,181,76
8124425,92,16,77,37
8136860,51,11,94,40
8135292,231,33,238,105
8138925,91,23,90,46
8138923,189,21,268,107
8138922,50,10,115,47
8138924,87,9,72,31
8141789,164,38,159,80
8141788,137,14,213,84
8141792,239,10,225,85
8141791,183,12,175,69
8141790,37,8,86,35
8121506,166,10,211,80
8121507,22,25,103,52
8009917,10,8,90,37
8009918,36,17,153,65
8009919,25,10,74,32
8012573,89,10,101,42
8009920,177,28,274,114
8012574,122,19,102,48
8009923,150,7,213,79
8013947,127,37,113,64
8009924,272,32,268,115
8009925,180,9,202,77
8012576,35,40,234,108
8009926,97,14,110,48
8009927,101,16,157,65
8009928,32,23,162,72
8009929,233,22,195,83
8009930,56,12,164,65
8009932,110,20,268,107
8009933,73,36,274,119
8009934,14,8,169,64
8121509,92,11,185,72
8009935,282,34,260,113
8009939,18,40,169,85
8128087,3,18,156,66
8033381,152,6,212,78
8110082,7,16,177,72
8110085,164,40,175,87
8110080,133,40,189,92
8110083,210,25,268,110
8110039,144,18,144,62
8032353,123,26,214,92
8032351,2,21,226,93
8032352,76,16,208,83
8110074,107,25,202,87
8110079,89,39,164,83
8110071,25,21,121,56
8110072,108,16,126,55
8123451,86,39,131,71
8123449,179,11,187,73
8123450,139,24,224,94
8123448,75,6,175,65
8130666,195,38,241,109
8130667,18,27,101,53
8130670,122,32,247,107
8118226,65,16,160,66
8118231,89,39,269,120
8118227,168,16,217,86
8118232,86,31,148,72
8118228,233,28,211,92
8118229,220,36,262,115
8118230,174,16,218,87
8130983,67,36,102,59
8130984,217,29,266,112
8130982,206,21,254,103
8110100,256,35,273,118
8110104,230,29,208,92
8110106,67,31,210,94
8121728,215,18,242,96
8110044,91,19,85,42
8140212,3,18,263,104
8140213,124,36,107,61
8140214,107,15,173,70
8115711,1,33,149,74
8115710,195,10,198,76
8033168,114,9,75,32
8143130,64,8,210,79
8110141,186,40,197,95
8110126,222,24,216,91
8110142,161,13,139,57
8032355,30,38,109,63
8135860,305,19,268,106
8131461,14,22,268,108
8131465,97,31,204,92
8131463,131,14,125,53
8131462,241,9,231,87
8131466,125,25,255,106
8118221,32,13,100,43
8124700,97,10,257,96
8119047,18,17,210,85
8119038,68,23,157,70
8119034,231,35,267,116
8124701,29,26,97,51
8119048,77,18,199,81
8124705,178,36,194,91
8119044,10,14,210,83
8119040,68,12,119,49
8141618,201,30,208,92
8138140,130,17,215,86
8138139,41,28,161,75
8138141,78,30,260,111
8135228,43,40,236,109
8135229,127,32,157,76
8135226,171,28,153,72
8135227,186,24,211,89
8133759,205,37,178,86
8133760,214,29,193,86
8133763,119,11,103,43
8133761,101,23,169,74
8133762,229,7,216,80
8140211,2,30,274,115
8140210,19,12,144,58
8140209,273,32,267,114
8142198,18,35,245,109
8140200,53,38,116,65
8140202,13,25,166,74
8140201,47,34,249,109
8142196,83,23,178,77
8142201,96,22,160,70
8132079,32,19,173,73
8132088,47,12,76,34
8132085,158,19,181,76
8132086,79,34,178,84
8132082,174,12,183,72
8132080,62,27,173,78
8132087,8,5,229,83
8132083,232,25,226,95
8132084,131,37,196,93
8132081,105,28,256,108
8124225,124,13,178,71
8124226,99,36,249,111
8124223,168,34,163,79
8124216,100,11,252,95
8128577,108,9,188,72
8128569,152,7,134,51
8128573,153,17,227,91
8128570,271,24,252,104
8128586,113,16,93,43
8128572,135,20,251,101
8128587,173,37,204,95
8128582,170,32,280,119
8128585,205,14,258,99
8128571,59,31,180,83
8142909,90,5,135,51
8142910,29,10,244,92
8142912,106,28,174,79
8142911,34,16,216,86
8110051,111,40,122,69
8110052,101,25,198,86
8110049,194,5,201,74
8110047,111,20,185,78
8110050,73,28,214,93
8113112,218,17,194,79
8113104,16,28,166,76
8113110,9,16,118,52
8143761,52,29,166,77
8143760,156,9,124,49
8143759,232,9,207,78
8143762,163,6,219,81
8136829,185,30,227,99
8136828,193,28,235,100
8136830,176,31,255,109
8115713,3,34,140,71
8115712,67,28,88,49
8110084,105,37,131,70
8032362,26,5,161,60
8032363,159,18,181,75
8110115,116,24,168,74
8033780,18,30,112,59
8110099,103,26,99,52
8110093,136,20,167,71
8110091,173,23,226,94
8110092,112,32,281,119
8110090,282,40,274,122
8115707,125,24,252,104
8143139,81,27,231,98
8143140,173,5,164,61
8143141,61,24,175,77
8143142,274,5,240,87
8111974,45,24,134,63
8118048,77,21,169,73
8110063,26,38,200,95
8121718,131,22,166,72
8121719,59,21,265,106
8110062,2,20,95,46
8137299,221,20,242,98
8134295,107,36,274,119
8110060,123,16,119,52
8110061,197,24,260,107
8131473,91,34,212,96
8034938,167,32,227,100
8131478,136,29,193,86
8131477,206,37,232,105
8142210,119,37,186,89
8142212,109,6,209,77
8142211,252,19,241,97
8142214,154,29,260,110
8142213,130,18,209,85
8139016,1,17,102,47
8139014,41,13,181,72
8139017,125,19,180,75
8139015,280,8,247,92
8139018,68,40,117,67
8134333,43,15,150,62
8134336,120,25,181,80
8134340,88,12,188,74
8134341,117,36,209,97
8134334,41,26,244,102
8134338,182,38,157,80
8021045,87,8,151,58
8118979,126,6,185,69
8127947,69,15,215,85
8020464,91,11,179,70
8014876,229,7,205,76
8027038,135,16,122,53
8127946,62,22,127,59
8118978,69,28,267,112
8127945,2,27,224,96
8142478,15,39,154,79
8142477,29,6,69,28
8127943,227,25,200,86
8142446,217,35,206,95
8012109,11,38,120,67
8025592,96,13,107,46
6030214,9,15,136,57
8008483,146,28,227,98
6300998,92,21,142,63
8118957,16,31,98,54
8003947,98,16,116,51
8128870,131,6,214,79
8118945,141,34,179,85
8027033,177,18,213,86
8032484,86,38,196,93
8022602,49,7,134,51
8142481,205,19,259,103
8142480,40,36,248,110
8142479,272,7,257,95
8127948,143,26,194,85
8022603,99,37,230,105
8127944,112,24,111,54
8142445,180,18,261,103
8012108,61,30,105,56
8128871,67,34,153,76
8027036,41,33,222,99
8042278,164,9,147,57
8027037,87,29,215,94
8027035,41,13,101,44
8003949,29,22,117,55
8135384,82,16,212,85
8135385,297,28,276,115
8138933,133,18,169,71
8138932,108,11,106,44
8138935,85,30,177,81
8138931,19,6,95,37
8138930,37,37,154,78
8138936,145,38,181,88
8131625,88,13,80,36
8036787,110,22,208,87
8036793,161,11,217,83
8032475,29,10,77,33
8032476,26,12,139,56
8036788,56,5,138,52
8037397,24,33,123,65
8036791,103,29,172,79
8036789,119,33,259,112
8032479,39,22,94,47
8032477,104,14,261,100
8036792,120,30,231,100
8036790,197,24,240,100
8132070,70,18,152,65
8132074,108,35,175,84
8132071,5,39,175,87
8132075,142,23,110,53
8131624,305,40,279,124
8039167,122,12,213,82
8039170,80,22,168,73
8039172,166,8,211,79
8039169,139,12,138,56
8132076,147,29,140,68
8132072,176,27,150,70
8132069,168,8,216,81
8132073,98,13,81,37
6030553,194,14,234,91
8140959,26,20,181,76
8142078,13,39,161,82
8142076,5,5,181,67
8142077,94,38,192,92
8134442,83,29,240,103
8008484,54,36,203,94
8003948,317,30,277,116
8022607,118,28,176,80
8022608,256,18,244,97
8134441,87,26,109,55
8007752,245,37,226,103
8141304,120,27,91,49
8141305,244,28,235,100
8141306,10,24,142,65
8141307,147,32,268,115
8141308,117,20,170,73
8141309,164,5,205,75
8142188,30,28,170,78
8142189,139,9,217,82
8142190,150,35,178,85
8142191,116,38,183,89
8142184,22,9,185,71
8142185,25,20,82,42
8142187,181,17,145,62
8142186,128,34,126,66
8120919,54,34,114,62
8120921,194,21,254,103
8121863,150,38,216,100
8023330,123,13,115,49
8121902,63,34,203,93
8132583,60,11,125,51
8140029,4,19,87,43
8132590,20,10,142,56
8132584,68,27,167,76
8132588,1,40,126,70
8132585,135,31,156,75
8132589,135,14,148,61
8132586,81,17,134,58
8140030,33,38,199,94
8140031,141,24,121,58
8132587,198,29,231,100
8140028,77,31,214,95
8122625,74,7,90,36
8128627,111,12,156,62
8023336,190,11,166,65
8122627,26,21,144,64
8023337,82,20,160,69
8023339,163,6,133,50
8122628,206,27,201,88
8023340,126,8,175,66
8134511,66,22,189,80
8134512,5,8,156,60
8134513,120,36,211,97
8134514,265,14,236,92
8134515,224,7,246,91
8141313,22,16,92,43
8141311,201,25,209,89
8141312,147,24,201,86
8142192,20,27,235,100
8023354,89,17,151,64
8008569,24,21,93,46
8008570,163,35,245,109
8033336,117,5,113,43
8120925,203,9,239,90
8120926,44,40,199,96
8120927,165,14,256,99
8121862,115,31,162,77
8121864,70,23,190,81
8121865,143,20,224,91
8121866,59,14,105,46
8127440,134,28,197,87
8132591,94,28,214,93
8132592,16,29,236,101
8132593,80,19,101,48
8127441,150,9,189,72
8127442,233,37,276,121
8025623,9,19,89,44
8128334,80,37,191,91
8128337,1,36,154,77
8121875,123,33,101,57
8121876,162,23,123,58
8023329,66,9,79,34
8023328,87,13,138,57
8025621,124,16,207,83
8142779,143,15,194,78
8142780,268,24,231,96
8142782,55,14,104,46
8142781,114,35,147,74
8121894,126,26,183,81
8121897,105,19,234,94
8121898,134,9,130,51
8121899,57,10,199,76
8122610,281,16,245,96
8122612,83,29,168,78
8122611,25,23,105,52
8032940,116,31,166,78
8008565,116,26,114,57
8121908,32,32,152,74
8138874,41,10,157,61
8138875,111,16,209,84
8138878,299,39,278,123
8138876,52,24,259,106
8138877,124,6,167,62
8121880,106,18,120,54
8127551,193,6,162,61
8032319,80,6,98,38
8033338,26,35,280,121
8140267,98,30,172,80
8140268,93,22,250,102
8140269,18,32,109,59
8140270,187,23,176,77
8140271,48,26,175,78
8140272,103,30,164,77
8135831,159,36,122,66
8135832,117,23,171,75
8135838,20,36,127,68
8135833,72,21,209,87
8135839,171,29,178,81
8135834,145,36,131,69
8135835,19,5,203,74
8135836,207,17,242,96
8135837,228,36,258,114
8135840,174,33,163,79
8135841,16,36,246,110
8133873,107,15,147,61
8133874,140,14,261,100
8133875,50,36,169,83
8133876,98,24,156,70
8141315,39,32,113,60
8141317,121,26,98,51
8141318,107,29,109,57
8141319,126,31,203,91
8122614,238,33,242,106
8122613,132,20,224,91
8121887,85,12,119,49
8121888,296,25,271,111
8121889,178,29,226,98
8121890,43,5,108,41
8122615,75,10,213,81
8121891,175,32,175,82
8121892,30,27,183,82
8041284,45,22,225,93
8126599,116,11,155,61
8126600,51,7,112,44
8126601,116,14,88,40
8126602,43,36,177,85
8126603,145,18,191,79
8126604,121,7,251,92
8126605,176,38,205,96
8126606,145,32,195,89
8129290,95,11,83,36
8129291,65,20,183,77
8126608,159,16,221,88
8126609,171,16,246,97
8126615,14,35,117,64
8126607,5,18,206,84
8129293,57,19,249,100
8129292,1,40,101,61
8041303,90,18,166,70
8041304,117,22,124,58
8041305,24,7,122,47
8033332,114,5,143,53
8023315,235,35,197,92
8025607,101,11,74,33
8123114,216,14,187,75
8121879,2,27,224,96
8023319,6,29,211,93
8033331,40,28,91,50
8041232,87,38,136,72
8141750,118,20,234,95
8141751,114,10,127,51
8132739,122,16,96,44
8138873,186,37,154,78
8121857,90,15,81,38
8121859,38,19,236,95
8125944,95,17,214,86
8131699,219,21,206,86
8131700,125,17,259,102
8023321,156,39,150,78
8121860,71,29,200,89
8025639,82,33,155,76
8121871,34,10,207,79
8121872,289,24,253,104
8121873,143,6,186,69
8120924,115,27,191,84
8121861,5,27,227,97
8122618,235,26,220,94
8127446,106,23,152,68
8121870,85,24,144,66
8121867,8,20,199,83
8121868,208,23,235,97
8121869,97,21,204,85
8023360,278,28,278,116
8023361,58,10,214,81
8023362,32,32,227,100
8141485,11,26,253,105
8141486,209,12,262,100
8141487,58,37,120,66
8141488,119,13,79,36
8141489,54,10,180,70
8141490,259,15,252,98
8122630,180,6,245,90
8143500,53,18,129,57
8143501,194,9,197,75
8111640,239,26,259,108
8041240,98,9,75,32
8041235,206,25,246,102
8041238,30,13,109,47
8041239,269,19,248,99
8142193,82,27,108,55
8133850,63,11,95,40
8140297,167,7,152,58
8140298,87,26,251,105
8033217,116,23,110,53
8135855,85,31,188,86
8033243,136,30,232,101
8126586,135,14,195,77
8126594,152,26,183,81
8126590,33,37,120,66
8138890,67,10,165,64
8033207,97,23,100,50
8033240,61,13,130,54
8138889,61,28,146,69
8033245,86,25,204,88
8143508,245,36,232,105
8143507,0,40,186,91
8033234,109,16,254,99
8143509,38,14,129,54
8033229,78,13,153,62
8124286,200,21,232,95
8033210,138,38,190,91
8033222,199,19,244,98
8135857,74,15,130,55
8033242,82,6,136,52
8033202,217,37,237,107
8135859,109,18,185,76
8129299,131,25,127,61
8033253,39,18,150,64
8033218,144,35,138,71
8135858,136,15,167,68
8135856,32,37,262,116
8140301,64,26,203,88
8033250,91,18,207,84
8124963,34,35,215,98
8138891,52,17,122,54
8122701,19,33,277,118
8122694,54,34,216,98
8122705,258,5,238,87
8122706,47,23,218,91
8135851,121,12,136,55
8122695,8,13,93,41
8122707,208,17,256,101
8135854,66,29,228,99
8122696,131,31,111,59
8122697,72,39,273,121
8135853,154,21,234,96
8135852,55,40,150,79
8122692,8,28,134,65
8122699,225,10,210,80
8122700,5,19,140,61
8033213,101,18,132,58
8033263,11,16,135,58
8124962,125,18,182,75
8138887,183,32,198,90
8138888,141,32,106,58
8129297,19,34,105,59
8143510,38,34,265,115
8033204,258,21,251,102
8140294,226,19,268,106
8033200,95,29,157,74
8033216,178,15,222,87
8033201,194,7,235,87
8033220,105,31,177,82
8033199,4,24,200,86
8033215,25,38,183,89
8133402,234,30,195,88
8033191,9,19,135,60
8033190,173,23,201,85
8141964,38,26,93,49
8130259,36,8,137,53
8039985,94,35,134,70
8039984,101,14,192,76
8031197,30,16,252,99
8135406,70,10,97,40
8124346,98,22,95,48
8124345,66,10,111,45
8130257,75,35,251,111
8130258,123,35,125,67
8113841,168,25,209,89
8113848,126,39,271,120
8113844,113,20,179,76
8113846,82,26,126,61
8015762,101,29,94,52
8134679,169,21,181,77
8109923,138,20,174,74
6220476,60,24,111,54
6220475,177,26,173,77
6220474,26,12,218,84
6220473,134,12,246,94
6220472,217,10,190,73
6220471,72,26,184,81
8140195,77,18,133,58
8133926,32,18,205,83
8140199,150,21,173,74
8133930,49,28,224,97
8133919,37,34,120,64
8140196,68,14,132,55
8133920,125,22,216,90
8136509,136,37,156,79
8133927,183,36,151,76
8140198,10,31,153,74
8133925,229,20,196,82
8133922,59,10,160,63
8133921,160,16,136,58
8133923,103,39,108,63
8133924,88,17,119,53
8140194,121,25,193,84
8133928,257,17,223,89
8133932,49,25,173,77
8133931,111,21,128,58
8133929,159,38,263,117
8139946,90,5,158,59
8136861,110,34,176,84
8122098,139,29,115,59
8039646,115,6,240,88
9999386,176,28,197,87
8023269,71,21,108,51
8023307,92,25,86,46
8034167,193,8,245,91
8023291,92,23,254,104
8141779,10,15,200,80
8141778,45,24,216,91
8141777,21,9,141,55
8141780,105,40,166,84
8141781,118,35,109,61
8141782,129,39,105,62
8141783,266,26,253,105
8141784,12,33,214,96
8141785,125,17,88,42
8032456,106,19,81,41
8121850,190,39,173,86
8023222,50,38,263,117
8121827,77,32,128,66
8121841,105,6,132,50
8121991,133,10,172,67
8034163,91,7,209,78
8143502,111,15,153,63
8024857,112,17,112,50
8032444,93,8,133,52
8023255,56,17,113,51
8023256,22,12,184,72
8121834,85,32,262,113
8024851,41,8,77,32
8121992,136,28,219,95
8143504,52,18,194,80
8024854,142,6,169,63
8143505,123,13,209,82
8143503,53,15,212,84
8121994,197,13,205,80
8128349,80,9,183,70
8128347,136,16,146,62
8143506,164,25,216,92
8121826,198,28,165,76
8143517,254,18,252,100
8121838,200,33,172,82
8025570,162,29,155,73
8128348,136,34,276,119
8041280,120,16,101,46
8120913,78,13,157,63
8111968,88,25,88,47
8111960,18,27,213,92
8111961,88,37,177,86
8111948,137,8,143,55
8132747,217,5,210,77
8120915,127,15,180,73
8126612,83,18,163,69
8123704,112,24,92,48
8126610,141,13,128,53
8132742,78,9,115,46
8111959,10,39,112,65
8126614,180,20,235,95
8135843,196,16,179,73
8135845,270,19,258,103
8135844,93,6,110,42
8123707,168,29,177,81
8132743,33,39,261,117
8035504,273,31,268,114
8122095,174,19,185,77
8122668,228,18,231,93
8036403,158,10,246,93
8121953,115,6,175,65
8122949,9,6,131,50
8121952,34,27,270,112
8121947,86,35,99,57
8036384,143,38,118,66
8036398,127,14,209,82
8122097,202,17,221,88
8036391,60,13,110,47
8135847,178,27,263,110
8133866,146,17,218,87
8135848,165,19,224,91
8135849,51,37,256,114
8133403,137,21,207,86
8122665,229,11,195,75
8133405,152,17,158,66
8135850,204,34,249,109
8122951,51,18,100,47
8023309,64,39,242,110
8122166,230,19,191,79
8035659,138,40,144,76
8023289,79,8,142,55
8132707,161,28,177,80
8007969,121,16,100,45
8039664,65,6,247,90
8126064,64,26,152,70
8020295,132,30,107,57
8133237,49,13,88,39
8135863,202,40,200,96
8133230,15,11,237,90
8133234,110,32,110,59
8133232,12,25,104,53
8133233,108,28,196,87
8135864,109,30,148,71
8133231,188,8,152,58
8135865,37,8,229,85
8133235,133,33,214,96
8003313,46,5,70,28
8141861,107,20,96,47
8143703,102,34,127,67
8143938,152,21,192,81
8143939,57,12,88,39
8132567,21,20,230,94
8132569,44,37,272,119
8140708,3,13,223,87
8140784,7,12,206,80
8143702,1,27,126,62
8136078,36,30,130,65
8136079,97,26,221,94
8140785,65,10,108,44
8140709,79,21,83,43
8140711,20,25,128,61
8140710,164,8,147,57
8134482,117,8,80,33
8140712,56,31,232,101
8129333,20,35,107,60
8129334,73,16,236,93
8138369,146,35,173,83
8140787,27,24,140,65
8140716,48,14,203,80
8143704,50,12,199,77
8134056,79,11,92,39
8140786,9,32,222,99
8143706,261,32,259,111
8141226,48,38,277,122
8141246,13,33,150,74
8034590,57,10,131,52
8034593,150,14,220,86
8034589,136,13,224,87
8034592,167,31,138,68
9996048,257,30,258,110
9996047,48,28,155,72
8038492,36,31,217,96
8041382,113,32,146,72
8041383,157,40,221,103
8022072,219,32,259,111
8009227,109,38,152,78
8041384,31,28,129,63
8016464,27,11,136,55
4884042,72,19,245,98
8141643,107,7,110,43
8030253,166,36,181,87
8015666,143,39,215,101
8138054,44,39,271,120
8039622,104,15,96,43
8039621,128,31,227,100
8039623,101,14,77,36
8134342,135,20,106,50
8121340,208,17,200,81
8039620,71,38,166,83
8121339,226,23,228,95
8139637,99,14,206,81
8139638,135,21,223,92
8038652,22,19,94,45
8139631,5,28,150,71
8139632,76,10,154,60
8139633,191,9,240,90
8139634,97,33,241,106
8139635,231,40,211,100
8139636,52,25,102,52
8113596,153,32,185,86
8025418,50,10,190,73
8025429,45,10,196,75
8025417,190,24,155,70
8025428,174,28,254,107
8115681,118,11,228,87
8115684,133,40,120,68
8115680,61,29,231,100
8115683,90,39,114,65
8025415,43,14,147,61
8025426,306,40,278,123
8139042,70,39,114,65
8136448,19,31,244,106
8136449,31,32,98,55
8142701,78,38,125,68
8128984,50,31,210,94
8128985,22,12,140,57
8025421,5,22,222,92
8025440,88,20,146,64
8025416,140,12,164,65
8025427,64,32,141,70
8018337,207,37,281,122
8115685,63,37,157,79
8012070,243,5,203,74
8025453,46,15,140,59
8136450,60,36,245,109
8138943,174,14,175,70
8128883,43,15,193,77
8128887,91,9,88,37
8136451,239,9,256,95
8138701,59,30,168,78
8138702,157,37,156,79
8142702,71,33,108,59
8136452,142,8,178,68
8138703,2,34,161,78
8025396,125,5,208,76
8025407,128,9,115,46
8025414,65,11,148,59
8025395,71,12,143,58
8025406,161,30,254,108
8115678,119,9,151,59
8115679,46,20,95,46
8115675,42,12,190,74
8115677,133,32,157,76
8025382,276,39,240,109
8025404,122,34,243,107
8139043,102,22,120,56
8136446,35,32,176,82
8136447,71,31,139,69
8142700,251,34,233,104
8128982,1,25,99,51
8128983,20,22,154,68
8025399,93,40,172,86
8025410,49,23,128,60
8025394,53,37,166,82
8025405,90,24,169,75
8141295,88,20,223,91
8126845,80,5,93,36
8123572,139,24,228,95
8126850,273,25,274,112
8130254,130,26,124,60
8126847,82,26,99,52
8123574,102,27,228,97
8126848,213,33,274,117
8123575,43,20,227,92
8126846,49,8,75,31
8123573,108,37,246,110
8126849,70,27,111,56
8123576,133,37,279,122
8128517,151,21,248,100
8025375,37,37,224,102
8140438,123,8,117,46
8014115,101,12,84,37
8133611,32,30,154,73
8141646,75,27,140,67
8030429,263,9,259,97
8041385,73,29,218,95
8041386,66,32,102,57
8026696,150,10,212,81
8141654,238,9,250,93
9999864,217,11,229,87
8132373,98,38,189,91
8009276,146,19,115,53
8015318,46,16,253,99
8121579,74,30,212,94
8121580,75,19,124,56
8031005,165,32,210,94
8021812,119,13,125,52
8021811,240,7,217,81
8132363,58,24,244,101
8121578,189,16,252,99
8121581,59,34,125,66
8135962,79,13,208,81
8141110,192,15,154,64
8125665,37,6,116,45
8132374,193,28,194,86
8132375,177,34,159,78
8020020,181,36,208,96
9996288,260,39,284,125
9997435,190,10,186,72
8033953,61,19,167,71
8113609,100,37,117,65
9996828,177,5,171,63
9997436,35,28,104,55
8014141,177,14,155,63
8039420,259,31,247,107
8010498,8,23,146,66
8038494,34,9,75,32
8013101,17,31,161,77
8018841,289,29,278,116
8015989,243,9,244,91
8128504,138,24,171,75
8128505,137,28,102,54
8116825,17,7,136,52
8039859,167,15,217,86
8039860,129,21,138,62
8034228,194,38,219,101
8021716,274,25,261,108
8123917,58,28,259,109
8123918,114,37,112,63
8123919,61,27,270,112
8123916,17,15,81,38
8123920,25,7,83,34
8142813,115,7,132,51
8032493,195,31,182,84
8027479,84,35,120,65
8110946,209,38,177,87
8122325,80,13,251,96
8122324,112,28,151,71
8116977,158,21,180,77
8116978,222,18,233,93
8012579,28,31,120,62
8012578,34,9,253,94
8014919,0,21,222,91
8014920,54,9,70,30
8133268,21,17,165,69
8133267,57,10,235,89
8022262,189,31,166,78
8128782,110,40,205,98
8128781,54,17,161,67
8020603,79,28,134,65
8020601,27,26,266,110
6300171,19,9,87,36
6309931,100,35,173,83
8021925,45,31,214,95
8123033,11,39,144,76
8020602,198,12,200,78
8040094,121,23,244,100
9999673,118,15,101,45
9999676,154,32,178,83
9999675,236,35,256,112
8021967,78,11,156,62
6032604,270,14,235,91
8021969,179,12,250,95
8021968,114,8,203,76
8123031,41,17,250,99
8040092,107,40,182,90
6030872,35,11,242,92
8143495,40,6,85,34
8143496,188,32,217,97
8143497,80,8,127,50
8143498,68,37,122,67
8003769,19,14,192,76
9931820,14,9,238,89
8003768,119,31,125,64
8003762,122,13,147,60
9931822,181,35,220,100
8003759,120,24,173,76
8003763,58,31,98,54
8003807,233,30,227,99
8003772,0,6,102,40
8003774,183,10,228,86
8003773,49,21,141,63
8003765,12,5,155,58
8003771,40,13,157,63
8003767,46,28,237,101
8003776,5,16,208,83
8003778,26,7,115,45
8003758,63,22,83,43
8003770,15,10,135,54
8003757,65,25,166,74
8003779,145,19,133,59
8003761,76,22,140,63
8003780,45,35,270,117
8003781,106,22,84,44
8003760,83,25,128,61
8003783,189,39,196,94
8003764,79,9,89,37
8003784,30,35,125,67
8003808,158,16,178,73
8003766,17,32,149,73
8003756,241,19,232,94
8003785,105,11,221,85
8003809,110,23,149,67
9931825,110,22,256,104
8003810,62,36,230,104
8016538,121,21,164,71
8016535,111,16,87,41
8016539,156,8,191,72
8016536,223,13,201,79
8016540,106,22,196,83
8016537,0,21,92,46
8032936,85,24,184,80
8032928,136,5,215,79
8132472,42,37,215,99
8112552,136,35,105,60
8112555,247,6,256,94
8112556,212,26,265,110
8112558,86,11,245,93
8112564,138,32,164,78
8112561,173,12,195,76
8112562,17,19,95,46
8112563,304,31,273,116
8021627,23,19,194,80
8133637,101,40,116,67
8133638,148,20,112,52
8133639,62,40,129,71
8142181,40,5,133,50
8131562,7,31,190,87
8131573,177,21,174,75
8142169,298,16,261,102
8142183,64,11,112,46
8131561,29,35,110,61
8131564,85,13,75,35
8131565,101,12,246,94
8131567,82,5,218,80
8135543,113,9,230,86
8135515,119,38,169,84
8135514,68,31,205,92
8137794,83,18,120,54
8137793,189,29,279,117
8131560,112,34,212,96
8137795,36,20,86,43
8131570,166,8,255,94
8131574,77,12,147,59
8142182,80,32,152,74
8142170,76,22,159,70
8131563,58,29,89,50
8131572,105,40,184,90
8138260,116,20,97,47
8137797,165,10,187,72
8131568,258,9,254,95
8138945,286,11,248,94
8138950,50,16,189,77
8135029,131,34,234,104
8133633,127,36,284,123
8142904,4,10,199,76
8133635,54,12,162,65
8142905,126,24,155,70
8133632,27,22,109,52
8142903,98,18,122,54
8133636,129,36,135,71
8142906,112,17,161,67
8142899,1,25,177,78
8142900,111,32,127,65
8142902,158,33,208,94
8142901,78,11,150,60
8135516,3,21,97,48
8135517,26,40,131,72
8135518,182,27,276,114
8135520,72,30,224,98
8135519,114,11,204,79
8133631,137,20,248,100
8142898,225,33,246,108
8138903,1,39,116,66
8138904,191,13,197,77
8138902,6,19,221,90
8136647,37,22,154,68
8136648,97,12,74,34
8139244,107,11,261,99
8139243,106,24,191,82
8139245,222,25,242,101
8134584,275,12,238,91
8134586,116,25,114,56
8134588,57,9,73,31
8134599,57,38,155,79
8134592,206,24,167,74
8134590,20,20,213,88
8134594,96,12,108,46
8134593,77,28,96,52
8134583,20,8,73,31
8139239,71,39,174,86
8134596,76,10,145,57
8134605,102,9,94,39
8134603,27,10,137,54
8134604,16,5,195,72
8134587,30,29,241,103
8134597,115,8,98,40
8134598,18,34,159,78
8134585,115,38,255,114
8134595,92,26,94,50
8134589,118,33,218,98
8136646,37,15,198,79
8136645,157,40,125,70
8139240,194,39,160,81
8139241,13,6,223,82
8139242,31,7,119,46
8136649,64,40,218,102
8132853,111,7,230,85
8141467,84,35,167,81
8139039,43,12,148,60
8139040,27,40,200,96
8139041,256,11,233,89
8138134,45,18,250,99
8138135,174,11,183,71
8138133,59,30,163,77
8132746,88,23,132,61
8132745,161,11,183,71
8110785,64,36,151,76
8110784,123,12,99,42
8042653,117,31,147,72
8039042,165,15,184,74
8126102,149,8,131,51
8126101,141,21,160,70
8126131,185,35,197,92
6300000,194,6,185,69
8024982,137,15,253,98
6031229,58,23,174,76
6031227,101,39,222,103
8024984,16,36,190,90
6031226,188,18,151,65
8002977,37,38,158,80
6031221,16,31,169,79
6031225,81,18,122,54
6030914,211,37,277,121
6530767,15,17,81,39
6031217,106,32,115,61
8118998,159,13,169,68
6031228,34,20,98,47
8118999,142,29,114,59
8002978,201,25,254,105
8135309,96,24,101,51
8119000,32,13,128,53
8135310,132,20,95,46
8034554,26,20,98,47
8024981,11,14,219,86
8135311,38,9,157,61
8123613,81,18,263,104
8125318,74,5,186,68
8125320,175,7,178,67
8125321,150,36,233,105
8140097,41,38,127,69
8127519,198,8,247,92
8039661,153,9,114,46
8110220,73,36,186,89
8110232,182,7,214,79
8130918,162,28,137,66
8110205,275,29,272,114
8130919,52,5,97,37
8110222,113,14,187,75
8110218,55,16,118,52
8110216,230,27,206,90
8110219,111,39,196,94
8110209,121,16,258,101
8110223,1,34,120,64
8110237,178,6,142,54
8110211,217,32,228,101
8110201,82,39,107,63
8110198,123,34,96,56
8110199,97,34,170,82
8110197,220,30,190,86
8136151,74,38,103,61
8110215,53,18,226,91
8136152,142,37,191,91
8136153,154,32,277,118
8110214,98,31,227,100
8110213,280,26,260,108
8136154,207,37,267,118
8110202,5,29,243,104
8110203,55,31,249,107
8110204,26,15,180,73
8110224,123,11,243,92
8110231,125,7,245,90
8110225,47,31,201,91
8110235,148,35,238,106
8110238,169,35,149,75
8140052,184,32,217,97
8133625,88,38,233,106
8133618,33,13,117,49
8127321,20,28,115,58
8133615,86,8,194,73
8140053,21,22,122,57
8140054,124,16,163,67
8014762,64,17,247,98
8015613,266,16,258,101
8014761,89,23,197,84
8015614,256,18,222,89
8020344,143,13,192,76
8020340,92,21,259,104
8001509,40,12,114,48
8020343,107,25,98,51
8020341,312,34,279,120
8020342,149,8,148,57
8139786,7,36,98,58
8139769,45,20,259,104
8142051,67,34,139,71
8139782,122,26,251,105
8139793,232,24,221,93
8139783,153,23,165,73
8139784,115,29,225,98
8139785,123,16,203,81
8139787,149,24,122,58
8139760,144,12,229,88
8139765,36,32,220,98
8139780,173,30,231,100
8139789,229,27,193,85
8139777,40,5,249,90
8139790,26,33,273,117
8139778,131,21,222,91
8139791,295,28,265,111
8139779,12,15,176,71
8139788,77,12,151,61
8139776,135,34,255,111
8142050,21,7,232,86
8139770,101,36,229,104
8142048,122,19,135,60
8139763,40,6,136,52
8139775,39,35,118,64
8139772,181,19,145,63
8139773,216,37,177,86
8139774,164,12,220,85
8139771,127,12,122,51
8139781,10,21,238,97
8117177,16,37,132,70
8117178,149,24,229,96
8142075,150,28,230,99
8142074,18,31,210,94
8140130,54,11,126,51
8140129,39,27,234,99
8126983,31,22,155,69
8140121,153,32,275,117
8126988,83,33,219,98
8129526,80,9,141,55
8119580,155,5,143,53
8138123,24,7,107,42
8132407,17,7,154,58
8132401,9,12,224,86
8119578,6,28,110,57
8140126,154,22,243,99
8134738,13,32,222,99
8132397,85,10,168,65
8119579,93,7,117,46
8134743,191,33,261,113
8126982,84,29,115,59
8119581,148,40,109,64
9931781,133,32,220,98
8002291,188,36,218,100
8009745,83,30,120,62
9931780,9,17,109,49
8002290,99,19,97,46
8009744,2,14,261,100
8137640,115,8,179,68
8116927,54,18,253,100
8119231,178,35,207,95
8020444,110,26,87,47
8020443,73,10,144,57
6310826,26,29,276,115
6310825,102,28,134,65
8011332,98,20,106,50
6310824,40,25,91,48
8016800,24,12,166,66
8129119,108,13,108,46
8129120,86,37,219,101
8128889,10,11,229,87
8128891,41,12,212,82
8036321,28,5,134,50
8016802,78,25,123,59
8016803,132,17,224,89
8110245,20,10,189,73
8110244,122,30,94,52
8110243,195,37,240,108
8110246,114,32,148,73
8136155,136,8,143,55
8127311,140,30,208,92
8136160,24,12,163,65
8140049,88,10,93,39
8136161,182,31,186,85
8136158,83,13,195,77
8140050,266,39,247,112
8136159,149,19,210,86
8127310,171,34,274,118
8110233,143,11,116,48
8110234,76,25,205,88
8110236,34,7,168,63
8136156,116,12,213,82
8140051,25,20,133,60
8136157,5,28,111,57
8112890,51,12,89,39
8113519,65,21,107,51
8113517,113,27,257,108
8137711,6,25,270,111
8137712,3,25,133,63
8129531,10,27,97,52
8117077,54,20,212,87
8132403,69,7,120,47
8134087,224,19,253,101
8134742,115,19,85,42
8117076,37,24,157,71
8021729,65,18,120,54
8137948,174,19,150,65
8021471,87,25,249,103
8034230,203,15,250,97
8134564,16,21,211,88
8134565,53,36,96,57
8131133,78,20,85,43
8131132,62,21,131,60
8142422,124,38,188,91
8137210,9,29,200,89
8032725,217,12,192,75
8030276,90,33,149,74
8142417,205,31,168,79
8113525,55,7,96,38
8041508,213,17,250,99
8041507,198,40,253,115
8142419,166,6,178,66
8113527,126,22,119,56
8121598,54,20,167,71
8034477,56,32,181,84
8142418,26,7,221,82
8113526,253,14,232,90
8132500,157,9,160,62
8022397,103,10,204,78
8022398,150,32,111,60
8021505,146,39,144,76
8009555,194,16,263,102
8139954,112,34,177,84
8140010,200,14,244,95
8140011,252,37,232,105
8141396,32,22,235,97
8141397,13,37,109,62
8141399,10,23,259,106
8141398,184,29,169,78
8140012,239,10,230,87
8140013,161,38,127,69
8140014,138,34,270,117
8140015,221,38,198,94
8140016,53,11,157,62
8140017,115,21,144,64
8134710,43,20,150,66
8134709,57,33,269,116
8134708,132,24,118,57
8134707,63,36,283,122
8139022,125,9,190,72
8132456,189,25,154,70
8132457,110,28,100,53
8116667,6,8,195,73
8116663,110,19,117,53
8034130,43,23,155,69
8040955,95,5,137,51
8132458,183,13,184,73
8132459,126,28,275,114
8034131,36,31,206,92
8040956,91,29,112,58
8125668,158,17,259,102
8037062,43,7,130,50
8125667,104,16,141,60
8137808,43,15,219,86
8142547,178,11,217,83
8142548,29,29,208,92
8142549,195,36,257,113
8142550,115,9,114,46
8141265,244,17,257,101
8140802,126,17,256,101
8132453,54,36,127,68
8141264,79,39,105,62
8140799,76,9,93,38
8128537,253,36,281,122
8137809,78,32,149,73
8128536,258,32,249,108
8137799,68,33,272,117
8040950,20,23,121,57
8034125,57,12,172,68
8040949,160,23,151,68
8034124,0,22,258,105
8139969,93,33,124,65
8139971,113,15,101,45
8139967,25,27,101,53
8139970,78,34,264,115
8139968,100,39,179,88
6310049,230,5,241,88
8121407,157,7,134,51
8117127,274,31,234,102
8034270,59,33,138,70
8039132,167,10,182,70
8121346,108,8,190,72
8121347,36,16,238,94
6310134,189,35,162,79
8126293,31,9,82,35
8126292,19,24,244,101
8126291,2,27,144,68
8126290,222,15,197,79
8041676,107,39,134,72
8126287,130,31,230,101
8139947,31,19,122,55
8133097,55,10,110,45
8041678,266,22,234,96
8005404,213,5,241,88
8005403,49,6,108,42
8138002,88,16,127,55
8138000,276,24,265,108
8143098,120,27,107,55
8138001,143,9,138,54
8121345,152,15,193,77
8121344,57,8,113,45
8043742,69,13,167,67
8138059,148,7,185,69
8139948,160,26,132,63
8136954,173,14,173,70
8141147,137,15,133,56
8127622,93,13,145,59
8141157,135,30,138,68
8127629,81,39,289,127
8135025,182,39,146,76
8127631,108,40,107,63
8143228,67,23,257,105
8127628,158,35,164,80
8134328,7,19,217,88
8137134,231,28,270,113
8127625,102,40,239,110
8127627,22,34,125,66
8131367,157,37,183,88
8143227,10,5,234,85
8130498,164,9,180,69
8127626,70,23,205,87
8143229,101,8,88,36
8137747,78,12,205,80
8137742,155,9,174,67
8137738,249,32,230,101
8137737,56,39,220,102
8137788,257,14,241,93
8137787,223,35,241,107
8137791,54,25,158,72
8137790,108,8,151,58
8137789,185,36,148,75
8137745,55,13,199,78
8137977,173,11,230,88
8137750,126,39,162,82
8137741,122,14,178,71
8137751,73,35,123,66
8137756,63,10,238,90
8137754,183,28,219,95
8137736,30,11,105,44
8137975,151,36,257,113
8137748,249,24,230,96
8137746,110,30,160,76
8137740,61,40,205,98
8137743,45,34,194,90
8137744,193,9,207,78
8034229,168,18,135,59
8136863,78,16,127,55
8134677,17,32,149,73
6220411,20,13,111,47
6220412,216,33,196,90
6220413,64,12,189,74
6220414,139,13,148,60
6220415,109,39,236,108
6220416,38,10,188,72
8139563,193,10,198,76
8139568,140,26,258,107
8139562,32,34,209,95
8139567,187,35,165,81
8139566,104,21,252,102
8139564,77,37,200,94
8139569,169,18,140,61
8139565,5,28,104,55
8139570,125,28,170,78
8137006,106,17,110,50
8137005,93,25,198,86
8012621,150,21,119,55
9999260,21,22,97,48
8008336,203,30,234,101
8010496,129,21,196,82
8008335,182,33,250,109
8008334,45,15,113,49
9993316,16,7,198,74
5002055,138,39,270,120
8039452,0,14,106,46
6300968,132,9,104,42
6300971,104,35,157,78
6300964,63,31,169,79
8037199,91,35,276,119
8127396,150,16,218,87
6300967,179,30,251,107
8039451,72,22,98,49
6300966,116,21,137,62
6300970,199,14,258,99
8039453,161,17,140,60
6310243,27,8,100,40
8020573,106,36,209,97
6033226,198,6,219,81
6310240,15,15,137,58
8014500,235,37,274,120
8016235,9,29,272,114
8015187,86,18,174,73
6300965,108,25,267,110
8120895,50,38,192,92
8142343,204,34,208,95
8142347,212,15,231,91
6300960,201,19,182,76
6300959,133,32,118,62
8040627,64,28,240,102
8039513,14,39,158,81
8040626,183,32,273,116
8039516,33,10,259,97
8039515,111,13,235,91
8140124,52,26,91,49
8140123,23,25,153,70
8021687,102,29,101,54
8021667,28,15,179,72
8129539,159,27,152,71
8127452,148,19,227,92
8134089,133,34,190,89
8132395,77,14,237,92
8127451,223,16,245,96
8124606,80,19,205,84
8129420,145,37,132,70
8129419,20,33,93,54
8124989,141,18,117,53
8124933,61,13,110,47
8124939,111,15,105,47
8143657,110,11,172,67
8124992,151,18,171,72
8124932,3,11,135,54
8124935,85,28,99,53
8124940,186,9,155,60
8124937,130,27,253,106
8131750,146,20,240,97
8134491,53,24,193,83
8131218,72,17,215,86
8143658,130,27,108,55
8124951,256,14,251,97
8136854,179,12,171,68
8124953,40,6,147,55
8124955,63,18,81,40
8129422,6,33,226,101
8129421,109,5,247,90
8143659,32,24,107,53
8129424,48,17,157,66
8129423,314,32,274,117
8125001,14,29,188,85
8124966,281,33,283,121
8124969,18,18,129,57
8143656,27,40,246,112
8124999,108,8,244,91
8124965,196,31,280,118
8124967,161,14,237,92
8124970,111,8,138,54
8124968,12,33,187,87
8136853,130,33,248,108
8124941,13,36,124,67
8124954,56,20,105,50
8124964,13,15,109,48
6203626,53,16,90,42
8122789,14,40,173,87
8121227,111,6,87,34
8135357,13,25,131,62
6203612,318,38,286,125
8140247,21,21,139,62
8036963,119,7,91,36
8121229,107,23,152,68
8136846,104,30,167,78
6232267,99,10,133,53
8008678,68,5,69,27
6203613,198,24,242,100
6296303,76,23,218,91
8131000,144,22,240,98
8008996,57,32,234,103
8000680,2,8,226,84
8122179,91,8,88,36
8008997,116,7,110,43
8033652,89,15,169,69
8131001,63,25,85,46
6296306,67,6,101,39
6203629,19,10,143,57
8033653,126,22,237,97
8135356,182,9,233,87
6232264,190,7,243,90
8118289,145,20,233,95
8002076,38,33,103,58
8009760,208,30,224,98
8033654,181,39,257,115
8041720,156,16,120,52
8009761,31,36,237,106
8122788,56,32,256,110
8008998,7,29,160,75
6232263,32,19,192,80
8007588,64,16,222,88
8122787,87,24,136,63
6296307,112,17,203,82
8121228,44,31,227,100
8122790,116,21,109,52
8136850,113,31,133,67
8118294,121,34,199,92
8121226,179,5,166,61
8033650,41,9,90,37
8009762,315,32,279,118
8136849,64,25,160,72
8136848,113,14,172,69
8118296,129,32,113,60
8136847,255,24,261,107
8131003,139,27,121,60
8015492,3,27,116,58
8008197,110,8,101,41
8136845,152,28,131,64
8133083,259,31,271,115
8002064,96,29,93,51
8008196,127,35,246,109
8034202,137,24,105,52
8021692,44,27,164,75
8021460,156,29,150,71
8021472,96,39,253,114
8021461,166,38,245,110
8021734,280,32,273,116
8021473,60,34,174,83
6220424,68,23,95,48
8021476,83,11,95,40
8021458,134,37,266,117
8128014,41,7,199,74
8140713,110,16,78,38
8143717,99,5,88,34
8141546,216,15,249,97
8130620,220,31,205,92
8136497,25,40,177,88
8130621,93,19,117,53
8128015,115,19,164,70
8140714,107,27,271,112
8134067,189,24,217,92
8140783,67,29,155,73
8140114,51,27,230,98
8119791,66,6,125,48
8123046,60,13,256,98
8119790,61,31,208,93
8119796,17,5,78,31
8123047,55,9,200,76
8119797,88,7,212,79
8119788,60,24,98,50
8119787,31,12,231,89
8021890,147,16,216,86
8117176,172,29,178,81
8117179,103,8,208,78
8135129,92,18,127,56
8028702,84,40,143,76
8133701,208,7,203,76
8036971,162,34,255,111
8136623,134,36,163,80
8136624,235,25,223,94
8139571,23,28,152,71
8002133,25,12,220,85
8009486,85,10,71,31
8002134,175,34,167,81
8002135,86,23,166,73
8118595,254,12,254,97
8128513,65,23,164,72
8128514,117,6,116,45
8142964,158,37,237,107
8142980,78,15,236,92
8142985,192,19,221,90
8142982,82,22,83,43
8142959,132,12,170,67
8142961,68,23,142,65
8142963,76,27,129,63
8142966,108,20,117,54
8142971,236,36,217,99
8142967,42,30,185,84
8142965,243,8,212,79
8142973,12,37,219,101
8142978,153,29,148,71
8142974,161,12,221,85
8142988,200,30,169,79
8142992,89,38,201,95
8142991,49,22,131,60
8021660,92,32,149,73
8016088,156,36,152,77
8133828,216,39,217,101
8133826,112,18,149,64
8133829,239,33,208,94
8133825,51,17,223,89
8133824,57,36,250,111
8133827,51,40,216,102
8133822,129,28,128,63
8143738,222,26,231,98
8143739,73,18,221,89
8143740,107,39,280,123
8143741,11,18,120,54
8143746,96,40,149,78
8143742,78,13,215,84
8143743,274,29,259,110
8143745,174,16,149,63
8143737,126,8,192,72
8143744,270,25,265,109
8128807,156,33,178,84
8128806,171,39,152,79
8128805,158,11,230,88
8139516,3,29,176,80
8139515,203,36,216,99
8139514,76,29,249,106
8007153,41,22,91,46
8037371,158,30,126,64
9996418,66,14,88,40
9996419,229,9,214,81
8112692,32,9,144,56
9997310,34,40,101,61
8039430,41,11,203,78
8142584,14,10,81,35
8121282,146,13,140,57
8000787,27,21,158,69
9997475,226,36,236,106
8000313,121,24,178,78
8142617,98,40,199,96
8000786,144,23,128,60
8023715,19,23,187,80
8023716,284,19,267,106
8040404,173,34,139,71
8134186,76,30,262,111
8134187,14,5,77,30
8129606,32,22,145,65
8023714,153,35,271,118
6298034,17,8,77,32
9995983,14,32,176,82
9995984,153,13,222,86
9995529,166,10,207,79
9991183,40,30,98,54
9995528,178,40,235,108
9995527,220,12,200,78
3348,24,38,117,66
3347,277,37,263,116
3349,155,22,185,79
3350,6,25,215,92
3195,114,14,151,62
8141032,219,33,259,112
8141030,159,21,271,109
8141031,213,8,180,68
8141046,143,6,123,47
8141047,101,26,111,56
8141041,98,5,206,75
8141039,135,25,99,51
8141040,71,10,81,35
8141048,44,20,128,58
8141044,24,8,85,35
8141045,3,20,225,92
8141042,4,6,150,56
8141043,62,40,242,111
8137522,70,26,115,57
8132993,50,22,107,52
8141049,132,40,100,61
8137521,53,26,182,81
8132991,157,12,146,59
8137520,25,24,91,47
8132992,22,23,259,106
8139653,118,40,179,89
8141752,72,21,117,55
8141061,135,39,163,82
8141062,32,11,235,89
8021781,33,28,116,59
8009204,122,32,107,58
8019383,28,14,151,62
8019499,163,11,162,64
8021780,128,35,175,84
8119387,28,20,115,53
8009208,70,18,108,50
8009206,35,20,191,80
8128293,18,27,119,59
8123189,182,34,229,102
8123187,183,21,167,72
8117627,75,24,118,57
8122538,33,32,156,75
8122537,252,37,277,121
8136191,160,37,169,83
8117620,174,21,202,84
8117623,109,36,153,77
8117621,116,27,161,74
8117622,116,13,192,76
8126893,80,19,120,54
8117618,54,15,116,50
8117617,71,26,257,107
8117619,112,31,176,82
8130244,111,31,120,62
8130243,130,5,183,67
8122535,139,28,223,96
8122534,142,39,214,100
8122536,47,27,259,108
8117614,32,9,84,35
8117612,42,31,118,61
8117616,193,34,210,96
8117613,190,33,271,116
8122533,24,9,142,56
8117610,175,13,177,70
8117615,30,24,246,102
8117611,94,17,201,81
8136188,51,22,205,86
8136187,97,7,73,30
8123191,14,34,94,55
8136183,183,7,250,92
8136184,30,33,126,66
8136186,67,37,130,70
8136185,59,5,77,30
8123109,15,40,245,112
8136189,37,6,71,29
8126892,86,25,166,74
8117625,59,36,155,78
8117624,38,28,167,77
8121070,70,32,175,82
8121071,89,26,146,68
8136190,165,21,229,94
8123188,47,36,271,118
8123186,64,38,263,117
8117626,18,8,79,33
8121073,75,10,148,58
8121072,31,20,101,48
8021489,9,27,123,61
8021671,122,19,90,44
8140019,95,26,108,55
8139956,72,39,268,119
8140018,65,15,117,51
8021706,165,12,207,80
8021490,26,9,188,72
8021478,85,15,77,37
8021479,80,28,95,51
8021480,106,36,118,65
8021477,88,37,127,69
8021731,105,38,206,97
8021820,138,20,269,107
8032758,78,5,166,61
8032727,210,22,216,90
8032754,59,10,162,63
8032757,77,36,167,82
8032755,71,17,148,63
8032756,22,24,150,68
8011464,56,19,151,65
8011463,129,9,97,40
8011462,90,31,174,81
8011460,64,22,111,53
8011461,71,40,181,89
8011459,209,27,229,98
8011465,7,10,112,46
6033597,38,18,126,56
8009403,112,36,227,103
8032762,105,21,206,86
8032759,88,24,100,51
8018245,120,17,112,50
8018246,70,14,142,59
8023207,234,15,207,82
8023210,108,39,252,114
8023208,234,10,200,77
8023205,139,5,185,68
8023206,117,17,117,52
8023209,199,8,212,79
8018964,194,17,190,78
8018965,56,36,231,104
8119997,234,12,222,86
8119998,63,32,246,107
8006699,45,28,108,56
6301934,39,30,231,100
6033599,77,29,242,104
9931816,103,33,272,117
8007245,133,27,228,97
8007243,139,18,133,58
8011641,208,36,211,97
8011639,219,26,272,112
8011640,180,28,243,103
8011638,13,14,193,77
9931817,118,28,96,52
8007246,157,40,136,74
8007248,124,22,171,74
8007247,4,38,238,108
8022002,54,24,220,93
8021999,92,39,100,60
8032764,208,40,208,99
8032763,59,39,130,71
8025005,193,15,164,67
8025004,139,10,125,50
8022001,115,16,82,39
8021998,153,16,156,65
8011456,80,9,211,80
8018954,106,14,103,45
8018958,162,28,245,104
8019402,88,24,205,87
8018957,149,9,233,87
8018961,165,27,250,105
8018956,227,11,248,94
8018960,39,15,112,49
8018955,3,33,128,66
8018959,29,7,154,58
8018962,216,28,262,110
8018963,102,8,188,71
8012424,232,29,215,94
8012423,51,27,120,60
8012422,52,36,285,123
8012420,113,18,198,81
8012421,202,32,227,100
8012419,150,9,133,52
8012425,49,6,151,57
8116697,214,30,268,113
8119330,116,18,96,45
8043390,88,7,236,87
8043391,26,39,155,80
8043392,21,10,162,63
8121926,115,21,147,65
8043413,107,35,147,74
8043414,2,27,202,88
8043412,54,19,85,42
8039086,4,16,115,51
8039085,209,29,274,115
8039089,128,15,150,62
8039088,114,13,178,71
8039090,53,29,162,76
8141322,83,13,97,42
8029227,51,34,98,56
8126074,48,30,124,63
8111383,263,8,237,88
8111384,268,14,245,95
8138570,154,32,269,115
8117932,192,37,194,92
8123562,94,11,182,71
8123561,151,35,112,62
8123560,200,24,177,78
8136353,44,21,103,50
8136354,249,15,256,99
8115553,179,31,174,81
8029300,51,9,139,55
8143121,189,37,166,82
8143122,220,13,196,77
8143123,158,12,129,53
8143119,185,40,252,114
8143120,1,7,257,95
8029236,266,26,242,102
8033736,11,31,151,73
8121268,120,21,103,50
8139680,98,27,107,55
8036326,132,35,165,81
8029262,147,32,120,63
8029263,71,36,185,88
8029264,105,27,241,102
8029265,82,33,177,83
8036325,7,18,155,66
8029259,264,34,273,118
8029260,136,24,129,61
8029261,97,10,72,32
8029416,41,36,271,118
8039841,120,35,240,107
8029267,98,38,190,91
8035930,282,14,264,102
8029299,77,36,145,74
8029296,118,11,144,58
8029278,72,31,104,57
8029280,22,25,184,81
8029288,83,8,157,60
8029256,123,24,181,79
8029257,129,11,147,59
8038579,33,5,163,60
8029274,95,21,191,81
8133185,39,40,217,102
8141542,39,10,108,44
8141541,55,19,177,74
8136578,84,34,234,104
8137614,132,31,112,59
8137615,115,19,114,52
8121577,96,12,113,47
8115109,58,32,142,71
8029268,57,23,113,55
8121169,19,7,205,76
8041525,28,37,184,88
8135920,64,25,201,87
8127808,17,23,243,100
8127807,61,11,139,56
8142304,116,6,138,52
8142440,219,11,193,75
8032886,96,36,135,71
8116953,103,30,193,87
8039809,182,31,213,95
8029289,16,22,118,56
8122744,32,19,83,41
8122745,56,19,206,84
8122747,132,34,271,117
8122749,129,28,105,55
8122750,174,23,243,100
8122751,62,13,188,74
8041257,169,24,184,80
8041250,156,21,151,67
8141321,146,33,207,94
8041265,154,17,199,81
8029218,17,36,146,75
8029209,249,36,267,117
8142737,157,19,258,103
8138665,117,17,241,95
8136356,112,24,135,63
8029314,193,21,198,83
8029308,58,36,153,77
8138664,106,32,135,68
8136355,14,14,127,54
8141320,210,37,230,105
8033699,100,20,178,75
8029305,59,9,223,84
8041524,10,11,94,40
8131879,134,36,237,106
8029313,195,38,224,103
8029312,17,10,144,57
8119768,191,23,253,104
8030078,69,20,109,51
8005265,120,40,152,79
6301220,123,26,196,86
6301216,91,26,125,61
6301219,138,23,164,72
8021991,53,30,144,70
8015322,36,36,129,69
8030077,6,9,205,78
8021990,47,25,260,107
8037737,132,40,290,128
8037738,19,11,213,82
8026953,154,7,233,86
6301217,138,35,134,70
6033193,37,19,130,58
6033194,69,24,243,101
8021063,141,18,109,50
8015321,80,40,149,78
6301218,68,22,198,84
6033195,65,11,228,87
8018870,141,13,160,64
8018871,67,18,192,79
8026483,83,28,99,53
8028476,114,10,172,67
8010530,57,35,161,79
8020240,119,5,240,87
8020241,77,10,237,89
8111813,175,16,253,99
8133362,91,7,77,32
8133361,74,39,115,66
8135454,83,32,176,82
8135455,125,12,90,39
8117316,133,22,165,72
8117317,37,22,157,69
8117318,55,30,274,115
8125165,7,11,162,64
8138380,47,10,135,54
8138381,41,15,110,48
8125166,197,28,184,83
8125770,67,21,205,85
8141753,188,28,161,75
8135580,46,25,163,73
8135581,183,37,151,77
8143983,22,34,95,55
8133705,242,35,258,113
8038948,191,12,183,72
8132737,5,39,183,89
8135452,40,10,234,88
8135453,37,17,121,53
8130047,61,14,113,49
8130045,123,14,102,45
8130048,16,8,119,47
8130044,150,35,143,73
8130046,151,11,211,81
8130049,83,11,212,81
8135451,220,26,222,95
8133063,6,25,124,60
8133057,207,32,256,110
8133074,45,35,163,80
8133060,84,29,114,59
8133068,117,18,136,59
8133058,102,6,252,92
8133072,173,31,212,94
8133059,86,35,123,66
8128327,146,10,180,70
8128324,214,12,194,76
8128318,37,25,215,92
8128319,167,28,208,91
8133409,281,27,253,106
8133412,29,36,285,123
8133411,70,22,225,93
8133410,196,38,193,92
8128307,28,12,150,60
8128311,153,39,177,87
8128310,35,5,68,27
8128312,29,19,212,87
8128313,39,26,137,65
8128315,108,13,100,43
8128314,116,19,192,80
8128316,3,14,137,57
8128320,20,35,146,74
8128321,288,38,259,115
8128322,121,20,166,71
8128323,119,35,185,88
8128326,79,15,113,49
8009411,52,24,236,98
6302206,121,11,103,43
8031235,183,10,231,87
8003573,121,20,253,102
8031232,138,23,220,92
6302205,271,20,247,99
9999434,107,17,138,59
8003578,144,31,196,89
8003579,81,10,79,34
8025594,159,32,146,72
8006729,233,6,214,79
8119993,172,11,191,74
8119992,203,34,259,113
8119994,88,20,138,61
8119995,89,35,155,77
8119996,96,35,119,64
8003582,72,7,113,44
8031228,199,28,159,74
6302213,82,24,178,78
8003585,32,5,102,39
8031227,103,28,244,104
6302212,172,38,218,101
8031229,227,31,230,101
9999433,83,33,98,56
8143629,124,34,157,77
8143630,55,22,217,90
8143632,105,40,127,70
8126672,56,17,155,65
8126673,235,5,208,76
8126674,51,24,142,65
8126671,23,21,105,50
8126669,176,16,216,86
8126670,46,9,130,51
8143631,80,5,209,76
8138317,119,9,249,93
8138319,268,8,233,87
8138318,88,17,163,68
8120815,36,7,163,62
8120816,68,10,96,40
8040146,8,14,194,77
8040142,208,12,189,74
8040144,144,31,245,106
8120814,175,13,156,63
8040141,195,11,178,69
8040145,173,25,144,67
8131191,80,36,104,60
8131184,177,5,155,58
8131192,166,22,132,61
8131182,222,6,207,76
8131190,94,38,112,64
8029691,120,6,216,80
8029690,79,11,128,52
8040149,23,21,237,97
8040148,113,13,165,66
8138314,123,6,183,68
8138311,166,20,127,57
8138312,69,12,86,38
8040147,87,22,149,66
8035114,34,12,110,46
8121755,227,18,242,96
8112248,126,40,134,73
8115556,128,33,190,88
8127235,135,19,112,52
8134985,129,34,102,58
8127998,199,37,287,125
8134982,37,6,184,68
8126040,111,24,247,102
8127994,257,7,252,93
8127993,232,40,207,98
8032419,20,29,210,92
8137193,92,32,197,90
8133454,29,32,201,91
8032401,115,27,197,87
8032422,191,10,238,90
8142497,247,24,274,112
8136052,18,25,93,49
8133451,47,6,174,65
8136055,3,33,152,75
8126039,89,34,167,81
8043203,91,16,81,39
8115167,24,17,236,94
8126041,119,5,171,63
8127995,18,11,160,63
8133456,222,26,240,101
8134983,134,38,229,105
8134984,29,11,130,53
8133452,148,37,207,97
8136050,7,40,192,93
8121652,154,21,165,71
8137191,176,34,228,102
8134974,171,23,234,97
8121655,117,15,135,57
8136058,112,9,89,37
8142500,128,22,193,82
8142498,19,37,181,87
8142495,42,24,233,97
8142501,101,27,257,108
8142502,73,9,204,77
8142499,42,38,265,117
8142494,87,15,91,42
8142496,197,37,206,96
8032420,119,24,270,110
8126038,251,33,230,102
8115166,100,40,105,63
8121649,255,23,244,100
8119024,124,32,187,86
8133450,1,36,192,91
8136057,96,25,234,98
8134972,83,37,158,79
8032421,33,7,105,41
8134973,144,39,185,90
8127992,93,31,113,60
8115168,23,31,235,102
8115170,111,21,155,68
8136056,6,23,102,51
8119026,273,16,258,101
8119027,193,19,223,90
8134986,19,23,122,58
8114219,175,19,187,78
8114220,83,9,80,34
8114221,115,16,217,86
8114223,210,19,180,75
8029646,179,6,146,55
8029717,5,14,131,55
8122869,21,7,174,65
8140704,215,14,240,93
8029648,76,7,92,37
8140699,67,18,184,76
8029652,262,33,277,118
8029684,126,39,164,83
8140698,137,29,277,116
8029645,75,22,183,78
8041455,84,15,207,82
8140705,58,27,118,59
8140700,120,26,134,64
8129573,71,29,191,86
8029687,90,40,214,101
8029736,167,6,221,81
8029667,15,29,110,57
8029668,212,29,192,86
8029671,100,5,162,60
8041457,45,13,204,80
8029700,53,35,121,65
8129575,257,18,221,89
8029693,13,32,220,98
8029676,106,29,149,71
8140701,26,27,220,95
8141424,8,29,185,84
8141428,201,26,175,78
8141423,120,29,231,100
8141434,192,26,208,90
8141431,93,27,276,114
8141426,139,6,208,77
8141425,50,9,245,92
8141433,27,36,188,89
8141429,123,38,226,104
8141427,62,34,130,68
8141430,11,27,125,61
8141432,106,26,135,64
8029829,9,7,182,68
8029828,255,13,247,95
8034682,171,25,256,106
8141337,46,21,213,88
8141344,108,14,230,90
8141343,39,15,143,60
8141338,84,32,198,90
8141341,120,6,185,69
8123281,79,9,84,35
8035877,234,11,245,93
8035870,52,6,101,39
8133463,140,18,135,59
8126220,270,11,255,96
8126219,230,28,210,92
8138726,3,17,266,104
8138725,41,33,243,107
8126222,23,34,144,73
8126223,102,30,253,108
8138724,168,38,170,84
8138727,69,7,145,55
8126221,164,36,272,119
8138731,0,15,187,75
8138730,72,39,124,69
8138729,10,21,99,48
8138728,80,15,251,98
8133462,80,18,197,81
8123282,81,40,135,73
8133461,212,8,204,77
8133466,139,29,102,55
8133465,91,27,110,56
8137168,102,33,177,83
8111842,310,35,280,121
8137169,29,25,95,50
8111848,156,31,219,97
8111847,154,20,155,67
8142872,29,25,255,106
8142873,57,7,96,38
8142875,171,26,133,63
8142876,88,36,152,77
8142870,12,5,65,26
8142871,39,18,105,48
8142874,73,20,152,66
8118067,191,19,262,104
8133458,66,13,166,67
8136537,174,12,184,72
8133460,132,29,119,61
8118066,52,33,209,95
8041752,169,29,233,100
8133457,21,5,100,38
8114711,200,39,194,93
8114710,76,35,162,79
8136536,78,24,124,59
8041751,188,39,269,120
8041749,90,21,105,50
8118068,122,14,190,76
8133459,81,34,116,63
8136535,63,14,89,40
8118065,170,19,210,86
8136534,102,22,158,70
8110799,74,26,155,71
8143242,246,5,255,93
8143243,44,17,155,65
8139810,73,5,107,41
8123947,130,31,109,58
8038171,74,37,99,59
8139809,11,9,86,36
8118442,53,12,111,47
8132843,45,36,98,58
8029670,171,23,180,78
8029666,109,38,102,60
8029663,117,28,148,70
8120813,73,40,224,104
8126676,59,36,169,83
8029643,82,5,83,32
8029642,81,12,241,92
8126677,230,38,216,100
8040138,63,20,167,71
8118069,203,7,253,93
8136527,227,7,202,75
8115558,34,12,117,49
8136526,39,7,230,85
8136525,9,27,123,61
8143248,108,33,103,58
8143245,277,36,263,115
8143244,100,14,80,37
8143246,299,20,269,107
8029777,163,7,206,77
8112250,19,21,149,66
8112249,248,12,258,98
8125007,34,40,192,93
8132391,246,11,254,96
8132392,81,35,283,122
8125004,66,7,161,61
8125006,8,27,116,58
8125073,170,39,214,100
8125005,163,16,252,99
8121360,58,28,122,61
8002961,233,5,231,84
6300290,70,29,172,79
6300769,163,15,146,61
8002962,127,18,166,70
6300293,113,30,265,112
6300768,203,21,241,98
8002970,84,24,155,70
6300292,133,30,261,111
6300767,57,14,229,89
8002967,151,38,242,109
8022039,31,18,78,39
6300291,227,18,201,82
6300766,99,32,215,96
8032492,9,8,138,54
8136754,168,29,227,98
8136757,239,32,257,111
8043509,32,39,135,73
8142415,64,38,138,73
8043508,81,14,113,49
8142416,191,13,155,63
8032491,88,28,96,52
8136756,86,38,106,62
8136759,105,14,131,55
8133653,98,38,283,124
8039388,53,25,186,81
8039355,85,23,114,55
8136902,213,27,241,102
8137209,150,28,216,94
8115910,44,7,129,50
8115909,140,10,165,64
8122003,116,32,269,115
8136755,8,25,184,81
8136758,6,38,103,61
8035045,53,37,164,81
8035044,26,5,104,40
8122000,152,9,205,78
8032722,23,40,156,81
8143821,85,39,135,73
8140193,1,8,71,30
8130764,109,11,81,36
8130746,71,23,202,86
8143822,233,39,255,115
8141687,161,16,190,77
8138160,117,8,90,37
8143820,39,27,113,57
8134141,150,36,129,69
8134142,6,36,242,108
8136904,116,13,210,82
8136903,176,9,151,59
8143819,18,14,231,90
8025096,195,21,259,104
8010877,205,20,219,90
8126722,49,18,252,100
8126721,67,23,97,49
8010878,38,10,91,38
8010876,211,35,182,86
8010875,194,39,196,94
8123843,132,12,228,88
8001360,226,25,237,99
8026858,81,12,112,47
8026861,195,5,197,72
8001359,124,13,158,64
8001358,58,18,179,74
8123841,32,34,147,74
6030311,160,28,231,99
8123842,53,22,122,57
6030312,185,39,237,108
8026859,215,14,237,92
8023886,76,39,103,61
8126995,110,29,119,61
8120476,227,32,219,97
8140345,20,34,127,67
8140346,56,10,148,58
8140348,229,25,268,110
8140347,138,21,113,53
8119734,48,20,195,81
8119736,154,12,209,81
8119737,49,35,241,107
8133297,179,17,189,77
8119733,143,39,103,61
8119738,193,40,179,89
8040743,134,36,205,95
8140961,117,37,139,73
8130474,40,25,93,49
8130477,109,8,140,54
8130471,172,11,215,82
8130476,98,26,151,70
8130478,178,18,160,68
8130472,52,13,137,56
8130480,193,19,247,99
8130479,131,13,150,61
8134495,23,19,203,83
8134494,132,34,210,96
8134496,33,22,165,72
8134497,60,34,101,57
8021718,5,38,282,123
9993667,190,19,155,67
8142527,5,38,122,67
8142529,142,31,102,56
8132687,70,34,231,103
8132689,209,38,217,101
8132688,169,26,219,94
8143979,126,19,238,96
8143978,135,11,139,56
8139309,125,5,196,72
8134235,223,16,194,78
8134243,100,7,86,35
8139648,213,24,181,79
8134234,80,34,187,88
8134242,255,35,261,114
8139308,79,15,255,99
8134236,206,38,239,108
8139649,215,27,214,92
8139650,36,31,175,81
8139651,91,38,232,106
8134244,91,11,174,68
8134238,105,40,118,67
8134237,47,13,90,40
8134239,243,40,250,114
8134247,39,11,144,58
8139306,1,9,247,92
8134248,135,9,101,41
8134241,70,11,202,78
8134245,99,15,120,52
8034227,81,26,94,50
8043156,237,10,223,85
8043157,145,12,177,70
8043159,203,37,249,111
8038350,169,22,255,104
8038349,121,28,119,60
8043154,4,26,249,104
8038351,48,38,102,60
8038352,55,18,210,85
8017005,68,32,133,67
8041105,36,6,217,80
8019645,28,28,130,64
8129075,89,20,102,49
8129096,88,30,117,60
8022793,19,28,115,58
8037122,273,20,253,102
8134857,101,24,228,95
8021665,114,30,214,94
8017004,160,24,141,65
8019489,90,35,162,79
8135526,75,6,151,57
8135527,150,39,196,94
8021438,73,9,118,47
8133899,134,37,240,108
8123693,85,22,134,61
8133898,182,27,159,73
8139036,185,7,204,76
8133900,184,33,195,90
8139034,214,30,177,81
8123687,54,22,134,61
8123688,182,30,188,85
8123689,144,39,204,97
8123690,79,15,102,45
8123691,92,18,88,43
8123692,66,11,90,39
8139033,63,18,95,45
8139035,6,39,259,116
8133897,67,39,178,88
8128803,21,28,209,91
8133896,13,20,123,56
8133895,117,7,126,49
8133894,0,23,143,65
8140141,100,18,233,93
