product_id,price,price_offer,price_discount,pvp
8021821,0.05,0.05,0.05,
8135329,0.01,0.01,0.01,
8021462,0.01,0.01,0.01,0.01
8021631,0.01,0.01,0.01,
8135307,29632.87,29632.87,29632.87,49150
8141600,20216.75,20216.75,20216.75,31500
8141599,20216.75,20216.75,20216.75,31500
8141598,20216.75,20216.75,20216.75,31500
8143529,27272.04,27272.04,27272.04,46300
8143527,27272.04,27272.04,27272.04,46300
8143526,27272.04,27272.04,27272.04,46300
8143528,27272.04,27272.04,27272.04,46300
8143535,27272.04,27272.04,27272.04,46300
8143536,27272.04,27272.04,27272.04,46300
8143538,27272.04,27272.04,27272.04,46300
8143546,26447.4,26447.4,26447.4,44900
8143545,26447.4,26447.4,26447.4,44900
8143537,27272.04,27272.04,27272.04,46300
8143543,26447.4,26447.4,26447.4,44900
8143540,27272.04,27272.04,27272.04,46300
8143539,27272.04,27272.04,27272.04,46300
8143523,26447.4,26447.4,26447.4,44900
8143541,26447.4,26447.4,26447.4,44900
8143520,26447.4,26447.4,26447.4,44900
8143521,26447.4,26447.4,26447.4,44900
8143547,26447.4,26447.4,26447.4,44900
8143522,26447.4,26447.4,26447.4,44900
8143524,26447.4,26447.4,26447.4,44900
8143544,26447.4,26447.4,26447.4,44900
8143542,26447.4,26447.4,26447.4,44900
8143525,26447.4,26447.4,26447.4,44900
8143531,19379.05,19379.05,19379.05,32900
8143533,19379.05,19379.05,19379.05,32900
8143534,19379.05,19379.05,19379.05,32900
8143532,19379.05,19379.05,19379.05,32900
8143530,19379.05,19379.05,19379.05,32900
8001501,27778.51,27778.51,27778.51,
6301977,6160.73,6160.73,6160.73,8726
6301980,6160.73,6160.73,6160.73,8726
6301981,6160.73,6160.73,6160.73,8726
6301984,6160.73,6160.73,6160.73,8726
6301985,6160.73,6160.73,6160.73,8726
6301986,6160.73,6160.73,6160.73,8726
6301993,6160.73,6160.73,6160.73,8726
6302000,6160.73,6160.73,6160.73,8726
6302001,6160.73,6160.73,6160.73,8726
6302004,6160.73,6160.73,6160.73,8726
6302005,6160.73,6160.73,6160.73,8726
6302007,6160.73,6160.73,6160.73,8726
6302008,6160.73,6160.73,6160.73,8726
6302009,6160.73,6160.73,6160.73,8726
6301978,6160.73,6160.73,6160.73,8726
8140041,17645.05,17645.05,17645.05,24000
8140039,25732.37,25732.37,25732.37,35000
8140037,25732.37,25732.37,25732.37,35000
8140038,25732.37,25732.37,25732.37,35000
8140040,25732.37,25732.37,25732.37,35000
9996435,15812.36,15812.36,15812.36,31877.26
8127378,4561.44,4561.44,4561.44,6819
8127379,6464.19,6464.19,6464.19,9665
8127382,10548.33,10548.33,10548.33,15772
8117581,15280.1,15280.1,15280.1,27300
8141053,11138.25,11138.25,11138.25,19900
8142150,9962.85,9962.85,9962.85,17800
8142149,15783.85,15783.85,15783.85,28200
8142151,39011.84,39011.84,39011.84,69700
8142148,13265.15,13265.15,13265.15,23700
8127345,29328.85,29328.85,29328.85,52400
8143917,14496.5,14496.5,14496.5,25900
8123799,11697.95,11697.95,11697.95,20900
8129066,14048.75,14048.75,14048.75,25100
8125771,13209.17,13209.17,13209.17,23600
8139643,26978.05,26978.05,26978.05,48200
8132961,19366,19366,19366,34600
8132960,20541.38,20541.38,20541.38,36700
8117584,18134.63,18134.63,18134.63,32400
8139646,28657.2,28657.2,28657.2,51200
8143427,8339.7,8339.7,8339.7,14900
8139647,30000.5,30000.5,30000.5,53600
8127653,0.01,0.01,0.01,0.01
8139851,16567.44,16567.44,16567.44,29600
8139852,16287.58,16287.58,16287.58,29100
8127302,15615.93,15615.93,15615.93,27900
8135525,16735.35,16735.35,16735.35,29900
8125017,8003.87,8003.87,8003.87,14300
8117582,13936.8,13936.8,13936.8,24900
8119171,42482.05,42482.05,42482.05,75900
8119173,43433.55,43433.55,43433.55,77600
8119169,34086.38,34086.38,34086.38,60900
8125469,6548.62,6548.62,6548.62,11700
8119158,9235.23,9235.23,9235.23,16500
8126574,8619.55,8619.55,8619.55,15400
8125767,6436.67,6436.67,6436.67,11500
8122071,7220.27,7220.27,7220.27,12900
8139850,11138.25,11138.25,11138.25,19900
8125726,7947.9,7947.9,7947.9,14200
8123005,11474.07,11474.07,11474.07,20500
8132963,12257.67,12257.67,12257.67,21900
8132962,12817.38,12817.38,12817.38,22900
8131668,10578.53,10578.53,10578.53,18900
8131667,11076.68,11076.68,11076.68,19790
8119178,10018.82,10018.82,10018.82,17900
8119175,10690.48,10690.48,10690.48,19100
8119176,12369.6,12369.6,12369.6,22100
8143076,20653.33,20653.33,20653.33,36900
8139642,24011.6,24011.6,24011.6,42900
8117580,15224.13,15224.13,15224.13,27200
8139848,15783.85,15783.85,15783.85,28200
8121215,17574.92,17574.92,17574.92,31400
8117583,17574.92,17574.92,17574.92,31400
8141054,16511.47,16511.47,16511.47,29500
8143077,15839.82,15839.82,15839.82,28300
8143428,15224.14,15224.14,15224.14,27200
8131411,22724.25,22724.25,22724.25,49000
8131417,22724.25,22724.25,22724.25,49000
8131410,22724.25,22724.25,22724.25,49000
8125375,2053.53,2053.53,2053.53,3690
8117567,2164.84,2164.84,2164.84,3890
8040341,2164.84,2164.84,2164.84,3890
8033185,1441.37,1441.37,1441.37,2590
8117569,2554.39,2554.39,2554.39,4590
8117571,6227.37,6227.37,6227.37,11190
4268,25596.05,25596.05,25596.05,34812.62
9990984,25596.05,25596.05,25596.05,34812.62
8128066,5199.11,5199.11,5199.11,8467.05
8129708,10571.95,10571.95,10571.95,17217.04
8129710,10571.95,10571.95,10571.95,17217.04
8135204,10571.95,10571.95,10571.95,17217.04
8130740,11125.89,11125.89,11125.89,18119.15
8129718,5494.94,5494.94,5494.94,8948.83
8128070,5199.11,5199.11,5199.11,8467.05
8128071,5199.11,5199.11,5199.11,8467.05
8129719,5494.94,5494.94,5494.94,8948.83
8128068,5199.11,5199.11,5199.11,8467.05
8128067,5199.11,5199.11,5199.11,8467.05
8130737,11125.89,11125.89,11125.89,18119.15
8128065,5199.11,5199.11,5199.11,8467.05
8130742,11125.89,11125.89,11125.89,18119.15
8130744,11125.89,11125.89,11125.89,18119.15
8128063,5199.11,5199.11,5199.11,8467.05
8130729,11125.89,11125.89,11125.89,18119.15
8130731,11125.89,11125.89,11125.89,18119.15
6310019,5199.11,5199.11,5199.11,8467.05
8128818,10571.95,10571.95,10571.95,17217.04
8128817,10571.95,10571.95,10571.95,17217.04
8135201,10571.95,10571.95,10571.95,17217.04
8128820,10571.95,10571.95,10571.95,17217.04
8135202,10571.95,10571.95,10571.95,17217.04
8128819,10571.95,10571.95,10571.95,17217.04
8130734,11125.89,11125.89,11125.89,18119.15
6310023,5199.11,5199.11,5199.11,8467.05
6310020,5199.11,5199.11,5199.11,8467.05
8130735,11125.89,11125.89,11125.89,18119.15
8128060,5199.11,5199.11,5199.11,8467.05
8130732,11125.89,11125.89,11125.89,18119.15
8129714,5494.94,5494.94,5494.94,8948.83
8128062,5199.11,5199.11,5199.11,8467.05
8130736,11125.89,11125.89,11125.89,18119.15
8130730,11125.89,11125.89,11125.89,18119.15
8128061,5199.11,5199.11,5199.11,8467.05
8129721,5494.94,5494.94,5494.94,8948.83
8128064,5199.11,5199.11,5199.11,8467.05
6310021,5199.11,5199.11,5199.11,8467.05
6310022,5199.11,5199.11,5199.11,8467.05
8129711,5494.94,5494.94,5494.94,8948.83
6310018,5199.11,5199.11,5199.11,8467.05
8130733,11125.89,11125.89,11125.89,18119.15
8129717,5494.94,5494.94,5494.94,8948.83
6310024,5199.11,5199.11,5199.11,8467.05
8131467,40365.35,40365.35,40365.35,61000
8131470,31762.9,31762.9,31762.9,48000
8131471,46982.61,46982.61,46982.61,71000
9994883,23160.44,23160.44,23160.44,35000
8043483,47181.13,47181.13,47181.13,71300
8141915,45659.16,45659.16,45659.16,69000
8043658,27792.53,27792.53,27792.53,42000
8043479,43673.98,43673.98,43673.98,66000
8131472,65510.97,65510.97,65510.97,99000
8043478,39041.89,39041.89,39041.89,59000
8038567,58231.98,58231.98,58231.98,88000
8043420,58231.98,58231.98,58231.98,88000
8141860,68819.6,68819.6,68819.6,104000
8043480,27792.53,27792.53,27792.53,42000
8043482,47181.13,47181.13,47181.13,71300
8135878,26603.15,26603.15,26603.15,44900
8135881,26603.15,26603.15,26603.15,44900
8139959,15701.09,12560.87,15701.09,26500
8139958,15701.09,12560.87,15701.09,26500
8139961,15701.09,12560.87,15701.09,26500
8139960,15701.09,12560.87,15701.09,26500
8139962,15701.09,12560.87,15701.09,26500
8135876,26603.15,26603.15,26603.15,44900
8135883,26603.15,26603.15,26603.15,44900
8135882,26603.15,26603.15,26603.15,44900
8135884,26603.15,26603.15,26603.15,44900
8141638,26603.15,18622.21,26603.15,44900
8141639,26603.15,18622.21,26603.15,44900
8024375,47403.36,47403.36,47403.36,75490
8024376,34562.14,34562.14,34562.14,52500
8132635,47403.36,47403.36,47403.36,75490
8031310,47403.36,47403.36,47403.36,75490
8115722,47403.36,47403.36,47403.36,75490
8039474,47403.36,47403.36,47403.36,75490
8039477,34562.14,34562.14,34562.14,52500
8039476,41408.73,41408.73,41408.73,62900
8131317,54185.13,54185.13,54185.13,86290
8018369,54185.13,54185.13,54185.13,86290
8122322,51472.42,51472.42,51472.42,81970
8110940,39170.42,39170.42,39170.42,59500
8131289,54185.13,54185.13,54185.13,86290
8131291,54185.13,54185.13,54185.13,86290
8131292,40816.25,40816.25,40816.25,62000
8118282,49437.88,49437.88,49437.88,78730
8118283,40816.25,40816.25,40816.25,62000
8141347,9604.31,9604.31,9604.31,
8141346,8959.9,8959.9,8959.9,
8141345,8677.93,8677.93,8677.93,
8136100,9058.9,7247.12,9058.9,15324
8136054,9058.9,7247.12,9058.9,15324
8136053,9058.9,7247.12,9058.9,15324
8136046,9058.9,7247.12,9058.9,15324
8136051,9058.9,7247.12,9058.9,15324
8136049,9058.9,7247.12,9058.9,15324
8133087,12422.7,12422.7,12422.7,24850
8133086,12422.7,12422.7,12422.7,24850
8134607,13932,13932,13932,24000
8134606,13932,13932,13932,24000
6309864,11370.06,10574.16,11370.06,13930
8139935,3696.87,3696.87,3696.87,5913.98
8139933,3696.87,3696.87,3696.87,5913.98
8139934,3696.87,3696.87,3696.87,5913.98
8023033,14779.53,13744.96,14779.53,18110
8023035,14209.35,13214.7,14209.35,17410
8023034,14209.35,13214.7,14209.35,17410
8021735,0.01,0.01,0.01,
8134609,13932,13932,13932,24000
8139519,16185.41,16185.41,16185.41,24199
8139518,15544.94,15544.94,15544.94,23999
8139517,15137.36,15137.36,15137.36,23999
8134608,13932,13932,13932,24000
8020142,26194.74,23575.27,26194.74,29333
8021415,50618.31,45556.48,50618.31,56678
8020141,50618.31,45556.48,50618.31,56678
8020140,46803.78,42123.4,46803.78,52402
8020139,46803.78,42123.4,46803.78,52402
8139589,82136.43,82136.43,82136.43,122290
8139586,87039.5,87039.5,87039.5,129590
8139588,82136.43,82136.43,82136.43,122290
8139587,87039.5,87039.5,87039.5,129590
8139590,100741.22,100741.22,100741.22,149990
8139592,98256.1,98256.1,98256.1,146290
8139591,100741.22,100741.22,100741.22,149990
8005617,26775.46,26775.46,26775.46,42640
8138483,26775.46,26775.46,26775.46,42640
8013721,26781.73,26781.73,26781.73,42650
8115723,25318.62,25318.62,25318.62,40320
8125431,25318.62,25318.62,25318.62,40320
8015970,25657.71,25657.71,25657.71,40860
8141962,11846.66,10661.99,11846.66,19800
8141193,87869.25,43934.63,87869.25,126800
8141196,80211.88,40105.94,80211.88,115750
8141194,80211.88,40105.94,80211.88,115750
8141192,87869.25,43934.63,87869.25,126800
8141195,80211.88,40105.94,80211.88,115750
8141191,87869.25,43934.63,87869.25,126800
8141686,18799.57,18799.57,18799.57,27990
8143693,21486.18,21486.18,21486.18,31990
8141684,18799.57,18799.57,18799.57,27990
8143695,20142.87,20142.87,20142.87,29990
8141688,18799.57,18799.57,18799.57,27990
8141685,18799.57,18799.57,18799.57,27990
8141690,18799.57,18799.57,18799.57,27990
8143694,20142.87,20142.87,20142.87,29990
8143692,21486.18,21486.18,21486.18,31990
8141683,18799.57,18799.57,18799.57,27990
8139594,48150.8,48150.8,48150.8,71690
8140780,17792.08,17792.08,17792.08,26490
8137162,48150.8,48150.8,48150.8,71690
8139595,48150.8,48150.8,48150.8,71690
8139596,48150.8,48150.8,48150.8,71690
8140778,17792.08,17792.08,17792.08,26490
8137163,48150.8,48150.8,48150.8,71690
8140777,17792.08,17792.08,17792.08,26490
8137161,48150.8,48150.8,48150.8,71690
8139597,48150.8,48150.8,48150.8,71690
8140781,17792.08,17792.08,17792.08,26490
8140776,17792.08,17792.08,17792.08,26490
8137160,48150.8,48150.8,48150.8,71690
8140779,17792.08,17792.08,17792.08,26490
8042649,2643.55,2643.55,2643.55,4109.45
8132750,7799.34,7799.34,7799.34,12292.04
8132744,1652.4,1652.4,1652.4,2581.63
8110783,7980.69,7980.69,7980.69,12292.04
8010099,69158.41,69158.41,69158.41,110634.54
8140852,66889.91,46822.94,66889.91,99590
8140851,66889.91,46822.94,66889.91,99590
8140850,66889.91,46822.94,66889.91,99590
8140841,49023.95,34316.77,49023.95,72990
8140849,38680.5,27076.35,38680.5,57590
8140842,53389.69,37372.78,53389.69,79490
8140839,45665.68,31965.98,45665.68,67990
8140845,33441.6,23409.12,33441.6,49790
8140829,28672.86,20071,28672.86,42690
8140838,45665.68,31965.98,45665.68,67990
8140837,45665.68,31965.98,45665.68,67990
8140836,45665.68,31965.98,45665.68,67990
8140835,38680.5,27076.35,38680.5,57590
8140833,33978.92,23785.24,33978.92,50590
8140834,41434.27,29003.99,41434.27,61690
8140848,33441.6,23409.12,33441.6,49790
8140846,33441.6,23409.12,33441.6,49790
8042827,2371.54,2371.54,2371.54,3802.35
8117390,1581.1,1106.77,1581.1,2535.02
8117392,1581.1,1106.77,1581.1,2535.02
8117393,1581.1,1106.77,1581.1,2535.02
8025922,6745.42,4384.52,6745.42,10847.67
8025913,6745.42,4384.52,6745.42,10847.67
8025914,6745.42,4384.52,6745.42,10847.67
8025944,6745.42,4384.52,6745.42,10847.67
8025945,6745.42,4384.52,6745.42,10847.67
8025946,6745.42,4384.52,6745.42,10847.67
8115410,6745.42,4384.52,6745.42,10847.67
8025947,6745.42,4384.52,6745.42,10851.28
8034949,6745.42,4384.52,6745.42,10847.67
8039700,6745.42,4384.52,6745.42,10847.67
8115409,6745.42,4384.52,6745.42,10847.67
8025915,6745.42,4384.52,6745.42,10847.67
8025918,6745.42,4384.52,6745.42,10847.67
8025920,6745.42,4384.52,6745.42,10847.67
8025921,6745.42,4384.52,6745.42,10847.67
8117357,6745.42,4384.52,6745.42,10847.67
8029040,6745.42,4384.52,6745.42,10847.67
8025924,6745.42,4384.52,6745.42,10847.67
8025925,6745.42,4384.52,6745.42,10847.67
8039698,6745.42,4384.52,6745.42,10847.67
8122910,6745.42,4384.52,6745.42,10847.67
8025927,6745.42,4384.52,6745.42,10847.67
8025930,6745.42,4384.52,6745.42,10847.67
8029041,6745.42,4384.52,6745.42,10847.67
8025931,6745.42,4384.52,6745.42,10847.67
8025932,6745.42,4384.52,6745.42,10847.67
8039699,6745.42,4384.52,6745.42,10847.67
8122911,6745.42,4384.52,6745.42,10847.67
8037774,6745.42,4384.52,6745.42,10847.67
8025933,6745.42,4384.52,6745.42,10847.67
8025934,6745.42,4384.52,6745.42,10847.67
8117358,6745.42,4384.52,6745.42,10847.67
8029042,6745.42,4384.52,6745.42,10847.67
8025935,6745.42,4384.52,6745.42,10847.67
8025936,6745.42,4384.52,6745.42,10847.67
8037775,6745.42,4384.52,6745.42,10847.67
8025937,6745.42,4384.52,6745.42,10847.67
8134805,6745.42,4384.52,6745.42,10847.67
8025938,6745.42,4384.52,6745.42,10847.67
8025940,6745.42,4384.52,6745.42,10847.67
8037776,6745.42,4384.52,6745.42,10847.67
8025942,6745.42,4384.52,6745.42,10847.67
8134806,6745.42,4384.52,6745.42,10847.67
8025948,6745.42,4384.52,6745.42,10847.67
8035938,3983.47,2390.08,3983.47,6406.01
8035939,3983.47,2390.08,3983.47,6406.01
8035940,3983.47,2390.08,3983.47,6406.01
8035941,3983.47,2390.08,3983.47,6406.01
8035942,3983.47,2390.08,3983.47,6406.01
8124985,3983.47,2390.08,3983.47,6406.01
8124984,3983.47,2390.08,3983.47,6406.01
8035944,3983.47,2390.08,3983.47,6406.01
8035945,3983.47,2390.08,3983.47,6406.01
8035948,3983.47,2390.08,3983.47,6406.01
8124983,3983.47,2390.08,3983.47,6406.01
8035949,3983.47,2390.08,3983.47,6406.01
8124097,3983.47,2390.08,3983.47,6406.01
8035950,3983.47,2390.08,3983.47,6406.01
8035951,3983.47,2390.08,3983.47,6406.01
8035952,3983.47,2390.08,3983.47,6406.01
8035953,3983.47,2390.08,3983.47,6406.01
8035954,3983.47,2390.08,3983.47,6406.01
8035955,3983.47,2390.08,3983.47,6406.01
8035956,3983.47,2390.08,3983.47,6406.01
8035957,3983.47,2390.08,3983.47,6406.01
8035958,3983.47,2390.08,3983.47,6406.01
8035959,3983.47,2390.08,3983.47,6406.01
8124098,3983.47,2390.08,3983.47,6406.01
8035960,3983.47,2390.08,3983.47,6406.01
8111430,6745.42,4384.52,6745.42,10847.67
8025952,3465.47,3465.47,3465.47,5556.28
8136673,7420.92,4823.6,7420.92,11933.95
8136674,7420.92,4823.6,7420.92,11933.95
8136676,7420.92,4823.6,7420.92,11933.95
8136678,7420.92,4823.6,7420.92,11933.95
8136685,7420.92,4823.6,7420.92,11933.95
8136680,7420.92,4823.6,7420.92,11933.95
8136684,7420.92,4823.6,7420.92,11933.95
8136682,7420.92,4823.6,7420.92,11933.95
8136683,7420.92,4823.6,7420.92,11933.95
8136686,7420.92,4823.6,7420.92,11933.95
8137585,1277.29,1277.29,1277.29,
8137589,1277.29,1277.29,1277.29,
8137587,1277.29,1277.29,1277.29,
8137536,3588.59,3588.59,3588.59,
8137549,3588.59,3588.59,3588.59,
8137550,3588.59,3588.59,3588.59,
8142451,2615.41,2615.41,2615.41,
6310590,3041.18,3041.18,3041.18,
8039645,3381.79,3381.79,3381.79,
8126466,2250.47,2250.47,2250.47,
8137537,924.52,924.52,924.52,
8126063,4257.65,4257.65,4257.65,
8137555,2128.82,2128.82,2128.82,
8137556,3381.79,3381.79,3381.79,
8119388,6933.88,6933.88,6933.88,
6310595,2432.94,2432.94,2432.94,
8137544,3588.59,3588.59,3588.59,
8129210,4865.88,4865.88,4865.88,
8137539,2432.94,2432.94,2432.94,
8137547,3588.59,3588.59,3588.59,
8137552,2676.23,2676.23,2676.23,
8137553,3800.02,3800.02,3800.02,
8137554,2085.39,2085.39,2085.39,
8114314,4014.35,4014.35,4014.35,
8033610,1155.65,1155.65,1155.65,
8033611,2128.82,2128.82,2128.82,
8033612,2883.03,2883.03,2883.03,
8140935,3284.47,3284.47,3284.47,
8140936,4379.29,4379.29,4379.29,
8140933,1459.76,1459.76,1459.76,
8140934,3260.14,3260.14,3260.14,
8140937,3284.47,3284.47,3284.47,
8140938,4257.65,4257.65,4257.65,
8029397,4038.68,4038.68,4038.68,
8140942,4622.59,4622.59,4622.59,
8029396,4038.68,4038.68,4038.68,
8119719,4038.68,4038.68,4038.68,
8140941,4622.59,4622.59,4622.59,
8137593,2737.06,2737.06,2737.06,
8137596,3892.7,3892.7,3892.7,
8137591,2737.06,2737.06,2737.06,
8137594,3892.7,3892.7,3892.7,
8137592,2737.06,2737.06,2737.06,
8137595,3892.7,3892.7,3892.7,
8137590,2128.82,2128.82,2128.82,
8039651,1703.06,1703.06,1703.06,
8039649,2007.18,2007.18,2007.18,
8039653,1824.71,1824.71,1824.71,
8039654,1824.71,1824.71,1824.71,
8039652,1703.06,1703.06,1703.06,
8039650,2007.18,2007.18,2007.18,
8137580,2676.23,2676.23,2676.23,
8137581,3406.12,3406.12,3406.12,
8137582,2676.23,2676.23,2676.23,
8137583,3406.12,3406.12,3406.12,
8140931,2676.23,2676.23,2676.23,
8140932,3406.12,3406.12,3406.12,
8137572,3649.41,3649.41,3649.41,
8137573,5206.49,5206.49,5206.49,
8137569,3466.94,3466.94,3466.94,
8137570,4622.59,4622.59,4622.59,
8137597,3953.53,3953.53,3953.53,
8137598,3953.53,3953.53,3953.53,
8137575,1855.12,1855.12,1855.12,
8137577,1849.03,1849.03,1849.03,
8137574,2128.82,2128.82,2128.82,
8137576,1739.55,1739.55,1739.55,
8040307,1812.54,1812.54,1812.54,
8116613,1812.54,1812.54,1812.54,
8029412,1946.35,1946.35,1946.35,
8029411,1946.35,1946.35,1946.35,
8029413,2883.03,2883.03,2883.03,
8007977,3162.82,3162.82,3162.82,
8029414,2883.03,2883.03,2883.03,
8007978,3162.82,3162.82,3162.82,
8140928,1459.76,1459.76,1459.76,
8140929,2068,2068,2068,
8137579,1436.6,1436.6,1436.6,
8031442,1338.12,1338.12,1338.12,
8137578,1581.41,1581.41,1581.41,
8031443,1763.88,1763.88,1763.88,
8141947,1789.19,1789.19,1789.19,
8141946,632.56,632.56,632.56,
8141945,1789.19,1789.19,1789.19,
8141944,632.56,632.56,632.56,
8035107,1885.53,1885.53,1885.53,
8032487,2311.29,2311.29,2311.29,
8007980,2007.18,2007.18,2007.18,
8036932,2007.18,2007.18,2007.18,
8029402,1313.79,1313.79,1313.79,
8029398,2007.18,2007.18,2007.18,
8029399,1313.79,1313.79,1313.79,
8038375,1313.79,1313.79,1313.79,
8029400,1313.79,1313.79,1313.79,
8113612,1313.79,1313.79,1313.79,
8029401,1313.79,1313.79,1313.79,
8007981,2007.18,2007.18,2007.18,
8007979,2007.18,2007.18,2007.18,
8133991,1034,1034,1034,
8142672,4932.52,4932.52,4932.52,
8125921,5795.69,5795.69,5795.69,
8142673,9371.05,9371.05,9371.05,
8137560,2554.59,2554.59,2554.59,
8137564,4561.76,4561.76,4561.76,
8126065,5795.69,5795.69,5795.69,
8126070,5795.69,5795.69,5795.69,
8125919,5795.69,5795.69,5795.69,
8132858,5795.69,5795.69,5795.69,
8125920,5440.11,5440.11,5440.11,
8137557,2554.59,2554.59,2554.59,
8137561,2548.79,2548.79,2548.79,
8137558,2554.59,2554.59,2554.59,
8029417,2548.79,2548.79,2548.79,
8137563,4561.76,4561.76,4561.76,
8125923,3301.85,3301.85,3301.85,
8125922,3301.86,3301.86,3301.86,
8137565,7298.82,7298.82,7298.82,
8137566,3953.53,3953.53,3953.53,
8137568,3162.82,3162.82,3162.82,
8137567,4805.06,4805.06,4805.06,
8037815,3460.86,3460.86,3460.86,
8039648,4622.59,4622.59,4622.59,
8037318,1295.55,1295.55,1295.55,
8037314,936.68,936.68,936.68,
8037319,1295.55,1295.55,1295.55,
8037315,936.68,936.68,936.68,
8037320,1295.55,1295.55,1295.55,
8037316,936.68,936.68,936.68,
8140930,1277.29,1277.29,1277.29,
8140939,1277.29,1277.29,1277.29,
8140940,1277.29,1277.29,1277.29,
8137584,1277.29,1277.29,1277.29,
8137588,1277.29,1277.29,1277.29,
8137586,1277.29,1277.29,1277.29,
8141941,3324.52,3324.52,3324.52,
8141943,4896.1,4896.1,4896.1,
8141940,3324.52,3324.52,3324.52,
8141942,4896.1,4896.1,4896.1,
8109763,1245.17,1245.17,1245.17,
8037322,1245.17,1245.17,1245.17,
8037323,1380.7,1380.7,1380.7,
8029407,2858.7,2858.7,2858.7,
8029403,1520.59,1520.59,1520.59,
8041520,2189.65,2189.65,2189.65,
8041519,2858.7,2858.7,2858.7,
8007985,1380.7,1380.7,1380.7,
8008157,2299.13,2299.13,2299.13,
8029404,1824.71,1824.71,1824.71,
8023704,0.01,0.01,0.01,
8021646,0.01,0.01,0.01,
8021707,0.01,0.01,0.01,
8034204,11647.24,11647.24,11647.24,
8034205,10362.67,10362.67,10362.67,
8034206,12271.46,12271.46,12271.46,
8120824,25749.48,25749.48,25749.48,
8120843,3996.6,3996.6,3996.6,
8017146,13315.47,13315.47,13315.47,22350
8003112,17277.34,17277.34,17277.34,29000
8115650,6670.31,6670.31,6670.31,9999
8137997,40562.82,40562.82,40562.82,62999
8117125,42155.14,37939.63,42155.14,57290
8117126,47231.54,42508.39,47231.54,64192
8116809,43858.97,39473.07,43858.97,59610
8127300,46882.73,42194.46,46882.73,63716
8116497,39788.76,35809.88,39788.76,54077
8135826,50111.86,50111.86,50111.86,80165.26
8135813,50111.86,50111.86,50111.86,80165.26
8135814,60397.62,60397.62,60397.62,96619.66
8141159,56857.01,51171.31,56857.01,77273
8131413,3685.45,2395.54,3685.45,5909
8131420,3685.45,2395.54,3685.45,5909
8131408,3685.45,2395.54,3685.45,5909
8143768,8374.36,8374.36,8374.36,13426.85
8143770,8374.36,8374.36,8374.36,13426.85
8143769,8374.36,8374.36,8374.36,13426.85
8131415,3685.45,2395.54,3685.45,5909
8131421,5095.69,3312.2,5095.69,8170.07
8131416,3685.45,2395.54,3685.45,5909
8131412,3685.45,2395.54,3685.45,5909
8131409,3685.45,2395.54,3685.45,5909
8131430,5868.25,3814.36,5868.25,9437.02
8131431,5868.25,3814.36,5868.25,9437.02
8131432,5127.35,3332.78,5127.35,8234
8131427,4672.74,3270.92,4672.74,7550.03
8131428,6355.65,3813.39,6355.65,10269.22
8131429,6053,4237.1,6053,9780.21
8131422,4672.74,3270.92,4672.74,7550.03
8143765,12595.59,12595.59,12595.59,20194.87
8143766,12620.44,12620.44,12620.44,20234.7
8131425,4672.74,3270.92,4672.74,7550.03
8143767,7978.65,7978.65,7978.65,12792.39
8131433,5127.35,3332.78,5127.35,8234
8131434,5127.35,3332.78,5127.35,8220.81
8131426,4672.74,3270.92,4672.74,7550.03
8131424,4672.74,3270.92,4672.74,7550.03
8131423,4672.74,3270.92,4672.74,7550.03
8131436,6941.63,4512.06,6941.63,11129.72
8131435,6941.63,4512.06,6941.63,11129.72
8131400,3685.45,2395.54,3685.45,5909
8131404,5350.47,3210.28,5350.47,8578.56
8131402,3685.45,2395.54,3685.45,5909
8131397,3685.45,2395.54,3685.45,5909
8143763,12107.85,12107.85,12107.85,19412.86
8143764,9906.59,9906.59,9906.59,15883.52
8131401,3685.45,2395.54,3685.45,5909
8131407,5095.69,3312.2,5095.69,8170.07
8131403,3685.45,2395.54,3685.45,5909
8131399,3685.45,2395.54,3685.45,5909
8131398,3685.45,2395.54,3685.45,5909
8129343,5572.25,5572.25,5572.25,8731.69
8129341,2163.83,1731.06,2163.83,3380.99
8129264,5644.12,4797.5,5644.12,8831.96
8129342,11119.28,11119.28,11119.28,17385.78
8129344,5572.25,5572.25,5572.25,8719.01
8033311,11826.68,11826.68,11826.68,18489
8136851,4373.06,4373.06,4373.06,6804.11
8136852,5030.03,5030.03,5030.03,7823.19
8126905,5349.06,5349.06,5349.06,7907.36
8126906,2960.77,2960.77,2960.77,4293.51
8126903,4789.19,4789.19,4789.19,6569.32
8126904,2477.82,2477.82,2477.82,3567.56
8129380,5689.52,4836.09,5689.52,9004.07
8129381,3504.25,2978.61,3504.25,5174.9
8129382,5292.32,4498.47,5292.32,8235.08
8129263,2987.25,2539.16,2987.25,4235.34
8129379,7009.76,7009.76,7009.76,10353.27
8129378,3550.91,3550.91,3550.91,5951.18
8129266,5892.54,4419.41,5892.54,8784.6
8129265,3404.63,2893.94,3404.63,5048.65
8038728,22579.71,22579.71,22579.71,37900
8134919,3481.53,3481.53,3481.53,5500
8134918,22579.71,22579.71,22579.71,37900
8128516,3481.53,3481.53,3481.53,5500
8128515,22579.71,22579.71,22579.71,37900
8133294,23041.43,23041.43,23041.43,35000
8006954,29243.27,29243.27,29243.27,46570
8031839,60913.53,60913.53,60913.53,97005
8006955,24244.84,24244.84,24244.84,38610
6301457,22888.5,22888.5,22888.5,36450
8023426,30025.06,30025.06,30025.06,47815
8023427,21836.69,21836.69,21836.69,34775
8021367,30025.06,30025.06,30025.06,47815
8021368,21836.69,21836.69,21836.69,34775
8034947,29243.27,29243.27,29243.27,46570
8121537,60913.53,60913.53,60913.53,97005
8034948,20888.49,20888.49,20888.49,33265
8013023,29243.27,29243.27,29243.27,46570
8013024,20888.49,20888.49,20888.49,33265
8014921,29243.27,29243.27,29243.27,46570
8014922,21268.4,21268.4,21268.4,33870
8010837,29243.27,29243.27,29243.27,46570
8137310,38047.01,38047.01,38047.01,60590
8137247,28348.45,28348.45,28348.45,45145
8116391,35434.78,35434.78,35434.78,56430
8116392,25736.21,25736.21,25736.21,40985
8127024,38417.5,38417.5,38417.5,61180
8127023,27974.82,27974.82,27974.82,44550
8137293,39164.75,39164.75,39164.75,62370
8137292,28722.07,28722.07,28722.07,45740
8008441,20065.89,20065.89,20065.89,31955
8027015,25444.22,25444.22,25444.22,40520
8038520,18649.88,18649.88,18649.88,29700
8038519,24992.1,24992.1,24992.1,39800
8138484,20813.14,20813.14,20813.14,33145
8138485,30213.44,30213.44,30213.44,48115
8030072,24992.1,24992.1,24992.1,39800
8030073,18649.88,18649.88,18649.88,29700
8026618,24907.32,24907.32,24907.32,39665
8141721,36957.53,36957.53,36957.53,58855
8141720,27974.82,27974.82,27974.82,44550
8128403,35249.53,35249.53,35249.53,56135
8128404,25563.53,25563.53,25563.53,40710
8131286,35249.53,35249.53,35249.53,56135
8131287,25422.24,25422.24,25422.24,40485
8136416,36957.53,36957.53,36957.53,58855
8136415,27974.82,27974.82,27974.82,44550
8137263,50538.33,45484.5,50538.33,86999
8137288,41434.8,41434.8,41434.8,71499
8137260,21478.5,21478.5,21478.5,36999
8137261,40925.25,40925.25,40925.25,70499
8137282,25237.56,25237.56,25237.56,43499
8137285,49377.33,49377.33,49377.33,84999
8139249,36353.49,36353.49,36353.49,61999
8137284,46369.05,41732.15,46369.05,79999
8137280,30985.8,30985.8,30985.8,53499
8137281,21478.5,21478.5,21478.5,36999
8137286,34850.64,31365.58,34850.64,59999
8139248,45735.66,45735.66,45735.66,77999
8137262,38313,38313,38313,65999
8137257,37767.33,37767.33,37767.33,64999
8137259,49377.33,49377.33,49377.33,84999
8139247,34008.27,34008.27,34008.27,57999
8139246,49840.44,44856.4,49840.44,84999
8137289,38008.56,38008.56,38008.56,65499
8137287,34850.64,31365.58,34850.64,59999
8137197,39969.36,39969.36,39969.36,68999
8137198,37767.33,37767.33,37767.33,64999
8021952,0.01,0.01,0.01,
8021500,0.01,0.01,0.01,
8021499,0.01,0.01,0.01,
8021491,0.01,0.01,0.01,
8142690,3180,3180,3180,5087.14
8142691,4720.54,4720.54,4720.54,7551.57
8142692,3180,3180,3180,5087.14
8142693,4720.54,4720.54,4720.54,7551.57
8142688,3180,3180,3180,5087.14
8142689,4720.54,4720.54,4720.54,7551.57
8015505,7996.5,7196.85,7996.5,
8117307,7235.71,7235.71,7235.71,
8117296,11576.58,11576.58,11576.58,
8015507,3874.44,3874.44,3874.44,
8117301,1914.9,1914.9,1914.9,
8015504,3408.22,3408.22,3408.22,
8131018,5423.34,5423.34,5423.34,
8135378,4724.12,4724.12,4724.12,
8135377,3038.7,3038.7,3038.7,
8031136,4896.27,4896.27,4896.27,
8031133,7507.94,7507.94,7507.94,
8031134,7507.94,7507.94,7507.94,
8140764,3885.79,3885.79,3885.79,
8117303,1447.39,1447.39,1447.39,
8135362,4859.3,4859.3,4859.3,
8131014,5404.25,5404.25,5404.25,
8015500,4092.71,4092.71,4092.71,
8113934,12711.87,12711.87,12711.87,
8135363,2969.45,2969.45,2969.45,
8031137,5957.84,5957.84,5957.84,
8135361,3644.34,3644.34,3644.34,
8031135,5957.84,5957.84,5957.84,
8040609,8409.47,8409.47,8409.47,
8140762,5510.71,5510.71,5510.71,
8140763,5369.41,5369.41,5369.41,
8124913,12644.71,12644.71,12644.71,
8124912,13150.6,13150.6,13150.6,
8131012,2543.58,2543.58,2543.58,
8135376,2699.49,2699.49,2699.49,
8135375,3711.85,3711.85,3711.85,
8131013,1952.43,1952.43,1952.43,
8117302,1447.39,1447.39,1447.39,
8036946,2378.53,2378.53,2378.53,
8015495,1191.29,1191.29,1191.29,
8015497,1656.84,1656.84,1656.84,
8015496,2120.61,2120.61,2120.61,
8026184,4783.78,4305.4,4783.78,
8135360,2699.49,2429.54,2699.49,
8036942,3000.93,2700.84,3000.93,
8026183,8867.14,7980.43,8867.14,
8026185,5245.73,4721.16,5245.73,
8140756,2119.51,2119.51,2119.51,
8140757,1839.13,1839.13,1839.13,
8140761,2260.82,2260.82,2260.82,
8040613,4364.53,4364.53,4364.53,
8040610,4364.53,4364.53,4364.53,
8040612,4364.53,4364.53,4364.53,
8040614,3680.07,3680.07,3680.07,
8140758,2084.2,2084.2,2084.2,
8117299,17098.05,17098.05,17098.05,
8015508,6555.25,6555.25,6555.25,
8135373,2024.62,2024.62,2024.62,
8135365,1484.73,1484.73,1484.73,
8135370,1754.7,1754.7,1754.7,
8135369,1079.82,1079.82,1079.82,
8135374,2227.08,2227.08,2227.08,
8135371,1484.73,1484.73,1484.73,
8135366,1484.73,1484.73,1484.73,
8135368,1754.7,1754.7,1754.7,
8135367,1079.82,1079.82,1079.82,
8135372,1484.73,1484.73,1484.73,
8036944,2543.58,2543.58,2543.58,
8036943,2543.43,2543.43,2543.43,
8140754,3673.82,3673.82,3673.82,
8140769,2614.04,2614.04,2614.04,
8121230,11667.78,11667.78,11667.78,
8135379,1822.19,1822.19,1822.19,
8033660,1944.69,1944.69,1944.69,
8033659,1869.66,1869.66,1869.66,
8131007,1365.96,1365.96,1365.96,
8040617,2102.45,2102.45,2102.45,
8040618,2943.12,2943.12,2943.12,
8131005,1546.17,1546.17,1546.17,
8015501,1777,1777,1777,
8117300,1989.7,1989.7,1989.7,
8015502,1819.44,1819.44,1819.44,
8140755,3824.67,3824.67,3824.67,
8036945,11997.14,11997.14,11997.14,
8036948,2481.99,2481.99,2481.99,
8036950,3515.43,3515.43,3515.43,
8131016,2503.06,2503.06,2503.06,
8140767,1695.59,1695.59,1695.59,
8140765,1942.89,1942.89,1942.89,
8140766,2013.54,2013.54,2013.54,
8131011,2270.05,2270.05,2270.05,
8040616,4309.23,4309.23,4309.23,
8015498,2818.46,2818.46,2818.46,
8124910,2276.02,2276.02,2276.02,
8015499,2641.86,2641.86,2641.86,
8124908,2191.75,2191.75,2191.75,
8124907,2023.12,2023.12,2023.12,
8124909,2444.5,2444.5,2444.5,
8131015,1251.56,1251.56,1251.56,
8135359,2969.45,2969.45,2969.45,
8135364,5736.42,5736.42,5736.42,
8036947,4395.61,4395.61,4395.61,
8040615,3041.5,3041.5,3041.5,
8117305,3255.69,3255.69,3255.69,
8117306,14580.32,14580.32,14580.32,
8140760,7912.83,7912.83,7912.83,
8140759,8760.64,8760.64,8760.64,
8140770,2558.7,2558.7,2558.7,
8140768,3108.6,3108.6,3108.6,
8140771,3673.82,3673.82,3673.82,
8140753,7934.04,7934.04,7934.04,
8140752,4380.34,4380.34,4380.34,
8140751,3751.53,3751.53,3751.53,
8015506,4092.71,4092.71,4092.71,
8131017,6257.6,6257.6,6257.6,
8117295,8501.58,8501.58,8501.58,
8135358,16534.46,14881.01,16534.46,
8140439,74748.25,74748.25,74748.25,111290
8004227,60576.37,60576.37,60576.37,90190
8127357,32398.85,32398.85,32398.85,48237.5
8139573,63538.37,63538.37,63538.37,94600
8011354,77564.71,77564.71,77564.71,115483.33
8004788,34925.95,34925.95,34925.95,52000
8127354,32398.85,32398.85,32398.85,48237.5
11246,63538.37,63538.37,63538.37,94600
8004791,130965.6,130965.6,130965.6,194990
8004792,61951.58,61951.58,61951.58,92237.5
8004232,34925.95,34925.95,34925.95,52000
8139577,58232.3,58232.3,58232.3,86700
8139575,58232.3,58232.3,58232.3,86700
8120431,63538.37,63538.37,63538.37,94600
8139576,107927.9,107927.9,107927.9,160690
11420,121226.63,121226.63,121226.63,180490
8139572,107927.9,107927.9,107927.9,160690
8122972,107927.9,107927.9,107927.9,160690
8129525,5896.19,5306.57,5896.19,13355.48
8140150,2440.95,2196.86,2440.95,5529.02
8126977,7345.16,6610.64,7345.16,16637.54
8140127,3667.01,3300.31,3667.01,8306.15
8110455,7345.16,6610.64,7345.16,16637.54
5737,21427.38,21427.38,21427.38,32381
9990897,21427.38,21427.38,21427.38,32381
9996382,21427.38,21427.38,21427.38,32381
8135324,7973.13,7175.82,7973.13,13293.45
8135325,7973.13,7175.82,7973.13,13293.45
8135323,7973.13,7175.82,7973.13,13293.45
8135321,7973.13,7175.82,7973.13,13293.45
8135322,7973.13,7175.82,7973.13,13293.45
8135317,3877.83,3490.05,3877.83,5739.41
8135315,5041.19,4537.07,5041.19,7461.23
8135316,5041.19,4537.07,5041.19,7461.23
8132564,5041.19,4537.07,5041.19,7461.23
8135320,7973.13,7175.82,7973.13,13293.45
8135319,7973.13,7175.82,7973.13,13293.45
8135318,7973.13,7175.82,7973.13,13293.45
8139584,111756.32,111756.32,111756.32,166390
8139582,92479.88,92479.88,92479.88,137690
8143550,104569.64,104569.64,104569.64,155690
8139583,80390.13,80390.13,80390.13,119690
8034207,5014.85,5014.85,5014.85,
8140944,13381.17,13381.17,13381.17,
8140947,9731.76,9731.76,9731.76,
8140945,13381.17,13381.17,13381.17,
8140946,9731.76,9731.76,9731.76,
8141948,3831.88,3831.88,3831.88,
8110842,6793.73,6793.73,6793.73,10500
8110845,3953.31,3755.64,3953.31,6110
8110846,5259.64,4996.66,5259.64,8129
8142221,3339.28,2838.39,3339.28,5161
8143838,20035.69,20035.69,20035.69,30966
8110847,4685.73,4451.44,4685.73,7242
8111372,5768.2,5479.79,5768.2,8915
8110841,4157.76,3949.87,4157.76,6426
8110840,2870.83,2727.29,2870.83,4437
8120573,46878.91,46878.91,46878.91,73286.13
8113350,64733.66,64733.66,64733.66,101198.63
8113800,34221.51,34221.51,34221.51,53498.75
8119235,66756.62,66756.62,66756.62,104361.13
8038240,61215.27,61215.27,61215.27,95698.63
8139890,51977.97,46780.17,51977.97,62798
8013079,9351.82,6078.68,9351.82,15899
8014164,12822.21,8975.55,12822.21,21799
9931875,10881.15,7616.81,10881.15,18499
8017120,14645.64,10984.23,14645.64,24899
8010881,9116.53,5925.74,9116.53,15499
8013971,14233.9,9963.73,14233.9,24199
8009385,16590.11,16590.11,16590.11,24524.32
8137437,21322.32,21322.32,21322.32,37676.62
8133613,34158.46,34158.46,34158.46,54656.66
8131551,47828.67,47828.67,47828.67,76530.26
8024933,34008.17,34008.17,34008.17,54416.16
8037152,55072,55072,55072,88120.22
8026125,42217.58,42217.58,42217.58,67551.98
8043274,53120.05,53120.05,53120.05,84996.91
8016517,40693.98,40693.98,40693.98,65114.06
6031106,7200.32,7200.32,7200.32,
8042702,3128.97,3128.97,3128.97,5229.38
8137988,4569.3,4569.3,4569.3,7636.55
6302177,2536.58,2536.58,2536.58,4055
8142459,8273.05,8273.05,8273.05,13580
8142474,8489.94,6791.95,8489.94,13936
8142475,8489.94,6791.95,8489.94,13936
8142471,13816.25,12434.63,13816.25,22679
8142464,8634.92,6907.94,8634.92,14174
8142466,13816.25,12434.63,13816.25,22679
8142460,8634.92,6907.94,8634.92,14174
8142465,8634.92,6907.94,8634.92,14174
8142467,13816.25,12434.63,13816.25,22679
8142462,8634.92,6907.94,8634.92,14174
8142470,13816.25,12434.63,13816.25,22679
8142463,8634.92,6907.94,8634.92,14174
8142472,38858.4,34972.56,38858.4,63785
8024281,5171.71,4654.54,5171.71,11714.45
8026638,30784.1,30784.1,30784.1,55000
8129027,27985.53,27985.53,27985.53,50000
8129033,16791.32,16791.32,16791.32,30000
8129035,3358.27,3358.27,3358.27,6000
8129030,15671.9,15671.9,15671.9,28000
8026649,27985.53,27985.53,27985.53,50000
9993437,29115.98,29115.98,29115.98,44000
9993446,44335.71,44335.71,44335.71,67000
8043436,49232.49,49232.49,49232.49,74400
8122212,47644.34,47644.34,47644.34,72000
8141913,29777.72,29777.72,29777.72,45000
8115381,29777.72,29777.72,29777.72,45000
8143417,54923.35,54923.35,54923.35,83000
8112015,47644.34,47644.34,47644.34,72000
8122218,57570.25,57570.25,57570.25,87000
8141912,34674.49,34674.49,34674.49,52400
8043663,26469.08,26469.08,26469.08,40000
8142168,55585.07,55585.07,55585.07,84000
9993734,38380.17,38380.17,38380.17,58000
8142583,39703.62,39703.62,39703.62,60000
8043427,41027.07,41027.07,41027.07,62000
8141859,65510.97,65510.97,65510.97,99000
8141858,72789.97,72789.97,72789.97,110000
8141857,76098.61,76098.61,76098.61,115000
8141856,76098.61,76098.61,76098.61,115000
8043426,54923.34,54923.34,54923.34,83000
8131474,51283.85,51283.85,51283.85,77500
8115835,48173.72,48173.72,48173.72,72800
8015384,48173.72,48173.72,48173.72,72800
8141714,50622.12,50622.12,50622.12,76500
9993976,43012.25,43012.25,43012.25,65000
8017154,36527.33,36527.33,36527.33,55200
8122219,54791,54791,54791,82800
9999296,54923.34,54923.34,54923.34,83000
8015452,54923.34,54923.34,54923.34,83000
8043439,45857.68,45857.68,45857.68,69300
8133096,45857.68,45857.68,45857.68,69300
8109892,40471.22,40471.22,40471.22,61160
8031973,54261.62,54261.62,54261.62,82000
8015453,52276.44,52276.44,52276.44,79000
8016714,56246.8,56246.8,56246.8,85000
8140774,45328.3,45328.3,45328.3,68500
8140775,45328.3,45328.3,45328.3,68500
8121550,62864.06,62864.06,62864.06,95000
8121549,56246.8,56246.8,56246.8,85000
8029428,5178.99,5178.99,5178.99,
8029427,5058.55,5058.55,5058.55,
8029429,5178.99,5178.99,5178.99,
8033599,5795.69,5795.69,5795.69,
8134746,22312.68,22312.68,22312.68,42840
8134701,13781.35,13781.35,13781.35,26460
8039662,5178.99,5178.99,5178.99,
8039658,8187.37,8187.37,8187.37,
9994138,19004.13,16170.79,19004.13,29863.63
9994369,26868.99,22863.07,26868.99,42222.69
9995733,21439.93,21439.93,21439.93,33691.31
8026731,19190.51,16329.38,19190.51,30156.51
8026730,19190.51,16329.38,19190.51,30156.51
1556,12290.52,10458.11,12290.52,19313.67
8126441,23930.67,20362.82,23930.67,37605.33
8126658,26771.74,22780.31,26771.74,42069.87
8126659,26775.65,22783.64,26775.65,42076.01
9994139,19011.87,16177.37,19011.87,29875.79
8029015,22473.06,22473.06,22473.06,33999
8025261,17846.12,17846.12,17846.12,26999
8025262,21151.07,21151.07,21151.07,31999
8023420,23067.95,23067.95,23067.95,34899
8023421,26306.82,26306.82,26306.82,39799
8029016,27496.6,27496.6,27496.6,41599
8118125,82623.3,82623.3,82623.3,124999
8023103,11831.09,11831.09,11831.09,17899
8123257,14805.55,14805.55,14805.55,22399
8123258,14805.55,14805.55,14805.55,22399
8137816,15466.55,15466.55,15466.55,23399
8137817,15466.55,15466.55,15466.55,23399
8136022,15466.55,15466.55,15466.55,23399
8136023,15466.55,15466.55,15466.55,23399
8133156,15466.55,15466.55,15466.55,23399
8133153,15466.55,15466.55,15466.55,23399
8133158,15466.55,15466.55,15466.55,23399
8133157,15466.55,15466.55,15466.55,23399
8136028,16259.74,16259.74,16259.74,24599
8136029,16259.74,16259.74,16259.74,24599
8136030,16259.74,16259.74,16259.74,24599
8136025,9253.22,9253.22,9253.22,13999
8136024,9253.22,9253.22,9253.22,13999
8133159,9253.22,9253.22,9253.22,13999
8133160,9253.22,9253.22,9253.22,13999
8133165,16259.74,16259.74,16259.74,24599
8136031,17449.52,17449.52,17449.52,26399
8136033,17449.52,17449.52,17449.52,26399
8136032,17449.52,17449.52,17449.52,26399
8136034,17449.52,17449.52,17449.52,26399
8011524,52878.67,52878.67,52878.67,79999
8023098,17846.12,17846.12,17846.12,26999
8023097,17846.12,17846.12,17846.12,26999
8133166,132197.69,132197.69,132197.69,199999
8136019,46262.81,46262.81,46262.81,69990
8034400,33776.02,33776.02,33776.02,51099
8010573,10575.2,10575.2,10575.2,15999
8010574,10575.2,10575.2,10575.2,15999
8010572,10575.2,10575.2,10575.2,15999
8023423,12359.89,12359.89,12359.89,18699
8023422,12359.89,12359.89,12359.89,18699
8023424,12359.89,12359.89,12359.89,18699
8131669,12359.89,12359.89,12359.89,18699
8010575,10575.2,10575.2,10575.2,15999
8035072,16061.44,16061.44,16061.44,24299
8035074,17713.92,17713.92,17713.92,26799
8035073,16061.44,16061.44,16061.44,24299
8035075,17713.92,17713.92,17713.92,26799
8035077,22605.25,22605.25,22605.25,34199
8035079,23530.64,23530.64,23530.64,35599
8035076,22605.25,22605.25,22605.25,34199
8035078,23530.64,23530.64,23530.64,35599
8022217,3200.94,2560.75,3200.94,4784.44
8022221,3200.94,2560.75,3200.94,4784.44
8136453,3986.75,3189.4,3986.75,6108.15
8022215,3200.94,2560.75,3200.94,4784.44
8034929,3200.94,2560.75,3200.94,4784.44
8129415,4011.37,4011.37,4011.37,5739.9
8022213,3200.94,2560.75,3200.94,4784.44
8129418,4011.37,4011.37,4011.37,5739.9
8022212,3200.94,2560.75,3200.94,4784.44
8136454,3986.75,3189.4,3986.75,6108.15
8131214,3986.75,3189.4,3986.75,6108.15
8131215,3986.75,3189.4,3986.75,6108.15
8131216,3986.75,3986.75,3986.75,6108.15
8141224,3986.75,3189.4,3986.75,6108.15
8141225,3986.75,3189.4,3986.75,6108.15
8141222,5789.66,5789.66,5789.66,8879.38
8141223,5789.66,5789.66,5789.66,8879.38
8127430,8729.43,8729.43,8729.43,13053
8122209,138032.25,138032.25,138032.25,237000
8122210,104834.62,104834.62,104834.62,180000
8004273,68666.68,68666.68,68666.68,117900
8009168,129296.04,129296.04,129296.04,222000
8004275,100175.31,100175.31,100175.31,172000
8014581,16001.65,16001.65,16001.65,22890
8033370,5243,5243,5243,7500
8033375,7130.49,7130.49,7130.49,10200
8033366,8738.33,8738.33,8738.33,12500
8033367,8738.33,8738.33,8738.33,12500
8033369,6501.32,6501.32,6501.32,9300
8033389,4543.93,4543.93,4543.93,6500
8033391,4543.93,4543.93,4543.93,6500
8033390,4543.93,4543.93,4543.93,6500
8033392,4543.93,4543.93,4543.93,6500
8035000,5522.63,5522.63,5522.63,6500
8034999,5243,5243,5243,6500
8033393,4543.93,4543.93,4543.93,6500
8034555,4543.93,4543.93,4543.93,6500
8033394,4543.93,4543.93,4543.93,6500
8033395,4543.93,4543.93,4543.93,6500
8035013,4543.93,4543.93,4543.93,6500
8035007,4543.93,4543.93,4543.93,6500
8035010,4543.93,4543.93,4543.93,6500
8035011,4543.93,4543.93,4543.93,6500
8035001,4543.93,4543.93,4543.93,6500
8035008,4543.93,4543.93,4543.93,6500
8035012,4543.93,4543.93,4543.93,6500
8035006,4543.93,4543.93,4543.93,6500
8035009,4543.93,4543.93,4543.93,6500
8033377,4474.03,4474.03,4474.03,6400
8033371,3984.68,3984.68,3984.68,5700
8014578,13282.28,13282.28,13282.28,19000
8033388,3844.87,3844.87,3844.87,5500
8033376,2936.08,2936.08,2936.08,4800
8033387,3844.87,3844.87,3844.87,5500
8033368,8318.9,8318.9,8318.9,11900
8014586,4823.57,4823.57,4823.57,6900
8033374,5243,5243,5243,7500
8033378,4613.84,4613.84,4613.84,6600
8014587,2936.08,2936.08,2936.08,4200
8033372,3145.79,3145.79,3145.79,4500
8014584,4823.57,4823.57,4823.57,6900
8135654,13594.81,10196.11,13594.81,18753
8135656,13594.81,10196.11,13594.81,18753
8135657,13594.81,10196.11,13594.81,18753
8132727,3521.55,2817.24,3521.55,4858
8136555,14637.2,11709.76,14637.2,20191
8134783,22428.04,17942.43,22428.04,30937
8132729,3521.58,2817.26,3521.58,4858
8132728,3521.58,2817.26,3521.58,4858
8134787,22428.04,17942.43,22428.04,30937
8132730,3521.6,2817.28,3521.6,4858
8134788,22428.04,17942.43,22428.04,30937
8132731,3521.6,2817.28,3521.6,4858
8132734,28034.72,22427.78,28034.72,38671
8132733,18296.39,14637.11,18296.39,25238
8132732,12197.6,9758.08,12197.6,16826
8134782,9357.48,7485.98,9357.48,12908
8132735,28034.72,22427.78,28034.72,38671
8132736,28034.72,22427.78,28034.72,38671
8134791,4768.79,2384.4,4768.79,6579
8134790,7103.6,3551.8,7103.6,9799
8134789,3157.73,1578.87,3157.73,4356
8132718,3038.47,2430.78,3038.47,4192
8136554,12659.98,8861.99,12659.98,17464
8132724,12660.06,8862.04,12660.06,17464
8134779,20256.3,15192.23,20256.3,27942
8132720,3038.44,2430.75,3038.44,4192
8132723,12660.06,8862.04,12660.06,17464
8134778,20256.3,15192.23,20256.3,27942
8132719,3038.44,2430.75,3038.44,4192
8132725,12660.06,8862.04,12660.06,17464
8134780,20256.3,15192.23,20256.3,27942
8132721,3038.43,2430.74,3038.43,4192
8132726,12660.06,8862.04,12660.06,17464
8134781,20256.51,15192.38,20256.51,27942
8132722,3038.43,2430.74,3038.43,4192
8142559,14560.01,14560.01,14560.01,22879.99
8033726,35478.72,35478.72,35478.72,
8142696,19079.1,19079.1,19079.1,30521.34
8041123,25542,25542,25542,
8138004,33789.01,33789.01,33789.01,50999
8138003,19034.7,19034.7,19034.7,27558.94
8033923,52135.61,26067.81,52135.61,70856
8133980,52135.61,26067.81,52135.61,70856
8117130,22746.31,19345.74,22746.31,30914
8117131,23495.54,11747.77,23495.54,31934
8121336,25871.21,21990.53,25871.21,35164
8143459,95983.22,95983.22,95983.22,130449
8143458,34962.1,34962.1,34962.1,47515
8121333,31503.86,26778.28,31503.86,42814
8121335,37537.97,31907.27,37537.97,51017
8029473,34941.46,29700.24,34941.46,47489
8029476,25871.21,21990.53,25871.21,35164
8021745,21612.14,18370.32,21612.14,29376
8117128,16282.9,13840.47,16282.9,22134
8117129,16282.9,13840.47,16282.9,22134
8120829,13434.98,13434.98,13434.98,
8139030,16268.07,13014.46,16268.07,26703.6
8139029,6161.75,4929.4,6161.75,10114.34
8139032,23738.93,18991.14,23738.93,38966.81
8111802,23786.1,19028.88,23786.1,39044.25
8111801,24633.67,19706.94,24633.67,40435.5
8036006,24564.58,19651.66,24564.58,40322.1
8036005,24798.07,19838.46,24798.07,40705.35
8128770,14358.65,11486.92,14358.65,23569.35
8128769,20738.72,16590.98,20738.72,34042.05
8123684,22677.8,22677.8,22677.8,37225
8036002,23385.67,18708.54,23385.67,38386.95
8035998,24633.67,19706.94,24633.67,40435.5
8003418,2440.14,2196.13,2440.14,4028.22
6030962,1943.09,1651.63,1943.09,3207.61
8000649,4456.76,3788.25,4456.76,7357.01
8112618,4289.31,3645.91,4289.31,7080.67
8136192,0.01,0.01,0.01,0.01
8143691,115452.11,115452.11,115452.11,179000
8112702,26285.04,26285.04,26285.04,46228.05
8112725,6262.21,6262.21,6262.21,11013.5
8112728,6533.27,6533.27,6533.27,11490.2
8112721,4087.02,4087.02,4087.02,7187.93
8112724,4129.96,4129.96,4129.96,7263.45
8112791,6378.53,6378.53,6378.53,11218.07
8112777,3323.04,3323.04,3323.04,5844.3
8112780,6332.69,6332.69,6332.69,11137.43
8112749,7722.49,7722.49,7722.49,13581.72
8112726,8152.8,8152.8,8152.8,14338.5
8113369,8087.56,8087.56,8087.56,14223.78
8112743,6833.89,6833.89,6833.89,12018.92
8112757,5013,5013,5013,8816.48
8113385,18242.25,18242.25,18242.25,32083.04
8113383,16037.28,16037.28,16037.28,28205.1
8112796,11455.32,11455.32,11455.32,20146.7
8112795,6010.37,6010.37,6010.37,10570.56
8113382,6311.71,6311.71,6311.71,11100.54
8112761,7332.28,7332.28,7332.28,12895.46
8112733,7058.88,7058.88,7058.88,12414.6
8112774,11021.76,11021.76,11021.76,19384.2
8113390,10763.76,10763.76,10763.76,18930.45
8113388,8611.01,8611.01,8611.01,15144.36
8113386,12198.45,12198.45,12198.45,21453.66
8113466,5302.38,5302.38,5302.38,9325.4
8112778,3992.76,3992.76,3992.76,7022.15
8112734,6811.2,6811.2,6811.2,11979
8112775,4846.96,4846.96,4846.96,8524.44
8112751,5328.85,5328.85,5328.85,9371.96
8113438,17749.37,17749.37,17749.37,31216.19
8112771,12431.9,12431.9,12431.9,21864.24
8112798,5418,5418,5418,9528.75
8112811,9154.02,9154.02,9154.02,16099.38
8113424,5551.52,5551.52,5551.52,9763.58
8112815,5809.73,5809.73,5809.73,10217.7
8112814,5809.73,5809.73,5809.73,10217.7
8113423,9154.02,9154.02,9154.02,16099.38
8113418,8815.51,8815.51,8815.51,15504.02
8112809,3327.17,3327.17,3327.17,5851.56
8112731,8712.88,8712.88,8712.88,15323.52
8112742,6791.28,6791.28,6791.28,11943.98
8112750,4968.22,4968.22,4968.22,8737.7
8112727,5314.95,5314.95,5314.95,9347.52
8112801,7611.71,7611.71,7611.71,13386.87
8112794,6501.6,6501.6,6501.6,11434.5
8112793,6266.3,6266.3,6266.3,11020.68
8113396,8106.23,8106.23,8106.23,14256.59
8127122,4551.12,4551.12,4551.12,8004.15
8112764,4262.74,4262.74,4262.74,7496.97
8113361,4028.93,4028.93,4028.93,7085.76
8112732,5101.28,5101.28,5101.28,8971.73
8113379,10608.88,10608.88,10608.88,18658.05
8112730,5585.18,5585.18,5585.18,9822.78
8112792,3786.09,3786.09,3786.09,6658.67
8127123,3616.64,3616.64,3616.64,6360.68
8127133,10216.8,10216.8,10216.8,17968.5
8127141,15046.56,15046.56,15046.56,26462.7
8112813,7144.86,7144.86,7144.86,12565.82
8112802,8047.83,8047.83,8047.83,14153.9
8112797,6979.61,6979.61,6979.61,12275.19
8127140,5479.92,5479.92,5479.92,9637.65
8113463,16881,16881,16881,29688.98
8127142,13839.12,13839.12,13839.12,24339.15
8112755,4508.07,4508.07,4508.07,7928.45
8112781,3966.58,3966.58,3966.58,6976.11
8112785,7017.6,7017.6,7017.6,12342
8112786,6069.89,6069.89,6069.89,10675.25
8113461,8203.16,8203.16,8203.16,14427.08
8112695,6708,6708,6708,11797.5
8113425,10986.18,10986.18,10986.18,19321.64
8113427,10986.18,10986.18,10986.18,19321.64
8112741,10263.95,10263.95,10263.95,18051.42
8127148,6408.72,6408.72,6408.72,11271.15
8112766,4992.82,4992.82,4992.82,8780.97
8112767,8529.87,8529.87,8529.87,15001.67
8127157,5479.92,5479.92,5479.92,9637.65
8127160,7337.52,7337.52,7337.52,12904.65
8127155,5479.92,5479.92,5479.92,9637.65
8112804,5570.97,5570.97,5570.97,9797.78
8112807,7928.78,7928.78,7928.78,13944.5
8112805,4086.72,4086.72,4086.72,7187.4
8127163,7298.3,7298.3,7298.3,12835.68
8127161,8313.79,8313.79,8313.79,14621.64
8112808,7810.7,7810.7,7810.7,13736.85
8112806,4963.64,4963.64,4963.64,8729.66
8113435,9133.41,9133.41,9133.41,16063.11
8113434,7660.61,7660.61,7660.61,13472.87
8113381,4024.88,4024.88,4024.88,7078.62
8112799,5543.9,5543.9,5543.9,9750.18
8112710,6347.3,6347.3,6347.3,11163.14
8112709,6198.23,6198.23,6198.23,10900.97
8112708,5498.16,5498.16,5498.16,9669.74
8112707,5625.87,5625.87,5625.87,9894.35
8112752,5423.29,5423.29,5423.29,9538.05
8112745,5619.01,5619.01,5619.01,9882.26
8112698,24613.2,24613.2,24613.2,43287.75
8113358,6349.16,6349.16,6349.16,11166.41
8112810,4647.13,4647.13,4647.13,8173.02
8113417,4099.61,4099.61,4099.61,7210.07
8113415,4099.61,4099.61,4099.61,7210.07
8112800,4277.87,4277.87,4277.87,7523.58
8127152,3405.6,3405.6,3405.6,5989.5
8112759,5273.52,5273.52,5273.52,9274.65
8127153,6873.12,6873.12,6873.12,12087.9
8127150,3065.04,3065.04,3065.04,5390.55
8112747,3675.75,3675.75,3675.75,6464.63
8127143,13622.4,13622.4,13622.4,23958
8127139,8173.44,8173.44,8173.44,14374.8
8127146,32002.32,32002.32,32002.32,56283.15
8112729,8322.05,8322.05,8322.05,14636.16
8113900,19193.34,19193.34,19193.34,33755.73
8127144,25449.12,25449.12,25449.12,44757.9
8127151,6873.12,6873.12,6873.12,12087.9
8112779,13396.61,13396.61,13396.61,23560.89
8113906,16744.2,16744.2,16744.2,29448.38
8112782,6294.88,6294.88,6294.88,11070.93
8112712,12466.3,12466.3,12466.3,21924.75
8113394,8792.23,8792.23,8792.23,15463.08
8113359,16936.59,16936.59,16936.59,29786.75
8112719,9091.37,9091.37,9091.37,15989.18
8112754,9371.76,9371.76,9371.76,16482.3
8112720,7682.69,7682.69,7682.69,13511.7
8112715,9091.37,9091.37,9091.37,15989.18
8112718,9091.37,9091.37,9091.37,15989.18
8130456,10730.4,8584.32,10730.4,18467.79
8130457,10730.4,8584.32,10730.4,18467.79
8130458,10730.4,8584.32,10730.4,18467.79
8130459,10730.4,8584.32,10730.4,18467.79
8130460,10730.4,8584.32,10730.4,18467.79
8130461,10730.4,8584.32,10730.4,18467.79
8121704,6491.6,6491.6,6491.6,11172.52
8121211,7790.99,7011.89,7790.99,17647.41
8129532,5896.19,5306.57,5896.19,13355.48
8117049,5338.9,4805.01,5338.9,12093.15
8134088,7345.16,6610.64,7345.16,16637.54
8134740,3221.17,2899.05,3221.17,7296.28
8132400,11134.78,10021.3,11134.78,25221.4
8133716,3520.91,3520.91,3520.91,6300
8133733,3520.91,3520.91,3520.91,6300
8136862,27041.19,27041.19,27041.19,
8121210,5571.85,5014.67,5571.85,12620.8
8039856,10162.81,10162.81,10162.81,
8039857,15072.91,15072.91,15072.91,
8039858,15072.91,15072.91,15072.91,
6297900,3221.39,2577.11,3221.39,5517.6
8024477,3282.37,2625.9,3282.37,5622.02
8136337,12306.54,12306.54,12306.54,21037.21
8020423,2219.5,2219.5,2219.5,3801.55
8018796,3715.72,2972.58,3715.72,6364.27
8018794,3715.72,2972.58,3715.72,6364.27
8018793,3715.72,2972.58,3715.72,6364.27
8018795,3715.72,2972.58,3715.72,6364.27
8136335,8937.38,8937.38,8937.38,15281.35
8024480,8090.45,8090.45,8090.45,13833.26
8136336,5321.48,5321.48,5321.48,9098.8
8015396,4184.41,4184.41,4184.41,7154.61
6302178,4381.48,4381.48,4381.48,7491.57
8015408,3428.64,3428.64,3428.64,5664.13
8002160,2599.74,2599.74,2599.74,4383.71
8015409,4178.06,4178.06,4178.06,7143.76
8024478,2928.56,2342.85,2928.56,4990
6255500,1700.5,1700.5,1700.5,2990.65
6300207,2927.18,2488.1,2927.18,5147.95
8015401,7212.52,7212.52,7212.52,12353.6
8015400,10846.89,10846.89,10846.89,20436.38
8120063,4391.59,3513.27,4391.59,7072.92
8116903,15761.03,12608.82,15761.03,25560.21
6209507,3730.54,3730.54,3730.54,6389.66
6220492,10938.04,10938.04,10938.04,18734.65
8116902,134053.67,134053.67,134053.67,214054.87
8141668,47682.06,47682.06,47682.06,76138.01
8139835,18965.54,17068.99,18965.54,30757.07
8121668,18431.15,16588.04,18431.15,28345.6
8031892,23538.73,21184.86,23538.73,35877.42
8031891,14154.11,12738.7,14154.11,21965.75
8024479,22795.71,20516.14,22795.71,34744.91
8015392,2362.58,2362.58,2362.58,4046.62
8024433,3450.38,3450.38,3450.38,5909.8
6230801,1419.01,1419.01,1419.01,2430.48
8015399,4840.79,4840.79,4840.79,8291.29
8015398,5783.48,5783.48,5783.48,9905.94
8132103,23321.91,23321.91,23321.91,39599
8126883,18690.81,18690.81,18690.81,33299
8128034,14587.32,14587.32,14587.32,25999
8132210,30622.02,30622.02,30622.02,51999
8123297,23542.5,23542.5,23542.5,41999
8132209,36219.33,36219.33,36219.33,61499
8123295,17402.1,17402.1,17402.1,30999
8129535,5896.19,5306.57,5896.19,13355.48
8140117,2440.95,2196.86,2440.95,5529.02
8140154,2440.95,2196.86,2440.95,5529.02
8126975,7345.16,6610.64,7345.16,16637.54
8134081,7345.16,6610.64,7345.16,16637.54
8034545,5561.91,5561.91,5561.91,
6310102,2898.94,2898.94,2898.94,
6310103,3517.43,3517.43,3517.43,
8024354,27315.48,27315.48,27315.48,43500
8024355,19108.28,19108.28,19108.28,30430
8038754,21036.06,21036.06,21036.06,33500
8131308,27315.48,27315.48,27315.48,43500
8118306,22919.89,22919.89,22919.89,36500
8131295,31704.79,31704.79,31704.79,50490
8114814,29020.34,29020.34,29020.34,46215
8114815,29020.34,29020.34,29020.34,46215
8114812,29020.34,29020.34,29020.34,46215
8131310,29020.34,29020.34,29020.34,46215
8138487,19420.63,19420.63,19420.63,29500
8138486,19420.63,19420.63,19420.63,29500
8137718,25917.27,22029.68,25917.27,37400
8137887,10533.22,8953.24,10533.22,15200
8137890,31183.88,26506.3,31183.88,45000
8137889,23699.75,20144.79,23699.75,34200
8137888,10533.22,8953.24,10533.22,15200
8137891,10533.22,8953.24,10533.22,15200
8137719,31183.88,31183.88,31183.88,45000
8137910,46866.45,39836.48,46866.45,62800
8137944,46866.45,39836.48,46866.45,62800
8141252,31183.88,26506.3,31183.88,45000
8141251,10533.22,8953.24,10533.22,15200
8141253,51866.53,44086.55,51866.53,69500
8141254,40299.17,34254.29,40299.17,54000
8142305,31183.88,31183.88,31183.88,45000
8137911,41120.08,34952.07,41120.08,55100
8143970,47687.35,47687.35,47687.35,63900
8132481,25647.26,25647.26,25647.26,41000
8132483,25647.26,25647.26,25647.26,41000
8135214,25647.26,25647.26,25647.26,41000
8135276,30651.6,30651.6,30651.6,49000
8113395,32904.28,29613.85,32904.28,48990
8141698,4224.7,4224.7,4224.7,6290
8118163,32904.28,32904.28,32904.28,48990
8129568,54397.17,43517.74,54397.17,80990
8136818,34919.23,34919.23,34919.23,51990
8135193,30889.32,30889.32,30889.32,45990
8134055,34919.23,34919.23,34919.23,51990
8137150,58427.08,58427.08,58427.08,86990
8140707,69845.18,69845.18,69845.18,103990
8140706,65815.27,65815.27,65815.27,97990
8134301,0.01,0.01,0.01,0.01
8143585,30889.32,30889.32,30889.32,45990
8131742,25113.1,25113.1,25113.1,37390
8127112,38277.5,38277.5,38277.5,56990
8135153,63464.48,63464.48,63464.48,94490
8130938,27866.88,27866.88,27866.88,41490
8141697,38277.5,38277.5,38277.5,56990
8141701,4224.7,4224.7,4224.7,6290
8131746,40292.45,34248.58,40292.45,59990
8134302,0.01,0.01,0.01,0.01
8137498,47008.98,47008.98,47008.98,69990
8137007,40292.45,32233.96,40292.45,59990
8140715,120219.15,120219.15,120219.15,178990
8127113,38277.5,32535.88,38277.5,56990
8130939,27866.88,23686.85,27866.88,41490
8138976,38277.5,32535.88,38277.5,56990
8141699,4224.7,4224.7,4224.7,6290
8113397,32904.28,26323.42,32904.28,48990
8034854,21016.02,21016.02,21016.02,31290
8124991,32904.28,26323.42,32904.28,48990
8135139,15668.17,15668.17,15668.17,26600
8140314,21735.17,21735.17,21735.17,36900
8135127,16492.8,16492.8,16492.8,28000
8140312,16375,16375,16375,27800
8135142,19379.05,19379.05,19379.05,32900
8135130,11603.87,11603.87,11603.87,19700
8135136,5884.4,5884.4,5884.4,9990
8140319,11839.48,11839.48,11839.48,20100
8135137,6184.8,6184.8,6184.8,10500
8135132,6656.03,6656.03,6656.03,11300
8135135,7716.28,7716.28,7716.28,13100
8135133,7716.28,7716.28,7716.28,13100
8135134,7362.86,7362.86,7362.86,12500
8141389,15824.43,15824.43,15824.43,28080
8141383,15824.43,15824.43,15824.43,28080
8141384,15824.43,15824.43,15824.43,28080
8141382,15824.43,15824.43,15824.43,28080
8141388,15824.43,15824.43,15824.43,28080
8141380,15824.43,15824.43,15824.43,28080
8141394,16946.73,16946.73,16946.73,28080
8141395,16946.73,16946.73,16946.73,28080
8141393,15824.43,15824.43,15824.43,28080
8141386,15824.43,15824.43,15824.43,28080
8141379,15824.43,15824.43,15824.43,28080
8141391,15824.43,15824.43,15824.43,28080
8141392,15824.43,15824.43,15824.43,28080
8141378,15824.43,15824.43,15824.43,28080
8141387,15824.43,15824.43,15824.43,28080
8143047,2660.65,2660.65,2660.65,5047.31
8143057,1836.64,1836.64,1836.64,3484.14
8143056,3917.87,3917.87,3917.87,7432.28
8143058,2374.89,2374.89,2374.89,4505.21
8143059,5434.13,5434.13,5434.13,10308.65
8143061,7256.1,7256.1,7256.1,13764.96
8143060,7967.48,7967.48,7967.48,15114.46
8143063,6916.59,6916.59,6916.59,13120.9
8143064,4779.37,4779.37,4779.37,9066.56
8143065,3664.18,3664.18,3664.18,9744.43
8143062,2556.15,2556.15,2556.15,4849.06
9990415,3147.11,3147.11,3147.11,4760
9990414,4892.56,4892.56,4892.56,7400
8128358,14377.02,14377.02,14377.02,25000
8034109,6553.73,6553.73,6553.73,11400
8020898,8215.47,8215.47,8215.47,14300
8001194,2824.53,2824.53,2824.53,4900
8001195,3810.69,3810.69,3810.69,6600
6030339,2662.11,2662.11,2662.11,4600
8120592,5044.24,5044.24,5044.24,8800
8120593,4808.91,4808.91,4808.91,8400
8120597,5258.35,5258.35,5258.35,9100
8120591,4566.74,4566.74,4566.74,7900
8120595,4808.49,4808.49,4808.49,8400
8120596,4566.74,4566.74,4566.74,7900
8120599,5061.16,5061.16,5061.16,8800
8120594,5016.18,5016.18,5016.18,8700
8120598,4601.22,4601.22,4601.22,8000
8035082,6355.58,6355.58,6355.58,11000
8035054,6355.58,6355.58,6355.58,11000
8036927,6355.58,6355.58,6355.58,11000
8036929,6355.58,6355.58,6355.58,11000
8007401,5496.64,5496.64,5496.64,9500
6535991,8706.8,8706.8,8706.8,15100
6530688,7597.8,7597.8,7597.8,13200
8024412,4857.88,4857.88,4857.88,8400
6033998,7110.34,7110.34,7110.34,12400
6300421,8067.76,8067.76,8067.76,14000
6033977,8818.63,8818.63,8818.63,15300
8022194,7089.63,7089.63,7089.63,12300
8019532,7798.59,7798.59,7798.59,13500
8011531,11567.43,11567.43,11567.43,20100
6033970,9841.07,9841.07,9841.07,17100
8037812,10228.07,10228.07,10228.07,17100
6301167,9908.61,9908.61,9908.61,17200
8026925,5972.52,5972.52,5972.52,10400
8031969,7910.51,7910.51,7910.51,13700
8140747,6201.11,6201.11,6201.11,10800
8035673,4975.56,4975.56,4975.56,8600
6030332,7564.19,7564.19,7564.19,13100
8017174,5354.84,5354.84,5354.84,9301
8140745,5968.57,5968.57,5968.57,10400
8128359,8877.61,8877.61,8877.61,15400
9999686,6056.42,6056.42,6056.42,10500
8039775,8475.95,8475.95,8475.95,14700
8016217,7883,7883,7883,13700
8142595,15571.86,15571.86,15571.86,27000
8019529,7432.21,7432.21,7432.21,12900
8012483,12632.16,12632.16,12632.16,21900
8140749,5425.97,5425.97,5425.97,9400
8001092,9090.22,7272.18,9090.22,15800
8035705,4641.05,4641.05,4641.05,8100
6030341,7183.46,7183.46,7183.46,12500
8024507,7231.42,7231.42,7231.42,12600
8024486,8432.38,8432.38,8432.38,14600
8024487,8432.38,8432.38,8432.38,14600
8024488,8432.38,8432.38,8432.38,14600
8024489,8432.38,8432.38,8432.38,14600
8024490,8432.38,8432.38,8432.38,14600
8128370,8432.38,8432.38,8432.38,14600
8024491,8432.38,8432.38,8432.38,14600
8024492,8432.38,8432.38,8432.38,14600
8024494,8432.38,8432.38,8432.38,14600
8024495,8432.38,8432.38,8432.38,14600
8128371,8432.38,8432.38,8432.38,14600
8024496,8432.38,8432.38,8432.38,14600
8024497,8432.38,8432.38,8432.38,14600
8027642,8432.38,8432.38,8432.38,14600
8024498,8432.38,8432.38,8432.38,14600
8024499,8432.38,8432.38,8432.38,14600
8024500,8432.38,8432.38,8432.38,14600
8128372,8432.38,8432.38,8432.38,14600
8024501,8432.38,8432.38,8432.38,14600
8027644,8432.38,8432.38,8432.38,14600
8024502,8432.38,8432.38,8432.38,14600
8024503,8432.38,8432.38,8432.38,14600
8024504,8432.38,8432.38,8432.38,14600
8027645,8432.38,8432.38,8432.38,14600
8024505,8432.38,8432.38,8432.38,14600
8024506,8432.38,8432.38,8432.38,14600
6530615,7656.4,7656.4,7656.4,13300
6530616,7656.4,7656.4,7656.4,13300
6530640,7656.4,7656.4,7656.4,13300
6530614,7656.4,7656.4,7656.4,13300
8130588,7656.4,7656.4,7656.4,13300
8130590,7656.4,7656.4,7656.4,13300
8130591,7656.4,7656.4,7656.4,13300
8010825,7656.4,7656.4,7656.4,13300
6530617,7656.4,7656.4,7656.4,13300
6530619,7656.4,7656.4,7656.4,13300
6530620,7656.4,7656.4,7656.4,13300
6530621,7656.4,7656.4,7656.4,13300
6530611,7656.4,7656.4,7656.4,13300
8010826,7656.4,7656.4,7656.4,13300
6301405,7656.4,7656.4,7656.4,13300
6530623,7656.4,7656.4,7656.4,13300
6530622,7656.4,7656.4,7656.4,13300
6530624,7656.4,7656.4,7656.4,13300
6530625,7656.4,7656.4,7656.4,13300
6530626,7656.4,7656.4,7656.4,13300
6301404,7656.4,7656.4,7656.4,13300
6530627,7656.4,7656.4,7656.4,13300
6530628,7656.4,7656.4,7656.4,13300
6310152,7656.4,7656.4,7656.4,13300
6530629,7656.4,7656.4,7656.4,13300
6530630,7656.4,7656.4,7656.4,13300
6530631,7656.4,7656.4,7656.4,13300
6301406,7656.4,7656.4,7656.4,13300
6530613,7656.4,7656.4,7656.4,13300
6530633,7656.4,7656.4,7656.4,13300
6310160,7656.4,7656.4,7656.4,13300
6530634,7656.4,7656.4,7656.4,13300
6530635,7656.4,7656.4,7656.4,13300
6530636,7656.4,7656.4,7656.4,13300
6530760,7656.4,7656.4,7656.4,13300
6310151,7656.4,7656.4,7656.4,13300
6530637,7656.4,7656.4,7656.4,13300
6530638,7656.4,7656.4,7656.4,13300
6530639,7656.4,7656.4,7656.4,13300
8122450,8432.38,8432.38,8432.38,14600
8122451,8432.38,8432.38,8432.38,14600
8122452,8432.38,8432.38,8432.38,14600
8122449,8432.38,8432.38,8432.38,14600
8037813,26859.92,26859.92,26859.92,1900
8127469,26744.14,26744.14,26744.14,1900
8127464,32092.96,32092.96,32092.96,2300
8143733,37732.5,37732.5,37732.5,2700
8143735,27906.67,27906.67,27906.67,1817.78
8143734,32199.64,32199.64,32199.64,2300
8034841,28647.88,28647.88,28647.88,2100
8134093,10489.07,10489.07,10489.07,18200
8134283,14293.74,14293.74,14293.74,24800
8012479,6566.35,6566.35,6566.35,11400
8021391,6566.35,6566.35,6566.35,11400
8007701,11083.72,8866.98,11083.72,19300
8014890,10554.26,10554.26,10554.26,18300
8137396,10706.55,10706.55,10706.55,18600
8128368,11080.84,11080.84,11080.84,19200
6309986,7843.28,7843.28,7843.28,13600
8030928,1697.55,1697.55,1697.55,2900
8134280,10735.43,10735.43,10735.43,18600
8022195,5378.54,5378.54,5378.54,9343
8128365,9617.16,9617.16,9617.16,16700
8128367,9617.16,9617.16,9617.16,16700
8128362,9617.16,9617.16,9617.16,16700
8128364,9617.16,9617.16,9617.16,16700
8128366,9617.16,9617.16,9617.16,16700
8128363,9617.16,9617.16,9617.16,16700
8018415,7794.35,7794.35,7794.35,13500
8018416,7794.35,7794.35,7794.35,13500
8018417,7794.35,7794.35,7794.35,13500
8018418,7794.35,7794.35,7794.35,13500
8018420,7794.35,7794.35,7794.35,13500
8018421,7794.35,7794.35,7794.35,13500
8018422,7794.35,7794.35,7794.35,13500
8018423,7794.35,7794.35,7794.35,13500
8018424,7794.35,7794.35,7794.35,13500
8018425,7794.35,7794.35,7794.35,13500
8018427,7794.35,7794.35,7794.35,13500
8018428,7794.35,7794.35,7794.35,13500
8018451,7794.35,7794.35,7794.35,13500
8018452,7794.35,7794.35,7794.35,13500
8018453,7794.35,7794.35,7794.35,13500
8018454,7794.35,7794.35,7794.35,13500
8018455,7794.35,7794.35,7794.35,13500
8018456,7794.35,7794.35,7794.35,13500
8018457,7794.35,7794.35,7794.35,13500
8018458,7794.35,7794.35,7794.35,13500
8123371,15822.62,15822.62,15822.62,27500
8125155,6482.02,4861.52,6482.02,11300
8122447,7272.45,5454.34,7272.45,12600
8123368,9625.97,7219.48,9625.97,16700
8123373,8545.86,6409.4,8545.86,14800
8123375,8545.86,6409.4,8545.86,14800
8123873,8545.86,6409.4,8545.86,14800
8123369,11687.59,8765.69,11687.59,20300
8125156,7573.98,5680.49,7573.98,13200
8122464,6342.03,4756.52,6342.03,11000
8128360,9210.19,6907.64,9210.19,16000
8125157,9951.89,7463.92,9951.89,17300
8123377,10572.65,7929.49,10572.65,18400
8128369,9210.19,6907.64,9210.19,16000
8122446,7469.8,5602.35,7469.8,13000
8123370,8397.09,6297.82,8397.09,14600
8134092,9478.71,9478.71,9478.71,16500
6309989,7570.53,7570.53,7570.53,13200
6309991,7009.89,7009.89,7009.89,12200
6309988,7675.19,7675.19,7675.19,13300
6309990,7570.53,7570.53,7570.53,13200
8035698,5412.59,5412.59,5412.59,9400
6030326,8383.63,8383.63,8383.63,14600
8123372,16909.35,16909.35,16909.35,29400
8035687,5412.59,5412.59,5412.59,9400
6030325,7984.42,7984.42,7984.42,13900
8016219,63040.37,63040.37,63040.37,9125
8127335,13664.3,13664.3,13664.3,23700
8026959,18257.42,18257.42,18257.42,31700
6030338,2247.03,2247.03,2247.03,3900
6030337,2233.97,2233.97,2233.97,3900
8121605,13247.47,13247.47,13247.47,23000
8121604,9081.21,9081.21,9081.21,15800
8121606,10524.12,10524.12,10524.12,18300
8125158,7125.04,7125.04,7125.04,12400
8140750,5193.42,5193.42,5193.42,9000
8010320,9237.34,9237.34,9237.34,16000
8037363,19745.28,19745.28,19745.28,34300
6309999,9457.51,9457.51,9457.51,16400
8035053,6355.58,6355.58,6355.58,11000
8035678,4975.56,4975.56,4975.56,8600
6033987,7849.95,7849.95,7849.95,13600
8026284,6051.35,6051.35,6051.35,10500
6030330,9740.98,9740.98,9740.98,16900
8024166,4857.88,4857.88,4857.88,8400
6033989,7900.37,7900.37,7900.37,13700
8018293,4857.88,4857.88,4857.88,8400
6033991,7984.42,7984.42,7984.42,13900
6033993,7765.89,7765.89,7765.89,13500
8035083,6609.81,6609.81,6609.81,11500
8036926,7308.92,7308.92,7308.92,12700
8036928,6355.58,6355.58,6355.58,11000
8013345,5496.64,5496.64,5496.64,9500
6535989,8706.8,8706.8,8706.8,15100
6530689,7597.8,7597.8,7597.8,13200
8031644,4857.88,4857.88,4857.88,8400
6033997,7608.06,7608.06,7608.06,13200
6300422,8418.54,8418.54,8418.54,14600
8036267,8139.72,8139.72,8139.72,14100
8123374,8139.68,8139.68,8139.68,14100
8123872,8139.68,8139.68,8139.68,14100
6309998,8309.1,8309.1,8309.1,14400
9999453,9522.53,9522.53,9522.53,16500
6033976,8818.63,8818.63,8818.63,15300
8014103,6993.46,6993.46,6993.46,12100
8022193,7706.11,7706.11,7706.11,13400
6030049,14960.88,14960.88,14960.88,26000
8019531,8205.47,8205.47,8205.47,14300
6033969,11687.22,11687.22,11687.22,20300
8036930,6760.12,6760.12,6760.12,11742
8037811,7715.46,7715.46,7715.46,13400
6301166,11004.33,11004.33,11004.33,19100
6300146,8877.66,8877.66,8877.66,15400
8031968,6397.55,6397.55,6397.55,11100
8140746,6976.24,6976.24,6976.24,12100
6301165,12356.21,12356.21,12356.21,21500
6530690,7715.46,7715.46,7715.46,13400
8035695,4975.56,4975.56,4975.56,8600
6033996,7564.19,7564.19,7564.19,13100
8140744,5968.57,5968.57,5968.57,10400
8128361,8877.61,8877.61,8877.61,15400
9999685,6109.7,6109.7,6109.7,10600
8020897,5984.39,5984.39,5984.39,10400
8021390,8724.02,8724.02,8724.02,15200
8007457,8625.71,8625.71,8625.71,15000
6535990,11039.56,11039.56,11039.56,19200
8039774,8176.82,8176.82,8176.82,14200
8123376,10886.85,10886.85,10886.85,18900
8034108,8123.13,8123.13,8123.13,14100
8016216,7883,7883,7883,13700
8026599,11121.35,11121.35,11121.35,19300
8012482,10815.75,10815.75,10815.75,18800
8140748,5425.97,5425.97,5425.97,9400
8001091,9880.68,7904.54,9880.68,17200
8134091,10683.17,10683.17,10683.17,18600
8134090,9468.3,9468.3,9468.3,16400
8017171,7764.23,7764.23,7764.23,13500
8008159,6741.77,5393.42,6741.77,11700
8122448,7710.2,7710.2,7710.2,13400
8017170,38283.99,38283.99,38283.99,5500
8120178,12457.93,8720.55,12457.93,19187.76
8120177,7786.67,6618.67,7786.67,11993.07
8119412,20143.66,20143.66,20143.66,31025.35
8113987,26719.18,18703.43,26719.18,41152.99
8113988,36779.6,36779.6,36779.6,56648.12
8113984,8893.21,7114.57,8893.21,13697.37
8113986,16683.58,11678.51,16683.58,25696.12
8033357,23887.72,20304.56,23887.72,36791.96
8119411,15713.95,15713.95,15713.95,24202.7
8033355,7950.79,6758.17,7950.79,12245.84
8033356,14915.6,12678.26,14915.6,22973.07
8119408,11298.57,9038.86,11298.57,17663.13
8119407,11298.57,9038.86,11298.57,17663.13
8119406,11298.57,9038.86,11298.57,17663.13
8133098,8050.35,8050.35,8050.35,18710
8018498,5719.5,5719.5,5719.5,14625
8018499,9108.15,9108.15,9108.15,22685
8018497,3788.4,3788.4,3788.4,9860
8143367,43997.49,43997.49,43997.49,68000
8143361,45938.56,45938.56,45938.56,71000
8143352,50273.61,50273.61,50273.61,77700
8143362,52408.78,52408.78,52408.78,81000
8014301,3617.22,3617.22,3617.22,
8033670,2551.25,2551.25,2551.25,
8014300,2626.79,2626.79,2626.79,
8112048,2963.04,2963.04,2963.04,
8033669,3314.23,3314.23,3314.23,
8033668,2551.25,2551.25,2551.25,
8112047,2963.04,2963.04,2963.04,
8112051,3314.23,3314.23,3314.23,
8112049,2551.25,2551.25,2551.25,
8112050,2963.04,2963.04,2963.04,
8033667,3314.23,3314.23,3314.23,
8033666,2551.25,2551.25,2551.25,
8133333,6713.71,6713.71,6713.71,
8033661,1725.85,1725.85,1725.85,
8014303,2277.06,2277.06,2277.06,
8033662,3931.71,3931.71,3931.71,
8033676,3931.71,3931.71,3931.71,
8033674,1725.85,1725.85,1725.85,
8033675,2277.06,2277.06,2277.06,
8014302,3134.52,3134.52,3134.52,
8033673,3931.71,3931.71,3931.71,
8033671,1725.85,1725.85,1725.85,
8033672,2277.06,2277.06,2277.06,
8133335,2203.07,2203.07,2203.07,
8133331,4242.26,4242.26,4242.26,
8133329,3419.43,3419.43,3419.43,
8112052,18641.02,18641.02,18641.02,
8033677,3380.33,3380.33,3380.33,
8016857,6705.63,6705.63,6705.63,9873.6
8016858,4036.31,4036.31,4036.31,5943.2
8016856,6705.63,6705.63,6705.63,9873.6
8016859,4036.31,4036.31,4036.31,5943.2
8132405,2440.95,2196.86,2440.95,5529.02
8134079,7345.16,6610.64,7345.16,16637.54
8013123,5348.93,4814.04,5348.93,12115.87
8024282,5171.71,4654.54,5171.71,11714.45
8134080,7345.16,6610.64,7345.16,16637.54
8008144,12254.94,11029.45,12254.94,27758.69
8021382,8332.36,7499.12,8332.36,18873.64
8138119,8571.21,7714.09,8571.21,19414.67
8138117,11134.78,10021.3,11134.78,25221.4
8043048,5568.64,5568.64,5568.64,
8043049,5568.64,5568.64,5568.64,
8043047,5568.64,5568.64,5568.64,
8017014,5568.64,5568.64,5568.64,
8140350,4695.66,4695.66,4695.66,
8122895,4180.89,4180.89,4180.89,
8140351,2745.21,2745.21,2745.21,
8122896,1851.18,1851.18,1851.18,
8129609,5805,5805,5805,9900
8110721,9375.95,9375.95,9375.95,15990
8110720,10261.37,10261.37,10261.37,17500
8133849,15831.82,15831.82,15831.82,27000
8110723,10261.37,10261.37,10261.37,17500
8110722,10261.37,10261.37,10261.37,17500
8110719,10261.37,10261.37,10261.37,17500
8110718,10261.37,10261.37,10261.37,17500
8128954,11168.85,11168.85,11168.85,15990
8120825,2805.27,2805.27,2805.27,
8141963,8077.27,7269.54,8077.27,13500
8007763,6188.52,6188.52,6188.52,
8042711,3001.6,3001.6,3001.6,
8043535,2520.69,2520.69,2520.69,
8043536,2520.69,2520.69,2520.69,
8012636,13423.91,13423.91,13423.91,
8138339,8731.62,8731.62,8731.62,
8025882,8731.62,8731.62,8731.62,
8020810,10408.02,10408.02,10408.02,
8002304,12169.45,12169.45,12169.45,
8014836,25979.13,25979.13,25979.13,
8022485,36673.85,36673.85,36673.85,
8022484,36673.85,36673.85,36673.85,
8023845,41749.12,41749.12,41749.12,
8034180,41749.12,41749.12,41749.12,
8018566,33077.59,33077.59,33077.59,
8122236,27425.86,27425.86,27425.86,
8137381,16692.15,16692.15,16692.15,
8002363,11453.32,11453.32,11453.32,
8002362,11453.32,11453.32,11453.32,
8002361,11453.32,11453.32,11453.32,
8002364,11453.32,11453.32,11453.32,
8011946,7428.36,7428.36,7428.36,
8002384,7428.36,7428.36,7428.36,
8025509,7428.36,7428.36,7428.36,
8007444,7079.83,7079.83,7079.83,
8007443,7079.83,7079.83,7079.83,
8007442,7079.83,7079.83,7079.83,
8007445,7079.83,7079.83,7079.83,
8031928,5345.48,5345.48,5345.48,
8017663,5345.48,5345.48,5345.48,
8031929,5345.48,5345.48,5345.48,
8137370,7062.16,7062.16,7062.16,
8137369,7062.16,7062.16,7062.16,
8137368,7062.16,7062.16,7062.16,
8137371,7062.16,7062.16,7062.16,
8137384,16585.56,16585.56,16585.56,
8011947,13690.6,13690.6,13690.6,
8011948,13690.6,13690.6,13690.6,
8002386,8809.86,8809.86,8809.86,
8002306,8809.86,8809.86,8809.86,
8002387,8809.86,8809.86,8809.86,
8002308,18990.1,18990.1,18990.1,
8002307,18990.1,18990.1,18990.1,
8026847,18990.1,18990.1,18990.1,
8020811,7204.65,7204.65,7204.65,
8137387,4531.9,4531.9,4531.9,
8137386,4531.9,4531.9,4531.9,
8011940,8238.46,8238.46,8238.46,
8011941,8238.46,8238.46,8238.46,
8011942,8238.46,8238.46,8238.46,
8020531,20449.03,20449.03,20449.03,
8017666,19396.41,19396.41,19396.41,
8022630,19396.41,19396.41,19396.41,
8007435,16919.47,15227.52,16919.47,
8007434,16919.47,15227.52,16919.47,
8007433,16919.47,15227.52,16919.47,
8007436,16919.47,15227.52,16919.47,
8007437,16919.47,15227.52,16919.47,
8031141,37179.44,37179.44,37179.44,
8031289,37179.44,37179.44,37179.44,
8031142,37179.44,37179.44,37179.44,
8012289,23596.71,23596.71,23596.71,
8012288,23596.71,23596.71,23596.71,
8030080,23596.71,23596.71,23596.71,
8019894,23596.71,23596.71,23596.71,
8030081,23596.71,23596.71,23596.71,
8011957,13346.16,13346.16,13346.16,
8005530,23281.48,20953.33,23281.48,
8005529,23281.48,20953.33,23281.48,
8005528,23281.48,20953.33,23281.48,
8005531,23281.48,20953.33,23281.48,
8005532,23281.48,20953.33,23281.48,
8005535,27003.23,27003.23,27003.23,
8005534,27003.23,27003.23,27003.23,
8005533,27003.23,27003.23,27003.23,
8005536,27003.23,27003.23,27003.23,
8005537,27003.23,27003.23,27003.23,
8029932,38892.67,38892.67,38892.67,
8018735,38398.48,38398.48,38398.48,
8030975,38398.48,38398.48,38398.48,
8030974,38398.48,38398.48,38398.48,
8017664,38398.48,38398.48,38398.48,
8019342,38398.48,38398.48,38398.48,
8020775,21838.95,21838.95,21838.95,
8020774,21838.95,21838.95,21838.95,
8005434,9331.16,9331.16,9331.16,
8005433,9331.16,9331.16,9331.16,
8005432,9331.16,9331.16,9331.16,
8005435,9331.16,9331.16,9331.16,
8002385,9331.16,9331.16,9331.16,
8005438,10387.88,10387.88,10387.88,
8005437,10387.88,10387.88,10387.88,
8005436,10387.88,10387.88,10387.88,
8005439,10387.88,10387.88,10387.88,
8005440,10387.88,10387.88,10387.88,
8005424,14379.4,14379.4,14379.4,
8005423,14379.4,14379.4,14379.4,
8005422,14379.4,14379.4,14379.4,
8005425,14379.4,14379.4,14379.4,
8005426,14379.4,14379.4,14379.4,
8005429,15913.98,15913.98,15913.98,
8005428,15913.98,15913.98,15913.98,
8005427,15913.98,15913.98,15913.98,
8005430,15913.98,15913.98,15913.98,
8005431,15913.98,15913.98,15913.98,
8124753,20333.88,20333.88,20333.88,
8124752,20333.88,20333.88,20333.88,
8011943,11811.41,11811.41,11811.41,
9931770,31563.17,31563.17,31563.17,
9931769,31563.17,31563.17,31563.17,
8012035,31563.17,31563.17,31563.17,
9931771,31563.17,31563.17,31563.17,
9931772,31563.17,31563.17,31563.17,
8005451,3647.42,3647.42,3647.42,
8015851,8496.49,8496.49,8496.49,
8005452,5733.16,5733.16,5733.16,
8038643,9204.21,9204.21,9204.21,
8038646,9204.21,9204.21,9204.21,
8038647,9204.21,9204.21,9204.21,
8038648,9204.21,9204.21,9204.21,
8020864,11907.93,11907.93,11907.93,
8011955,11907.93,11907.93,11907.93,
8011956,11907.93,11907.93,11907.93,
8138865,11907.93,11907.93,11907.93,
8007280,31766.17,31766.17,31766.17,
8007278,31766.17,31766.17,31766.17,
8025530,30155.01,30155.01,30155.01,
8013453,30155.01,30155.01,30155.01,
8029475,30155.01,30155.01,30155.01,
8124302,5922.85,5922.85,5922.85,
8124303,5922.85,5922.85,5922.85,
8124301,5922.85,5922.85,5922.85,
8130038,14618.09,14618.09,14618.09,
8008833,14618.09,14618.09,14618.09,
8023028,18990.88,18990.88,18990.88,
8009075,15719.76,15719.76,15719.76,
8031537,18990.88,18990.88,18990.88,
8031388,18990.88,18990.88,18990.88,
8031389,18990.88,18990.88,18990.88,
8009074,15719.76,15719.76,15719.76,
8017480,35690.6,35690.6,35690.6,
8035732,14143.69,14143.69,14143.69,
8029937,14143.69,14143.69,14143.69,
8005467,8418.35,8418.35,8418.35,
8005466,8418.35,8418.35,8418.35,
8005465,8418.35,8418.35,8418.35,
8038642,7028.85,7028.85,7028.85,
8038641,7028.85,7028.85,7028.85,
8038640,7028.85,7028.85,7028.85,
8002374,11751.82,11751.82,11751.82,
8011949,11751.82,11751.82,11751.82,
8002376,11751.82,11751.82,11751.82,
8019292,11751.82,11751.82,11751.82,
8011950,11751.82,11751.82,11751.82,
8011951,11751.82,11751.82,11751.82,
8005450,5735.48,5735.48,5735.48,
8005449,5735.48,5735.48,5735.48,
8005448,5735.48,5735.48,5735.48,
8007448,4319.86,4319.86,4319.86,
8007447,4319.86,4319.86,4319.86,
8007446,4319.86,4319.86,4319.86,
8007449,4319.86,4319.86,4319.86,
8002393,7038.27,7038.27,7038.27,
8007450,7038.27,7038.27,7038.27,
8002388,7038.27,7038.27,7038.27,
8005447,3137.51,3137.51,3137.51,
8005446,3137.51,3137.51,3137.51,
8005445,3137.51,3137.51,3137.51,
8011983,3137.51,3137.51,3137.51,
8137380,6058.34,6058.34,6058.34,
8137379,6058.34,6058.34,6058.34,
8137378,6058.34,6058.34,6058.34,
8137377,4578.67,4578.67,4578.67,
8137376,4578.67,4578.67,4578.67,
8137374,4578.67,4578.67,4578.67,
8137385,12077.2,12077.2,12077.2,
8038638,9588.44,9588.44,9588.44,
8021220,9588.44,9588.44,9588.44,
8038637,9588.44,9588.44,9588.44,
8038639,9588.44,9588.44,9588.44,
8005411,6941.77,6941.77,6941.77,
8005410,6941.77,6941.77,6941.77,
8005409,6941.77,6941.77,6941.77,
8005412,6941.77,6941.77,6941.77,
8005420,12740.45,12740.45,12740.45,
8005419,12740.45,12740.45,12740.45,
8005418,12740.45,12740.45,12740.45,
8005421,12740.45,12740.45,12740.45,
8029949,71220.38,71220.38,71220.38,
8038650,3592.56,3592.56,3592.56,
8038653,3592.56,3592.56,3592.56,
8009052,3076.11,3076.11,3076.11,
8009053,3076.11,3076.11,3076.11,
8005462,30509.18,30509.18,30509.18,
8005461,30509.18,30509.18,30509.18,
8005460,30509.18,30509.18,30509.18,
8005463,30509.18,30509.18,30509.18,
8005464,30509.18,30509.18,30509.18,
8005415,14015.98,14015.98,14015.98,
8005414,14015.98,14015.98,14015.98,
8005413,14015.98,14015.98,14015.98,
8005470,14015.98,14015.98,14015.98,
8005417,14015.98,14015.98,14015.98,
8007430,9923.96,9923.96,9923.96,
8007429,9923.96,9923.96,9923.96,
8007428,9923.96,9923.96,9923.96,
8007431,9923.96,9923.96,9923.96,
8007432,9923.96,9923.96,9923.96,
8017665,20748.64,20748.64,20748.64,
8019268,20748.64,20748.64,20748.64,
8020530,20748.64,20748.64,20748.64,
8018903,20748.64,20748.64,20748.64,
8021264,20748.64,20748.64,20748.64,
8002310,6576.81,6576.81,6576.81,
8002309,6576.81,6576.81,6576.81,
8005408,6576.81,6576.81,6576.81,
8002311,6576.81,6576.81,6576.81,
8014658,6576.81,6576.81,6576.81,
8137346,14389.1,14389.1,14389.1,
8137345,14389.1,14389.1,14389.1,
8137344,14389.1,14389.1,14389.1,
8137347,14389.1,14389.1,14389.1,
8025529,10838.24,10838.24,10838.24,
8137523,10838.24,10838.24,10838.24,
8024363,10838.24,10838.24,10838.24,
8137524,10838.24,10838.24,10838.24,
8005457,32580.73,32580.73,32580.73,
8005456,32580.73,32580.73,32580.73,
8005455,32580.73,32580.73,32580.73,
8005458,32580.73,32580.73,32580.73,
8005459,32580.73,32580.73,32580.73,
8140082,23133.13,23133.13,23133.13,
8137382,23133.13,23133.13,23133.13,
8034182,12693.47,12693.47,12693.47,
8038634,12693.47,12693.47,12693.47,
8038633,12693.47,12693.47,12693.47,
8038636,12693.47,12693.47,12693.47,
8037511,12693.47,12693.47,12693.47,
8005454,17158.37,17158.37,17158.37,
8002322,17158.37,17158.37,17158.37,
8002321,17158.37,17158.37,17158.37,
8005416,17158.37,17158.37,17158.37,
8002325,17158.37,17158.37,17158.37,
8024267,13554.44,13554.44,13554.44,
8017660,13554.44,13554.44,13554.44,
8015554,11818.45,11818.45,11818.45,
8015553,11818.45,11818.45,11818.45,
8015552,11818.45,11818.45,11818.45,
8007534,8728.49,8728.49,8728.49,
8009054,8728.49,8728.49,8728.49,
8021533,8388.38,8388.38,8388.38,
8030743,8388.38,8388.38,8388.38,
8027939,8388.38,8388.38,8388.38,
8021534,8388.38,8388.38,8388.38,
8021012,8388.38,8388.38,8388.38,
8002359,10195.3,10195.3,10195.3,
8002358,10195.3,10195.3,10195.3,
8012629,10195.3,10195.3,10195.3,
8012630,10195.3,10195.3,10195.3,
8012631,10195.3,10195.3,10195.3,
8007440,5798.86,5798.86,5798.86,
8007439,5798.86,5798.86,5798.86,
8007438,5798.86,5798.86,5798.86,
8007441,5798.86,5798.86,5798.86,
8030082,5798.86,5798.86,5798.86,
8002351,5250.2,5250.2,5250.2,
8005538,5250.2,5250.2,5250.2,
8002349,5250.2,5250.2,5250.2,
8002352,5250.2,5250.2,5250.2,
8137366,9309.18,9309.18,9309.18,
8137365,9309.18,9309.18,9309.18,
8137364,9309.18,9309.18,9309.18,
8137367,9309.18,9309.18,9309.18,
8137355,6389.09,6389.09,6389.09,
8137352,6389.09,6389.09,6389.09,
8137350,6389.09,6389.09,6389.09,
8137358,6389.09,6389.09,6389.09,
8137383,14937.25,14937.25,14937.25,
8005443,7927.26,7927.26,7927.26,
8005442,7927.26,7927.26,7927.26,
8002353,7927.26,7927.26,7927.26,
8005444,7927.26,7927.26,7927.26,
8009639,7927.26,7927.26,7927.26,
8009055,6020.97,6020.97,6020.97,
8009056,6671.27,6671.27,6671.27,
8009057,7834.22,7834.22,7834.22,
8042005,24550.97,24550.97,24550.97,
8042004,21769.79,21769.79,21769.79,
9999514,6966.72,6966.72,6966.72,11144.85
9999513,6180.2,6180.2,6180.2,9886.61
8121356,7711.62,6786.23,7711.62,8899
8113600,7513.58,7513.58,7513.58,
8113601,6171.95,6171.95,6171.95,
8021488,0.01,0.01,0.01,
8021633,0.01,0.01,0.01,
8025098,6758.83,6758.83,6758.83,10812.26
8025099,7434.44,7434.44,7434.44,11893.07
8025097,5339.34,5339.34,5339.34,8541.48
8020901,4543.11,4543.11,4543.11,
8020902,4543.11,4543.11,4543.11,
8019588,3744.23,3744.23,3744.23,5000
8121997,28093.88,28093.88,28093.88,43600
8022336,26547.43,26547.43,26547.43,41200
8019589,3744.23,3744.23,3744.23,5000
8121998,28093.88,28093.88,28093.88,43600
8022338,26547.43,26547.43,26547.43,41200
8035508,36148.9,36148.9,36148.9,56100
8143803,47489.54,47489.54,47489.54,73700
8136905,31927.5,31927.5,31927.5,49500
8137606,44202.75,44202.75,44202.75,68600
8137607,44202.75,44202.75,44202.75,68600
8141689,41689.77,41689.77,41689.77,64700
8142399,51935.01,51935.01,51935.01,80600
8142400,51935.01,51935.01,51935.01,80600
8142401,51935.01,51935.01,51935.01,80600
8026986,4642.84,4642.84,4642.84,6200
8023308,27320.65,27320.65,27320.65,42400
8143798,34795.17,34795.17,34795.17,54000
8029084,4642.84,4642.84,4642.84,6200
8027889,4642.84,4642.84,4642.84,6200
8143816,47102.93,47102.93,47102.93,73100
8135026,4642.84,4642.84,4642.84,6200
8135024,4642.84,4642.84,4642.84,6200
8135028,35826.14,35826.14,35826.14,55600
8135030,35826.14,35826.14,35826.14,55600
8142412,41947.51,41947.51,41947.51,65100
8142404,34859.61,34859.61,34859.61,54100
8137208,40506,40506,40506,62800
8141190,48339.51,48339.51,48339.51,62000
8136906,35826.14,35826.14,35826.14,55600
8034574,4642.84,4642.84,4642.84,6200
8034269,35826.14,35826.14,35826.14,55600
8142407,41947.51,41947.51,41947.51,65100
8116211,34859.61,34859.61,34859.61,54100
8037564,40506,40506,40506,62800
8143797,39176.78,39176.78,39176.78,60800
8143795,39176.78,39176.78,39176.78,60800
8143818,46716.32,46716.32,46716.32,72500
8143817,50453.58,50453.58,50453.58,78300
8029085,35826.14,35826.14,35826.14,55600
8027890,35826.14,35826.14,35826.14,55600
8031522,4642.84,4642.84,4642.84,6200
8031683,35826.14,35826.14,35826.14,55600
8143810,47102.93,47102.93,47102.93,73100
8133651,35826.14,35826.14,35826.14,55600
8141187,48339.51,48339.51,48339.51,62000
8142405,41947.51,41947.51,41947.51,65100
8116210,34859.61,34859.61,34859.61,54100
8030052,4642.84,4642.84,4642.84,6200
8030053,35826.14,35826.14,35826.14,55600
8142406,41947.51,41947.51,41947.51,65100
8116212,34859.61,34859.61,34859.61,54100
8032716,40506,40506,40506,62800
8141188,48339.51,48339.51,48339.51,62000
8143809,47102.93,47102.93,47102.93,73100
8136901,35826.14,35826.14,35826.14,55600
8040068,4642.84,4642.84,4642.84,6200
8040069,35826.14,35826.14,35826.14,55600
8143811,47102.93,47102.93,47102.93,73100
8133652,35826.14,35826.14,35826.14,55600
8142402,37566.48,37566.48,37566.48,58300
8142403,37566.48,37566.48,37566.48,58300
8026987,4642.84,4642.84,4642.84,6200
8023311,27320.65,27320.65,27320.65,42400
8143799,34795.17,34795.17,34795.17,54000
8133649,27320.65,27320.65,27320.65,42400
8126401,36148.9,36148.9,36148.9,56100
8143801,47489.54,47489.54,47489.54,73700
8118742,36148.9,36148.9,36148.9,56100
8143804,47489.54,47489.54,47489.54,73700
8123698,4642.84,4642.84,4642.84,6200
8123699,27320.65,27320.65,27320.65,42400
8143800,34795.17,34795.17,34795.17,54000
8133650,27320.65,27320.65,27320.65,42400
8021585,3744.23,3744.23,3744.23,5000
8121999,28093.88,28093.88,28093.88,43600
8021584,26547.43,26547.43,26547.43,41200
8122163,34602.44,34602.44,34602.44,53700
8136175,34602.44,34602.44,34602.44,53700
8143796,39499.54,39499.54,39499.54,61300
8143808,50840.19,50840.19,50840.19,78900
8117485,28227.78,28227.78,28227.78,46080
8128262,23817.27,23817.27,23817.27,38880
8117483,22052.55,22052.55,22052.55,36000
8117484,22934.91,22934.91,22934.91,37440
8017164,6064.18,6064.18,6064.18,23545
8132639,3428.11,3428.11,3428.11,5847
8126180,7109.89,7109.89,7109.89,12125
8021641,0.01,0.01,0.01,
8021642,0.01,0.01,0.01,
8043712,6031.85,6031.85,6031.85,
8009468,3070.14,3070.14,3070.14,
8135603,2645.22,2645.22,2645.22,
8135604,4617.18,4617.18,4617.18,
8022015,2762.08,2762.08,2762.08,
8043703,1307.97,1307.97,1307.97,
8013349,1693.78,1693.78,1693.78,
8043707,3071.85,3071.85,3071.85,
8009463,4579.72,4579.72,4579.72,
8009465,4025.59,4025.59,4025.59,
8043705,1599.73,1599.73,1599.73,
8034278,4598.32,4598.32,4598.32,
8043709,2284.01,2284.01,2284.01,
8009467,2636.64,2636.64,2636.64,
8135601,2645.22,2645.22,2645.22,
8135602,4617.18,4617.18,4617.18,
8043699,1740.26,1740.26,1740.26,
8043701,2762.08,2762.08,2762.08,
8043698,1307.97,1307.97,1307.97,
8013348,1693.78,1693.78,1693.78,
8009462,4579.72,4579.72,4579.72,
8009464,4025.59,4025.59,4025.59,
8043700,1599.73,1599.73,1599.73,
8009466,2636.64,2636.64,2636.64,
8043702,7901.35,7901.35,7901.35,
8013347,7058.3,7058.3,7058.3,
8013346,7058.3,7058.3,7058.3,
8009461,3366.01,3366.01,3366.01,
8009460,3366.01,3366.01,3366.01,
8039852,4875.92,4875.92,4875.92,
8039853,6257.47,6257.47,6257.47,
8041660,10505.33,10505.33,10505.33,
8120848,24550.53,24550.53,24550.53,
9994732,14620.86,14620.86,14620.86,22095
8000151,14620.86,14620.86,14620.86,22095
8027769,17027.87,17027.87,17027.87,27900
8027768,17027.87,17027.87,17027.87,27900
8027764,3632.15,3632.15,3632.15,5400
8027758,3632.15,3632.15,3632.15,5400
8142514,4400.49,4400.49,4400.49,6400
8027766,3632.15,3632.15,3632.15,5400
8136584,3632.15,3632.15,3632.15,5400
8142515,4400.49,4400.49,4400.49,6400
8136585,17027.87,17027.87,17027.87,27900
8027770,17027.87,17027.87,17027.87,27900
8128258,37364.26,37364.26,37364.26,52309.1
8140437,20235.34,20235.34,20235.34,28329
8120074,49043.03,49043.03,49043.03,68659.1
8120082,56050.28,56050.28,56050.28,78469.1
8130087,12445.22,12445.22,12445.22,17366
8126396,25075.34,25075.34,25075.34,34990
8136129,16794.52,16794.52,16794.52,23435
8141104,28321.01,28321.01,28321.01,39648.75
8136128,37761.34,37761.34,37761.34,52865
8120081,10650.18,10650.18,10650.18,14910
8120083,7875.9,7875.9,7875.9,10990
8128259,37364.26,37364.26,37364.26,52309.1
8120077,49043.03,49043.03,49043.03,68659.1
8120080,56050.28,56050.28,56050.28,78469.1
8120078,38142.77,38142.77,38142.77,53399
8120088,33471.27,33471.27,33471.27,46859
8120085,33471.27,33471.27,33471.27,46859
8120087,33471.27,33471.27,33471.27,46859
8135260,26082.57,26082.57,26082.57,36515
8138572,26082.57,26082.57,26082.57,36515
8138573,26082.57,26082.57,26082.57,36515
8135268,26082.57,26082.57,26082.57,36515
8135269,26082.57,26082.57,26082.57,36515
8130581,51600.85,51600.85,51600.85,72240
8130454,49669.39,49669.39,49669.39,69536
8135669,54493.11,54493.11,54493.11,76289.1
8142029,6733.32,6733.32,6733.32,9990
8134037,13473.38,13473.38,13473.38,19990
8132448,7070.32,7070.32,7070.32,10490
8128952,6396.31,6396.31,6396.31,9490
8011934,5385.3,5385.3,5385.3,7990
8024814,5385.3,5385.3,5385.3,7990
8115510,6059.31,6059.31,6059.31,8990
8115509,6059.31,6059.31,6059.31,8990
8026932,5391.36,5391.36,5391.36,7790
8004647,5391.36,5391.36,5391.36,7999
8009633,5391.36,5391.36,5391.36,7999
8004648,5391.36,5391.36,5391.36,7999
8128950,4043.36,4043.36,4043.36,5999
8134878,7744.32,7744.32,7744.32,11490
8134877,5048.3,5048.3,5048.3,7490
8001404,4043.36,2021.68,4043.36,5999
8032497,4043.36,4043.36,4043.36,5999
8140685,8087.4,8087.4,8087.4,11999
8001405,4043.36,2021.68,4043.36,5999
8032498,4043.36,4043.36,4043.36,5999
8141109,8087.4,8087.4,8087.4,11999
8001406,4043.36,2021.68,4043.36,5999
8034496,4043.36,4043.36,4043.36,5999
8136715,10109.41,10109.41,10109.41,14999
8136713,10109.41,10109.41,10109.41,14999
8136711,40433.61,40433.61,40433.61,59990
8136710,40433.61,40433.61,40433.61,59990
8009653,4037.3,3229.84,4037.3,5990
8009650,4037.3,3229.84,4037.3,5990
8132449,12799.37,6399.69,12799.37,18990
8019741,9092.33,9092.33,9092.33,13490
8128953,5385.3,5385.3,5385.3,7990
8037977,16169.39,16169.39,16169.39,23990
8128077,12799.37,12799.37,12799.37,18990
6310071,9092.33,9092.33,9092.33,13490
8008912,9092.33,9092.33,9092.33,13490
8128949,4043.36,4043.36,4043.36,5999
8115512,3363.29,3363.29,3363.29,4990
8109549,2358.34,2358.34,2358.34,3499
8109550,2358.34,2358.34,2358.34,3499
8009656,6059.31,6059.31,6059.31,8990
8032496,6059.31,6059.31,6059.31,8990
8142028,13473.38,13473.38,13473.38,19990
8122604,4980.91,4980.91,4980.91,7390
8122605,4980.91,4980.91,4980.91,7390
8037954,7744.32,7744.32,7744.32,11490
8014110,5722.31,5722.31,5722.31,8490
9999363,6598.52,6598.52,6598.52,9790
8141794,8081.33,6465.06,8081.33,11990
8135626,7744.32,5421.02,7744.32,11490
8135608,7744.32,5421.02,7744.32,11490
8117959,5722.31,5722.31,5722.31,8490
8110749,7070.32,7070.32,7070.32,10490
8110750,12125.36,12125.36,12125.36,17990
8140115,5896.19,5306.57,5896.19,13355.48
8142371,4262.16,4262.16,4262.16,5900
8142368,32557.68,32557.68,32557.68,53000
8142372,4262.16,4262.16,4262.16,5900
8142369,32557.68,32557.68,32557.68,53000
8129530,5896.19,5306.57,5896.19,13355.48
8122499,5338.9,4805.01,5338.9,12093.15
8126989,3844.23,3459.81,3844.23,8707.57
8122498,5338.9,4805.01,5338.9,12093.15
8122497,10688.94,9620.05,10688.94,24211.54
8040744,1260.01,1260.01,1260.01,2298.24
8022402,26692.58,26692.58,26692.58,40337.74
8019936,26692.58,26692.58,26692.58,40337.74
8022615,26692.58,26692.58,26692.58,40337.74
8139414,27571.85,27571.85,27571.85,41666.52
8124162,27571.85,27571.85,27571.85,41666.52
8139413,27571.85,27571.85,27571.85,41666.52
8124163,27571.85,27571.85,27571.85,41666.52
8134600,27571.85,27571.85,27571.85,41666.52
8130972,27571.85,27571.85,27571.85,41666.52
8134828,26519.28,26519.28,26519.28,40075.87
8111030,15280.4,15280.4,15280.4,23091.69
8136767,18739.03,18739.03,18739.03,28318.37
8142486,21432.81,21432.81,21432.81,32389.2
8134601,25502.76,25502.76,25502.76,38539.69
8124925,29111.06,29111.06,29111.06,43992.55
8030110,22727.34,22727.34,22727.34,34345.49
8142487,52269.81,52269.81,52269.81,78990
8116968,40759.82,40759.82,40759.82,61596.12
8140643,45162.86,45162.86,45162.86,68250
8140642,45162.86,45162.86,45162.86,68250
8140641,52110.99,52110.99,52110.99,78750
8140640,52110.99,52110.99,52110.99,78750
8123307,36942.31,36942.31,36942.31,55827.11
8123309,38150.64,38150.64,38150.64,57653.15
8123308,36942.31,36942.31,36942.31,55827.11
8142488,25360.69,25360.69,25360.69,38325
8025561,28083.18,28083.18,28083.18,42439.24
8028070,38081.41,38081.41,38081.41,57548.5
8019524,36638,36638,36638,55367.24
6310878,37657.8,37657.8,37657.8,56908.35
8041570,1322.79,1322.79,1322.79,1999
8016749,19857.22,19857.22,19857.22,30008.15
8005300,21494.82,21494.82,21494.82,32482.92
8034472,14237.39,14237.39,14237.39,21515.51
6310057,40836.07,40836.07,40836.07,61711.37
6310063,39753.29,39753.29,39753.29,60075.05
8041018,39339.87,39339.87,39339.87,59450.3
8034178,20854.36,20854.36,20854.36,31515.05
8034177,37232.81,37232.81,37232.81,56266.11
6310058,37232.81,37232.81,37232.81,56266.12
8038823,31713.94,31713.94,31713.94,47926.03
6310059,33282.35,33282.35,33282.35,50296.21
6310060,23118.59,23118.59,23118.59,34936.77
8018450,28698.59,28698.59,28698.59,43369.22
8038824,29353.67,29353.67,29353.67,44359.18
8037598,31328.2,31328.2,31328.2,47343.1
8034179,40262.2,40262.2,40262.2,60844.12
8016750,37763.52,37763.52,37763.52,57068.14
8024369,27677.72,27677.72,27677.72,41826.48
8024370,24986.98,24986.98,24986.98,37760.25
8019120,42939.86,42939.86,42939.86,64890.59
8137290,45370.42,45370.42,45370.42,68563.65
8033416,43996.6,43996.6,43996.6,66487.53
8033417,42996.63,42996.63,42996.63,64976.38
8140308,10871.11,9240.44,10871.11,19986
8140306,10871.11,9240.44,10871.11,19986
8140309,10871.11,9240.44,10871.11,19986
8140310,10871.11,9240.44,10871.11,19986
8140317,8201.07,6970.91,8201.07,15077.25
8140304,7477.49,6355.87,7477.49,13746.98
8140305,7701.87,6546.59,7701.87,14159.5
8140313,13835.96,11760.57,13835.96,25436.72
8140311,13835.96,11760.57,13835.96,25436.72
8140315,13835.96,11760.57,13835.96,25436.72
8140316,13835.96,11760.57,13835.96,25436.72
8140303,10643.13,9046.66,10643.13,19566.87
8140302,4696.44,3991.97,4696.44,8634.16
8140300,8926.13,7587.21,8926.13,16410.25
8121599,58225.59,58225.59,58225.59,86690
8135115,92571.3,92571.3,92571.3,159000
8135117,59385.36,59385.36,59385.36,102000
8135116,82673.74,82673.74,82673.74,142000
8007696,84420.37,84420.37,84420.37,145000
8004445,52340.63,52340.63,52340.63,89900
8004446,73882.38,73882.38,73882.38,126900
8017249,96064.56,96064.56,96064.56,165000
8004448,57638.73,57638.73,57638.73,99000
8005120,84420.37,84420.37,84420.37,145000
8140322,125175.03,125175.03,125175.03,215000
8140324,62238.19,62238.19,62238.19,106900
8140323,93735.72,93735.72,93735.72,161000
8142311,130938.9,130938.9,130938.9,224900
8142309,65731.44,65731.44,65731.44,112900
8142310,98917.38,98917.38,98917.38,169900
8128101,104739.48,104739.48,104739.48,179900
11145,104739.48,104739.48,104739.48,179900
8116829,40361.52,20180.76,40361.52,54859
8139940,68636.33,68636.33,68636.33,109799.35
8016741,1321.1,1056.88,1321.1,2203.25
8016740,733.09,733.09,733.09,1222.6
8017695,1942.21,1650.88,1942.21,3239.09
8016699,1344.95,1344.95,1344.95,2243.03
6030887,811.33,811.33,811.33,1353.09
8027210,1631.54,1631.54,1631.54,2720.99
8014430,976.89,976.89,976.89,1629.19
8027211,2109.59,2109.59,2109.59,3518.23
8027209,1631.54,1305.23,1631.54,2720.99
6030888,811.33,811.33,811.33,1353.09
8014432,976.89,976.89,976.89,1629.19
8027212,2109.59,2109.59,2109.59,3518.23
8139019,1014.17,1014.17,1014.17,1691.37
8022229,2410.22,2410.22,2410.22,4019.62
8119823,811.33,811.33,811.33,1353.09
8119824,1631.54,1631.54,1631.54,2720.99
8119822,2330.93,2330.93,2330.93,3887.36
8128764,1321.1,1321.1,1321.1,2203.25
8128763,733.09,733.09,733.09,1222.6
8022651,1477.97,1477.97,1477.97,2464.85
8014433,821.19,821.19,821.19,1369.53
8021672,0.01,0.01,0.01,
8021410,0.01,0.01,0.01,0.01
6032693,4121.09,4121.09,4121.09,5900
8021730,0.01,0.01,0.01,
8021482,0.01,0.01,0.01,
8021483,0.01,0.01,0.01,
8021681,0.01,0.01,0.01,
8021426,0.01,0.01,0.01,0.01
8021422,0.01,0.01,0.01,0.01
8021430,0.01,0.01,0.01,0.01
8021423,0.01,0.01,0.01,0.01
8021425,0.01,0.01,0.01,0.01
8021486,0.01,0.01,0.01,
8021705,0.01,0.01,0.01,
8021440,0.01,0.01,0.01,0.01
8029019,0.01,0.01,0.01,
8021684,1.03,1.03,1.03,
8021443,0.01,0.01,0.01,0.01
8021704,0.01,0.01,0.01,
8021429,0.01,0.01,0.01,0.01
8021427,0.01,0.01,0.01,0.01
8021428,0.01,0.01,0.01,0.01
8021658,0.01,0.01,0.01,
8021420,0.01,0.01,0.01,0.01
8021703,0.01,0.01,0.01,
8021702,0.01,0.01,0.01,
8021424,0.01,0.01,0.01,0.01
8021409,0.01,0.01,0.01,0.01
8021417,0.01,0.01,0.01,0.01
8021416,0.01,0.01,0.01,0.01
8021419,0.01,0.01,0.01,0.01
8021701,0.01,0.01,0.01,0.01
8021414,0.01,0.01,0.01,0.01
8021413,0.01,0.01,0.01,0.01
8021439,0.01,0.01,0.01,0.01
8027358,8416.35,8416.35,8416.35,13000
8037803,7120.93,5340.7,7120.93,11000
8000089,6280.29,6280.29,6280.29,9700
8135788,8416.35,6312.26,8416.35,13000
8131369,6280.29,6280.29,6280.29,9700
8000086,6280.29,6280.29,6280.29,9700
8002249,6280.29,6280.29,6280.29,9700
8142784,7120.93,7120.93,7120.93,11000
8017345,6409.78,6409.78,6409.78,9900
8129173,6280.29,6280.29,6280.29,9700
8126169,6280.29,6280.29,6280.29,9700
8034749,7120.93,5340.7,7120.93,11000
8129168,6992.03,6992.03,6992.03,10800
8137514,8416.35,8416.35,8416.35,13000
6034306,6280.29,6280.29,6280.29,9700
8115663,6280.29,6280.29,6280.29,9700
6300426,6280.29,6280.29,6280.29,9700
8129175,8416.35,8416.35,8416.35,13000
6300425,5111.7,5111.7,5111.7,7900
8001130,13143.09,13143.09,13143.09,20300
8134910,9193.87,9193.87,9193.87,14200
8123484,7250.33,7250.33,7250.33,11200
8027312,7250.33,7250.33,7250.33,11200
8007364,3560.9,3560.9,3560.9,5500
8123482,5955.52,4466.64,5955.52,9200
8037805,4401.97,4401.97,4401.97,6800
8141731,7120.93,5340.7,7120.93,11000
8000090,4464.65,4464.65,4464.65,6900
8123442,7575.01,5681.26,7575.01,11700
8126174,4464.65,4464.65,4464.65,6900
8126173,4464.65,4464.65,4464.65,6900
8034750,4401.97,4401.97,4401.97,6800
8141730,7120.93,5340.7,7120.93,11000
6310706,4464.65,4464.65,4464.65,6900
8042106,27997.53,27997.53,27997.53,43200
8141732,27997.53,27997.53,27997.53,43200
8133423,4464.65,4464.65,4464.65,6900
8017347,7575.01,7575.01,7575.01,11700
8002241,3690.41,3690.41,3690.41,5700
8043423,12047.86,12047.86,12047.86,18600
9999510,4205.84,4205.84,4205.84,6500
8002237,4596.18,4596.18,4596.18,7100
8137515,12047.86,12047.86,12047.86,18600
6034311,4464.65,4464.65,4464.65,6900
8027359,6085.82,6085.82,6085.82,9400
8135789,6085.82,4564.37,6085.82,9400
8126176,4464.65,4464.65,4464.65,6900
8129176,6085.82,6085.82,6085.82,9400
8017346,4984.59,4984.59,4984.59,7700
8034751,11452.1,8589.08,11452.1,17700
8035542,7703.53,7703.53,7703.53,11900
8123483,6599.12,6599.12,6599.12,10200
8141729,9193.87,6895.4,9193.87,14200
8134908,9193.87,9193.87,9193.87,14200
8016920,7575.01,7575.01,7575.01,11700
8126175,6280.29,6280.29,6280.29,9700
6034309,4984.59,4984.59,4984.59,7700
8134909,10488.59,10488.59,10488.59,16200
8027357,8416.35,8416.35,8416.35,13000
8037804,7120.93,5340.7,7120.93,11000
8123383,10167.79,10167.79,10167.79,15700
8000088,6280.29,6280.29,6280.29,9700
6034313,6992.03,6992.03,6992.03,10800
8135787,8416.35,6312.26,8416.35,13000
8131368,6280.29,6280.29,6280.29,9700
8041321,6280.29,6280.29,6280.29,9700
6533221,6280.29,6280.29,6280.29,9700
6034110,6280.29,6280.29,6280.29,9700
9999508,3819.9,3819.9,3819.9,5900
8142783,7120.93,7120.93,7120.93,11000
8001131,8416.35,8416.35,8416.35,13000
8000099,6280.29,6280.29,6280.29,9700
8017344,6409.78,6409.78,6409.78,9900
8032012,6280.29,6280.29,6280.29,9700
8129172,6280.29,6280.29,6280.29,9700
8126167,6280.29,6280.29,6280.29,9700
8126168,6280.29,6280.29,6280.29,9700
8034748,7120.93,5340.7,7120.93,11000
8010269,6280.29,6280.29,6280.29,9700
6030746,6280.29,6280.29,6280.29,9700
6030739,6280.29,6280.29,6280.29,9700
8129171,6992.03,5244.02,6992.03,10800
6530745,6280.29,6280.29,6280.29,9700
8129167,6992.03,6992.03,6992.03,10800
8129169,6992.03,5244.02,6992.03,10800
8137513,8416.35,8416.35,8416.35,13000
8007938,4791.09,4791.09,4791.09,7400
8129170,6992.03,5244.02,6992.03,10800
6034300,6280.29,6280.29,6280.29,9700
9999598,7315.13,7315.13,7315.13,11300
8115661,6280.29,6280.29,6280.29,9700
8035543,5955.7,5955.7,5955.7,9200
6300420,6280.29,6280.29,6280.29,9700
8129174,8416.35,8416.35,8416.35,13000
8043422,10167.79,10167.79,10167.79,15700
8023857,6953.2,5214.9,6953.2,10500
8023877,6953.2,5214.9,6953.2,10500
8023878,6953.2,5214.9,6953.2,10500
8124671,6953.2,6953.2,6953.2,10500
8023858,6953.2,5214.9,6953.2,10500
8023859,6953.2,5214.9,6953.2,10500
8023860,6953.2,5214.9,6953.2,10500
8023861,6953.2,5214.9,6953.2,10500
8023879,6953.2,5214.9,6953.2,10500
8023862,6953.2,5214.9,6953.2,10500
8023863,6953.2,5214.9,6953.2,10500
8023864,6953.2,5214.9,6953.2,10500
8023880,6953.2,5214.9,6953.2,10500
8023865,6953.2,5214.9,6953.2,10500
8023866,6953.2,5214.9,6953.2,10500
8023867,6953.2,5214.9,6953.2,10500
8023868,6953.2,5214.9,6953.2,10500
8023869,6953.2,5214.9,6953.2,10500
8023870,6953.2,5214.9,6953.2,10500
8023871,6953.2,5214.9,6953.2,10500
8023872,6953.2,5214.9,6953.2,10500
8023873,6953.2,5214.9,6953.2,10500
8023874,6953.2,5214.9,6953.2,10500
8023875,6953.2,5214.9,6953.2,10500
8023876,6953.2,5214.9,6953.2,10500
8136822,2112.16,1900.94,2112.16,4784.24
8136823,2112.16,1900.94,2112.16,4784.24
8136821,2112.16,1900.94,2112.16,4784.24
8136832,2112.16,1900.94,2112.16,4784.24
8136833,2112.16,1900.94,2112.16,4784.24
8136831,2112.16,1900.94,2112.16,4784.24
8136820,2112.16,1900.94,2112.16,4784.24
8136819,2112.16,1900.94,2112.16,4784.24
8140131,2998.26,2698.43,2998.26,6791.35
8138132,10020.18,9018.16,10020.18,22696.74
8138131,5338.9,4805.01,5338.9,12093.15
8121173,3671.43,3671.43,3671.43,5800
8121171,21149.86,21149.86,21149.86,35500
8140602,16622,16622,16622,27900
8121172,3671.43,3671.43,3671.43,5800
8121170,21149.86,21149.86,21149.86,35500
8140601,16622,16622,16622,27900
8114590,2043.24,1430.27,2043.24,3279.38
6034503,2992.22,2393.78,2992.22,4802.47
8014088,7647,7647,7647,12273.31
8022243,2655.5,2655.5,2655.5,4262.03
8022244,6611.59,5289.27,6611.59,10611.48
8022245,2043.24,1634.59,2043.24,3279.38
8022246,6247.24,6247.24,6247.24,10026.69
8005571,10369.56,10369.56,10369.56,16642.98
6310403,3048.09,3048.09,3048.09,4892.13
6310402,7789.94,6231.95,7789.94,12502.7
6300174,2655.48,2655.48,2655.48,4262.01
8008436,6611.62,6611.62,6611.62,10611.55
8020202,1383.54,968.48,1383.54,1909
8135660,1552.95,1552.95,1552.95,2143
8127875,1397.17,1397.17,1397.17,1928
8134348,2460.71,1968.57,2460.71,3395
8135661,1554.15,1243.32,1554.15,2144
8122926,1554.15,1087.91,1554.15,2144
8016031,3481.53,3481.53,3481.53,5500
8118790,3481.53,3481.53,3481.53,5500
8141292,10723.87,10723.87,10723.87,18000
8118788,19005.08,19005.08,19005.08,31900
8118789,23771.24,23771.24,23771.24,39900
8143101,28421.98,28421.98,28421.98,44900
8141291,10723.87,10723.87,10723.87,18000
8139513,3481.53,3481.53,3481.53,5500
8141293,10723.87,10723.87,10723.87,18000
8139511,19005.08,19005.08,19005.08,31900
8139512,23771.24,23771.24,23771.24,39900
8143102,28421.98,28421.98,28421.98,44900
8013451,19005.08,19005.08,19005.08,31900
8013452,23771.24,23771.24,23771.24,39900
8143100,28421.98,28421.98,28421.98,44900
8032616,5338.9,4805.01,5338.9,12093.15
8029972,5338.9,4805.01,5338.9,12093.15
8029914,1660.75,1494.68,1660.75,3761.75
8134739,3221.17,2899.05,3221.17,7296.28
8030973,7345.16,6610.64,7345.16,16637.54
8030846,16707.73,15036.96,16707.73,37844.73
8042602,14491.18,14491.18,14491.18,22139.32
8111840,8110.44,8110.44,8110.44,12390.94
8021717,0.01,0.01,0.01,
8022511,0.01,0.01,0.01,0.04
8021629,0.01,0.01,0.01,
8021711,0.01,0.01,0.01,
8125361,21028.21,21028.21,21028.21,32500
8110877,16175.54,16175.54,16175.54,25000
8138739,27174.92,27174.92,27174.92,42000
8041567,25233.86,25233.86,25233.86,39000
8127124,31704.07,31704.07,31704.07,49000
8141058,31057.06,31057.06,31057.06,48000
8127126,39468.34,39468.34,39468.34,61000
8140827,22645.77,22645.77,22645.77,35000
8126397,16822.57,16822.57,16822.57,26000
8143079,41409.4,41409.4,41409.4,64000
8126859,41409.4,41409.4,41409.4,64000
8033344,39468.34,39468.34,39468.34,61000
8033343,39468.34,39468.34,39468.34,61000
8130009,23939.81,23939.81,23939.81,37000
8037969,34939.19,34939.19,34939.19,54000
8035153,40115.36,40115.36,40115.36,62000
8114588,31057.06,31057.06,31057.06,48000
8111896,12940.44,12940.44,12940.44,20000
8126280,14881.5,14881.5,14881.5,23000
8039411,20381.19,20381.19,20381.19,31500
8033345,21998.74,21998.74,21998.74,34000
8042641,19410.66,19410.66,19410.66,30000
8037970,37527.27,37527.27,37527.27,58000
8142444,96406.27,96406.27,96406.27,149000
8135059,84112.85,84112.85,84112.85,130000
8130539,65996.23,65996.23,65996.23,102000
8126950,118405.01,118405.01,118405.01,183000
8130540,118405.01,118405.01,118405.01,183000
8130541,86700.94,86700.94,86700.94,134000
8132208,118405.01,118405.01,118405.01,183000
8126279,14881.5,14881.5,14881.5,23000
8121079,40762.39,40762.39,40762.39,63000
8135058,26527.9,26527.9,26527.9,41000
8134557,26527.9,26527.9,26527.9,41000
8138207,31704.07,31704.07,31704.07,49000
8118717,25233.86,25233.86,25233.86,39000
8118718,28468.97,28468.97,28468.97,44000
8129477,31704.07,31704.07,31704.07,49000
8118716,25233.86,25233.86,25233.86,39000
8037784,39468.34,39468.34,39468.34,61000
8119441,39468.34,39468.34,39468.34,61000
8120033,39468.34,39468.34,39468.34,61000
8142180,41409.4,41409.4,41409.4,64000
8126281,14881.5,14881.5,14881.5,23000
8141207,9288,9288,9288,17500
8140118,2440.95,2196.86,2440.95,5529.02
8140153,2440.95,2196.86,2440.95,5529.02
8126976,7345.16,6610.64,7345.16,16637.54
8024283,5171.71,4654.54,5171.71,11714.45
8110458,7345.16,6610.64,7345.16,16637.54
8014976,7233.7,6510.33,7233.7,16385.08
8009984,11580.61,10422.55,11580.61,26231.27
8008143,12254.94,11029.45,12254.94,27758.69
8022641,20841.65,18757.49,20841.65,47208.46
8118741,22235.47,22235.47,22235.47,33600
8039562,24617.84,24617.84,24617.84,37200
8120756,36132.64,36132.64,36132.64,54600
8120399,21573.7,21573.7,21573.7,32600
8039539,30970.84,30970.84,30970.84,46800
8130221,34014.98,34014.98,34014.98,51400
8021874,32294.38,32294.38,32294.38,48800
8128079,30176.71,30176.71,30176.71,45600
8114022,32029.67,32029.67,32029.67,48400
8026894,12838.34,12838.34,12838.34,19400
8142176,13235.4,13235.4,13235.4,20000
8125583,23956.07,23956.07,23956.07,36200
8036413,32029.67,32029.67,32029.67,48400
8134568,29250.23,29250.23,29250.23,44200
8109483,32294.38,32294.38,32294.38,48800
8109484,25676.68,25676.68,25676.68,38800
8120449,20911.93,20911.93,20911.93,31600
8120758,20911.93,20911.93,20911.93,31600
8137255,29250.23,29250.23,29250.23,44200
8031204,18198.68,18198.68,18198.68,27500
8109475,22235.47,22235.47,22235.47,33600
8142586,17338.37,17338.37,17338.37,26200
8117977,22235.47,22235.47,22235.47,33600
8113299,39309.14,39309.14,39309.14,59400
8127427,44073.88,44073.88,44073.88,66600
8021876,43412.11,43412.11,43412.11,65600
8026897,23956.07,23956.07,23956.07,36200
8033269,22831.07,22831.07,22831.07,34500
8141168,26073.74,26073.74,26073.74,39400
8137256,26073.74,26073.74,26073.74,39400
8136589,26073.74,26073.74,26073.74,39400
8040817,23956.07,23956.07,23956.07,36200
8021877,33353.21,33353.21,33353.21,50400
8021879,27132.57,27132.57,27132.57,41000
8117675,21176.64,21176.64,21176.64,32000
8142175,36132.64,36132.64,36132.64,54600
8117139,30970.84,30970.84,30970.84,46800
8021880,35470.87,35470.87,35470.87,53600
8022613,33750.27,33750.27,33750.27,51000
8117138,34809.1,34809.1,34809.1,52600
8031086,21573.7,21573.7,21573.7,32600
8138833,35470.87,35470.87,35470.87,53600
8126585,38250.31,38250.31,38250.31,57800
8120532,35470.87,35470.87,35470.87,53600
8134602,35470.87,35470.87,35470.87,53600
8120533,35470.87,35470.87,35470.87,53600
8111407,20911.93,20911.93,20911.93,31600
8111031,14558.94,14558.94,14558.94,22000
8120757,33750.27,33750.27,33750.27,51000
8026900,18132.5,18132.5,18132.5,27400
8142177,37191.47,37191.47,37191.47,56200
8142731,38250.31,38250.31,38250.31,57800
8143556,41691.51,41691.51,41691.51,63000
8143103,45132.71,45132.71,45132.71,68200
8040547,40367.97,40367.97,40367.97,61000
8040548,48309.21,48309.21,48309.21,73000
8040545,42353.28,42353.28,42353.28,64000
8040546,38250.31,38250.31,38250.31,57800
8039854,2774.76,2774.76,2774.76,
8120846,9058.97,9058.97,9058.97,
8136035,4908.71,4908.71,4908.71,
8043056,4515.5,4515.5,4515.5,
8043055,4515.5,4515.5,4515.5,
8043054,4515.5,4515.5,4515.5,
8138209,40415.76,40415.76,40415.76,61273
8121257,36741.72,36741.72,36741.72,55703
8121263,21536.94,21536.94,21536.94,32652
8137611,33524.78,33524.78,33524.78,50826
8121258,41905.97,41905.97,41905.97,63533
8121262,15881.25,15881.25,15881.25,24077
8135916,29245.33,29245.33,29245.33,44338
8121254,33334.83,33334.83,33334.83,50538
8138208,34349.54,34349.54,34349.54,52077
8135917,47372.93,47372.93,47372.93,71821
8137610,30943.88,30943.88,30943.88,46913
8121259,26604.38,26604.38,26604.38,40334
8135918,39403.5,39403.5,39403.5,59739
8121253,37776.04,37776.04,37776.04,57271
8121252,37776.04,37776.04,37776.04,57271
8136654,37776.04,37776.04,37776.04,57271
8137609,38992.96,38992.96,38992.96,59116
8121261,34350.77,34350.77,34350.77,52078
8135919,48740.59,48740.59,48740.59,73895
8142671,35076.26,35076.26,35076.26,53178
8141323,29374.01,29374.01,29374.01,44533
8137612,30570.1,30570.1,30570.1,46347
8121255,22595.77,22595.77,22595.77,34257
8121256,38214.77,38214.77,38214.77,57937
8143115,31957.36,30359.49,31957.36,48450
8143116,31957.36,30359.49,31957.36,48450
8143114,25434.03,24162.33,25434.03,38560
8143117,29940.19,28443.18,29940.19,45392
8143118,29940.19,28443.18,29940.19,45392
8122601,39599.15,39599.15,39599.15,59893.71
8024799,21645.89,21645.89,21645.89,32711.21
8024800,21646.42,21646.42,21646.42,32712.11
8040634,21085.64,21085.64,21085.64,31864.56
8033911,29678.48,27897.77,29678.48,44850.03
8010441,43321.23,43321.23,43321.23,65466.89
8141760,65113.78,59253.54,65113.78,98399.73
8018315,38679.66,38679.66,38679.66,58452.57
8018314,48367.66,48367.66,48367.66,73093.04
8122602,12172.36,12172.36,12172.36,18410.69
8009832,39399.59,39399.59,39399.59,59540.51
8041313,33628.86,33628.86,33628.86,50819.81
8040635,3299.51,3299.51,3299.51,4986.2
8119085,27752.16,27752.16,27752.16,41938.97
8126066,3963.74,3963.74,3963.74,5990
8138144,78641.82,78641.82,78641.82,118843.26
8136422,70322.88,70322.88,70322.88,106271.71
8136421,63391.19,63391.19,63391.19,95796.54
8136420,78641.82,78641.82,78641.82,118843.26
8143654,45935.49,42260.65,45935.49,69417.6
8032038,45009.12,45009.12,45009.12,68017.62
8021606,40485.09,40485.09,40485.09,61180.94
8033910,47048.54,47048.54,47048.54,71099.59
8032039,14114.64,14114.64,14114.64,21330
8139337,23581.59,22166.69,23581.59,35636.41
8126400,26085.45,26085.45,26085.45,39420.27
8010460,6941.52,6941.52,6941.52,10490
8138331,38494.06,33874.77,38494.06,58172.09
8135488,21873.6,21873.6,21873.6,33055.32
8139745,31815.06,31815.06,31815.06,49223.52
8139332,34849.29,31364.36,34849.29,52664.12
8131022,45507.88,45507.88,45507.88,68242.33
8139336,12856.85,12856.85,12856.85,19429.21
8139333,26235.67,26235.67,26235.67,39647.26
8010357,13823.49,13823.49,13823.49,20890
8010358,36551.81,33627.67,36551.81,55236.97
8133424,8929.74,8929.74,8929.74,13494.6
8143774,9050.64,9050.64,9050.64,13677.22
8010459,17651.34,17651.34,17651.34,26674.66
8143773,9050.64,9050.64,9050.64,13677.22
8137500,35535.76,35535.76,35535.76,53701.53
8122599,44036.99,44036.99,44036.99,66548.54
8125658,14763.07,14763.07,14763.07,22138.3
8122600,38744.63,38744.63,38744.63,58550.76
8122598,39482.63,39482.63,39482.63,59666.01
8131023,44378.36,44378.36,44378.36,66548.54
8041109,36431.55,36431.55,36431.55,55055.23
8041110,31227.04,31227.04,31227.04,47190.21
8132310,38679.66,38679.66,38679.66,58452.57
8123175,24376.74,24376.74,24376.74,36838.05
8141761,65113.78,59253.54,65113.78,98399.73
8138332,41632.14,39134.21,41632.14,62914.36
8138333,41632.14,39134.21,41632.14,62914.36
8040302,35033.7,29778.65,35033.7,54636.98
8020838,32173.18,27347.2,32173.18,48619.99
8138928,35375.94,30069.55,35375.94,53459.99
8040349,36154.78,30731.56,36154.78,54636.98
8023364,15221.63,15221.63,15221.63,23002.87
8007454,18329.83,18329.83,18329.83,27700
8143513,20138.27,20138.27,20138.27,33989
8143514,20138.27,20138.27,20138.27,33989
8143515,20138.27,20138.27,20138.27,33989
8143516,20138.27,20138.27,20138.27,33989
8139520,5033.15,4026.52,5033.15,9088.37
8139529,13065.75,13065.75,13065.75,23594.28
8139522,5033.15,4026.52,5033.15,9088.37
8139521,5033.15,4026.52,5033.15,9088.37
8139530,13065.75,13065.75,13065.75,23594.28
8041165,14761.66,14761.66,14761.66,23000
8122743,12194.24,12194.24,12194.24,19000
8110298,12194.24,12194.24,12194.24,19000
8135140,14589.07,14589.07,14589.07,22100
8110297,12194.24,12194.24,12194.24,19000
8110296,12194.24,12194.24,12194.24,19000
8041166,14761.66,14761.66,14761.66,23000
8041167,14761.66,14761.66,14761.66,23000
8133769,29949,17969.4,29949,44590
8133768,29949,17969.4,29949,44590
8133772,26926.57,17502.27,26926.57,40090
8133771,26926.57,17502.27,26926.57,40090
8133773,26926.57,17502.27,26926.57,40090
8133780,17254.77,10352.86,17254.77,25690
8133787,10874.06,6524.44,10874.06,16190
8133798,15575.63,12460.5,15575.63,23190
8134718,13426.35,10741.08,13426.35,19990
8134719,13426.35,10741.08,13426.35,19990
8135732,14232.32,11385.86,14232.32,21190
8133770,29949,17969.4,29949,44590
8135191,12217.37,11606.5,12217.37,18190
8141702,14098,14098,14098,20990
8143685,33575.93,33575.93,33575.93,49990
8134721,10941.23,8752.98,10941.23,16290
8135736,19269.72,9634.86,19269.72,28690
8140612,12083.03,9062.27,12083.03,17990
8134723,12083.03,9062.27,12083.03,17990
8134722,12083.03,9062.27,12083.03,17990
8141897,15105.47,11329.1,15105.47,22490
8135734,14232.32,10674.24,14232.32,21190
8035213,32904.28,32904.28,32904.28,48990
8129567,47002.27,47002.27,47002.27,69980
8035212,24172.79,24172.79,24172.79,35990
8143687,39620.8,39620.8,39620.8,58990
8131372,37605.85,37605.85,37605.85,55990
8132484,26859.4,26859.4,26859.4,39990
8134307,0.01,0.01,0.01,0.01
8143433,311539.48,249231.58,311539.48,
8140793,564772.77,451818.22,564772.77,840870
8143432,596266.57,477013.26,596266.57,
8136956,496741.05,397392.84,496741.05,739580
8136728,702831.02,562264.82,702831.02,1046420
8143431,1005994.98,804795.98,1005994.98,
8136729,484469.95,387575.96,484469.95,721310
8143434,660664.65,528531.72,660664.65,
8142453,32232.62,32232.62,32232.62,47990
8141886,22157.83,16618.37,22157.83,32990
8135730,15105.47,11329.1,15105.47,22490
8141703,14098,14098,14098,20990
8143686,35590.88,35590.88,35590.88,52990
8136762,33575.93,33575.93,33575.93,49990
8136763,24844.45,24844.45,24844.45,36990
8136957,13426.35,9398.45,13426.35,19990
8136958,13426.35,9398.45,13426.35,19990
8143690,20142.87,20142.87,20142.87,29990
8133764,25180.27,12590.14,25180.27,37490
8140618,17657.75,14126.2,17657.75,26290
8140619,17657.75,14126.2,17657.75,26290
8142934,16784.6,11749.22,16784.6,24990
8142937,16784.6,11749.22,16784.6,24990
8142936,16784.6,11749.22,16784.6,24990
8142935,16784.6,11749.22,16784.6,24990
8140616,14232.32,9251.01,14232.32,21190
8142939,16784.6,11749.22,16784.6,24990
8142938,16784.6,11749.22,16784.6,24990
8134711,13426.35,8055.81,13426.35,19990
8134712,13426.35,8055.81,13426.35,19990
8134713,13426.35,8055.81,13426.35,19990
8134714,13426.35,8055.81,13426.35,19990
8143274,18127.91,18127.91,18127.91,26990
8143275,18127.91,18127.91,18127.91,26990
8143276,17456.25,17456.25,17456.25,25990
8143277,17456.25,17456.25,17456.25,25990
8140611,16112.95,9667.77,16112.95,23990
8133767,11075.55,7752.89,11075.55,16490
8136959,13359.18,9351.43,13359.18,19890
8136960,13359.18,9351.43,13359.18,19890
8143675,21687.67,21687.67,21687.67,32290
8143676,21687.67,21687.67,21687.67,32290
8133766,14769.65,14031.17,14769.65,21990
8143689,20142.87,20142.87,20142.87,29990
8136963,10874.06,7068.14,10874.06,16190
8143688,37605.85,37605.85,37605.85,55990
8143588,14098,14098,14098,20990
8141682,33575.93,33575.93,33575.93,49990
8134720,10941.23,7111.8,10941.23,16290
8142921,24844.45,24844.45,24844.45,36990
8142924,24844.45,24844.45,24844.45,36990
8142923,24844.45,24844.45,24844.45,36990
8142922,24844.45,24844.45,24844.45,36990
8142925,24844.45,24844.45,24844.45,36990
8142920,24844.45,24844.45,24844.45,36990
8142928,19471.22,19471.22,19471.22,28990
8142930,19471.22,19471.22,19471.22,28990
8142929,19471.22,19471.22,19471.22,28990
8142926,19471.22,19471.22,19471.22,28990
8141892,20142.87,19135.73,20142.87,29990
8141891,20142.87,19135.73,20142.87,29990
8141903,13426.35,12755.03,13426.35,19990
8141898,13426.35,12755.03,13426.35,19990
8141904,13426.35,12755.03,13426.35,19990
8141905,13426.35,12755.03,13426.35,19990
8143674,20142.87,20142.87,20142.87,29990
8141893,18127.91,17221.51,18127.91,26990
8141895,18127.91,17221.51,18127.91,26990
8141894,18127.91,17221.51,18127.91,26990
8141896,18127.91,17221.51,18127.91,26990
8142933,18799.57,18799.57,18799.57,27990
8142932,18799.57,18799.57,18799.57,27990
8142931,18799.57,18799.57,18799.57,27990
8129705,13426.35,13426.35,13426.35,19990
8141887,18127.91,13595.93,18127.91,26990
8141888,18127.91,13595.93,18127.91,26990
8141890,18127.91,13595.93,18127.91,26990
8141889,18127.91,13595.93,18127.91,26990
8110921,12083.03,9062.27,12083.03,17990
8133765,25180.27,12590.14,25180.27,37490
8143279,19471.22,19471.22,19471.22,28990
8143278,19471.22,19471.22,19471.22,28990
8113387,32904.28,24678.21,32904.28,48990
8035292,32904.28,32904.28,32904.28,48990
8143837,13426.35,13426.35,13426.35,19990
8035293,32904.28,24678.21,32904.28,48990
8133796,19471.22,12656.29,19471.22,28990
8133793,19471.22,12656.29,19471.22,28990
8133795,19471.22,12656.29,19471.22,28990
8133789,19471.22,12656.29,19471.22,28990
8133791,19471.22,12656.29,19471.22,28990
8133783,14971.15,9731.25,14971.15,22290
8133784,14971.15,9731.25,14971.15,22290
8133785,14971.15,9731.25,14971.15,22290
8133786,16583.1,10779.02,16583.1,24690
8133801,20142.87,19135.73,20142.87,29990
8138368,26859.4,26859.4,26859.4,39990
8137419,14098,14098,14098,20990
8137422,14098,14098,14098,20990
8137421,14098,14098,14098,20990
8137420,14098,14098,14098,20990
8140791,23501.13,23501.13,23501.13,34990
8140789,23501.13,23501.13,23501.13,34990
8142913,26859.4,26859.4,26859.4,39990
8142914,26859.4,26859.4,26859.4,39990
8142915,26859.4,26859.4,26859.4,39990
8143679,14098,14098,14098,20990
8143678,14098,14098,14098,20990
8143681,14098,14098,14098,20990
8140790,23501.13,23501.13,23501.13,34990
8140788,23501.13,23501.13,23501.13,34990
8136121,26859.4,26859.4,26859.4,39990
8136122,26859.4,26859.4,26859.4,39990
8133800,13963.67,9076.39,13963.67,20790
8133799,13963.67,9076.39,13963.67,20790
8143710,40292.45,40292.45,40292.45,59990
8135862,32904.28,32904.28,32904.28,48990
8117604,40292.45,34248.58,40292.45,59990
8117603,28202.7,23972.3,28202.7,41990
8143711,42307.42,42307.42,42307.42,62990
8128607,42307.42,42307.42,42307.42,62990
8128608,30217.67,25685.02,30217.67,44990
8143708,21486.18,21486.18,21486.18,31990
8143712,36934.2,36934.2,36934.2,54990
8138977,36934.2,36934.2,36934.2,54990
8138979,26187.75,22259.59,26187.75,38990
8143709,21486.18,21486.18,21486.18,31990
8140307,32904.28,32904.28,32904.28,48990
8123446,47008.98,47008.98,47008.98,69990
8143586,40292.45,40292.45,40292.45,59990
8143587,28202.7,28202.7,28202.7,41990
8143707,18799.57,18799.57,18799.57,27990
8133778,20948.85,16759.08,20948.85,31190
8133810,20948.85,16759.08,20948.85,31190
8133774,17993.58,10796.15,17993.58,26790
8133776,17993.58,10796.15,17993.58,26790
8133803,18463.74,14770.99,18463.74,27490
8133805,18463.74,14770.99,18463.74,27490
8110922,10403.9,10403.9,10403.9,15490
8040515,32904.28,32904.28,32904.28,48990
8117606,40292.45,40292.45,40292.45,59990
8117605,28202.7,28202.7,28202.7,41990
8134059,42307.42,42307.42,42307.42,62990
8134061,30217.67,30217.67,30217.67,44990
6031148,3632.15,3632.15,3632.15,5200
6031149,4051.25,4051.25,4051.25,5800
8131331,19445.95,19445.95,19445.95,28800
6300364,7683.38,7683.38,7683.38,11000
6031147,6963.07,6963.07,6963.07,11000
6300365,6963.07,6963.07,6963.07,11000
8001045,8798.78,8798.78,8798.78,13900
6031146,9495.1,9495.1,9495.1,15000
8038725,21404.05,21404.05,21404.05,31700
8130505,13846.01,13846.01,13846.01,21000
8134792,18856.94,18856.94,18856.94,28600
8036039,21494.26,21494.26,21494.26,32600
8134793,22944.79,22944.79,22944.79,34800
8036044,22944.79,22944.79,22944.79,34800
8036045,23604.14,23604.14,23604.14,35800
8119296,20966.81,20966.81,20966.81,31800
8119295,20966.81,20966.81,20966.81,31800
8119299,22747.01,22747.01,22747.01,34500
8119298,22747.01,22747.01,22747.01,34500
8120380,14373.46,14373.46,14373.46,21800
8134794,15692.13,15692.13,15692.13,23800
8134795,15692.13,15692.13,15692.13,23800
8134797,16747.06,16747.06,16747.06,25400
8120379,14373.46,14373.46,14373.46,21800
8134796,16747.06,16747.06,16747.06,25400
8036091,8175.74,8175.74,8175.74,12400
8036093,8175.74,8175.74,8175.74,12400
8036089,8175.74,8175.74,8175.74,12400
8036090,8175.74,8175.74,8175.74,12400
8139482,7384.53,7384.53,7384.53,11200
8035970,14175.66,14175.66,14175.66,21500
8036085,13977.87,13977.87,13977.87,21200
8036086,13977.87,13977.87,13977.87,21200
8110868,7384.53,7384.53,7384.53,11200
8110867,7384.53,7384.53,7384.53,11200
8040182,12197.67,12197.67,12197.67,18500
8040181,12197.67,12197.67,12197.67,18500
8040177,12197.67,12197.67,12197.67,18500
8040178,12197.67,12197.67,12197.67,18500
8040180,12197.67,12197.67,12197.67,18500
8040179,12197.67,12197.67,12197.67,18500
8110619,12197.67,12197.67,12197.67,18500
8110618,12197.67,12197.67,12197.67,18500
8110865,11472.41,11472.41,11472.41,17400
8110864,11472.41,11472.41,11472.41,17400
8134798,11472.41,11472.41,11472.41,17400
8036057,8439.46,8439.46,8439.46,12800
8036058,8439.46,8439.46,8439.46,12800
8139481,8439.46,8439.46,8439.46,12800
8139480,8439.46,8439.46,8439.46,12800
8040164,10219.66,10219.66,10219.66,15500
8040162,7582.34,7582.34,7582.34,11500
8040163,7582.34,7582.34,7582.34,11500
8110880,12856.99,12856.99,12856.99,19500
8110881,12856.99,12856.99,12856.99,19500
8035966,18982.2,18982.2,18982.2,28790
8134804,52746.01,52746.01,52746.01,79999
8139479,5472.46,5472.46,5472.46,8300
8119305,24065.67,24065.67,24065.67,36500
8134800,12263.59,12263.59,12263.59,18600
8134799,9362.54,9362.54,9362.54,14200
8134803,18856.94,18856.94,18856.94,28600
8035969,13977.87,13977.87,13977.87,21200
8035968,13977.87,13977.87,13977.87,21200
8040167,17274.54,17274.54,17274.54,26200
8040166,17274.54,17274.54,17274.54,26200
8110873,18197.59,18197.59,18197.59,27600
8110874,18197.59,18197.59,18197.59,27600
8143084,8218.84,8218.84,8218.84,12500
8143090,8218.84,8218.84,8218.84,12500
8143097,16080.33,16080.33,16080.33,22500
8143094,7561.32,7561.32,7561.32,11500
8143095,7561.32,7561.32,7561.32,11500
8143096,8416.09,8416.09,8416.09,12800
8143091,16108.93,16108.93,16108.93,24500
8035962,70548.01,70548.01,70548.01,106999
8110878,23999.73,23999.73,23999.73,36400
8110879,23999.73,23999.73,23999.73,36400
8036041,6263.67,6263.67,6263.67,9500
8036042,10813.06,10813.06,10813.06,16400
8119301,8439.46,8439.46,8439.46,12800
8119302,8439.46,8439.46,8439.46,12800
8119304,8439.46,8439.46,8439.46,12800
8119303,8439.46,8439.46,8439.46,12800
8036087,8901,8901,8901,13500
8110885,8439.46,8439.46,8439.46,12800
8110884,8439.46,8439.46,8439.46,12800
8040176,20769,20769,20769,31500
8040175,20769,20769,20769,31500
8110631,18790.99,18790.99,18790.99,28500
8141051,18790.99,18790.99,18790.99,28500
8134801,22747.01,22747.01,22747.01,34500
8134802,22747.01,22747.01,22747.01,34500
8130504,21757.99,21757.99,21757.99,33000
8143180,6217.86,4974.29,6217.86,9039.7
8143181,6217.86,4974.29,6217.86,9039.7
8143179,6217.86,4974.29,6217.86,9039.7
8143182,6217.86,4974.29,6217.86,9039.7
8038940,25754.68,25754.68,25754.68,41209.86
8141641,25754.68,25754.68,25754.68,41209.86
8133612,35863.82,35863.82,35863.82,57385.39
6300383,3352.75,3352.75,3352.75,4800
6300390,3981.39,3981.39,3981.39,5700
8128519,3981.39,3981.39,3981.39,5700
8134923,19513.47,19513.47,19513.47,28900
8134925,22214.3,22214.3,22214.3,32900
8135477,4051.25,4051.25,4051.25,6000
8143943,22889.51,22889.51,22889.51,33900
8016746,3352.75,3352.75,3352.75,4800
8016747,3981.39,3981.39,3981.39,5700
8128521,3981.39,3981.39,3981.39,5700
8134926,21201.49,21201.49,21201.49,31400
8016748,7683.38,7683.38,7683.38,11000
8135478,4051.25,4051.25,4051.25,6000
8016744,13583.57,13583.57,13583.57,22800
8016745,15728.34,15728.34,15728.34,26400
6033117,8165.78,8165.78,8165.78,12900
6300381,11204.2,11204.2,11204.2,17700
6300382,12660.12,12660.12,12660.12,20000
8143947,19243.39,19243.39,19243.39,28500
8119433,15192.15,15192.15,15192.15,22500
8134928,18568.18,18568.18,18568.18,27500
8110400,3282.9,3282.9,3282.9,4700
8110398,9051.99,9051.99,9051.99,14300
8110399,11204.2,11204.2,11204.2,17700
8119436,14449.42,14449.42,14449.42,21400
8114786,3352.75,3352.75,3352.75,4800
8114787,3981.39,3981.39,3981.39,5700
8134927,22214.3,22214.3,22214.3,32900
8114788,7683.38,7683.38,7683.38,11000
8114784,13583.57,13583.57,13583.57,22800
8114785,15728.34,15728.34,15728.34,26400
8143945,22889.51,22889.51,22889.51,33900
8143941,22889.51,22889.51,22889.51,33900
8040220,15462.24,15462.24,15462.24,22900
8034453,3352.75,3352.75,3352.75,4800
8034454,3981.39,3981.39,3981.39,5700
8034455,7683.38,7683.38,7683.38,11000
8034451,13583.57,13583.57,13583.57,22800
8034452,15728.34,15728.34,15728.34,26400
8143944,22889.51,22889.51,22889.51,33900
8128520,3981.39,3981.39,3981.39,5700
8010437,3352.75,3352.75,3352.75,4800
8010438,3981.39,3981.39,3981.39,5700
8141294,9234.44,9234.44,9234.44,15500
8010439,7683.38,7683.38,7683.38,11000
8135479,4051.25,4051.25,4051.25,6000
8010435,11204.2,11204.2,11204.2,17700
8010436,12660.12,12660.12,12660.12,20000
8143942,22889.51,22889.51,22889.51,33900
8040223,15462.24,15462.24,15462.24,22900
6300346,7683.38,7683.38,7683.38,11000
8005501,10571.2,10571.2,10571.2,16700
8134820,3352.75,3352.75,3352.75,4800
8134821,3981.39,3981.39,3981.39,5700
8134823,22214.3,22214.3,22214.3,32900
8134822,7683.38,7683.38,7683.38,11000
8134818,13583.57,13583.57,13583.57,22800
8134819,15728.34,15728.34,15728.34,26400
8143946,22889.51,22889.51,22889.51,33900
8143787,3352.75,3352.75,3352.75,4800
8143788,3981.39,3981.39,3981.39,5700
8143785,13583.57,13583.57,13583.57,22800
8143786,15728.34,15728.34,15728.34,26400
8137713,3182.98,3182.98,3182.98,4640.12
8130932,3182.98,3182.98,3182.98,4640.12
8130931,3182.98,3182.98,3182.98,4640.12
8130930,3182.98,3182.98,3182.98,4640.12
8042661,3334.23,3334.23,3334.23,4669.74
8042870,2503.17,2503.17,2503.17,3830.42
8042864,2923.56,2923.56,2923.56,4474.02
8042865,2923.56,2923.56,2923.56,4474.02
8042871,2503.17,2503.17,2503.17,3830.42
8130940,1793.87,1793.87,1793.87,2644.55
8130941,3248.73,3248.73,3248.73,4789.33
8130935,3097.25,3097.25,3097.25,4523.78
8130929,1715.84,1715.84,1715.84,2506.08
8130934,2115.45,2115.45,2115.45,3083.93
8130933,3766.38,3766.38,3766.38,5501.71
8115825,3808.57,3808.57,3808.57,5712.56
8115824,2248.01,2248.01,2248.01,3372.48
8134249,0.01,0.01,0.01,
8021502,0.01,0.01,0.01,
8134672,11826.08,11826.08,11826.08,17650
8004799,172867.4,172867.4,172867.4,259935
8140276,39569.93,39569.93,39569.93,59500
8140274,39569.93,39569.93,39569.93,59500
8143511,39569.93,39569.93,39569.93,59500
8140273,39569.93,39569.93,39569.93,59500
8140275,39569.93,39569.93,39569.93,59500
8143512,39569.93,39569.93,39569.93,59500
8117942,109256.24,109256.24,109256.24,164285
8141670,199512.26,199512.26,199512.26,300000
8141744,188206.56,188206.56,188206.56,283000
8004250,126264.66,126264.66,126264.66,189860
8141746,188206.56,188206.56,188206.56,283000
8141745,188206.56,188206.56,188206.56,283000
8112003,136864.29,136864.29,136864.29,205798.32
8112004,181522.9,181522.9,181522.9,272950
8141400,150232.73,150232.73,150232.73,225900
8004804,132974.92,132974.92,132974.92,199950
8134812,22313.72,22313.72,22313.72,42842
8134731,22312.68,22312.68,22312.68,42840
8134810,26252.3,26252.3,26252.3,50404
8135781,50794.16,39375.32,50794.16,97524
8135780,50794.16,39375.32,50794.16,97524
8135782,50794.16,39375.32,50794.16,97524
8023090,2245.25,2245.25,2245.25,3900
8033409,6966,5572.8,6966,12100
8128091,6160.02,4928.02,6160.02,10700
8128090,6160.02,4928.02,6160.02,10700
8128089,9959.65,9959.65,9959.65,17300
8128088,8923.39,8923.39,8923.39,15500
8119277,6735.72,6735.72,6735.72,11700
8009499,7550.33,7550.33,7550.33,11244.92
8009498,4156.16,4156.16,4156.16,6709.98
8136222,8025.64,4012.82,8025.64,11490
8139938,49638.77,49638.77,49638.77,79408.46
8139939,78064.4,78064.4,78064.4,124881.67
8024662,3646.17,3646.17,3646.17,
8024663,3646.17,3646.17,3646.17,
8036784,1487.16,1487.16,1487.16,2122.03
8032568,2208.66,2208.66,2208.66,3151.54
8134436,2312.43,2081.19,2312.43,3299.6
8134440,2543.66,2289.29,2543.66,3629.55
6530316,2245.3,2020.77,2245.3,3299.6
8001114,2245.3,2020.77,2245.3,3299.6
8019442,2245.3,2020.77,2245.3,3299.6
8134438,2312.43,2081.19,2312.43,3299.6
8134439,2312.43,2081.19,2312.43,3299.6
8134437,2312.43,2081.19,2312.43,3299.6
8031775,10948.23,10948.23,10948.23,
6310585,10218.35,10218.35,10218.35,
8128633,16179.05,16179.05,16179.05,
8128634,17273.87,17273.87,17273.87,
8111808,8636.94,8636.94,8636.94,
8141939,4622.59,4622.59,4622.59,
8123700,10517.55,10517.55,10517.55,
8031791,10948.23,10948.23,10948.23,
8031792,12712.11,12712.11,12712.11,
8128630,9731.76,9731.76,9731.76,
8128631,9731.76,9731.76,9731.76,
6310583,8028.7,8028.7,8028.7,
8031768,7298.82,7298.82,7298.82,
8031782,8028.7,8028.7,8028.7,
6310584,10340,10340,10340,
8031769,6325.64,6325.64,6325.64,
8031776,7517.78,7517.78,7517.78,
8111807,17273.87,17273.87,17273.87,
8031770,7125.03,7125.03,7125.03,
8031779,9847.61,9847.61,9847.61,
8031771,8804.93,8804.93,8804.93,
8031781,11006.16,11006.16,11006.16,
8143888,21349.05,21349.05,21349.05,
8132862,11122.02,11122.02,11122.02,
8143889,9731.76,9731.76,9731.76,
8143894,17273.87,17273.87,17273.87,
8143893,9244.14,9244.14,9244.14,
8040418,10426.73,10426.73,10426.73,
8143890,10340,10340,10340,
8143891,17273.87,17273.87,17273.87,
8031786,9268.34,9268.34,9268.34,
8022324,9103.53,9103.53,9103.53,12900
8028230,9103.53,9103.53,9103.53,12900
8118701,9103.53,9103.53,9103.53,12900
8027908,9103.53,9103.53,9103.53,12900
8133708,11231.54,11231.54,11231.54,17500
8022323,11231.53,11231.53,11231.53,17500
8027907,11231.53,11231.53,11231.53,17500
8035937,11231.53,11231.53,11231.53,17500
6535972,3632.15,3632.15,3632.15,5200
6535973,4190.94,4190.94,4190.94,6000
8131332,20661.32,20661.32,20661.32,30600
6535974,9811.6,9811.6,9811.6,15500
6535976,12406.92,12406.92,12406.92,19600
8038724,21404.05,21404.05,21404.05,31700
6039798,3632.15,3632.15,3632.15,5200
6039799,4190.94,4190.94,4190.94,6000
8039017,4190.94,4190.94,4190.94,6000
8039014,15430.45,15430.45,15430.45,25900
6039794,8039.18,8039.18,8039.18,12700
6039770,3632.15,3632.15,3632.15,5200
6039771,4190.94,4190.94,4190.94,6000
6039767,9178.6,9178.6,9178.6,14500
6039766,11077.6,11077.6,11077.6,17500
6039811,3632.15,3632.15,3632.15,5200
6039812,4190.94,4190.94,4190.94,6000
6039808,7722.68,7722.68,7722.68,12200
8014161,4190.94,4190.94,4190.94,6000
8014158,10064.8,10064.8,10064.8,15900
6032669,3632.15,3632.15,3632.15,5200
6032668,4190.94,4190.94,4190.94,6000
6032666,9178.6,9178.6,9178.6,14500
8140036,28367.1,28367.1,28367.1,49990
8020413,5150.12,5150.12,5150.12,8280
8025248,5149.96,5149.96,5149.96,8280
8020017,4477.45,4477.45,4477.45,7199.63
8041823,3020.1,3020.1,3020.1,4856.24
8041824,6178.88,6178.88,6178.88,9935
8142755,4698.76,4698.76,4698.76,7455
8142756,7258.79,7258.79,7258.79,11515
6533119,1576.24,1576.24,1576.24,2614.47
8019984,1581.99,1581.99,1581.99,2355
8126684,8244.53,8244.53,8244.53,13255
8029614,4566.54,4566.54,4566.54,7245
6300503,1838.2,1838.2,1838.2,2915
8142357,3901.18,1950.59,3901.18,6190
8117996,4670.34,4670.34,4670.34,7160
8032465,2017.99,2017.99,2017.99,3200
8014740,4457.92,4457.92,4457.92,7075
8141799,7870.43,7870.43,7870.43,11390
8141631,9227.52,4613.76,9227.52,14840
8010901,4698.76,4698.76,4698.76,7455
8132174,4699.29,2349.65,4699.29,7455
8038698,4342.54,4342.54,4342.54,9310
8034849,4402.42,3962.18,4402.42,9440
8141173,2572.38,2572.38,2572.38,4080
8136351,4241.62,4241.62,4241.62,6730
8141630,4241.62,4241.62,4241.62,6730
8124649,2236.45,2236.45,2236.45,3548.2
8129449,5663.32,5663.32,5663.32,9105
8019887,7301.7,7301.7,7301.7,11740
8034848,7301.63,7301.63,7301.63,11740
8132173,4380.85,2190.43,4380.85,6950
8021756,7301.62,7301.62,7301.62,11740
8032153,9474.56,9474.56,9474.56,15235
8141796,7301.62,7301.62,7301.62,11740
8029615,3901.18,3120.94,3901.18,6190
8001249,2600.56,2600.56,2600.56,4125
8001250,2600.56,2080.45,2600.56,4125
8038184,3901.18,3120.94,3901.18,6190
8026153,3901.18,3120.94,3901.18,6190
8133036,4534.87,4534.87,4534.87,7290
8014146,3651.95,3651.95,3651.95,5795
8029077,5370.44,5370.44,5370.44,8520
8124652,4174.34,4174.34,4174.34,6625
8025472,5076.72,5076.72,5076.72,8055
8135483,7727.89,7727.89,7727.89,12425
8124653,3914.39,3914.39,3914.39,6210
8142358,3973.21,3178.57,3973.21,5535
8113512,4073.97,4073.97,4073.97,5545
8113511,2852.9,2852.9,2852.9,3885
8026151,3973.21,3178.57,3973.21,5535
8031494,6817.6,6817.6,6817.6,9865
8118467,5898.6,5898.6,5898.6,8535
8033431,7806.96,7806.96,7806.96,11300
8143421,4863.82,4863.82,4863.82,7040
8042442,5239.62,5239.62,5239.62,7585
8136363,5240.21,5240.21,5240.21,7585
8141175,4864.56,3259.26,4864.56,7040
8131717,6806.65,3403.33,6806.65,9850
8141637,5403.2,5403.2,5403.2,7300
8040048,5403.2,5403.2,5403.2,7300
8036587,4697.61,4697.61,4697.61,6345.06
8020606,5008.85,5008.85,5008.85,6820
8020604,2115.38,2115.38,2115.38,2880
8020605,2726.38,2726.38,2726.38,3710
8114425,4925.32,4925.32,4925.32,10560
8034850,4925.32,4432.79,4925.32,10560
8132042,5722.25,5722.25,5722.25,8280
8129448,5722.58,2861.29,5722.58,8280
8135484,3081.62,1540.81,3081.62,4955
8013459,5722.87,5722.87,5722.87,8280
8012988,5722.25,5722.25,5722.25,8280
8113509,6838.32,6838.32,6838.32,9895
8016938,4099.71,4099.71,4099.71,5935
8127816,7193.74,7193.74,7193.74,10410
8127817,4864.56,4864.56,4864.56,7040
8114974,7970.52,3985.26,7970.52,11535
8114973,4864.56,4864.56,4864.56,7040
8038719,4864.56,4864.56,4864.56,7040
8043405,8632.49,8632.49,8632.49,12495
8043401,5389.84,2694.92,5389.84,7800
8143423,7193.74,7193.74,7193.74,10410
8143136,4864.56,4864.56,4864.56,7040
8139141,7193.74,7193.74,7193.74,10410
8139139,3246.04,1623.02,3246.04,4700
8139140,4864.56,4864.56,4864.56,7040
8019136,3305.55,3305.55,3305.55,4605
8032159,5233.14,5233.14,5233.14,7295
8114423,5643.53,5643.53,5643.53,7685
8114422,3052.01,3052.01,3052.01,4155
6300285,2377.29,2377.29,2377.29,3315
8121131,6187.46,3093.73,6187.46,10120
8114426,5602.87,5602.87,5602.87,12010
8138137,11840.66,10656.59,11840.66,20435
8038862,5497.64,5497.64,5497.64,9370
8127815,3793.54,3793.54,3793.54,6465
8127814,5497.94,5497.94,5497.94,9370
8033811,3793.23,1896.62,3793.23,6465
8033810,5497.64,5497.64,5497.64,9370
8114975,3793.23,3793.23,3793.23,6465
8114976,5497.64,5497.64,5497.64,9370
8034462,1329.95,1329.95,1329.95,2265
8138367,57480.25,57480.25,57480.25,
8142437,69067.48,69067.48,69067.48,
8140644,24596.68,24596.68,24596.68,
8029617,2843.04,2843.04,2843.04,3960
8038860,4261.76,4261.76,4261.76,5940
8020732,6731.63,6731.63,6731.63,9380
8010823,3973.21,3178.57,3973.21,5535
6310149,3211.08,3211.08,3211.08,4920
8020273,2646.02,2646.02,2646.02,4055
8123471,3089.91,3089.91,3089.91,4735
8010431,2579.73,2579.73,2579.73,3955
8010432,3002.22,3002.22,3002.22,4600
8141172,7754.14,7754.14,7754.14,12300
8032152,6741.91,6741.91,6741.91,10696.27
8034463,4873.45,3898.76,4873.45,7730
8021431,0.01,0.01,0.01,0.01
8125501,5437.56,5437.56,5437.56,9234.96
8125494,5437.56,5437.56,5437.56,9234.96
8125496,5437.56,5437.56,5437.56,9234.96
8132740,4313.68,4313.68,4313.68,7498.21
8125491,8338.35,8338.35,8338.35,14208.21
8125487,9969.67,9969.67,9969.67,14590.64
8125488,3144.15,3144.15,3144.15,4690.75
8125489,8338.35,8338.35,8338.35,14208.21
8134492,5313.97,5313.97,5313.97,9234.96
8125492,8338.14,8338.14,8338.14,14208.21
8127290,14440.54,14440.54,14440.54,22500
8127289,14440.54,14440.54,14440.54,22500
8119132,17649.55,17649.55,17649.55,27500
6310128,6171.62,5245.88,6171.62,
6033320,5584.93,5584.93,5584.93,
8009617,11169.85,11169.85,11169.85,
6310129,5303.23,4507.75,5303.23,
8009618,11955.63,11955.63,11955.63,
6034341,5977.82,5977.82,5977.82,
8129041,7641.03,7641.03,7641.03,
8028453,19102.11,18147,19102.11,
8129042,8059.74,8059.74,8059.74,
8028454,20149.52,19142.04,20149.52,
8136134,9268.71,9268.71,9268.71,
8136135,23171.93,22013.33,23171.93,
9999596,4354.15,4354.15,4354.15,
6031184,8708.3,8708.3,8708.3,
8033861,21746.12,21746.12,21746.12,
9999597,4657.27,4657.27,4657.27,
6030179,9314.54,9314.54,9314.54,
8033844,23250.95,23250.95,23250.95,
8041506,5356.53,5356.53,5356.53,
8033784,10713.05,10713.05,10713.05,
8134833,26782.67,26782.67,26782.67,
8004009,3309.42,3309.42,3309.42,
8007603,6618.84,6618.84,6618.84,
8007211,2149.48,2149.48,2149.48,
8011759,4298.95,4298.95,4298.95,
6530707,1891.71,1891.71,1891.71,
6530706,1688.49,1435.22,1688.49,
8005267,10218.52,10218.52,10218.52,
8005268,10218.52,10218.52,10218.52,
8005269,10218.52,10218.52,10218.52,
8005270,10218.52,10218.52,10218.52,
8005271,15365.94,15365.94,15365.94,
8005272,18828.07,18828.07,18828.07,
8136619,3059.58,2906.6,3059.58,
8018850,3059.58,2906.6,3059.58,
8007212,2108.72,2108.72,2108.72,
8023462,4217.45,4217.45,4217.45,
8004008,1891.71,1702.54,1891.71,
6033321,3005.4,3005.4,3005.4,
8000215,6010.81,6010.81,6010.81,
8139024,17586.54,13189.91,17586.54,
8136618,9256.07,6942.05,9256.07,
8139023,17586.54,13189.91,17586.54,
8136617,9256.07,6942.05,9256.07,
8014822,6194.79,6194.79,6194.79,
8009708,6101.92,5491.73,6101.92,
8013670,9707.06,9707.06,9707.06,
8013671,23221.16,23221.16,23221.16,
8027001,2270.09,2270.09,2270.09,
8013667,11696.7,11696.7,11696.7,
9999515,5557.18,5557.18,5557.18,
8013669,21693.09,21693.09,21693.09,
9999516,9591.83,9591.83,9591.83,
8013666,27481.37,27481.37,27481.37,
8022985,5091.36,5091.36,5091.36,8499
8024565,5091.36,5091.36,5091.36,8499
8138103,23082.85,23082.85,23082.85,42619.5
8138101,23082.85,23082.85,23082.85,42619.5
8138099,23082.85,23082.85,23082.85,42619.5
8138098,23082.85,23082.85,23082.85,42619.5
8140355,18847.87,18847.87,18847.87,34800.15
8140158,18847.87,18847.87,18847.87,34800.15
8140157,18847.87,18847.87,18847.87,34800.15
8138106,45602.7,45602.7,45602.7,84199.49
8138097,28712.82,28712.82,28712.82,53014.5
8140156,35900.7,35900.7,35900.7,66300
8138104,35900.7,35900.7,35900.7,66300
8136730,19935.66,19935.66,19935.66,33999
8112944,10661.85,10661.85,10661.85,21499
8117897,2116.89,2116.89,2116.89,4099
8117898,2116.89,2116.89,2116.89,4099
8125565,13738.5,13738.5,13738.5,24499
8125566,29004.36,29004.36,29004.36,51699
8115574,58380.24,58380.24,58380.24,104999
8117896,5418,5418,5418,10499
8118746,20523.9,20523.9,20523.9,34999
8117901,5985.6,5985.6,5985.6,11599
8129377,52766.16,52766.16,52766.16,94499
8112936,5296.74,5296.74,5296.74,9299
8117904,4282.8,4282.8,4282.8,8299
8129371,2554.2,2554.2,2554.2,5499
8116963,19350,19350,19350,34499
8136732,10260.66,10260.66,10260.66,17499
8120587,21788.1,21788.1,21788.1,38999
8117899,3715.2,3715.2,3715.2,7199
8116960,21025.71,21025.71,21025.71,37499
8120585,14130.66,14130.66,14130.66,25299
8120588,22154.46,22154.46,22154.46,39499
8129198,26383.08,26383.08,26383.08,44999
8115573,22516.95,22516.95,22516.95,40499
8136731,15245.22,15245.22,15245.22,25999
8136733,19350,19350,19350,32999
6039772,6013.55,6013.55,6013.55,9500
6300361,3003.51,3003.51,3003.51,4300
6031136,5443.85,5443.85,5443.85,8600
6031137,6266.77,6266.77,6266.77,9900
8132872,7888.98,7888.98,7888.98,11663
8132873,11626.43,8817.02,11626.43,17188
8022317,6733.66,4822.83,6733.66,9955
8022318,6123.18,6123.18,6123.18,9052
8125030,6733.66,6733.66,6733.66,9955
8015735,3834.47,3834.47,3834.47,5669
8013351,3834.47,3834.47,3834.47,5669
9993660,6792.8,6792.8,6792.8,10042
9999130,6792.8,6792.8,6792.8,10042
8025468,10022.63,10022.63,10022.63,14817
8024110,10022.63,10022.63,10022.63,14817
8126230,7822.21,7822.21,7822.21,11564
8126231,11527.61,11527.61,11527.61,17042
8122847,7822.21,6261.76,7822.21,11564
8115260,11527.61,9228.03,11527.61,17042
9997963,4499.7,4499.7,4499.7,6652.11
9993783,721.57,721.57,721.57,1066.74
8142620,7822.21,4943.85,7822.21,11564
8142619,11527.61,7285.81,11527.61,17042
8032158,4660.82,4660.82,4660.82,
8034210,2397.96,2397.96,2397.96,
8034212,1887.97,1887.97,1887.97,
8034211,3716.85,3716.85,3716.85,
8041657,78105.06,78105.06,78105.06,
8034213,4076.57,4076.57,4076.57,
8034214,2797.64,2797.64,2797.64,
8034215,5427.83,5427.83,5427.83,
8041658,73994.28,73994.28,73994.28,
8034216,3244.96,3244.96,3244.96,
8141526,37175.22,37175.22,37175.22,63399
8141523,35650.44,35650.44,35650.44,60799
8139671,38758.05,38758.05,38758.05,66099
8139349,25213.05,25213.05,25213.05,42999
8139348,43390.44,43390.44,43390.44,73999
8139344,44973.27,40475.94,44973.27,76699
8139346,23453.49,23453.49,23453.49,39999
8139347,38758.05,38758.05,38758.05,66099
8139310,24626.1,24626.1,24626.1,41999
8141524,23220,23220,23220,39599
8139339,23220,23220,23220,39599
8139312,10553.49,10553.49,10553.49,17999
8139329,18587.61,18587.61,18587.61,31699
8139330,27910.44,27910.44,27910.44,47599
8139328,10553.49,10553.49,10553.49,17999
8141525,24802.83,24802.83,24802.83,42299
8139350,35650.44,35650.44,35650.44,60799
8139311,24040.44,24040.44,24040.44,40999
8139672,38758.05,38758.05,38758.05,66099
8139341,38758.05,34882.25,38758.05,66099
8139342,38758.05,34882.25,38758.05,66099
8139343,38758.05,34882.25,38758.05,66099
8141520,35650.44,35650.44,35650.44,60799
8139345,38758.05,34882.25,38758.05,66099
8141521,35650.44,35650.44,35650.44,60799
8139292,30960,30960,30960,52799
8141522,35650.44,35650.44,35650.44,60799
8139293,38758.05,38758.05,38758.05,66099
8141371,5366.99,4293.59,5366.99,7487
8141367,2683.5,2146.8,2683.5,3744
8141369,2110.84,1688.67,2110.84,2945
8011326,4221.67,3377.34,4221.67,5890
8139416,12208.95,9767.16,12208.95,16841
6310629,6261,5008.8,6261,8637
8139415,12208.95,9767.16,12208.95,16841
6310631,6261,5008.8,6261,8637
8141352,2000.83,1600.66,2000.83,2792
8141350,4891.4,3913.12,4891.4,6824
8039145,2573.96,2059.17,2573.96,3591
8141349,10200.56,8160.45,10200.56,14230
8141365,15399.77,12319.82,15399.77,21483
8141364,15399.77,12319.82,15399.77,21483
8141355,24437.94,19550.35,24437.94,34091
8141359,12862.46,10289.97,12862.46,17943
8141357,24437.94,19550.35,24437.94,34091
8141362,12862.46,10289.97,12862.46,17943
8139418,15175.26,12140.21,15175.26,20933
6310630,8549.29,6839.43,8549.29,11793
8139417,15175.26,12140.21,15175.26,20933
6310632,8549.29,6839.43,8549.29,11793
6039752,2532.02,2532.02,2532.02,3500
8133076,3632.15,3632.15,3632.15,5200
8133302,4051.25,4051.25,4051.25,5800
8133075,13736.23,13736.23,13736.23,21700
8000176,22344.67,22344.67,22344.67,31990
8140687,14695.34,14695.34,14695.34,23500
8140690,40021.37,40021.37,40021.37,64000
8140691,28140.03,28140.03,28140.03,45000
8140689,34330.83,34330.83,34330.83,54900
8140688,28827.9,28827.9,28827.9,46100
8117074,6676.41,6008.77,6676.41,15122.74
8117075,1670.77,1503.69,1670.77,3784.47
8113499,4457.26,4011.53,4457.26,10096.14
8113498,7243.74,6519.37,7243.74,16407.8
8113500,9918.76,8926.88,9918.76,22466.99
5101502,5063.84,5063.84,5063.84,
5101504,14651.57,14651.57,14651.57,
8127350,31762.47,31762.47,31762.47,47290
8127351,31762.47,31762.47,31762.47,47290
8120422,15642.8,15642.8,15642.8,23290
8120424,15642.8,15642.8,15642.8,23290
8125161,9065.53,9065.53,9065.53,
8140283,3080.74,3080.74,3080.74,
8125097,12275.15,12275.15,12275.15,
8138271,6742.42,6742.42,6742.42,
8038888,1597.74,1597.74,1597.74,
8122541,4667.59,4667.59,4667.59,
8128525,5711.11,5711.11,5711.11,
8110861,3080.74,3080.74,3080.74,
8121014,2461.29,1845.97,2461.29,
8110860,3080.74,3080.74,3080.74,
8121011,2966.36,2966.36,2966.36,
8022418,23361.9,23361.9,23361.9,
8007663,26866.19,26866.19,26866.19,
6530740,1856.08,1856.08,1856.08,
8130947,2903.02,2903.02,2903.02,
8116225,4679.99,3509.99,4679.99,
8007664,23695.21,23695.21,23695.21,
6302067,1856.08,1392.06,1856.08,
8142517,5769.36,4903.96,5769.36,9599
8127528,3167.47,2692.35,3167.47,5270
8127530,3299.69,2804.74,3299.69,5490
8119056,3167.47,2692.35,3167.47,5270
8119055,3167.47,2692.35,3167.47,5270
8119052,3167.47,2692.35,3167.47,5270
8119050,3299.69,2804.74,3299.69,5490
8119074,3167.47,2692.35,3167.47,5270
8127525,3167.47,2692.35,3167.47,5270
8119049,3299.69,2804.74,3299.69,5490
8120631,3167.47,3167.47,3167.47,5270
8119069,3167.47,2692.35,3167.47,5270
8120630,3167.47,2692.35,3167.47,5270
8127526,3167.47,2692.35,3167.47,5270
8127527,3167.47,2692.35,3167.47,5270
8119060,3167.47,2692.35,3167.47,5270
8119075,3167.47,2692.35,3167.47,5270
8139376,3167.47,3167.47,3167.47,5270
8139378,3167.47,2692.35,3167.47,5270
8139379,3167.47,2692.35,3167.47,5270
8127524,3167.47,2692.35,3167.47,5270
8119059,3167.47,2692.35,3167.47,5270
8119071,2572.41,2572.41,2572.41,4280
8120633,4141.15,3519.98,4141.15,6890
8119065,3167.47,2692.35,3167.47,5270
8134487,2758.73,2758.73,2758.73,4590
8134489,2758.73,2344.92,2758.73,4590
8134486,2758.73,2758.73,2758.73,4590
8134485,2758.73,2758.73,2758.73,4590
8140205,6304.89,5359.16,6304.89,10490
8140206,6304.89,5359.16,6304.89,10490
8140207,6304.89,5359.16,6304.89,10490
8127520,6304.89,5359.16,6304.89,10490
8127521,6304.89,5359.16,6304.89,10490
8130640,5769.36,5769.36,5769.36,9599
8129688,3299.69,2804.74,3299.69,5490
8131457,4141.15,3519.98,4141.15,6890
8129687,4141.15,3519.98,4141.15,6890
8139381,4141.15,3519.98,4141.15,6890
8142215,3167.47,2692.35,3167.47,5270
8142217,3167.47,2692.35,3167.47,5270
8142218,3167.47,2692.35,3167.47,5270
8142216,3167.47,2692.35,3167.47,5270
8142219,3167.47,2692.35,3167.47,5270
8131460,2268.54,2268.54,2268.54,3685
8039948,2343.58,2156.09,2343.58,3850
8128589,3293.54,3030.06,3293.54,5350
8019193,1555.7,1431.24,1555.7,2450
8019194,2031.53,1869.01,2031.53,3300
8128590,3293.54,3030.06,3293.54,5350
8019190,2031.53,1869.01,2031.53,3300
8019189,1555.7,1431.24,1555.7,2450
8128588,3293.54,3030.06,3293.54,5350
8125159,1659.08,1659.08,1659.08,2695
8125160,1244.57,1244.57,1244.57,1960
8019192,2031.53,1869.01,2031.53,3300
8019191,1555.7,1431.24,1555.7,2450
8137494,13259.23,13259.23,13259.23,
8132409,2440.95,2196.86,2440.95,5529.02
8110403,9431.8,9431.8,9431.8,14900
8110401,9431.8,9431.8,9431.8,14900
6300385,6013.55,6013.55,6013.55,9500
8110402,9431.8,9431.8,9431.8,14900
8031090,4051.25,4051.25,4051.25,6000
6300384,6013.55,6013.55,6013.55,9500
8012377,12828.92,12828.92,12828.92,19000
8123597,6013.55,6013.55,6013.55,9500
8117533,19310.91,19310.91,19310.91,28600
8012375,12828.92,12828.92,12828.92,19000
8012376,12828.92,12828.92,12828.92,19000
8031091,4726.44,4726.44,4726.44,7000
8142328,32817.17,24612.88,32817.17,55388.22
8137329,35543.71,26657.78,35543.71,59990
8143176,37030.87,27773.15,37030.87,62500
8142330,34170.6,25627.95,34170.6,57672.51
8133270,33173.73,24880.3,33173.73,55990
8135147,25240.24,18930.18,25240.24,42600
8133269,33173.73,24880.3,33173.73,55990
8142334,35656.17,26742.13,35656.17,60180
8133271,33173.73,24880.3,33173.73,55990
8135148,25240.24,25240.24,25240.24,42600
8143177,37030.87,27773.15,37030.87,62500
8137328,35543.71,26657.78,35543.71,59990
8137330,35543.71,26657.78,35543.71,59990
8004824,119769.8,119769.8,119769.8,180093.9
8117504,131176.42,131176.42,131176.42,197245.65
8123174,86907.54,86907.54,86907.54,130680
8123172,91252.92,91252.92,91252.92,137214
8141671,108634.43,108634.43,108634.43,163350
8000646,21246.65,21246.65,21246.65,32157.74
8126856,5136.82,3595.77,5136.82,7964.06
8126857,5227.47,4181.98,5227.47,8104.6
8138095,6949.81,4864.87,6949.81,10774.9
8126855,5438.99,5438.99,5438.99,8432.53
8126854,6949.81,4864.87,6949.81,10774.9
8138107,3263.39,2610.71,3263.39,5059.52
8138096,15393.35,15393.35,15393.35,23865.65
8126852,6738.29,5390.63,6738.29,10446.97
6033484,7333.44,7333.44,7333.44,10499
8008292,7333.44,7333.44,7333.44,10499
6301092,6628.67,6628.67,6628.67,9490
8004590,6279.42,6279.42,6279.42,8990
8142908,9073.38,6805.04,9073.38,12990
9999306,4073.37,3666.03,4073.37,6021.84
8000047,7219.82,6497.84,7219.82,10673.38
9999307,9776.76,8799.08,9776.76,14453.41
9998848,4073.37,3666.03,4073.37,6021.84
8000046,7156.66,6440.99,7156.66,10580.02
9997716,9776.76,8799.08,9776.76,14453.41
6302052,3576.06,3576.06,3576.06,5592
6302054,2334.91,2334.91,2334.91,3738
6302058,2334.91,2334.91,2334.91,3738
6302051,3576.06,3576.06,3576.06,5592
6302053,2334.91,2334.91,2334.91,3738
6030740,2967.23,2967.23,2967.23,4721
8018711,2967.23,2967.23,2967.23,4721
6034652,2710.88,2710.88,2710.88,4268
8118490,4507.4,4507.4,4507.4,6638.8
8002565,2880.92,2880.92,2880.92,4243.22
8134571,4745.41,4745.41,4745.41,6989.35
8134572,7836.17,7836.17,7836.17,11541.65
8118493,3855.67,3855.67,3855.67,5678.89
8118492,4507.4,4507.4,4507.4,6638.8
8002569,2880.92,2880.92,2880.92,4243.22
8118496,3016.05,3016.05,3016.05,4442.24
8118495,1742.02,1742.02,1742.02,2565.76
8118491,4507.4,4507.4,4507.4,6638.8
8002567,2880.92,2880.92,2880.92,4243.22
8141704,4745.41,4745.41,4745.41,6989.35
8118494,3855.67,3855.67,3855.67,5678.89
8118498,4629.05,4629.05,4629.05,6817.98
8118497,4860.32,4860.32,4860.32,7158.61
8118499,6960.16,6960.16,6960.16,10251.4
8002588,4257.66,4257.66,4257.66,6270.98
9998312,26001.27,26001.27,26001.27,39354.07
8004050,26697.88,26697.88,26697.88,40408.4
9998311,29364.06,29364.06,29364.06,44443.8
8013662,22325.2,22325.2,22325.2,33790.16
8123431,20587.06,15958.96,20587.06,35000
8141755,46997.32,36432.03,46997.32,79900
8141758,49938.33,38711.88,49938.33,84900
8141759,52879.34,40991.74,52879.34,89900
8141754,44056.31,34152.18,44056.31,74900
8139476,35733,35733,35733,49900
8141757,46997.32,36432.03,46997.32,79900
8141756,44056.31,34152.18,44056.31,74900
8035145,15071.07,15071.07,15071.07,21990
8018304,19183.23,19183.23,19183.23,27990
8015418,19183.23,19183.23,19183.23,27990
8018303,19183.23,19183.23,19183.23,27990
8026699,19183.23,19183.23,19183.23,27990
8026702,19183.23,19183.23,19183.23,27990
8026703,19183.23,19183.23,19183.23,27990
8009942,26036.83,26036.83,26036.83,37990
8009943,26036.83,26036.83,26036.83,37990
8020003,26036.83,26036.83,26036.83,37990
8126037,29463.63,29463.63,29463.63,42990
8039614,32890.43,23023.3,32890.43,47990
8039615,32890.43,32890.43,32890.43,47990
8043361,34261.16,34261.16,34261.16,49990
8115536,15071.07,15071.07,15071.07,21990
8142845,36317.23,36317.23,36317.23,52990
8121388,16441.8,11509.26,16441.8,23990
8127632,16441.8,16441.8,16441.8,23990
8126005,26722.2,26722.2,26722.2,38990
8142848,37687.96,37687.96,37687.96,54990
8142849,37687.96,37687.96,37687.96,54990
8142850,39744.04,39744.04,39744.04,57990
8141978,34261.16,23982.81,34261.16,49990
8131202,36317.23,36317.23,36317.23,52990
8126660,39744.04,39744.04,39744.04,57990
8132842,34261.16,34261.16,34261.16,49990
8021883,15071.07,15071.07,15071.07,21990
8112244,22610.04,22610.04,22610.04,32990
8112241,22610.04,22610.04,22610.04,32990
8128058,3138.76,3138.76,3138.76,5111.65
8111697,3138.76,3138.76,3138.76,5111.65
8111693,3138.76,3138.76,3138.76,5111.65
8138182,4924.86,4924.86,4924.86,8020.43
8138183,5813.36,5813.36,5813.36,9467.39
8138184,5615.91,5615.91,5615.91,9145.84
8138180,6010.79,6010.79,6010.79,9788.94
8138181,5023.58,5023.58,5023.58,8181.2
8011671,6378.24,6378.24,6378.24,10387.33
8011675,3858.74,3858.74,3858.74,6284.18
8011672,6378.24,6378.24,6378.24,10387.33
8011676,3858.74,3858.74,3858.74,6284.18
8133913,6271.23,6271.23,6271.23,10213.07
8133917,11839.13,11839.13,11839.13,19280.71
8133912,6271.23,6271.23,6271.23,10213.07
8133914,11839.13,11839.13,11839.13,19280.71
8135209,5626.79,5626.79,5626.79,9163.55
8135208,5908.08,5908.08,5908.08,9621.66
8135210,5908.08,5908.08,5908.08,9621.66
8135211,5908.08,5908.08,5908.08,9621.66
8011666,5124.11,5124.11,5124.11,8344.92
8034941,4310.12,4310.12,4310.12,7019.29
8128057,3248.25,3248.25,3248.25,5289.95
8128056,3248.25,3248.25,3248.25,5289.95
8128055,3248.25,3248.25,3248.25,5289.95
8037606,4260.12,4260.12,4260.12,6937.85
8037607,4260.12,4260.12,4260.12,6937.85
8037608,4260.12,4260.12,4260.12,6937.85
8128054,1685.01,1685.01,1685.01,2744.14
8037482,2308.58,2308.58,2308.58,3759.66
8037483,2308.58,2308.58,2308.58,3759.66
8034943,1685.01,1685.01,1685.01,2744.14
8011677,1685.01,1685.01,1685.01,2744.14
8034942,1685.01,1685.01,1685.01,2744.14
8129707,5923.13,5923.13,5923.13,9646.15
8130616,2304.91,2304.91,2304.91,3753.67
8036598,1715.02,1715.02,1715.02,2793
8136607,2041.79,2041.79,2041.79,3325.16
8136609,2041.79,2041.79,2041.79,3325.16
8136608,2041.79,2041.79,2041.79,3325.16
8133918,4262.87,4262.87,4262.87,6942.33
8119293,6418.54,6418.54,6418.54,10452.96
8119289,6418.54,6418.54,6418.54,10452.96
8119292,6418.54,6418.54,6418.54,10452.96
8138015,2091.23,2091.23,2091.23,3405.69
8138016,2091.23,2091.23,2091.23,3405.69
8138017,2091.23,2091.23,2091.23,3405.69
8119010,8031.49,7629.92,8031.49,12413
8119011,6665.62,6332.34,6665.62,10302
8119012,5352.17,5084.56,5352.17,8272
8119015,4718.73,4482.79,4718.73,7293
8119016,17916.04,17916.04,17916.04,27690
8119013,20049.27,19046.81,20049.27,30987
9991335,20551.26,20551.26,20551.26,31057
8140326,116383.66,116383.66,116383.66,199899.99
8128100,105379.91,105379.91,105379.91,181000
8128099,78016.06,78016.06,78016.06,134000
8140325,105379.91,105379.91,105379.91,181000
8135120,149336.72,149336.72,149336.72,256500
8135119,98975.6,98975.6,98975.6,170000
8120797,81509.32,81509.32,81509.32,140000
8140327,145261.25,145261.25,145261.25,249500
8010302,93735.72,93735.72,93735.72,161000
8010300,61073.77,61073.77,61073.77,104900
8120205,34641.46,34641.46,34641.46,59500
8126991,6686.44,6017.8,6686.44,15145.47
8126992,7801.03,7020.93,7801.03,17670.13
8126993,10030.21,9027.19,10030.21,22719.46
8114000,3038.43,3038.43,3038.43,
8132672,6130.17,6130.17,6130.17,
8018269,3177.02,3177.02,3177.02,
8028116,3177.02,3177.02,3177.02,
8127001,13731.57,13731.57,13731.57,
8132673,21215.7,21215.7,21215.7,
8127000,3720.75,3720.75,3720.75,
8020676,3720.75,3720.75,3720.75,
8139013,7441.49,7441.49,7441.49,
8139012,6375.37,6375.37,6375.37,
8019059,2654.63,2654.63,2654.63,
8019058,2654.63,2654.63,2654.63,
8019061,2654.63,2654.63,2654.63,
8019060,2654.63,2654.63,2654.63,
8019063,2654.63,2654.63,2654.63,
8019062,2654.63,2654.63,2654.63,
8019065,2654.63,2654.63,2654.63,
8019064,2654.63,2654.63,2654.63,
8018279,3177.02,3177.02,3177.02,
8018282,3177.02,3177.02,3177.02,
8023713,4147.2,4147.2,4147.2,
8038263,1119.42,1119.42,1119.42,
8140967,3081.07,3081.07,3081.07,
8140968,4744.22,4744.22,4744.22,
8135740,2238.85,2238.85,2238.85,
8135737,1695.12,1695.12,1695.12,
8135739,2963.8,2963.8,2963.8,
8018278,9541.73,9541.73,9541.73,
8018277,9541.73,9541.73,9541.73,
8019980,4637.6,4637.6,4637.6,
8019979,4637.6,4637.6,4637.6,
8019978,3678.1,3678.1,3678.1,
8018276,4040.58,4040.58,4040.58,
8122731,4040.58,4040.58,4040.58,
8122732,4253.8,4253.8,4253.8,
8019977,3678.1,3678.1,3678.1,
8018275,4040.58,4040.58,4040.58,
8018268,23401.25,23401.25,23401.25,
8122729,25256.28,25256.28,25256.28,
8019066,23401.25,23401.25,23401.25,
8018267,23401.25,23401.25,23401.25,
8030978,13326.45,13326.45,13326.45,
8030977,13326.45,13326.45,13326.45,
8019057,4029.92,4029.92,4029.92,
8019056,4029.92,4029.92,4029.92,
8132674,20149.58,20149.58,20149.58,
8033153,2078.93,2078.93,2078.93,
8029082,2931.82,2931.82,2931.82,
8029083,2931.82,2931.82,2931.82,
8109297,2931.82,2931.82,2931.82,
8135743,2110.9,2110.9,2110.9,
8021361,3496.85,3496.85,3496.85,
8018271,7654.71,7654.71,7654.71,
8135742,5895.62,5895.62,5895.62,
8135741,5895.62,5895.62,5895.62,
8026254,12633.47,12633.47,12633.47,
8026255,12633.47,12633.47,12633.47,
8020675,3411.57,3411.57,3411.57,
8020674,3560.83,3560.83,3560.83,
8018265,1865.7,1865.7,1865.7,
8122730,2014.95,2014.95,2014.95,
8018266,1865.7,1865.7,1865.7,
8019975,5032.07,5032.07,5032.07,
8001450,819.16,819.16,819.16,1450
8001451,975.9,975.9,975.9,1700
8012306,1358.8,1358.8,1358.8,
8012307,2911.8,2911.8,2911.8,
8016131,4291.04,4291.04,4291.04,
8012305,683.04,683.04,683.04,
8021895,1090.6,1090.6,1090.6,
8018597,1010.38,808.3,1010.38,
8033447,1962.23,1962.23,1962.23,
8006947,1635.15,1308.12,1635.15,
8021896,2154.83,2154.83,2154.83,
8141063,10442.46,10442.46,10442.46,
8136136,3664.01,3664.01,3664.01,
8127802,1714.5,1714.5,1714.5,
8127359,1288.4,1288.4,1288.4,
8136137,4300.31,4300.31,4300.31,
8141064,12255.86,12255.86,12255.86,
8030895,1402.57,1402.57,1402.57,
8034562,1600.3,1600.3,1600.3,
8006789,814.12,814.12,814.12,
8022204,933.61,700.21,933.61,
8022203,933.61,700.21,933.61,
8006788,814.12,814.12,814.12,
8015483,1600.3,1600.3,1600.3,
8023711,1876,1500.8,1876,
8018357,2989.41,2391.53,2989.41,
8039930,1154.6,1154.6,1154.6,
8037949,1831.62,1831.62,1831.62,
8012313,655.97,655.97,655.97,
8012311,1407.43,1407.43,1407.43,
8012309,716.25,716.25,716.25,
8012310,1407.43,1407.43,1407.43,
8012308,716.25,716.25,716.25,
8038273,1225.14,1225.14,1225.14,
8039929,2659.66,2659.66,2659.66,
8039924,1883.77,1883.77,1883.77,
8039923,1154.23,865.67,1154.23,
8039922,962.02,721.52,962.02,
8012312,844.47,844.47,844.47,
8025479,1361.08,1361.08,1361.08,
8007986,2865.55,2865.55,2865.55,
8007987,4522.21,4522.21,4522.21,
8025478,680.54,680.54,680.54,
8028541,2422.7,2180.43,2422.7,
8012379,1822.24,1731.13,1822.24,
8134832,1644.9,1480.41,1644.9,
8143273,19343.6,19343.6,19343.6,33600
8126774,8750.68,6563.01,8750.68,15200
8126776,17155.93,12866.95,17155.93,29800
8126775,16580.23,12435.17,16580.23,28800
8126772,9844.51,7383.38,9844.51,17100
8126778,10708.07,8031.05,10708.07,18600
8126773,11341.34,8506.01,11341.34,19700
8128047,4032.15,4032.15,4032.15,6490
8129274,4032.15,4032.15,4032.15,6490
8132109,2478.94,2478.94,2478.94,3990
8132110,2478.94,2478.94,2478.94,3990
8128046,4032.15,4032.15,4032.15,6490
8132106,2099.95,2099.95,2099.95,3380
8128042,3659.38,3659.38,3659.38,5890
8128043,3659.38,3659.38,3659.38,5890
8132107,2099.95,2099.95,2099.95,3380
8128040,3659.38,3659.38,3659.38,5890
8132105,2099.95,2099.95,2099.95,3380
8128045,3659.38,3659.38,3659.38,5890
8132108,2478.94,2478.94,2478.94,3990
8128044,3659.38,3659.38,3659.38,5890
8128041,3659.38,3659.38,3659.38,5890
8133249,6135.11,4908.09,6135.11,9816.19
8128872,6046.81,6046.81,6046.81,9687.26
6310524,6470.09,5176.07,6470.09,10365.37
8118975,6470.09,6470.09,6470.09,10365.37
8014861,3515.11,3515.11,3515.11,6193.41
8014866,6470.09,5176.07,6470.09,10365.38
8013464,3515.11,3515.11,3515.11,6193.41
6310523,6470.09,4529.06,6470.09,10365.38
8142604,10817.06,10817.06,10817.06,17353.26
8142605,10817.06,10817.06,10817.06,17353.26
8042047,3515.11,3515.11,3515.11,6193.41
8042048,6470.09,5176.07,6470.09,10365.38
8139496,6135.11,4908.09,6135.11,9816.19
8040805,2405.72,2405.72,2405.72,4175.72
8031364,3479.9,3479.9,3479.9,6193.41
8031365,6470.09,5176.07,6470.09,10365.38
8126339,3085.49,3085.49,3085.49,4541.92
8011705,3962.14,2971.61,3962.14,5909.95
8011704,3962.14,2971.61,3962.14,5909.95
8019452,3962.14,2971.61,3962.14,5909.95
8127949,5142.21,5142.21,5142.21,7671.76
8128291,6457.55,4843.16,6457.55,9250.34
8141602,6090.54,4567.91,6090.54,8208.79
8141603,3962.14,3962.14,3962.14,5909.95
8138243,3954.13,2767.89,3954.13,5910.2
8138242,3954.13,2767.89,3954.13,5910.2
8138241,3954.13,2767.89,3954.13,5910.2
8128290,6457.59,4843.19,6457.59,9250.34
8132708,10821.1,10821.1,10821.1,19752.33
8111457,3962.17,3962.17,3962.17,5910.2
8008268,3962.17,2971.63,3962.17,5910.2
8036269,3962.35,2971.76,3962.35,5910.2
8000319,3962.17,2971.63,3962.17,5910.2
8003955,3962.17,2971.63,3962.17,5910.2
8118944,5502.99,4127.24,5502.99,8208.41
8000318,3962.35,2971.76,3962.35,5910.2
8031360,3962.17,2971.63,3962.17,5910.2
8137533,3961.86,2971.4,3961.86,5910.2
8035743,4731.18,4731.18,4731.18,7571.67
8027288,1591.81,1591.81,1591.81,2438.89
8027289,1591.81,1591.81,1591.81,2438.89
8140500,3094.89,3094.89,3094.89,4741.94
8140501,4415.62,4415.62,4415.62,6765.52
8027286,3094.89,3094.89,3094.89,4741.94
8027285,4415.62,4415.62,4415.62,6765.52
8027287,3094.89,3094.89,3094.89,4741.94
8027284,4415.62,4415.62,4415.62,6765.52
8035746,4731.18,4731.18,4731.18,7571.67
8027280,4731.18,4731.18,4731.18,7571.67
8027283,7856.2,7856.2,7856.2,12572.9
8133254,10092.56,10092.56,10092.56,17912.39
8134490,5846.54,5846.54,5846.54,8583.69
8035622,5198.65,5198.65,5198.65,8583.69
6533111,5198.65,5198.65,5198.65,8583.69
8136587,12901.35,9030.95,12901.35,23549.55
8136588,12901.35,9030.95,12901.35,23549.55
8136586,12901.35,9030.95,12901.35,23549.55
8142703,11812.48,8859.36,11812.48,18449.98
8142704,11812.48,8859.36,11812.48,18449.98
8142705,11812.48,8859.36,11812.48,18449.98
8142708,11812.48,7678.11,11812.48,18449.98
8142706,11812.48,7678.11,11812.48,18449.98
8142710,11812.48,7678.11,11812.48,18449.98
8142709,11812.48,8859.36,11812.48,18449.98
8142707,11812.48,8859.36,11812.48,18449.98
8143143,4264.26,4264.26,4264.26,6348.92
8110891,5708.93,5708.93,5708.93,8499.82
8110892,8058.45,8058.45,8058.45,11997.93
8110890,3638.87,3638.87,3638.87,5417.79
8110888,5708.92,5708.92,5708.92,8499.82
8110889,8058.45,8058.45,8058.45,11997.93
8110887,5203.65,5203.65,5203.65,7900
8138942,6388.97,6388.97,6388.97,11161.78
8138941,6388.97,6388.97,6388.97,11161.78
8138939,5227.35,3920.51,5227.35,7813.22
8138940,5227.35,3920.51,5227.35,7813.22
8142656,64132.39,41686.05,64132.39,94958.49
8139883,60490.62,60490.62,60490.62,100839.9
8111454,3470.59,3470.59,3470.59,5322.83
8111455,4892.54,4892.54,4892.54,7362.4
8127435,2867.23,2007.06,2867.23,4399.21
8020782,4072.88,4072.88,4072.88,6150.01
8031213,4072.67,4072.67,4072.67,6150.01
8127434,2867.06,2006.94,2867.06,4399.21
8136877,4079.72,4079.72,4079.72,6140.11
8014910,4079.72,2855.8,4079.72,6140.11
8111456,1783.23,1426.58,1783.23,2659.8
6301046,1783.21,1426.57,1783.21,2659.8
8026983,1783.21,1426.57,1783.21,2659.8
8031214,1783.21,1426.57,1783.21,2659.8
8030189,4974.86,4974.86,4974.86,7436.99
6034710,1783.21,1426.57,1783.21,2659.8
8132294,4974.86,4974.86,4974.86,7436.99
8132292,1783.21,1426.57,1783.21,2659.8
8121799,6745.09,6745.09,6745.09,10462.3
8121800,6745.09,5396.07,6745.09,10462.3
8133250,11692.2,9353.76,11692.2,17797.48
8131238,6745.09,5396.07,6745.09,10462.3
8131242,6745.09,5396.07,6745.09,10462.3
8131239,6745.09,4721.56,6745.09,10462.3
8131243,6745.09,5396.07,6745.09,10462.3
8139499,11692.2,9353.76,11692.2,17797.48
8138938,5227.12,3920.34,5227.12,7813.22
8138937,5227.12,3920.34,5227.12,7813.22
8133251,12275.54,8592.88,12275.54,18960.02
8139500,12275.54,9820.43,12275.54,18960.02
8139501,18522.45,18522.45,18522.45,32934.63
8139502,18522.45,18522.45,18522.45,32934.63
8139503,18522.45,18522.45,18522.45,32934.63
8036268,2638.88,2638.88,2638.88,3764.64
8011713,2790.97,2790.97,2790.97,3765.17
8141604,2790.97,2790.97,2790.97,3765.17
8011712,2790.97,2790.97,2790.97,3765.17
8026978,2790.97,2790.97,2790.97,3765.17
8137534,2638.88,2638.88,2638.88,3764.64
8003956,2639.11,2639.11,2639.11,3764.64
6533142,2638.88,2638.88,2638.88,3764.64
8133247,10092.16,7569.12,10092.16,17911.65
8143150,9455.45,7091.59,9455.45,16789.72
8143151,15759.1,10243.42,15759.1,27982.87
8133177,9455.45,7091.59,9455.45,16789.72
8133242,15759.1,11819.33,15759.1,27982.87
8143082,17735.46,13301.6,17735.46,31480.92
8143081,17735.46,13301.6,17735.46,31480.92
8143083,17735.46,13301.6,17735.46,31480.92
8133246,9460.01,7095.01,9460.01,16789.72
8133241,15766.69,11825.02,15766.69,27982.87
8133178,9455.45,7091.59,9455.45,16789.72
8133243,15759.1,11819.33,15759.1,27982.87
8133179,9460.01,7095.01,9460.01,16789.72
8133244,15766.69,11825.02,15766.69,27982.87
8133240,9460.01,7095.01,9460.01,16789.72
8133245,15766.69,11825.02,15766.69,27982.87
8019814,6616.29,6616.29,6616.29,10365.36
8031371,6616.29,6616.29,6616.29,10365.36
8133252,4331.21,4331.21,4331.21,6930.98
8133253,7257.2,5805.76,7257.2,11615.42
8130946,6470.09,6470.09,6470.09,10365.37
8131598,6616.45,6616.45,6616.45,10365.66
6310520,6470.09,5176.07,6470.09,10365.37
8118977,6470.09,6470.09,6470.09,10365.38
8014858,3515.11,3515.11,3515.11,6193.41
8014859,6470.09,5176.07,6470.09,10365.38
8013471,3515.11,3515.11,3515.11,6193.41
6310519,6470.09,4529.06,6470.09,10365.38
8142625,10817.06,10817.06,10817.06,17353.26
8032576,2405.72,2405.72,2405.72,4175.72
8142626,10817.06,10817.06,10817.06,17353.26
8042051,3515.11,3515.11,3515.11,6193.41
8042052,6470.09,5176.07,6470.09,10365.38
8139488,4331.21,4331.21,4331.21,6930.98
8139494,7257.2,5805.76,7257.2,11615.42
8040806,2248.33,2248.33,2248.33,3902.54
8031366,3479.9,3479.9,3479.9,6193.41
8031363,6470.09,5176.07,6470.09,10365.38
8142531,12212.35,8548.65,12212.35,18996.13
8142535,12212.35,8548.65,12212.35,18996.13
8138375,7269.56,7269.56,7269.56,10157.12
8138377,12180.43,12180.43,12180.43,17017.31
8042683,12180.43,12180.43,12180.43,17017.31
8140506,4825.72,4825.72,4825.72,6740.54
8042957,7269.56,7269.56,7269.56,10157.12
8141677,4943.36,4943.36,4943.36,6906.61
8129237,12180.43,12180.43,12180.43,17017.31
8142065,4716.05,4716.05,4716.05,6740.54
8129236,7269.56,7269.56,7269.56,10157.12
8138376,12180.43,12180.43,12180.43,17017.31
8140505,4825.72,4825.72,4825.72,6740.54
8138374,7269.56,7269.56,7269.56,10157.12
8141675,7269.56,7269.56,7269.56,10157.12
8141676,12180.43,12180.43,12180.43,17017.31
8142810,12180.43,12180.43,12180.43,17017.31
8142809,7269.56,7269.56,7269.56,10157.12
6301211,5787.73,5608.27,5787.73,13572
6253701,5178.45,4778.93,5178.45,11565
8017272,4259.24,3668.6,4259.24,8878
8115159,32887.83,32887.83,32887.83,49700
8130492,69481.34,69481.34,69481.34,105000
8043460,36725.85,36725.85,36725.85,55500
8043467,25145.62,25145.62,25145.62,38000
8043472,23954.51,23954.51,23954.51,36200
8043476,21175.26,21175.26,21175.26,32000
9995592,21704.65,21704.65,21704.65,32800
8043473,38380.17,38380.17,38380.17,58000
8130491,75436.88,75436.88,75436.88,114000
8143032,41688.8,41688.8,41688.8,63000
9995584,27792.53,27792.53,27792.53,42000
8143033,27792.53,27792.53,27792.53,42000
8143034,41688.8,41688.8,41688.8,63000
8043464,33946.6,33946.6,33946.6,51300
8013955,27792.53,27792.53,27792.53,42000
9996074,27792.53,27792.53,27792.53,42000
8008961,26797.02,26797.02,26797.02,36446.02
8008960,32491.81,32491.81,32491.81,44191.39
8021909,0.01,0.01,0.01,
8021682,0.01,0.01,0.01,
8002038,5532.36,5532.36,5532.36,11799.87
8121183,5872.4,5872.4,5872.4,12519.65
8121184,5872.4,5872.4,5872.4,12519.65
8121185,5872.4,5872.4,5872.4,12519.65
8121186,5872.4,5872.4,5872.4,12519.65
8121187,11692.55,11692.55,11692.55,24919.76
8002036,3097.52,3097.52,3097.52,7379.88
6030908,5485.56,5485.56,5485.56,11700.05
6530375,8613.9,8613.9,8613.9,17319.52
6030909,8613.9,8613.9,8613.9,17319.52
8121188,11692.55,11692.55,11692.55,24919.76
8002040,3097.52,3097.52,3097.52,7379.88
8002046,5485.56,5485.56,5485.56,11700.05
9996106,29033.27,29033.27,29033.27,43875
8007612,422.53,422.53,422.53,624.59
8136827,15245.45,15245.45,15245.45,26000
8031065,15245.45,15245.45,15245.45,26000
8027494,25213.63,25213.63,25213.63,43000
8027493,25213.63,25213.63,25213.63,43000
8136496,42218.18,42218.18,42218.18,72000
8141588,39286.37,39286.37,39286.37,67000
8020310,39286.37,39286.37,39286.37,67000
8137716,26386.37,26386.37,26386.37,45000
8020309,15245.45,15245.45,15245.45,26000
8126350,23454.55,23454.55,23454.55,40000
8020311,12313.63,12313.63,12313.63,21000
8136826,15245.45,15245.45,15245.45,26000
8122932,3349.52,2679.62,3349.52,5264.56
8122933,6332.7,5066.16,6332.7,9871.05
8032543,4459.92,4459.92,4459.92,6832.54
8032478,4459.92,4459.92,4459.92,6832.54
8032749,4215.29,4215.29,4215.29,6457.53
8032877,2510.99,2510.99,2510.99,3846.72
6030603,2510.99,2510.99,2510.99,3846.72
6030604,4215.29,4215.29,4215.29,6457.53
8127463,6676.41,6008.77,6676.41,15122.74
8127462,4447.22,4002.5,4447.22,10073.41
8016171,6343.3,6343.3,6343.3,9276.75
8016181,6343.3,6343.3,6343.3,9276.75
8116408,6235.49,6235.49,6235.49,9119.07
8037139,36369.94,36369.94,36369.94,53189.18
8038998,11747.91,11747.91,11747.91,17180.72
9994362,11212.31,11212.31,11212.31,16397.42
9999562,9564.63,9564.63,9564.63,13987.78
8017227,6235.47,6235.47,6235.47,9119.07
8029941,8406.74,8406.74,8406.74,12294.43
8000927,8238.87,8238.87,8238.87,12048.93
8042782,11628.45,11628.45,11628.45,17006.02
8137945,3711.95,2969.56,3711.95,5121
8037980,5195.64,5195.64,5195.64,10025
8135908,5195.64,4676.08,5195.64,10025
8138136,8665.3,7798.77,8665.3,16720
8037986,5195.64,5195.64,5195.64,10025
8042443,8665.91,8665.91,8665.91,16720
8136622,6786.07,6786.07,6786.07,13095
8136364,10093.59,9084.23,10093.59,19475
8128759,6786.07,6107.46,6786.07,13095
8137608,4922.61,4430.35,4922.61,9500
8037983,6786.07,6107.46,6786.07,13095
8037981,7802.53,7802.53,7802.53,15055
8037985,7802.53,7802.53,7802.53,15055
8037982,3376.54,3376.54,3376.54,6515
8143137,10783.52,9705.17,10783.52,20810
8128112,13995.31,13995.31,13995.31,20467.42
8143003,6818.93,6818.93,6818.93,8990
8143004,10112.27,10112.27,10112.27,13490
8143005,17899.3,17899.3,17899.3,23990
8043674,16407.08,16407.08,16407.08,21990
8123939,6818.93,6818.93,6818.93,8990
8018809,6060.42,6060.42,6060.42,7990
8018810,8987.86,6291.5,8987.86,11990
8038102,6060.42,6060.42,6060.42,7990
8038101,8987.86,6291.5,8987.86,11990
8137694,6818.93,6818.93,6818.93,8990
8137695,10112.27,7078.59,10112.27,13490
8137699,17899.3,17899.3,17899.3,23990
8041890,6060.42,6060.42,6060.42,7990
8131940,6818.93,6818.93,6818.93,8990
8131941,10112.27,7078.59,10112.27,13490
8131942,17899.3,17899.3,17899.3,23990
8127633,6060.42,6060.42,6060.42,7990
8127634,8987.86,6291.5,8987.86,11990
8135879,16407.08,16407.08,16407.08,21990
8116372,6060.42,6060.42,6060.42,7990
8116373,8987.86,6291.5,8987.86,11990
8127974,16407.08,16407.08,16407.08,21990
8018702,8987.86,8987.86,8987.86,11990
8033768,16407.08,16407.08,16407.08,21990
8021078,6060.42,6060.42,6060.42,7990
8021079,8987.86,6291.5,8987.86,11990
8021072,6060.42,6060.42,6060.42,7990
8021073,8987.86,6291.5,8987.86,11990
8126045,16407.08,16407.08,16407.08,21990
8018838,6060.42,6060.42,6060.42,7990
8018839,8987.86,6291.5,8987.86,11990
8027062,6060.42,6060.42,6060.42,7990
8027063,8987.86,6291.5,8987.86,11990
8019881,16407.08,16407.08,16407.08,21990
8019879,6060.42,6060.42,6060.42,7990
8019880,8987.86,6291.5,8987.86,11990
8043676,16407.08,16407.08,16407.08,21990
8141418,6818.93,6818.93,6818.93,8990
8141419,10112.27,7078.59,10112.27,13490
8141420,17899.3,17899.3,17899.3,23990
8021080,8945.92,6262.14,8945.92,11990
8033769,8199.81,8199.81,8199.81,10990
8143007,8349.03,8349.03,8349.03,11190
8137700,8349.03,8349.03,8349.03,11190
8131943,8349.03,8349.03,8349.03,11190
8116375,8199.81,8199.81,8199.81,10990
8018706,8199.81,8199.81,8199.81,10990
8009329,8199.81,8199.81,8199.81,10990
8027067,8199.81,8199.81,8199.81,10990
8019085,8945.92,6262.14,8945.92,11990
8141421,11184.26,7828.98,11184.26,14990
8131944,11184.26,7828.98,11184.26,14990
8116374,8945.92,6262.14,8945.92,11990
8143008,11930.38,8351.27,11930.38,15990
8137701,11184.26,7828.98,11184.26,14990
8127637,8945.92,6262.14,8945.92,11990
8126071,8945.92,6262.14,8945.92,11990
8019119,8945.92,6262.14,8945.92,11990
8019882,8945.92,6262.14,8945.92,11990
8038098,8199.81,8199.81,8199.81,10990
8143009,16356.21,16356.21,16356.21,21990
8131945,16356.21,16356.21,16356.21,21990
8143000,6818.93,6818.93,6818.93,8990
8143001,10112.27,10112.27,10112.27,13490
8143002,17899.3,17899.3,17899.3,23990
8043673,16407.08,16407.08,16407.08,21990
8123938,6818.93,6818.93,6818.93,8990
8018807,6060.42,6060.42,6060.42,7990
8018808,8987.86,6291.5,8987.86,11990
8038103,6060.42,6060.42,6060.42,7990
8038100,8987.86,6291.5,8987.86,11990
8137696,6818.93,6818.93,6818.93,8990
8137697,10112.27,7078.59,10112.27,13490
8137698,17899.3,17899.3,17899.3,23990
8041889,10112.27,10112.27,10112.27,13490
8129123,16407.08,16407.08,16407.08,21990
8141415,6818.93,6818.93,6818.93,8990
8141416,10112.27,7078.59,10112.27,13490
8141417,17899.3,17899.3,17899.3,23990
8131938,6818.93,6818.93,6818.93,8990
8131937,10112.27,7078.59,10112.27,13490
8131939,17899.3,17899.3,17899.3,23990
8127635,6060.42,6060.42,6060.42,7990
8127636,8987.86,6291.5,8987.86,11990
8135880,16407.08,16407.08,16407.08,21990
8116370,6060.42,6060.42,6060.42,7990
8116371,8987.86,6291.5,8987.86,11990
8127975,16407.08,16407.08,16407.08,21990
8033767,16407.08,16407.08,16407.08,21990
8021076,6060.42,6060.42,6060.42,7990
8021077,8987.86,6291.5,8987.86,11990
8021070,6060.42,6060.42,6060.42,7990
8021071,8987.86,6291.5,8987.86,11990
8043713,16407.08,16407.08,16407.08,21990
8018836,6060.42,6060.42,6060.42,7990
8018837,8987.86,6291.5,8987.86,11990
8027059,6060.42,6060.42,6060.42,7990
8027060,8987.86,6291.5,8987.86,11990
8019878,16407.08,16407.08,16407.08,21990
8019876,6060.42,6060.42,6060.42,7990
8019877,8987.86,6291.5,8987.86,11990
8018811,8987.86,6291.5,8987.86,11990
8043675,16407.08,16407.08,16407.08,21990
8017750,16356.21,16356.21,16356.21,21990
8121676,4432.7,4432.7,4432.7,6966
6530489,3711.72,3711.72,3711.72,5937
8005208,3389.14,3389.14,3389.14,5345
8012040,5758.24,5758.24,5758.24,8600
6034656,3320.78,3320.78,3320.78,5246
8003608,5758.24,5758.24,5758.24,8600
6034655,3320.78,3320.78,3320.78,5246
8021261,4432.7,4432.7,4432.7,6966
8003610,5758.24,5758.24,5758.24,8600
6030459,3711.72,3711.72,3711.72,5937
6300056,3389.14,3389.14,3389.14,5345
6034654,3320.78,3320.78,3320.78,5246
8003606,3711.72,3711.72,3711.72,5937
6030741,4065.27,4065.27,4065.27,6479
8020572,4065.27,4065.27,4065.27,6479
6034658,2989.67,2989.67,2989.67,4721
6034659,4065.27,4065.27,4065.27,6479
8129537,5338.9,4805.01,5338.9,12093.15
8132404,2440.95,2196.86,2440.95,5529.02
8124621,5338.9,4805.01,5338.9,12093.15
8132398,11134.78,10021.3,11134.78,25221.4
8126981,10243.1,9218.79,10243.1,23201.67
8119586,8459.76,7613.78,8459.76,19162.21
8126980,7233.7,6510.33,7233.7,16385.08
8119587,3667.01,3300.31,3667.01,8306.15
8143368,74407.52,74407.52,74407.52,115000
8143353,93818.18,93818.18,93818.18,145000
8143363,74407.52,74407.52,74407.52,115000
8143369,87347.96,87347.96,87347.96,135000
8143354,109993.73,109993.73,109993.73,170000
8014490,81524.76,81524.76,81524.76,126000
8143370,74407.52,74407.52,74407.52,115000
8113247,12307.77,12307.77,12307.77,20990
8043406,13427.73,13427.73,13427.73,22900
8040288,13427.73,13427.73,13427.73,22900
8040285,13427.73,13427.73,13427.73,22900
8131828,12307.77,12307.77,12307.77,20990
8113248,12307.77,12307.77,12307.77,20990
8021889,0.01,0.01,0.01,
8021673,0.01,0.01,0.01,
8021736,0.01,0.01,0.01,
8021677,0.01,0.01,0.01,
6295354,1193.43,1193.43,1193.43,
8020905,1080.08,1080.08,1080.08,
8020138,1796.7,1796.7,1796.7,2656.13
8041801,20992.29,20992.29,20992.29,46204.9
8133695,29213.33,29213.33,29213.33,59499.04
8113398,28312.17,28312.17,28312.17,58229
8018532,1981.88,1981.88,1981.88,2868.37
8018533,4070.31,4070.31,4070.31,5890.98
8122591,3427.83,3427.83,3427.83,4961.11
8122594,4551.61,4551.61,4551.61,6587.56
8122590,3427.83,3427.83,3427.83,4961.11
8122588,6957.76,6957.76,6957.76,10069.98
8122595,4551.61,4551.61,4551.61,6587.56
8122592,3427.83,3427.83,3427.83,4961.11
8122589,6957.76,6957.76,6957.76,10069.98
8122593,4551.61,4551.61,4551.61,6587.56
8114239,3962.79,3962.79,3962.79,5735.36
8017623,1621.96,1621.96,1621.96,2347.46
8114238,3397.45,3397.45,3397.45,4917.14
8114237,3962.79,3962.79,3962.79,5735.36
8020324,1621.96,1621.96,1621.96,2347.46
8114235,3962.79,3962.79,3962.79,5735.36
8017622,1621.96,1621.96,1621.96,2347.46
8114236,3962.79,3962.79,3962.79,5735.36
8017625,1621.96,1621.96,1621.96,2347.46
8035109,2483.69,2483.69,2483.69,3594.66
8012960,2483.69,2483.69,2483.69,3594.66
8012959,8496.91,8496.91,8496.91,12297.6
8120826,6386.07,6386.07,6386.07,
8120827,6386.07,6386.07,6386.07,
8120828,6386.07,6386.07,6386.07,
8120830,9591.83,9591.83,9591.83,
8120831,9591.83,9591.83,9591.83,
8120832,9591.83,9591.83,9591.83,
8120833,9591.83,9591.83,9591.83,
8113589,4910.18,4910.18,4910.18,
8113591,5024.33,5024.33,5024.33,
8113592,4380.26,4380.26,4380.26,
8113590,4415.24,4415.24,4415.24,
8112264,2339.69,2339.69,2339.69,4389
8041057,2339.69,2339.69,2339.69,4389
8041058,2339.69,2339.69,2339.69,4389
8041059,2339.69,2339.69,2339.69,4389
8041060,2339.69,2339.69,2339.69,4389
8136668,2339.69,2339.69,2339.69,4389
8041061,2339.69,2339.69,2339.69,4389
8041062,2339.69,2339.69,2339.69,4389
8041063,2339.69,2339.69,2339.69,4389
8112265,2339.69,2339.69,2339.69,4389
8041064,2339.69,2339.69,2339.69,4389
8041065,2339.69,2339.69,2339.69,4389
8041066,2339.69,2339.69,2339.69,4389
8126720,2339.69,2339.69,2339.69,4389
8041067,2339.69,2339.69,2339.69,4389
8041068,2339.69,2339.69,2339.69,4389
8041070,2339.69,2339.69,2339.69,4389
8041071,2339.69,2339.69,2339.69,4389
8041072,2339.69,2339.69,2339.69,4389
8041073,2339.69,2339.69,2339.69,4389
8041074,2339.69,2339.69,2339.69,4389
8126718,2339.69,2339.69,2339.69,4389
8041075,2339.69,2339.69,2339.69,4389
8041076,2339.69,2339.69,2339.69,4389
8041077,2339.69,2339.69,2339.69,4389
8126719,2339.69,2339.69,2339.69,4389
8041078,2339.69,2339.69,2339.69,4389
8041079,2339.69,2339.69,2339.69,4389
8041080,2339.69,2339.69,2339.69,4389
8041081,2339.69,2339.69,2339.69,4389
8041082,2339.69,2339.69,2339.69,4389
8136670,3043.23,3043.23,3043.23,5709
8136669,3043.23,3043.23,3043.23,5709
8041085,12020.48,12020.48,12020.48,
8041088,12020.48,12020.48,12020.48,
8041090,12020.48,12020.48,12020.48,
8126300,26848.72,26848.72,26848.72,42950.6
8126295,4627.68,4627.68,4627.68,7403.03
8126298,21281.54,21281.54,21281.54,34044.64
8126297,21066.53,21066.53,21066.53,33700.68
8126299,7790.41,7790.41,7790.41,12462.52
8126296,12691.9,12691.9,12691.9,20303.56
8126294,3814.17,3814.17,3814.17,6101.63
8142567,1188.24,1069.42,1188.24,
8142573,2756.38,2480.74,2756.38,
8142565,1188.24,1069.42,1188.24,
8142571,2756.38,2480.74,2756.38,
8142566,1188.24,1069.42,1188.24,
8142572,2756.38,2480.74,2756.38,
8024167,1287.78,1223.39,1287.78,
8142580,2926.37,2926.37,2926.37,
6039265,3679.39,3495.42,3679.39,
8142579,708.02,708.02,708.02,
8014438,2000.11,2000.11,2000.11,
8014436,1047.6,1047.6,1047.6,
6039266,1020.43,1020.43,1020.43,
6039276,1887.27,1792.91,1887.27,
6039277,3472.58,3472.58,3472.58,
8017457,728.84,728.84,728.84,
8140361,2916.95,2916.95,2916.95,
8140360,2916.95,2916.95,2916.95,
8140362,2916.95,2916.95,2916.95,
8003305,990.97,990.97,990.97,
8036433,1162.91,1162.91,1162.91,
8036432,1162.91,1162.91,1162.91,
8137397,3186.43,3186.43,3186.43,
8116819,3186.43,3186.43,3186.43,
8116820,4297.84,4297.84,4297.84,
8116817,4297.84,4297.84,4297.84,
8136979,7092.02,7092.02,7092.02,
8116818,7092.02,7092.02,7092.02,
8116821,3186.43,3186.43,3186.43,
8116822,4297.84,4297.84,4297.84,
8022321,3660.79,3660.79,3660.79,
6300704,2097.39,2097.39,2097.39,
8140358,2916.95,2916.95,2916.95,
8140357,2916.95,2916.95,2916.95,
8140359,2916.95,2916.95,2916.95,
8121675,2592.36,2333.12,2592.36,
8122177,2592.36,2333.12,2592.36,
8122101,2592.36,2333.12,2592.36,
6300702,1605.33,1605.33,1605.33,
8110162,1678.91,1594.96,1678.91,
8110161,1821.56,1730.48,1821.56,
8110163,2143.1,2035.95,2143.1,
8033110,804.84,804.84,804.84,
8042559,1274.08,1274.08,1274.08,
8042557,1274.08,1274.08,1274.08,
8042558,1274.08,1274.08,1274.08,
8033109,804.84,804.84,804.84,
8042562,1008.11,1008.11,1008.11,
8042563,1008.11,1008.11,1008.11,
8042561,1008.11,1008.11,1008.11,
8033111,804.84,804.84,804.84,
8036430,2304.69,2304.69,2304.69,
8036419,2304.69,2304.69,2304.69,
8036418,2304.69,2304.69,2304.69,
8033107,804.84,804.84,804.84,
8042097,13164.42,13164.42,13164.42,
8110361,10246.74,10246.74,10246.74,
8140420,12039.93,12039.93,12039.93,
8140423,12039.93,12039.93,12039.93,
8140421,12039.93,12039.93,12039.93,
8140422,12039.93,12039.93,12039.93,
8120375,10246.74,10246.74,10246.74,
8028976,2700.34,2700.34,2700.34,
8119643,10246.74,10246.74,10246.74,
8040930,2700.34,2700.34,2700.34,
8028360,7305.14,7305.14,7305.14,
8028363,10246.74,10246.74,10246.74,
8028978,2700.34,2700.34,2700.34,
8038777,10246.74,10246.74,10246.74,
8028979,2700.34,2700.34,2700.34,
6300703,1692.61,1692.61,1692.61,
8043197,1417.64,1417.64,1417.64,
8142564,1188.24,1069.42,1188.24,
8142570,2756.38,2480.74,2756.38,
8142562,1188.24,1069.42,1188.24,
8142568,2756.38,2480.74,2756.38,
8142563,1188.24,1069.42,1188.24,
8142569,2756.38,2480.74,2756.38,
8142581,2097.39,2097.39,2097.39,
8014684,1771.74,1594.57,1771.74,2710
8010683,1771.74,1594.57,1771.74,2710
6039338,1771.74,1594.57,1771.74,2710
6034202,1771.74,1594.57,1771.74,2710
8010684,1771.74,1594.57,1771.74,2710
8143040,72513.27,72513.27,72513.27,114090.7
8128233,98217.96,98217.96,98217.96,154533.88
8123164,105865.8,105865.8,105865.8,166566.82
8038901,101118.82,101118.82,101118.82,159098.01
8038902,101118.82,101118.82,101118.82,159098.01
8038903,111230.69,111230.69,111230.69,175007.81
8137603,45865.41,45865.41,45865.41,72163.58
8137604,80522.45,80522.45,80522.45,126692.17
8123163,106174.73,106174.73,106174.73,167052.93
8024180,62564.37,62564.37,62564.37,81353.14
8024175,45808.27,45808.27,45808.27,72073.66
8036873,27948.4,27948.4,27948.4,43973.39
8115899,29326.52,29326.52,29326.52,46141.69
8115895,50674.18,50674.18,50674.18,79729.58
8010529,38106.96,38106.96,38106.96,59956.63
8116546,67457.22,67457.22,67457.22,106135.67
8142157,34093.55,34093.55,34093.55,53642.01
8111597,30994.13,30994.13,30994.13,48765.46
8015912,42179.32,42179.32,42179.32,66363.99
8015913,42179.32,42179.32,42179.32,66363.99
8019983,16573.73,16573.73,16573.73,26076.71
8131391,35562.19,35562.19,35562.19,55952.74
8110754,52288.36,52288.36,52288.36,82269.3
8013977,36555.09,36555.09,36555.09,57514.94
8142674,53642.66,53642.66,53642.66,83702.9
8120810,69419.49,69419.49,69419.49,109223
8134947,66096.97,66096.97,66096.97,103995.43
8033868,59624.23,59624.23,59624.23,93811.39
8033869,43672.63,43672.63,43672.63,68713.53
8033870,41316.64,41316.64,41316.64,65006.65
8033871,60621.01,60621.01,60621.01,95379.71
8134946,63652.07,63652.07,63652.07,100148.69
8131151,39251.23,39251.23,39251.23,61756.96
8033872,45194.69,45194.69,45194.69,71108.29
8040046,93432.12,93432.12,93432.12,147003.98
8027921,95186.58,95186.58,95186.58,149764.38
8027923,100010.14,100010.14,100010.14,157353.66
8013979,91048.03,91048.03,91048.03,143252.89
8036023,100152.68,100152.68,100152.68,157577.95
8040775,55678.77,55678.77,55678.77,87603.71
8034927,28673.9,28673.9,28673.9,45114.85
8112660,110970.47,110970.47,110970.47,174598.4
8112661,104705.07,104705.07,104705.07,164740.55
8126194,73275.86,73275.86,73275.86,115290.57
8140481,90137.05,90137.05,90137.05,141819.55
8127332,81947.96,81947.96,81947.96,128935.01
8127333,86090.99,86090.99,86090.99,135453.55
8110302,13781.17,13781.17,13781.17,21683
8115898,78884.09,78884.09,78884.09,124114.46
8036874,88846.39,88846.39,88846.39,139788.9
8115893,59541.55,59541.55,59541.55,93681.32
8140482,94234.55,94234.55,94234.55,148265.44
8140483,90009.13,90009.13,90009.13,141617.41
8038131,26445.71,26445.71,26445.71,41609.05
6301013,48909.18,48909.18,48909.18,76952.57
8012095,26445.71,26445.71,26445.71,41609.05
8024176,39177.8,39177.8,39177.8,61641.44
8037465,43211.17,43211.17,43211.17,67987.48
8126192,34457.24,34457.24,34457.24,54214.23
8032728,49225.59,49225.59,49225.59,77450.44
6300034,20332.68,20332.68,20332.68,31990.95
6310185,59278.04,59278.04,59278.04,93266.7
8001373,91048.03,91048.03,91048.03,143252.89
8001374,95661.89,95661.89,95661.89,150512.18
8007186,89369.83,89369.83,89369.83,140612.48
8018409,32350.26,32350.26,32350.26,50899.18
8018410,32350.26,32350.26,32350.26,50899.18
8026679,56565.31,53737.04,56565.31,88998.56
8039879,56565.31,53737.04,56565.31,88998.56
8123083,56565.31,53737.04,56565.31,88998.56
8014323,36746.39,36746.39,36746.39,57815.93
8010371,46965.47,44617.2,46965.47,73894.4
8121178,82379.5,78260.53,82379.5,129614.04
8022631,31304.48,31304.48,31304.48,49253.74
8022632,47860.04,45467.04,47860.04,75301.91
8127334,44014.37,41813.65,44014.37,69251.21
8138492,44014.37,22007.19,44014.37,69251.21
8138493,44014.37,22007.19,44014.37,69251.21
8026681,56565.31,53737.04,56565.31,88998.56
8128232,53605.92,50925.62,53605.92,84342.34
8010377,58354.96,55437.21,58354.96,91814.35
8111406,53167.94,50509.54,53167.94,83653.23
8117762,47860.04,45467.04,47860.04,75301.91
8117763,47860.04,45467.04,47860.04,75301.91
8026682,39027.54,39027.54,39027.54,61405.05
8023293,59530.51,56553.98,59530.51,93663.96
8014324,60792.51,57752.88,60792.51,95649.56
8141862,44520.75,42294.71,44520.75,70047.82
8122142,37838.23,37838.23,37838.23,59533.83
8038893,77118.14,77118.14,77118.14,121335.9
8018847,77347.81,77347.81,77347.81,121697.26
8018848,81267.39,81267.39,81267.39,127864.23
8018849,75922.12,75922.12,75922.12,119454.16
8140815,1613.27,1371.28,1613.27,2700
8140822,2093.99,1465.79,2093.99,3500
8140820,1855.27,1576.98,1855.27,3100
8140318,18272.94,15532,18272.94,33490
8140320,31410.56,23557.92,31410.56,57490
8141103,14410.33,14410.33,14410.33,25300
8141102,14410.33,14410.33,14410.33,25300
8131010,49633.38,49633.38,49633.38,
8136948,67132.61,53706.09,67132.61,
8014661,23920.48,23920.48,23920.48,
8022412,2098.38,2098.38,2098.38,3700
8131004,38741,38741,38741,
8133603,20936.65,20936.65,20936.65,36700
8133604,20936.65,20936.65,20936.65,36700
8022413,2626.92,2626.92,2626.92,4600
8131008,49633.38,49633.38,49633.38,
8137518,7535.29,7535.29,7535.29,13200
8143929,163180.78,163180.78,163180.78,
8137517,75353.08,75353.08,75353.08,
8139673,69619,59176.15,69619,
8013761,31732.27,31732.27,31732.27,
8010452,7469.1,7469.1,7469.1,13100
8131006,49633.38,49633.38,49633.38,
8022415,2626.92,2626.92,2626.92,4600
8131002,49633.38,49633.38,49633.38,
8018491,7299.5,7299.5,7299.5,12800
8140964,7801.92,7801.92,7801.92,13700
8140610,20180.97,20180.97,20180.97,35400
8140609,20180.97,20180.97,20180.97,35400
6031309,18116.71,14493.37,18116.71,24990
8025244,18116.71,18116.71,18116.71,24990
8013940,18116.71,18116.71,18116.71,24990
6031317,18116.71,14493.37,18116.71,24990
8025245,18116.71,18116.71,18116.71,24990
6031319,18116.71,14493.37,18116.71,24990
8138310,18116.71,14493.37,18116.71,24990
8138308,18116.71,14493.37,18116.71,24990
8138307,18116.71,14493.37,18116.71,24990
6031311,18116.71,14493.37,18116.71,24990
6031320,18116.71,14493.37,18116.71,24990
8004588,18116.71,14493.37,18116.71,24990
6031321,18116.71,14493.37,18116.71,24990
8138309,18116.71,14493.37,18116.71,24990
8120857,18116.71,14493.37,18116.71,24990
6031323,18116.71,14493.37,18116.71,24990
6031316,18116.71,14493.37,18116.71,24990
6310674,18116.71,14493.37,18116.71,24990
6300747,18116.71,14493.37,18116.71,24990
6300748,18116.71,14493.37,18116.71,24990
8009947,18116.71,14493.37,18116.71,24990
6031318,18116.71,14493.37,18116.71,24990
6031325,18116.71,14493.37,18116.71,24990
6031326,18116.71,14493.37,18116.71,24990
6031327,18116.71,14493.37,18116.71,24990
8020858,18116.71,14493.37,18116.71,24990
6031312,18116.71,14493.37,18116.71,24990
6031329,18116.71,14493.37,18116.71,24990
6031330,18116.71,14493.37,18116.71,24990
6031315,18116.71,14493.37,18116.71,24990
6031331,18116.71,14493.37,18116.71,24990
6031332,18116.71,14493.37,18116.71,24990
6031313,18116.71,14493.37,18116.71,24990
8029861,12826.5,12826.5,12826.5,18899
8116785,12826.5,12826.5,12826.5,18899
8116786,12826.5,12826.5,12826.5,18899
8129104,20291.6,16233.28,20291.6,27990
8129105,20291.6,16233.28,20291.6,27990
8129101,20291.6,16233.28,20291.6,27990
8129102,20291.6,16233.28,20291.6,27990
8129103,20291.6,16233.28,20291.6,27990
8129106,20291.6,16233.28,20291.6,27990
8129107,20291.6,16233.28,20291.6,27990
8129099,20291.6,16233.28,20291.6,27990
8129100,20291.6,16233.28,20291.6,27990
8020243,18116.71,14493.37,18116.71,24990
8020417,18116.71,14493.37,18116.71,24990
8017274,4499.15,4255.01,4499.15,8979
8017245,4499.15,4255.01,4499.15,8979
8115766,19058.98,19058.98,19058.98,28800
8118980,27397.28,27397.28,27397.28,41400
8038979,21838.41,21838.41,21838.41,33000
8129360,26470.8,26470.8,26470.8,40000
8124282,25411.97,25411.97,25411.97,38400
8041568,21838.41,21838.41,21838.41,33000
8120667,24353.14,24353.14,24353.14,36800
8124419,59426.95,59426.95,59426.95,89800
8123610,50426.87,50426.87,50426.87,76200
8136872,61544.61,61544.61,61544.61,93000
8123609,59426.95,59426.95,59426.95,89800
8119713,38250.31,38250.31,38250.31,57800
8135907,42402.53,42402.53,42402.53,65600
8143217,38250.31,38250.31,38250.31,57800
8113932,35073.81,35073.81,35073.81,53000
8039424,46191.55,46191.55,46191.55,69800
8039425,38250.31,38250.31,38250.31,57800
8110853,43147.4,43147.4,43147.4,65200
8130891,43147.4,43147.4,43147.4,65200
8116924,41029.74,41029.74,41029.74,62000
8110854,50426.87,50426.87,50426.87,76200
8143218,54926.91,54926.91,54926.91,83000
8122998,39044.43,39044.43,39044.43,59000
8135904,25411.97,25411.97,25411.97,38400
8141120,22897.24,22897.24,22897.24,34600
8135906,36132.64,36132.64,36132.64,54600
8135905,36794.41,36794.41,36794.41,55600
8040269,54265.14,54265.14,54265.14,82000
8040271,44338.59,44338.59,44338.59,67000
8040272,44073.88,44073.88,44073.88,66600
8040270,50426.87,50426.87,50426.87,76200
8116925,50426.87,50426.87,50426.87,76200
8113933,29514.94,29514.94,29514.94,44600
8130181,39044.43,39044.43,39044.43,59000
8121717,36132.64,36132.64,36132.64,54600
8038980,27132.57,27132.57,27132.57,41000
8041569,32956.15,32956.15,32956.15,49800
8039048,33750.27,33750.27,33750.27,51000
8126666,35470.87,35470.87,35470.87,53600
8038978,31235.54,31235.54,31235.54,47200
8038982,33750.27,33750.27,33750.27,51000
8139726,24353.14,24353.14,24353.14,36800
8040821,19191.33,19191.33,19191.33,29000
8040822,24353.14,24353.14,24353.14,36800
8135383,24353.14,24353.14,24353.14,36800
8135990,24353.14,24353.14,24353.14,36800
8134682,12242.75,12242.75,12242.75,18850
8112368,7940.72,7940.72,7940.72,12000
8033072,37222.15,37222.15,37222.15,56250
8033887,5955.54,5955.54,5955.54,9000
8125012,21836.99,21836.99,21836.99,33000
8125011,21836.99,21836.99,21836.99,33000
8125010,21836.99,21836.99,21836.99,33000
8009404,2556.14,2556.14,2556.14,
6033152,2459.53,2459.53,2459.53,
6033150,2411.64,2411.64,2411.64,
8007485,1674.52,1674.52,1674.52,
6033164,1674.52,1674.52,1674.52,
8000854,3383.89,3383.89,3383.89,
6033153,3130.88,3130.88,3130.88,
8023670,5029.52,5029.52,5029.52,
8011458,4437.74,4437.74,4437.74,
8009405,3020.28,3020.28,3020.28,
8005294,10117.07,10117.07,10117.07,16000
8005299,10117.07,10117.07,10117.07,16000
8005296,10117.07,10117.07,10117.07,16000
6301940,10117.07,10117.07,10117.07,16000
6301941,10117.07,10117.07,10117.07,16000
6301942,10117.07,10117.07,10117.07,16000
6301943,10117.07,10117.07,10117.07,16000
6301944,10117.07,10117.07,10117.07,16000
6301945,10117.07,10117.07,10117.07,16000
6301946,10117.07,10117.07,10117.07,16000
8005297,10117.07,10117.07,10117.07,16000
6301947,10117.07,10117.07,10117.07,16000
6301948,10117.07,10117.07,10117.07,16000
6301949,10117.07,10117.07,10117.07,16000
6301950,10117.07,10117.07,10117.07,16000
6301951,10117.07,10117.07,10117.07,16000
6301952,10117.07,10117.07,10117.07,16000
6301955,10117.07,10117.07,10117.07,16000
6301953,10117.07,10117.07,10117.07,16000
6301954,10117.07,10117.07,10117.07,16000
6301956,10117.07,10117.07,10117.07,16000
8005298,10117.07,10117.07,10117.07,16000
8005295,10117.07,10117.07,10117.07,16000
6301957,10117.07,10117.07,10117.07,16000
6310180,7587.81,7587.81,7587.81,12000
8001253,7587.81,7587.81,7587.81,12000
8010461,2529.26,2529.26,2529.26,4000
8010462,2529.26,2529.26,2529.26,4000
8121608,10749.39,10749.39,10749.39,17000
8109815,10749.39,10749.39,10749.39,17000
8109837,10749.39,10749.39,10749.39,17000
8109816,10749.39,10749.39,10749.39,17000
8109817,10749.39,10749.39,10749.39,17000
8109818,10749.39,10749.39,10749.39,17000
8109819,10749.39,10749.39,10749.39,17000
8109820,10749.39,10749.39,10749.39,17000
8109822,10749.39,10749.39,10749.39,17000
8109825,10749.39,10749.39,10749.39,17000
8109828,10749.39,10749.39,10749.39,17000
8109829,10749.39,10749.39,10749.39,17000
8109830,10749.39,10749.39,10749.39,17000
8109831,10749.39,10749.39,10749.39,17000
8109832,10749.39,10749.39,10749.39,17000
8109833,10749.39,10749.39,10749.39,17000
8109834,10749.39,10749.39,10749.39,17000
8109835,10749.39,10749.39,10749.39,17000
8109836,10749.39,10749.39,10749.39,17000
8121609,10749.39,10749.39,10749.39,17000
8121607,10749.39,10749.39,10749.39,17000
8004371,5690.86,5690.86,5690.86,9000
8004372,5690.86,5690.86,5690.86,9000
8004373,5690.86,5690.86,5690.86,9000
6310648,5690.86,5690.86,5690.86,9000
6310650,5690.86,5690.86,5690.86,9000
6310651,5690.86,5690.86,5690.86,9000
6310652,5690.86,5690.86,5690.86,9000
6310653,5690.86,5690.86,5690.86,9000
6310654,5690.86,5690.86,5690.86,9000
6310655,5690.86,5690.86,5690.86,9000
8007387,5690.86,5690.86,5690.86,9000
6310656,5690.86,5690.86,5690.86,9000
6310657,5690.86,5690.86,5690.86,9000
6310658,5690.86,5690.86,5690.86,9000
6310659,5690.86,5690.86,5690.86,9000
6310660,5690.86,5690.86,5690.86,9000
6310661,5690.86,5690.86,5690.86,9000
6310662,5690.86,5690.86,5690.86,9000
6310663,5690.86,5690.86,5690.86,9000
6310664,5690.86,5690.86,5690.86,9000
6310665,5690.86,5690.86,5690.86,9000
8007388,5690.86,5690.86,5690.86,9000
8007389,5690.86,5690.86,5690.86,9000
6310649,5690.86,5690.86,5690.86,9000
8134932,5058.53,5058.53,5058.53,8000
8134933,5058.53,5058.53,5058.53,8000
8134934,5058.53,5058.53,5058.53,8000
8134935,5058.53,5058.53,5058.53,8000
8134943,5058.53,5058.53,5058.53,8000
8134936,5058.53,5058.53,5058.53,8000
8134939,5058.53,5058.53,5058.53,8000
8134941,5058.53,5058.53,5058.53,8000
8134937,5058.53,5058.53,5058.53,8000
8134940,5058.53,5058.53,5058.53,8000
8134942,5058.53,5058.53,5058.53,8000
8134938,5058.53,5058.53,5058.53,8000
8004741,7587.81,7587.81,7587.81,12000
8039157,8220.13,8220.13,8220.13,13000
8039154,8220.13,8220.13,8220.13,13000
8039158,8220.13,8220.13,8220.13,13000
8039156,8220.13,8220.13,8220.13,13000
6310181,7587.81,7587.81,7587.81,12000
8116187,10749.39,10749.39,10749.39,17000
8116204,10749.39,10749.39,10749.39,17000
8116188,10749.39,10749.39,10749.39,17000
8116189,10749.39,10749.39,10749.39,17000
8116190,10749.39,10749.39,10749.39,17000
8116191,10749.39,10749.39,10749.39,17000
8116192,10749.39,10749.39,10749.39,17000
8116193,10749.39,10749.39,10749.39,17000
8116194,10749.39,10749.39,10749.39,17000
8116195,10749.39,10749.39,10749.39,17000
8116196,10749.39,10749.39,10749.39,17000
8116197,10749.39,10749.39,10749.39,17000
8116198,10749.39,10749.39,10749.39,17000
8116199,10749.39,10749.39,10749.39,17000
8116200,10749.39,10749.39,10749.39,17000
8116201,10749.39,10749.39,10749.39,17000
8116202,10749.39,10749.39,10749.39,17000
8116203,10749.39,10749.39,10749.39,17000
8033645,8178.05,6542.44,8178.05,12176
8034877,7061.76,5649.41,7061.76,10514
8139914,11075.55,8860.44,11075.55,16490
8139913,11075.55,8860.44,11075.55,16490
8142940,14971.15,12725.48,14971.15,22290
8139909,14971.15,11976.92,14971.15,22290
8139908,14971.15,11976.92,14971.15,22290
8139907,14971.15,11976.92,14971.15,22290
8139904,14971.15,11976.92,14971.15,22290
8139905,14971.15,11976.92,14971.15,22290
8139911,14971.15,11976.92,14971.15,22290
8142454,26859.4,26859.4,26859.4,39990
8039671,6875.71,3437.86,6875.71,10237
8034874,8178.05,4089.03,8178.05,12176
8034876,8178.05,8178.05,8178.05,12176
8141909,378610.73,302888.58,378610.73,563700
8034860,35103.94,22817.56,35103.94,52265
8034870,839.57,839.57,839.57,1250
8112083,7382.81,4798.83,7382.81,10992
8139917,11075.55,8860.44,11075.55,16490
8139919,11075.55,8860.44,11075.55,16490
8142941,11075.55,8860.44,11075.55,16490
8139915,11075.55,8860.44,11075.55,16490
8139918,11075.55,8860.44,11075.55,16490
8139912,11747.2,9397.76,11747.2,17490
8033635,7090.64,5672.51,7090.64,10557
8139921,11075.55,8860.44,11075.55,16490
8143425,57560.65,57560.65,57560.65,85700
8139924,9060.6,4530.3,9060.6,13490
8141911,37740.18,30192.14,37740.18,56190
8119612,15063.16,7531.58,15063.16,22427
8118055,26418.56,26418.56,26418.56,41000
8118791,26418.56,26418.56,26418.56,41000
8130962,8057.19,4028.6,8057.19,14170.35
8130961,8057.19,4028.6,8057.19,14170.35
8130963,8057.19,4028.6,8057.19,14170.35
6301437,5041.57,3781.18,5041.57,8866.71
6301438,5041.57,3781.18,5041.57,8866.71
6301439,5041.57,3781.18,5041.57,8866.71
8130965,2535.52,1267.76,2535.52,4459.27
8130964,4225.87,2112.94,4225.87,7432.12
8140808,3025.95,1512.98,3025.95,5068.39
8140805,3025.95,1512.98,3025.95,5068.39
8140809,3025.95,1512.98,3025.95,5068.39
6033532,9197.08,6437.96,9197.08,16175
8130960,8277.75,5794.43,8277.75,14558.26
6030372,9197.08,6437.96,9197.08,16175
8021433,0.01,0.01,0.01,0.01
8021639,0.01,0.01,0.01,
8040762,28875.23,28875.23,28875.23,55440
8040763,28875.23,28875.23,28875.23,55440
8039019,24937.7,24937.7,24937.7,
8031893,1312.51,1312.51,1312.51,2520
8031894,2231.27,2231.27,2231.27,4284
8035838,2493.78,2493.78,2493.78,4788
8031895,3937.53,3937.53,3937.53,7560
8031896,4593.79,4593.79,4593.79,8880
8032971,1181.27,1181.27,1181.27,2154.6
8127438,0.01,0.01,0.01,0.01
8127454,4893.06,4403.75,4893.06,11083.28
8127453,7233.7,6510.33,7233.7,16385.08
8003130,3282.9,3282.9,3282.9,4700
8023136,6915.05,6915.05,6915.05,9900
6530669,7532.77,7532.77,7532.77,11900
1160,7851.82,3553.37,7851.82,9999
1159,7851.82,3553.37,7851.82,9999
8015076,2518.55,2518.55,2518.55,
8015084,1982.01,1982.01,1982.01,
8030188,2134.4,2134.4,2134.4,
8015085,2173.54,2173.54,2173.54,
8011011,16114.95,10474.72,16114.95,27396.97
8022623,25126.18,13819.4,25126.18,42716.94
9994894,28171.32,19719.92,28171.32,47893.97
8009279,17326.65,8663.33,17326.65,29456.97
8011919,19944.95,11966.97,19944.95,33908.34
8011920,19380.47,11628.28,19380.47,32948.67
8022625,23324.54,13994.72,23324.54,39653.97
8022624,24112.14,12056.07,24112.14,40992.97
8024336,19380.47,12597.31,19380.47,32948.67
8009277,14721.49,7360.75,14721.49,25027.97
8021412,0.01,0.01,0.01,0.01
8129640,5250.04,5250.04,5250.04,10080
8126990,3844.23,3459.81,3844.23,8707.57
8124728,7218.81,7218.81,7218.81,13860
8134083,3667.01,3300.31,3667.01,8306.15
8029438,5178.99,5178.99,5178.99,
8126985,3844.23,3459.81,3844.23,8707.57
8113505,5450.35,4905.32,5450.35,12345.61
8110470,14478.55,13030.7,14478.55,32795.4
8140119,2440.95,2196.86,2440.95,5529.02
8134699,11156.35,11156.35,11156.35,21420
8140155,2440.95,2196.86,2440.95,5529.02
8041510,2440.95,2196.86,2440.95,5529.02
8138125,2775.33,2497.8,2775.33,6286.42
8126997,4001.39,3601.25,4001.39,9063.55
8041512,2440.95,2196.86,2440.95,5529.02
8132406,2440.95,2196.86,2440.95,5529.02
8126996,4234.33,3810.9,4234.33,9591.2
8140128,3667.01,3300.31,3667.01,8306.15
8138115,6686.44,6017.8,6686.44,15145.47
8138113,8023.95,7221.56,8023.95,18175.06
8138116,8905.59,8015.03,8905.59,20172.07
8138112,8692.7,7823.43,8692.7,19689.86
8138114,11134.78,10021.3,11134.78,25221.4
8119584,3667.01,3300.31,3667.01,8306.15
8041511,6676.41,6008.77,6676.41,15122.74
8041686,237.5,237.5,237.5,433.2
8126978,7233.7,6510.33,7233.7,16385.08
8039656,8187.37,8187.37,8187.37,
8039208,6364.63,6364.63,6364.63,8990
8039209,10797.71,10797.71,10797.71,15490
8142511,4665.5,4665.5,4665.5,6590
8142512,6364.63,5091.7,6364.63,8990
8031054,4665.5,4665.5,4665.5,6590
8031055,6364.63,5091.7,6364.63,8990
8110772,8267.43,8267.43,8267.43,12590
8110758,8267.43,8267.43,8267.43,12590
8138710,8267.43,8267.43,8267.43,12590
8131205,8267.43,8267.43,8267.43,12590
8110765,8267.43,8267.43,8267.43,12590
8119021,8267.43,8267.43,8267.43,12590
8128694,4665.5,4665.5,4665.5,6590
8128697,6364.63,5091.7,6364.63,8990
8135017,10797.71,10797.71,10797.71,15490
8034693,4665.5,4665.5,4665.5,6590
8035140,6364.63,5091.7,6364.63,8990
8035141,10797.71,10797.71,10797.71,15490
8031025,4665.5,4665.5,4665.5,6590
8031026,6364.63,5091.7,6364.63,8990
8124056,4665.5,4665.5,4665.5,6590
8136530,4665.5,4665.5,4665.5,6590
8136529,6364.63,5091.7,6364.63,8990
8136533,10797.71,10797.71,10797.71,15490
8142513,9505.92,9505.92,9505.92,13490
8114216,6334.93,6334.93,6334.93,8990
8125079,6334.93,6334.93,6334.93,8990
8129690,6334.93,6334.93,6334.93,8990
8125078,6334.93,6334.93,6334.93,8990
8136528,6334.93,6334.93,6334.93,8990
8125077,6334.93,6334.93,6334.93,8990
8031050,6334.93,6334.93,6334.93,8990
8131206,7744.26,7744.26,7744.26,10990
8037204,11146.25,8917,11146.25,15990
8041744,11146.25,8917,11146.25,15990
8138709,11146.25,8917,11146.25,15990
8131203,11146.25,8917,11146.25,15990
8037201,11146.25,8917,11146.25,15990
8119020,11146.25,8917,11146.25,15990
8039207,10797.71,10797.71,10797.71,15490
8039206,6364.63,6364.63,6364.63,8990
8039204,4665.5,4665.5,4665.5,6590
8142509,4665.5,4665.5,4665.5,6590
8142510,6364.63,5091.7,6364.63,8990
8031052,4665.5,4665.5,4665.5,6590
8031053,6364.63,5091.7,6364.63,8990
8110769,8267.43,8267.43,8267.43,12590
8110757,8267.43,8267.43,8267.43,12590
8138711,8267.43,8267.43,8267.43,12590
8110755,8267.43,8267.43,8267.43,12590
8122506,4790.04,4790.04,4790.04,6368
8131204,8267.43,8267.43,8267.43,12590
8110764,8267.43,8267.43,8267.43,12590
8119019,8267.43,8267.43,8267.43,12590
8128696,4665.5,4665.5,4665.5,6590
8128695,6364.63,6364.63,6364.63,8990
8135018,10797.71,10797.71,10797.71,15490
8034692,4665.5,4665.5,4665.5,6590
8035139,6364.63,5091.7,6364.63,8990
8035142,10797.71,10797.71,10797.71,15490
8031022,4665.5,4665.5,4665.5,6590
8031023,6364.63,5091.7,6364.63,8990
8136531,4665.5,4665.5,4665.5,6590
8136331,6364.63,5091.7,6364.63,8990
8136532,10797.71,10797.71,10797.71,15490
8143634,16904.9,16904.9,16904.9,23989.99
8002736,12794.76,12794.76,12794.76,
6030823,6380.57,6380.57,6380.57,9800
6530447,5536.81,5536.81,5536.81,8200
6030820,4321.36,4321.36,4321.36,6400
6530440,6185.34,6185.34,6185.34,9500
6530442,6185.34,6185.34,6185.34,9500
6530422,6836.08,6836.08,6836.08,10500
6530429,6185.34,6185.34,6185.34,9500
6530441,6185.34,6185.34,6185.34,9500
6530450,6185.34,6185.34,6185.34,9500
8019333,7292.71,7292.71,7292.71,10800
8032696,4658.86,4658.86,4658.86,6900
8008206,4321.36,4321.36,4321.36,6400
8032695,4658.86,4658.86,4658.86,6900
8032694,4658.86,4658.86,4658.86,6900
8032699,4658.86,4658.86,4658.86,6900
6530432,4321.36,4321.36,4321.36,6400
8032692,4658.86,4658.86,4658.86,6900
6530437,7292.71,7292.71,7292.71,10800
8032697,4658.86,4658.86,4658.86,6900
6530430,4321.36,4321.36,4321.36,6400
8032693,4658.86,4658.86,4658.86,6900
8032698,4658.86,4658.86,4658.86,6900
6530438,7292.71,7292.71,7292.71,10800
6530443,4321.36,4321.36,4321.36,6400
6530423,6380.57,6380.57,6380.57,9800
6530424,6380.57,6380.57,6380.57,9800
6530425,6380.57,6380.57,6380.57,9800
6530428,6380.57,6380.57,6380.57,9800
8016604,14324.02,14324.02,14324.02,22000
8015294,6836.08,6836.08,6836.08,10500
8015290,14324.02,14324.02,14324.02,22000
8016602,14324.02,14324.02,14324.02,22000
8015292,6836.08,6836.08,6836.08,10500
8015293,6836.08,6836.08,6836.08,10500
8015297,5536.81,5536.81,5536.81,8200
8015299,5536.81,5536.81,5536.81,8200
8129675,5536.81,5536.81,5536.81,8200
8015295,5536.81,5536.81,5536.81,8200
8015298,5536.81,5536.81,5536.81,8200
8129674,5536.81,5536.81,5536.81,8200
8129676,5536.81,5536.81,5536.81,8200
8015296,5536.81,5536.81,5536.81,8200
8015305,5536.81,5536.81,5536.81,8200
8015304,5536.81,5536.81,5536.81,8200
8028113,14324.02,14324.02,14324.02,22000
8015308,14324.02,14324.02,14324.02,22000
8017300,14324.02,14324.02,14324.02,22000
8133723,14324.02,14324.02,14324.02,22000
8015306,14324.02,14324.02,14324.02,22000
8017299,14324.02,14324.02,14324.02,22000
8133721,14324.02,14324.02,14324.02,22000
8123517,14324.02,14324.02,14324.02,22000
8133724,14324.02,14324.02,14324.02,22000
8015307,14324.02,14324.02,14324.02,22000
6530421,4232.03,4232.03,4232.03,6500
6530414,4185.7,4185.7,4185.7,6200
6530416,9244.93,9244.93,9244.93,14200
6530412,7292.71,7292.71,7292.71,10800
6030805,4321.36,4321.36,4321.36,6400
6300896,7299.18,7299.18,7299.18,
6300898,4509.18,4509.18,4509.18,
8123952,4388.39,4388.39,4388.39,
8017013,2797.6,2797.6,2797.6,
8017012,4438.44,4438.44,4438.44,
8129629,7875.06,7875.06,7875.06,15120
8135552,9295.96,9295.96,9295.96,19681.07
9991084,13641.5,13641.5,13641.5,20615
5993,13085.66,13085.66,13085.66,19775
8017296,34432.04,34432.04,34432.04,58279.78
8039969,23364.88,23364.88,23364.88,39547.49
8138861,37905.97,37905.97,37905.97,58592.19
8138862,12600.1,12600.1,12600.1,21326.98
8121047,32130.88,32130.88,32130.88,49665.5
8138860,54621.98,54621.98,54621.98,84430.56
8138863,44196.43,44196.43,44196.43,59360
8138859,38134.89,38134.89,38134.89,58946.05
8039961,44548.19,44548.19,44548.19,62718.88
6302066,45004.75,45004.75,45004.75,69564.95
8138849,35999.68,35999.68,35999.68,60933.18
8138846,68175.16,68175.16,68175.16,115393.52
8138847,53682.72,53682.72,53682.72,90863.56
8111425,53682.72,53682.72,53682.72,90863.56
8138848,47703.68,47703.68,47703.68,80743.43
8039964,81126.81,81126.81,81126.81,137315.53
8138845,71675.35,71675.35,71675.35,121317.96
8138850,93388.98,93388.98,93388.98,158070.53
8138851,86579.37,86579.37,86579.37,146544.55
8138852,196360.88,196360.88,196360.88,332361.14
8140143,49201.75,49201.75,49201.75,83492.91
8138855,54802.81,54802.81,54802.81,92759.45
8138854,66487.44,66487.44,66487.44,112536.88
8138853,71454.83,71454.83,71454.83,120944.7
8109485,71454.83,71454.83,71454.83,120944.7
8138857,73683.7,73683.7,73683.7,124717.31
8138858,66860.44,66860.44,66860.44,113168.22
8138856,83751.04,83751.04,83751.04,141757.31
8138864,59224.22,56263.01,59224.22,100243.14
8028184,49490.28,47015.77,49490.28,83767.43
6296200,3043.19,3043.19,3043.19,
8038732,17127.15,12845.36,17127.15,24990
8142633,15756.43,11817.32,15756.43,22990
8142632,15756.43,11817.32,15756.43,22990
8142631,15756.43,11029.5,15756.43,22990
8139365,21239.31,21239.31,21239.31,30990
8139364,21239.31,14867.52,21239.31,30990
8139363,20553.94,20553.94,20553.94,29990
8117786,7189.43,5392.07,7189.43,10490
8111852,17127.15,12845.36,17127.15,24990
8128506,17127.15,12845.36,17127.15,24990
8037235,17127.15,12845.36,17127.15,24990
8128507,18497.86,12948.5,18497.86,26990
8136040,17127.15,11989.01,17127.15,24990
8136041,30148.99,21104.29,30148.99,43990
8131870,28778.27,28778.27,28778.27,41990
8131869,17127.15,12845.36,17127.15,24990
8133441,15071.07,15071.07,15071.07,21990
8037244,6072.15,6072.15,6072.15,8860
8040150,3745.19,3745.19,3745.19,5465
8040151,4269.53,4269.53,4269.53,6230
8141422,19868.59,19868.59,19868.59,28990
8128508,18497.86,18497.86,18497.86,26990
8121638,28778.27,20144.79,28778.27,41990
8142379,15071.07,15071.07,15071.07,21990
8021446,0.01,0.01,0.01,0.01
8021448,0.01,0.01,0.01,0.01
8021657,0.01,0.01,0.01,
8121352,6450,6450,6450,7437
8121353,6248.76,6248.76,6248.76,7174
8121350,17222.79,15156.06,17222.79,19796
8121351,13938.45,12265.84,13938.45,15980
8121355,5378.01,4732.65,5378.01,6137
8121354,8225.04,7238.04,8225.04,9486
8020821,4958.22,4958.22,4958.22,
8010986,9383.46,9383.46,9383.46,
8010987,9383.46,9383.46,9383.46,
8018718,9383.46,9383.46,9383.46,
8010988,9383.54,9383.54,9383.54,
8010989,9383.46,9383.46,9383.46,
8013369,9383.46,9383.46,9383.46,
8010969,5210.12,5210.12,5210.12,
8010970,5210.54,5210.54,5210.54,
8010971,5210.54,5210.54,5210.54,
8010963,7568.71,7568.71,7568.71,
8010964,7568.71,7568.71,7568.71,
8034271,10353.27,10353.27,10353.27,
8026109,10353.27,10353.27,10353.27,
8010994,8296.22,8296.22,8296.22,
8010993,8760.56,8760.56,8760.56,
8010981,5833.86,5833.86,5833.86,
8010982,5833.86,5833.86,5833.86,
8010983,5833.86,5833.86,5833.86,
8010992,10849.69,10849.69,10849.69,
8010990,10849.98,10849.98,10849.98,
8010991,10849.69,10849.69,10849.69,
8010960,9497.37,9497.37,9497.37,
8010962,9497.37,9497.37,9497.37,
8015846,6329.26,6329.26,6329.26,
8015847,6329.26,6329.26,6329.26,
8010984,8384.08,8384.08,8384.08,
8010985,8384.08,8384.08,8384.08,
8018924,23981.32,23981.32,23981.32,
8011004,33513.1,33513.1,33513.1,
8011005,33513.1,33513.1,33513.1,
8011006,33513.1,33513.1,33513.1,
8011007,33513.1,33513.1,33513.1,
8010975,5494.23,5494.23,5494.23,
8010976,5494.23,5494.23,5494.23,
8010977,5494.23,5494.23,5494.23,
8010972,5494.23,5494.23,5494.23,
8010973,5494.23,5494.23,5494.23,
8010974,5494.23,5494.23,5494.23,
8010978,5494.23,5494.23,5494.23,
8010979,5494.23,5494.23,5494.23,
8010980,5494.23,5494.23,5494.23,
8010995,11996.29,11996.29,11996.29,
8010997,11996.29,11996.29,11996.29,
8010996,11996.29,11996.29,11996.29,
8010998,12034.11,12034.11,12034.11,
8011000,12034.11,12034.11,12034.11,
8010999,12034.11,12034.11,12034.11,
8011001,12281.83,12281.83,12281.83,
8011003,12281.83,12281.83,12281.83,
8011002,12281.83,12281.83,12281.83,
8010966,8596.59,8596.59,8596.59,
8010967,8596.59,8596.59,8596.59,
8010968,8596.59,8596.59,8596.59,
8010957,10878.51,10878.51,10878.51,
8037075,4001.39,3601.25,4001.39,9063.55
8112234,24419.29,24419.29,24419.29,37741.05
8118070,4791.83,4791.83,4791.83,7999
8133943,4402.99,4402.99,4402.99,6999.9
8114518,5975.51,5975.51,5975.51,9499.9
8034413,27520.45,27520.45,27520.45,44800
8126725,20813.63,20813.63,20813.63,32900
8028679,20578.92,20578.92,20578.92,33500
8131172,4045.44,4045.44,4045.44,5600
8131136,29179.05,29179.05,29179.05,47500
8131137,21500.37,21500.37,21500.37,35000
8131731,25242.06,25242.06,25242.06,39900
8135128,12589.39,12589.39,12589.39,19900
8131134,29179.05,29179.05,29179.05,47500
8131135,21500.37,21500.37,21500.37,35000
8143982,21500.37,21500.37,21500.37,35000
8142958,4262.16,4262.16,4262.16,5900
8142957,30653.37,30653.37,30653.37,49900
8028709,4045.44,4045.44,4045.44,5600
8133696,12589.39,12589.39,12589.39,19900
8118300,20813.63,20813.63,20813.63,32900
8020538,27520.45,27520.45,27520.45,44800
8028675,20578.92,20578.92,20578.92,33500
8020537,27520.45,27520.45,27520.45,44800
8024468,20578.92,20578.92,20578.92,33500
8143981,20578.92,20578.92,20578.92,33500
8118696,27520.46,27520.46,27520.46,44800
8118697,20578.92,20578.92,20578.92,33500
8118699,20578.92,20578.92,20578.92,33500
8021001,23597.22,23597.22,23597.22,37300
8123635,5280.98,5280.98,5280.98,8754.13
8038371,5295.1,5295.1,5295.1,8277.86
8020046,5295.1,5295.1,5295.1,8277.86
8032286,9974.32,9974.32,9974.32,14724.42
8139585,9974.32,9974.32,9974.32,14724.42
8038373,7277.08,5821.66,7277.08,10744.85
8020043,9974.32,7979.46,9974.32,14724.42
8038372,9974.32,9974.32,9974.32,14724.42
8139593,14107.79,11286.23,14107.79,20826.44
8041169,4033.86,4033.86,4033.86,6306.15
8041168,9974.32,9974.32,9974.32,14724.42
8129247,8521.68,8521.68,8521.68,13050.35
8126088,6331.36,6331.36,6331.36,9578.39
8126089,11612.32,11612.32,11612.32,17720.03
8125753,6345.23,6345.23,6345.23,8764.31
8140965,2728.75,2455.88,2728.75,3929.18
8011414,6869.79,6869.79,6869.79,9483.51
8011412,11136.93,11136.93,11136.93,15801.87
8011416,6866.01,6866.01,6866.01,9484.29
6034531,11136.93,8909.54,11136.93,15801.87
8011413,10508.97,10508.97,10508.97,14365.33
8019429,69678.96,69678.96,69678.96,107835.2
8031907,24159.02,24159.02,24159.02,35892.49
8016945,41038.43,41038.43,41038.43,66401.13
8016943,27832.24,27832.24,27832.24,41582.68
8127377,8293.44,8293.44,8293.44,12855.62
8127255,16159.39,16159.39,16159.39,23145.59
8127254,9570.81,9570.81,9570.81,13708.08
8024682,40578.18,40578.18,40578.18,
6533126,7973.14,7973.14,7973.14,11723.16
6533128,16198.49,16198.49,16198.49,22901.36
8009700,25194.28,25194.28,25194.28,35169.49
8010797,12264.25,12264.25,12264.25,16082.59
8013427,8299.74,7469.77,8299.74,12864.01
8013428,16696.57,15026.91,16696.57,23798.41
8013484,24562.53,24562.53,24562.53,35115.59
8013426,13019.57,11717.61,13019.57,17059.69
6039226,1590.09,1590.09,1590.09,2243.54
8125754,6140.95,5219.81,6140.95,8741.37
8016951,13926.21,13926.21,13926.21,18162.12
8129245,23275.08,23275.08,23275.08,35356.1
8129244,26810.86,24129.77,26810.86,41582.44
8126080,5987.11,5687.75,5987.11,9002.01
8126081,11007.05,11007.05,11007.05,16653.73
8019430,12956.51,12956.51,12956.51,17420.04
8131738,7734.83,6961.35,7734.83,11604.61
8016952,7696.99,6927.29,7696.99,11130.46
8016950,8628.85,7765.97,8628.85,12514.01
8138906,15619.69,15619.69,15619.69,23150.92
8016948,5244.39,5244.39,5244.39,7501.68
8016949,9438.4,8494.56,9438.4,13840.6
8142811,12819.08,12819.08,12819.08,18638.78
8142812,14101.48,14101.48,14101.48,20502.23
8041010,5835.79,5835.79,5835.79,8251.85
8041011,10474.92,10474.92,10474.92,15265.92
8134552,19499.72,19499.72,19499.72,26005.03
8021374,24471.74,23248.15,24471.74,36721.72
8021373,24471.74,23248.15,24471.74,36721.72
8140354,15948.81,15948.81,15948.81,
8011046,3481.53,3481.53,3481.53,5500
8016099,3481.53,3481.53,3481.53,5500
8016097,22043.51,22043.51,22043.51,37000
8011043,22043.51,22043.51,22043.51,37000
8016101,3671.43,3671.43,3671.43,5800
8016100,22579.71,22579.71,22579.71,37900
8043389,3671.43,3671.43,3671.43,5800
8043387,22579.71,22579.71,22579.71,37900
8031374,3481.53,3481.53,3481.53,5500
8031373,22043.51,22043.51,22043.51,37000
8120432,89047.75,89047.75,89047.75,132580
8109262,13699.84,13699.84,13699.84,20600
8128420,16325.61,16325.61,16325.61,
8138832,16980.15,16980.15,16980.15,
8128418,16980.15,16980.15,16980.15,
8017037,10717.86,10717.86,10717.86,
8017038,10717.86,10717.86,10717.86,
8128419,10717.86,10717.86,10717.86,
8138274,10717.86,10717.86,10717.86,
8128421,10717.86,10717.86,10717.86,
8017036,10717.86,10717.86,10717.86,
8128417,16980.15,16980.15,16980.15,
8009104,3501.31,3501.31,3501.31,
8129914,2844.94,2844.94,2844.94,
8129915,3501.31,3501.31,3501.31,
8133417,5013.24,5013.24,5013.24,
8129920,3501.31,3501.31,3501.31,
8138276,3501.31,3501.31,3501.31,
8140352,3501.31,3501.31,3501.31,
8117181,3501.31,3501.31,3501.31,
8017015,3501.31,3501.31,3501.31,
8129913,3501.31,3501.31,3501.31,
8138275,7771.32,7771.32,7771.32,
8003426,11896.13,11896.13,11896.13,
8131660,8423.62,8423.62,8423.62,
8131658,26350.75,26350.75,26350.75,
8111593,5013.11,5013.11,5013.11,
8131656,7771.32,7771.32,7771.32,
8111592,5013.11,5013.11,5013.11,
8131657,7771.32,7771.32,7771.32,
8131655,7771.32,7771.32,7771.32,
8131659,7771.32,7771.32,7771.32,
8017052,2108.67,2108.67,2108.67,
8017053,1529.54,1529.54,1529.54,
8043098,2526.96,2526.96,2526.96,
8043097,2526.96,2526.96,2526.96,
8043095,2361.64,2361.64,2361.64,
8043100,2526.96,2526.96,2526.96,
8131670,3946.24,3946.24,3946.24,
8131661,3946.24,3946.24,3946.24,
8131662,3946.24,3946.24,3946.24,
8017055,1432.58,1432.58,1432.58,
8131671,6946.22,6946.22,6946.22,
6302023,4303.14,4303.14,4303.14,
9998758,25540.4,25540.4,25540.4,38656.51
9998528,24670.27,24670.27,24670.27,37339.53
8141924,8200.07,8200.07,8200.07,
8141925,8200.07,8200.07,8200.07,
8141926,8200.07,8200.07,8200.07,
8141934,5610.57,5610.57,5610.57,
8141935,5610.57,5610.57,5610.57,
8141930,8200.07,8200.07,8200.07,
8141936,5610.57,5610.57,5610.57,
8141921,9950.72,9950.72,9950.72,
8141922,9950.72,9950.72,9950.72,
8141923,9950.72,9950.72,9950.72,
8141937,21702.88,21702.88,21702.88,
8142943,21702.88,21702.88,21702.88,
8141938,21702.88,21702.88,21702.88,
8001461,1807.88,1446.3,1807.88,3200
8021808,4020.68,4020.68,4020.68,7050
8001463,1807.88,1446.3,1807.88,3200
8021807,4223.41,4223.41,4223.41,7400
8136709,10106.71,10106.71,10106.71,17000
8001462,1662.15,1329.72,1662.15,2950
8021809,3885.53,3885.53,3885.53,6800
8136708,10106.71,10106.71,10106.71,17000
8002123,30456.76,30456.76,30456.76,46017.99
8002122,30456.76,30456.76,30456.76,46017.99
8040691,1890.02,1890.02,1890.02,3447.36
8040704,7916.73,7916.73,7916.73,15200
6298019,18261.68,18261.68,18261.68,
9997142,9848.99,9848.99,9848.99,15999
8137403,7212.4,7212.4,7212.4,10899.36
8137405,28856.89,28856.89,28856.89,43608.45
8137398,7212.4,7212.4,7212.4,10899.36
8137399,9015.5,9015.5,9015.5,13624.19
8137402,11050.77,11050.77,11050.77,16699.91
8137406,34249.63,34249.63,34249.63,51757.94
8137401,11050.86,11050.86,11050.86,16700.03
8137400,13710.88,13710.88,13710.88,20719.84
8111768,1757.28,1757.28,1757.28,3169.82
8111773,2512.17,2512.17,2512.17,4531.49
8111771,2512.17,2512.17,2512.17,4531.49
8115953,6562.55,6562.55,6562.55,12600
6223603,3022.64,3022.64,3022.64,5452.28
6223601,3022.64,3022.64,3022.64,5452.28
6223602,3022.64,3022.64,3022.64,5452.28
8002838,3022.64,3022.64,3022.64,5452.28
6231635,1648.88,1648.88,1648.88,2637.75
6223606,5680.68,5680.68,5680.68,9087.54
6231633,1648.88,1648.88,1648.88,2637.75
6223604,5680.68,5680.68,5680.68,9087.54
6231634,1648.88,1648.88,1648.88,2637.75
6223605,5680.68,5680.68,5680.68,9087.54
8139944,1879.72,1879.72,1879.72,3007.04
8139943,1879.72,1879.72,1879.72,3007.04
8139941,1879.72,1879.72,1879.72,3007.04
8126016,71578.75,71578.75,71578.75,122900
8126019,79208.38,79208.38,79208.38,136000
8135714,6472.52,6472.52,6472.52,9999.5
8132325,4205.76,3364.61,4205.76,6497.55
8139507,4205.76,3364.61,4205.76,6497.55
8004609,4379.42,4379.42,4379.42,6765.83
8040816,7882.94,7882.94,7882.94,12178.49
8004610,4379.42,4379.42,4379.42,6765.83
8034137,7882.94,7882.94,7882.94,12178.49
8141787,5255.31,5255.31,5255.31,8119
8004612,4379.42,4379.42,4379.42,6765.83
8034138,7882.94,7882.94,7882.94,12178.49
8004611,4379.42,4379.42,4379.42,6765.83
8139509,4817.36,3853.89,4817.36,7442.41
8004616,6996.2,6996.2,6996.2,10808.54
8141786,7507.57,7507.57,7507.57,11598.56
8019667,5596.24,5596.24,5596.24,8645.72
8004629,5596.24,5596.24,5596.24,8645.72
8011211,5596.24,5596.24,5596.24,8645.72
8030377,5596.24,5596.24,5596.24,8645.72
8025593,3995.89,3995.89,3995.89,6173.32
8130971,7734.52,7734.52,7734.52,11949.18
8129795,4205.76,2733.74,4205.76,6497.55
8130975,2736.43,2736.43,2736.43,4227.55
8130976,4406.58,4406.58,4406.58,6807.79
8130977,6869.51,6869.51,6869.51,10612.82
8142880,5369.23,5369.23,5369.23,8295
8142881,5369.23,5369.23,5369.23,8295
8004615,5220.26,4437.22,5220.26,8064.85
8011209,4767.35,4767.35,4767.35,7365.16
8136564,3657.19,2925.75,3657.19,5650.04
8038944,7734.52,6187.62,7734.52,11949.18
8038943,4205.76,3364.61,4205.76,6497.55
8004617,6996.2,6996.2,6996.2,10808.54
8139508,28102.86,22482.29,28102.86,43416.55
8027652,5537.17,5537.17,5537.17,8554.46
8005333,3805.62,3805.62,3805.62,5879.36
8115583,5537.17,5537.17,5537.17,8554.46
8017424,7507.57,7507.57,7507.57,11598.56
8039806,8804.25,8804.25,8804.25,13601.83
8039805,26764.62,26764.62,26764.62,41349.09
8038941,5460.05,5460.05,5460.05,8435.32
8004619,3960.71,3960.71,3960.71,6118.97
8041926,7734.52,7734.52,7734.52,11949.18
8041928,4205.76,3364.61,4205.76,6497.55
8133568,5596.24,5596.24,5596.24,8645.72
8013025,4075.48,4075.48,4075.48,6296.27
8013026,4075.48,4075.48,4075.48,6296.27
8126316,6019.84,6019.84,6019.84,9300.15
8026845,3506.9,2805.52,3506.9,5417.86
8038945,3506.9,2805.52,3506.9,5417.86
8041929,3506.9,2805.52,3506.9,5417.86
8129796,3506.9,2279.49,3506.9,5417.86
8029098,4699.78,4699.78,4699.78,7260.76
8113610,5639.74,5639.74,5639.74,8712.92
8135712,4826.87,2413.44,4826.87,7457.1
8135713,7060.2,3530.1,7060.2,10907.4
8135709,4826.87,2413.44,4826.87,7457.1
8135710,7060.2,3530.1,7060.2,10907.4
8135708,6890.95,4479.12,6890.95,10645.93
8133566,5835.47,5835.47,5835.47,9015.3
8142882,3506.9,2805.52,3506.9,5417.86
8133567,6630.96,6630.96,6630.96,10244.27
8139510,4699.78,3759.82,4699.78,7260.76
8009755,4459.53,4459.53,4459.53,6889.6
8027650,3975.01,3975.01,3975.01,6141.05
8004634,4059.11,4059.11,4059.11,6270.98
8025264,2608.38,2608.38,2608.38,4029.73
8137835,2869.22,2869.22,2869.22,4432.7
8137834,4059.11,4059.11,4059.11,6270.98
8128396,6019.84,6019.84,6019.84,9300.15
8117360,2853.53,2853.53,2853.53,4408.47
8004630,4459.53,4459.53,4459.53,6889.6
8038942,3503.45,3503.45,3503.45,5412.53
8020597,7301.84,7301.84,7301.84,11280.73
8015038,4059.11,4059.11,4059.11,6270.98
8015037,4059.11,4059.11,4059.11,6270.98
8019665,5850.11,5850.11,5850.11,9037.93
8004624,5850.11,5850.11,5850.11,9037.93
8004626,5850.11,5850.11,5850.11,9037.93
8028083,9505.33,9505.33,9505.33,14684.92
8026846,4767.25,4767.25,4767.25,7364.99
8143035,5437.18,5437.18,5437.18,8400
8004627,5596.24,5596.24,5596.24,8645.72
8005524,5936.67,5936.67,5936.67,9171.66
8012581,3224.29,3224.29,3224.29,4981.26
8027647,3422.72,3422.72,3422.72,5287.8
8027648,7000.2,7000.2,7000.2,10814.71
8131956,7598.8,7598.8,7598.8,11739.51
8038946,5936.67,5936.67,5936.67,9171.66
8007604,4699.78,4699.78,4699.78,7260.76
8008288,3426.07,3426.07,3426.07,5293
8007296,7755.65,7755.65,7755.65,11981.82
8131233,48614.49,48614.49,48614.49,83500
8020656,4893.06,4403.75,4893.06,11083.28
8140741,129898.2,90928.74,129898.2,187450
8140739,129898.2,90928.74,129898.2,187450
8140740,129898.2,90928.74,129898.2,187450
8140742,129898.2,90928.74,129898.2,187450
8140738,129898.2,90928.74,129898.2,187450
8140743,114618.1,80232.67,114618.1,165400
8134086,8905.59,8015.03,8905.59,20172.07
9999348,22682.04,22682.04,22682.04,37231.95
9998705,20119.52,16095.62,20119.52,33025.65
9998711,19965.36,15972.29,19965.36,32772.6
8016599,23324.27,18659.42,23324.27,38286.15
9998717,17633.55,17633.55,17633.55,28945
8133891,15352.07,12281.66,15352.07,25200
8133893,23028.1,18422.48,23028.1,37800
8014560,14401.1,14401.1,14401.1,23639
8026726,21175.62,16940.5,21175.62,34759.2
8035977,24259.47,19407.58,24259.47,39821.25
9998702,19071.75,15257.4,19071.75,31305.75
8031273,16097.92,12878.34,16097.92,26424.3
8016594,20369.63,16295.7,20369.63,33436.2
8026718,19051.27,15241.02,19051.27,31272.15
8031274,23062,18449.6,23062,37855.65
8042435,8208.95,8208.95,8208.95,12291.16
8116572,8208.95,8208.95,8208.95,12291.16
8126492,8208.95,8208.95,8208.95,12291.16
8041354,8208.95,8208.95,8208.95,12291.16
8041350,8208.95,8208.95,8208.95,12291.16
8133298,5627.73,4783.57,5627.73,7956.7
8133299,9424.53,8010.85,9424.53,13358.23
8136518,5627.73,4783.57,5627.73,7956.7
8136517,9424.53,8010.85,9424.53,13358.23
8136516,14576.87,14576.87,14576.87,20663.76
8039051,5627.73,4783.57,5627.73,7956.7
8039050,9424.53,8010.85,9424.53,13358.23
8042433,5627.73,4783.57,5627.73,7956.7
8042432,9424.53,8010.85,9424.53,13358.23
8037132,9424.53,9424.53,9424.53,13358.23
8037116,5627.73,5627.73,5627.73,7956.7
8119333,5627.73,4783.57,5627.73,7956.7
8119334,9424.53,8010.85,9424.53,13358.23
8116571,5627.73,4783.57,5627.73,7956.7
8116570,9424.53,8010.85,9424.53,13358.23
8126082,5627.73,4783.57,5627.73,7956.7
8126083,9424.53,8010.85,9424.53,13358.23
8037117,5627.73,5627.73,5627.73,7956.7
8037114,9424.53,9424.53,9424.53,13358.23
8037109,5627.73,5627.73,5627.73,7956.7
8037110,9424.53,9424.53,9424.53,13358.23
8037106,5627.73,5627.73,5627.73,7956.7
8037105,9424.53,9424.53,9424.53,13358.23
8142049,5627.73,4783.57,5627.73,7956.7
8142052,9424.53,7068.4,9424.53,13358.23
8142053,14576.87,14576.87,14576.87,20663.76
8139711,43377.41,43377.41,43377.41,59000
8139712,49994.3,49994.3,49994.3,68000
8139713,55140.78,55140.78,55140.78,75000
8139715,57346.41,57346.41,57346.41,78000
8140035,0.01,0.01,0.01,0.01
8139716,50729.51,50729.51,50729.51,69000
8139717,54405.56,54405.56,54405.56,74000
8143355,44644.51,44644.51,44644.51,69000
8143364,87347.96,87347.96,87347.96,135000
8143371,45938.56,45938.56,45938.56,71000
8143365,45938.56,45938.56,45938.56,71000
8143356,45938.56,45938.56,45938.56,71000
8143372,44644.51,44644.51,44644.51,69000
8143366,87347.96,87347.96,87347.96,135000
8029418,5178.99,5178.99,5178.99,
8029419,5178.99,5178.99,5178.99,
8039647,8187.37,8187.37,8187.37,
8142698,6441.37,6441.37,6441.37,
8132117,18621.34,18621.34,18621.34,
8121246,7034.16,7034.16,7034.16,
8028594,4821.75,4821.75,4821.75,
8028473,5042.22,5042.22,5042.22,
8141342,8621.21,8621.21,8621.21,
8141340,8413.26,8413.26,8413.26,
8141339,8288.04,8288.04,8288.04,
8141336,8225.61,8225.61,8225.61,
8034852,13377.79,13377.79,13377.79,
8034851,12793.19,12793.19,12793.19,
8034853,14537.44,14537.44,14537.44,
8024464,11681.27,11681.27,11681.27,
8024465,12452.46,12452.46,12452.46,
8024466,13598.79,13598.79,13598.79,
8116154,8287.05,8287.05,8287.05,
6034514,7353.34,7353.34,7353.34,11528.18
8016373,10543.88,10543.88,10543.88,16530.16
6300513,3033.71,3033.71,3033.71,4756.08
6034511,2396.34,2396.34,2396.34,3756.85
6030340,3354.88,3354.88,3354.88,5259.6
8041362,8094.63,8094.63,8094.63,13022.29
8139619,9865.87,8879.28,9865.87,17892.1
8139615,7705.82,6935.24,7705.82,13979.55
8139620,9865.87,8879.28,9865.87,17892.1
8033822,9865.87,8879.28,9865.87,17892.1
8033824,9865.87,8879.28,9865.87,17892.1
8036383,9865.87,8879.28,9865.87,17892.1
8033817,9865.87,8879.28,9865.87,17892.1
8139600,6823.13,6140.82,6823.13,12377.97
8041366,11215.34,11215.34,11215.34,18042.73
8142055,4776.57,4298.91,4776.57,8664.57
8111719,9916.31,8924.68,9916.31,17989.8
8139617,9916.31,8924.68,9916.31,17989.8
8139598,9916.31,8924.68,9916.31,17989.8
8142054,15467.13,13920.42,15467.13,28058.33
8116581,10126.01,10126.01,10126.01,16290.26
8139621,9865.87,8879.28,9865.87,17892.1
8139618,7705.82,6935.24,7705.82,13979.55
8139623,9865.87,8879.28,9865.87,17892.1
8033821,9865.87,8879.28,9865.87,17892.1
8033823,9865.87,8879.28,9865.87,17892.1
8036382,9865.87,8879.28,9865.87,17892.1
8033816,9865.87,8879.28,9865.87,17892.1
8119206,15467.13,13920.42,15467.13,28056.46
11148,98159.95,98159.95,98159.95,157660
8140974,12041.78,12041.78,12041.78,25100
8140973,12041.78,12041.78,12041.78,25100
8140972,12041.78,12041.78,12041.78,25100
8140978,12041.78,12041.78,12041.78,25100
8140979,12041.78,12041.78,12041.78,25100
8140975,12041.78,12041.78,12041.78,25100
8140976,12041.78,12041.78,12041.78,25100
8140980,12041.78,12041.78,12041.78,25100
8140981,12041.78,12041.78,12041.78,25100
8140977,12041.78,12041.78,12041.78,25100
9994545,33514.42,33514.42,33514.42,45582.2
8008308,33514.42,33514.42,33514.42,45582.2
9991495,27440.63,27440.63,27440.63,37321.38
9998618,27440.63,27440.63,27440.63,37321.38
9998617,27440.63,27440.63,27440.63,37321.38
9991049,27440.63,27440.63,27440.63,37321.38
9991047,27440.63,27440.63,27440.63,37321.38
8136305,27440.63,27440.63,27440.63,37321.38
9991172,27440.63,27440.63,27440.63,37321.38
9991180,27440.63,27440.63,27440.63,37321.38
8016870,27440.63,27440.63,27440.63,37321.38
8137946,4670.16,3736.13,4670.16,6442
8137947,3160.33,2528.26,3160.33,4360
6270010,2959.51,2959.51,2959.51,
8123115,2990.63,2990.63,2990.63,4574
8123117,5207.78,5207.78,5207.78,7964
8123116,3672.66,3672.66,3672.66,5617
8123107,4756.29,4756.29,4756.29,7274
8123108,6209.61,6209.61,6209.61,9496
8123119,4556.54,4556.54,4556.54,6968
8123118,3447.69,3447.69,3447.69,5273
8124764,5654.88,5654.88,5654.88,8648
8016930,1813.68,1813.68,1813.68,2774
8020923,1813.68,1813.68,1813.68,2774
6032585,1813.68,1813.68,1813.68,2774
8020456,1813.68,1813.68,1813.68,2774
8019122,1813.68,1813.68,1813.68,2774
8121443,4668.79,4668.79,4668.79,7140
8121444,6097.61,5182.97,6097.61,9325
8121445,3206.46,3206.46,3206.46,4904
8120868,2487.52,2487.52,2487.52,3804
8120869,4328.44,3679.17,4328.44,6620
8120870,5651.39,5651.39,5651.39,8643
8120867,2064.92,2064.92,2064.92,3158
8034217,2130.36,2130.36,2130.36,
8039804,6288.2,6288.2,6288.2,9500
8016023,7082.5,7082.5,7082.5,10700
8002138,7082.5,7082.5,7082.5,10700
8118808,2912.43,2912.43,2912.43,4400
8142000,35467.66,35467.66,35467.66,54990
8139858,16118.15,16118.15,16118.15,24990
8143682,29017.83,29017.83,29017.83,44990
8143680,38692.58,38692.58,38692.58,59990
8141999,29017.83,29017.83,29017.83,44990
8139855,12893.23,12893.23,12893.23,19990
8139859,22567.98,22567.98,22567.98,34990
8143677,51592.26,51592.26,51592.26,79990
8139860,32242.75,32242.75,32242.75,49990
8139857,12893.23,12893.23,12893.23,19990
8141998,38692.58,38692.58,38692.58,59990
8142174,25792.91,25792.91,25792.91,39990
8139856,14828.18,14828.18,14828.18,22990
8139537,15434.8,15434.8,15434.8,23320.88
8143456,15434.8,15434.8,15434.8,23320.88
8143457,15434.8,15434.8,15434.8,23320.88
8136795,11563.95,9829.36,11563.95,17472.29
8007806,10776.45,10776.45,10776.45,16282.45
8143198,15729.45,15729.45,15729.45,23766.07
8009719,22965.44,22965.44,22965.44,34699.15
8136567,3574.22,3574.22,3574.22,5400.39
8136794,11563.95,9829.36,11563.95,17472.29
8143194,15729.45,15729.45,15729.45,23766.07
8130810,22965.44,22965.44,22965.44,34699.15
8136566,3574.22,3574.22,3574.22,5400.39
8139391,9914.04,9914.04,9914.04,14979.41
8143202,11563.95,9829.36,11563.95,17472.29
8143203,3216.8,3216.8,3216.8,4860.35
8136796,11563.95,9829.36,11563.95,17472.29
8007807,10776.45,10776.45,10776.45,16282.45
8143199,15729.45,15729.45,15729.45,23766.07
8130811,18727.83,18727.83,18727.83,28296.42
8136797,22965.44,22965.44,22965.44,34699.15
8136568,3574.22,3574.22,3574.22,5400.39
8130809,11563.95,9829.36,11563.95,17472.29
8143200,15729.45,15729.45,15729.45,23766.07
8136798,22965.44,22965.44,22965.44,34699.15
8136569,3574.22,3574.22,3574.22,5400.39
8135400,11563.95,9829.36,11563.95,17472.29
8143201,15729.45,15729.45,15729.45,23766.07
8136799,22965.44,22965.44,22965.44,34699.15
8121266,10231.34,10231.34,10231.34,15458.83
8136098,27701.59,27701.59,27701.59,41855.12
8136097,27863.01,27863.01,27863.01,42099.01
8142116,9889.98,7911.98,9889.98,14943.05
8138807,26163.95,26163.95,26163.95,39531.87
8142117,9889.98,7911.98,9889.98,14943.05
8136099,27701.73,27701.73,27701.73,41855.33
8042550,19909.6,19909.6,19909.6,30081.99
8112967,12129.55,12129.55,12129.55,18326.87
8112961,30692.42,30692.42,30692.42,46374.04
8038967,19909.6,19909.6,19909.6,30081.99
8042761,30692.42,30692.42,30692.42,46374.04
8116747,17132.41,10279.45,17132.41,21466
8042540,19414.84,19414.84,19414.84,29334.42
8116887,17132.48,10279.49,17132.48,21466
8042551,19909.6,19909.6,19909.6,30081.99
8112968,12129.51,12129.51,12129.51,18326.82
8112964,30692.42,30692.42,30692.42,46374.04
8042552,19909.6,19909.6,19909.6,30081.99
8112969,12129.51,12129.51,12129.51,18326.82
8112965,30692.42,30692.42,30692.42,46374.04
8122281,30692.42,30692.42,30692.42,46374.04
8136804,2524.99,2524.99,2524.99,3815.09
8121265,1426.86,1426.86,1426.86,2155.88
8006945,9885.92,9885.92,9885.92,14936.91
8124185,9885.92,9885.92,9885.92,14936.91
8112970,9885.92,9885.92,9885.92,14936.91
8010537,3078,3078,3078,4650.65
8027677,216.52,216.52,216.52,312.8
8135398,37733.13,37733.13,37733.13,57012.07
8127860,22873.67,19442.62,22873.67,34560.5
8127864,35305.96,35305.96,35305.96,53344.78
8127859,22873.24,19442.25,22873.24,34559.83
8127863,35305.96,35305.96,35305.96,53344.78
8127856,17485.63,14862.79,17485.63,21909
8127855,22552.31,22552.31,22552.31,34074.92
8127858,17485.63,10491.38,17485.63,21909
8127861,22873.67,19442.62,22873.67,34560.5
8127865,35305.96,35305.96,35305.96,53344.78
8127862,22873.67,19442.62,22873.67,34560.5
8127866,35305.96,35305.96,35305.96,53344.78
8143193,22873.67,19442.62,22873.67,34560.5
8127867,35305.96,35305.96,35305.96,53344.78
8142745,10873.84,10873.84,10873.84,16429.59
8142750,15729.45,15729.45,15729.45,23766.07
8116295,16062.44,16062.44,16062.44,24269.19
8142744,10873.84,10873.84,10873.84,16429.59
8116763,12038.59,12038.59,12038.59,18189.45
8142749,15729.45,15729.45,15729.45,23766.07
8116294,16062.44,16062.44,16062.44,24269.19
8116759,3888.74,3888.74,3888.74,5875.61
8116757,10593.02,10593.02,10593.02,16005.28
8142743,10873.84,10873.84,10873.84,16429.59
8116756,15603.85,15603.85,15603.85,23576.3
8142746,10873.84,10873.84,10873.84,16429.59
8142751,15729.45,15729.45,15729.45,23766.07
8116296,16062.44,16062.44,16062.44,24269.19
8142747,10873.84,10873.84,10873.84,16429.59
8123569,12038.99,12038.99,12038.99,18190.06
8142752,15729.45,15729.45,15729.45,23766.07
8116299,16062.44,16062.44,16062.44,24269.19
8142748,10873.84,10873.84,10873.84,16429.59
8142753,15729.45,15729.45,15729.45,23766.07
8122282,16062.44,16062.44,16062.44,24269.19
8015066,10973.33,9327.33,10973.33,16579.93
8136803,4500.2,4500.2,4500.2,6799.5
9999480,29.64,29.64,29.64,
8116755,5237.09,4713.38,5237.09,7912.88
8143272,2944.89,1766.93,2944.89,4449.51
8130469,13630.02,13630.02,13630.02,20593.99
8136096,6882.45,5850.08,6882.45,10398.89
8040471,6351.68,6351.68,6351.68,9596.92
8040472,8444.49,8444.49,8444.49,12759.02
8024105,6167.03,6167.03,6167.03,9317.93
8024106,11267.65,11267.65,11267.65,17024.6
8116791,3549.86,3549.86,3549.86,5363.58
8116753,7256.07,7256.07,7256.07,10963.41
8000861,2944.89,2944.89,2944.89,4449.51
8112196,146501.85,146501.85,146501.85,220290
8112197,198847.22,198847.22,198847.22,299000
8141673,226246.9,226246.9,226246.9,340200
8010799,154755.01,154755.01,154755.01,232700
8133416,177964.94,177964.94,177964.94,267600
8133415,137497.2,137497.2,137497.2,206750
8123080,139326.06,139326.06,139326.06,209500
8141672,146036.32,146036.32,146036.32,219590
8120521,171447.53,171447.53,171447.53,257800
8133272,153258.67,153258.67,153258.67,230450
8132850,58838.01,58838.01,58838.01,84245.95
8132851,54447.12,54447.12,54447.12,77958.94
8131024,30740.89,30740.89,30740.89,49188.26
8138057,74989.49,74989.49,74989.49,119990
8132025,12875.06,12875.06,12875.06,20698.15
8132015,12875.06,12875.06,12875.06,20698.15
8132018,12875.06,12875.06,12875.06,20698.15
8132022,12875.06,12875.06,12875.06,20698.15
8132026,12875.06,12875.06,12875.06,20698.15
8132016,12875.06,12875.06,12875.06,20698.15
8132020,12875.06,12875.06,12875.06,20698.15
8132027,12875.06,12875.06,12875.06,20698.15
8132017,12875.06,12875.06,12875.06,20698.15
8109469,2496.11,2496.11,2496.11,3754
8137894,27926.9,22341.52,27926.9,40300
8143980,39254.38,39254.38,39254.38,52600
8137893,9216.57,7373.26,9216.57,13300
8037826,4692.93,4692.93,4692.93,7300
8139681,5987.3,3592.38,5987.3,10400
8037830,4692.93,4692.93,4692.93,7300
8126285,4692.93,4692.93,4692.93,7300
8037828,4692.93,4692.93,4692.93,7300
8041794,4692.93,4692.93,4692.93,7300
8136745,4692.93,4692.93,4692.93,7300
8119279,1414.3,1131.44,1414.3,2200
8002900,1414.3,1131.44,1414.3,2200
6300187,2533.1,2533.1,2533.1,4400
6300186,2533.1,2533.1,2533.1,4400
8139677,4893.47,4893.47,4893.47,8500
6033476,1607.17,1607.17,1607.17,2500
6033477,1607.17,1607.17,1607.17,2500
8119278,1607.17,1607.17,1607.17,2500
8119280,1800.03,1800.03,1800.03,2800
8119281,1800.03,1800.03,1800.03,2800
8139675,3857.2,2314.32,3857.2,6700
8139674,3857.2,3857.2,3857.2,6700
8139676,3857.2,3857.2,3857.2,6700
8038050,2307.9,2307.9,2307.9,3590
6033474,4281.5,4281.5,4281.5,6660
8139683,4663.2,3730.56,4663.2,8100
8037840,4049.49,4049.49,4049.49,7034
8139684,4663.2,3730.56,4663.2,8100
8037838,4439.82,4439.82,4439.82,7712
8139685,4663.2,3730.56,4663.2,8100
8037841,8693.1,8693.1,8693.1,15100
8037842,8693.1,8693.1,8693.1,15100
8119275,5469.17,5469.17,5469.17,9500
8119271,2878.51,2878.51,2878.51,5000
8119273,4951.05,4951.05,4951.05,8600
8119276,4375.34,4375.34,4375.34,7600
8119274,5469.17,5469.17,5469.17,9500
8119270,2878.51,2878.51,2878.51,5000
8119272,4951.05,4951.05,4951.05,8600
6033398,2764.33,2211.46,2764.33,4300
6033397,2764.33,2211.46,2764.33,4300
6033399,2764.33,2211.46,2764.33,4300
6033400,2764.33,2211.46,2764.33,4300
6033401,2764.33,2211.46,2764.33,4300
6033423,2764.33,2211.46,2764.33,4300
6033402,2764.33,2211.46,2764.33,4300
6033407,2764.33,2211.46,2764.33,4300
6033408,2764.33,2211.46,2764.33,4300
6033429,2764.33,2211.46,2764.33,4300
6033413,2764.33,2211.46,2764.33,4300
6033415,2764.33,2211.46,2764.33,4300
6530464,2764.33,2211.46,2764.33,4300
6033403,2764.33,2211.46,2764.33,4300
6033409,2764.33,2211.46,2764.33,4300
6033430,2764.33,2211.46,2764.33,4300
6033416,2764.33,2211.46,2764.33,4300
6030468,2764.33,2211.46,2764.33,4300
6033404,2764.33,2211.46,2764.33,4300
6033419,2764.33,2211.46,2764.33,4300
6033431,2764.33,2211.46,2764.33,4300
6033405,2764.33,2211.46,2764.33,4300
6033410,2764.33,2211.46,2764.33,4300
6530465,2764.33,2211.46,2764.33,4300
8002904,2764.33,2211.46,2764.33,4300
8002896,2764.33,2211.46,2764.33,4300
8024812,2764.33,2211.46,2764.33,4300
8109916,2764.33,2211.46,2764.33,4300
8109915,2764.33,2211.46,2764.33,4300
8032145,2764.33,2211.46,2764.33,4300
8112037,5037.4,5037.4,5037.4,8750
8014271,5037.4,3778.05,5037.4,8750
6033480,5037.4,3778.05,5037.4,8750
8139678,4893.47,4893.47,4893.47,8500
8037835,4145.05,4145.05,4145.05,7200
8037836,4087.49,4087.49,4087.49,7100
8139682,8693.1,8693.1,8693.1,15100
8037825,4692.93,4692.93,4692.93,7300
8037829,4692.93,4692.93,4692.93,7300
8126284,4692.93,4692.93,4692.93,7300
8037827,4692.93,4692.93,4692.93,7300
8136744,4692.93,4692.93,4692.93,7300
6033483,3108.8,3108.8,3108.8,5400
8031461,6332.73,6332.73,6332.73,11000
8134734,2941.29,2647.16,2941.29,6662.33
8132411,4902.98,4412.68,4902.98,11105.75
8134735,2941.29,2647.16,2941.29,6662.33
8132410,6742.06,6067.85,6742.06,15271.45
8134745,4011.42,3610.28,4011.42,9086.27
6298039,3230.29,3230.29,3230.29,4700
8133175,45239.99,45239.99,45239.99,69920.33
8139383,56378.57,56378.57,56378.57,87135.49
8133174,68001.89,68001.89,68001.89,105099.81
8124235,35362.62,35362.62,35362.62,54654.43
8134273,49462.93,49462.93,49462.93,76447.07
8134274,89673.99,89673.99,89673.99,138594.97
8132272,52114.76,52114.76,52114.76,80545.59
8138814,52114.76,52114.76,52114.76,80545.59
8128094,39843.25,39843.25,39843.25,61579.44
8030761,49462.93,49462.93,49462.93,76447.07
8025534,52114.76,52114.76,52114.76,80545.59
8126952,61674.28,61674.28,61674.28,95320.23
8009395,39191.64,39191.64,39191.64,60572.36
8000998,61498.32,61498.32,61498.32,95048.28
8010170,35737.23,35737.23,35737.23,55233.41
8010729,52633.55,52633.55,52633.55,81347.39
8133176,55701.99,55701.99,55701.99,86089.81
8031620,44326.15,44326.15,44326.15,68507.96
8141079,31130.59,31130.59,31130.59,48113.65
8142680,57484.26,57484.26,57484.26,88844.37
8142681,57484.26,57484.26,57484.26,88844.37
8142682,57484.26,57484.26,57484.26,88844.37
8142683,57484.26,57484.26,57484.26,88844.37
8142684,57484.26,57484.26,57484.26,88844.37
8025012,82127.18,82127.18,82127.18,126931.06
8138934,82127.18,82127.18,82127.18,126931.06
8017393,48780.68,48780.68,48780.68,75392.62
8143672,55555.55,55555.55,55555.55,85863.48
8143750,43989,43989,43989,67987
8141899,63634.77,63634.77,63634.77,98350.25
8014640,49392.55,49392.55,49392.55,76338.3
8139412,63634.77,63634.77,63634.77,98350.25
8019648,40826.33,40826.33,40826.33,63098.84
8024187,40826.33,40826.33,40826.33,63098.84
8024188,37161.91,37161.91,37161.91,57435.31
8017391,49136,49136,49136,75941.78
8014825,49136,49136,49136,75941.78
8139384,47877.06,47877.06,47877.06,73996.04
8143751,51220.22,51220.22,51220.22,79162
8124237,47520.61,47520.61,47520.61,73445.12
8124236,53987.84,53987.84,53987.84,83440.51
8037151,53987.84,53987.84,53987.84,83440.51
8129023,53987.84,53987.84,53987.84,83440.51
8135861,55059.47,55059.47,55059.47,85096.76
8140077,53987.84,53987.84,53987.84,83440.51
8133500,41905.91,41905.91,41905.91,64767.37
8138893,53988.98,53988.98,53988.98,83442.27
8138894,63556.44,63556.44,63556.44,98229.19
8140563,63556.44,63556.44,63556.44,98229.19
8111011,49896.58,49896.58,49896.58,77117.29
8036019,55555.55,55555.55,55555.55,85863.48
8039130,60184.9,60184.9,60184.9,93018.33
8031622,61832.07,61832.07,61832.07,95564.11
8039998,61832.07,61832.07,61832.07,95564.11
8134837,43989,43989,43989,67986.88
8041982,19246.18,19246.18,19246.18,29745.79
8143748,60176.95,60176.95,60176.95,93006
8036951,60176.95,60176.95,60176.95,93006.05
8036022,79202.9,79202.9,79202.9,122411.47
8138812,41878.66,41878.66,41878.66,64725.26
8138811,49267.68,49267.68,49267.68,76145.3
8031103,47877.06,47877.06,47877.06,73996.04
8036110,53506.52,53506.52,53506.52,82696.6
8120343,59247.22,59247.22,59247.22,91569.11
8036107,76616.92,76616.92,76616.92,118414.71
8133501,58865.8,58865.8,58865.8,90979.6
8139400,58865.8,58865.8,58865.8,90979.6
8138813,58865.8,58865.8,58865.8,90979.6
8133502,58865.8,58865.8,58865.8,90979.6
8019649,58865.8,58865.8,58865.8,90979.6
8036020,63439.52,63439.52,63439.52,98048.48
8129337,58865.8,58865.8,58865.8,90979.6
9999569,66480.72,66480.72,66480.72,102748.78
9999566,66480.72,66480.72,66480.72,102748.78
8009773,62123.82,62123.82,62123.82,96015.01
8009774,62123.82,62123.82,62123.82,96015.01
8009775,62123.82,62123.82,62123.82,96015.01
8031105,31026.15,31026.15,31026.15,47952.24
8031104,93574.54,93574.54,93574.54,144623.44
8117446,31756.08,31756.08,31756.08,49080.38
8036941,56378.57,56378.57,56378.57,87135.49
8110265,17684.15,17684.15,17684.15,27331.6
8115206,37602.36,37602.36,37602.36,58116.06
8025011,54967.52,54967.52,54967.52,84954.64
8025010,34050.32,34050.32,34050.32,52626.23
8041164,41618.7,41618.7,41618.7,64323.48
8025533,70834.21,70834.21,70834.21,109477.29
8120531,13933.44,13933.44,13933.44,21534.73
8137532,13933.44,13933.44,13933.44,21534.73
8137530,13933.44,13933.44,13933.44,21534.73
8137531,13933.44,13933.44,13933.44,21534.73
8042622,34588.41,34588.41,34588.41,53457.86
8010351,70149.68,70149.68,70149.68,108419.33
8138778,45095.82,45095.82,45095.82,69697.51
8025532,64218.26,64218.26,64218.26,99252.07
8020871,68030.27,68030.27,68030.27,105143.68
8003935,56700.97,56700.97,56700.97,87633.77
8043438,34314.83,34314.83,34314.83,53035.03
9999565,52476.89,52476.89,52476.89,81105.27
8032276,77652.22,77652.22,77652.22,120014.82
8034569,64866.46,64866.46,64866.46,100253.88
8017389,49897.72,49897.72,49897.72,77119.05
8017390,47828.25,47828.25,47828.25,73920.59
8138810,40774.11,40774.11,40774.11,63018.13
8038996,49714.95,49714.95,49714.95,76836.57
8122717,38830.65,38830.65,38830.65,60014.43
8032275,150689.85,150689.85,150689.85,232897.59
8042495,150689.85,150689.85,150689.85,232897.59
8121843,79683.09,79683.09,79683.09,123153.62
8139557,55779.19,55779.19,55779.19,86209.11
8139556,53385.05,53385.05,53385.05,82508.87
8039039,54704.15,54704.15,54704.15,84547.6
8039044,98988.3,98988.3,98988.3,152990.65
8039041,51024.97,51024.97,51024.97,78861.27
8110313,31266.81,31266.81,31266.81,48324.19
8115209,90798.97,90798.97,90798.97,140333.68
8134542,78637.57,78637.57,78637.57,121537.72
8130614,82363.3,82363.3,82363.3,127295.99
8128215,82363.3,82363.3,82363.3,127295.99
8128216,82363.3,82363.3,82363.3,127295.99
8130615,66679.38,66679.38,66679.38,103055.82
8128217,66679.38,66679.38,66679.38,103055.82
8128218,66679.38,66679.38,66679.38,103055.82
8041340,12811.87,12811.87,12811.87,19801.29
8041341,44342.05,44342.05,44342.05,68532.52
8041339,105716.64,105716.64,105716.64,163389.57
8133173,97649.9,97649.9,97649.9,150922.09
8133172,115984.52,115984.52,115984.52,179259.02
8122715,42095.49,42095.49,42095.49,65060.37
8122716,105265.96,105265.96,105265.96,162693.03
8139382,117205.99,117205.99,117205.99,181146.86
8129722,129000.72,129000.72,129000.72,199376.12
8134543,96212.74,96212.74,96212.74,148700.89
8119703,105716.64,105716.64,105716.64,163389.57
8137721,9754.95,6828.47,9754.95,12200
8137720,25917.27,25917.27,25917.27,37400
8137723,9754.95,9754.95,9754.95,12200
8143973,29424.8,29424.8,29424.8,36800
8143974,29424.8,29424.8,29424.8,36800
8143975,29424.8,29424.8,29424.8,36800
8137725,9754.95,6828.47,9754.95,12200
8143972,40746.95,40746.95,40746.95,54600
8137727,9754.95,6828.47,9754.95,12200
8137896,9285.87,6500.11,9285.87,13400
8143971,27910.9,27910.9,27910.9,37400
8137728,9754.95,6828.47,9754.95,12200
8116691,139779.5,139779.5,139779.5,240000
8124837,98428.06,98428.06,98428.06,169000
8124839,166570.57,166570.57,166570.57,286000
8122840,0.01,0.01,0.01,0.01
8115093,2604.15,2604.15,2604.15,4134
8021038,2942.44,2942.44,2942.44,4317
8122897,2942.44,2942.44,2942.44,4317
8040641,2942.44,2942.44,2942.44,4317
8002220,2942.44,2942.44,2942.44,4317
8002229,2942.44,2942.44,2942.44,4317
8031202,2168.23,2168.23,2168.23,3737
8038593,799.18,799.18,799.18,1264
8031203,2168.23,2168.23,2168.23,3737
8016040,5115.21,3580.65,5115.21,8109
8112591,5115.21,3580.65,5115.21,8109
8016063,5115.21,3580.65,5115.21,8109
8016041,5115.21,3580.65,5115.21,8109
8016042,5115.21,3580.65,5115.21,8109
8016043,5115.21,3580.65,5115.21,8109
8016044,5115.21,3580.65,5115.21,8109
8016046,5115.21,3580.65,5115.21,8109
8016048,5115.21,3580.65,5115.21,8109
8016049,5115.21,3580.65,5115.21,8109
8016050,5115.21,3580.65,5115.21,8109
8016051,5115.21,3580.65,5115.21,8109
8016052,5115.21,3580.65,5115.21,8109
8016053,5115.21,3580.65,5115.21,8109
8016054,5115.21,3580.65,5115.21,8109
8016056,5115.21,3580.65,5115.21,8109
8016057,5115.21,3580.65,5115.21,8109
8016058,5115.21,3580.65,5115.21,8109
8016059,5115.21,3580.65,5115.21,8109
8112590,5115.21,3580.65,5115.21,8109
8016061,5115.21,3580.65,5115.21,8109
8016062,5115.21,3580.65,5115.21,8109
6033432,4526.04,3394.53,4526.04,6778
8001158,4526.04,3394.53,4526.04,6778
6033458,4526.04,3394.53,4526.04,6778
6033448,4526.04,3394.53,4526.04,6778
6033433,4526.04,3394.53,4526.04,6778
6033434,4526.04,3394.53,4526.04,6778
6033435,4526.04,3394.53,4526.04,6778
6033443,4526.04,3394.53,4526.04,6778
8000165,4526.04,3394.53,4526.04,6778
6033449,4526.04,3394.53,4526.04,6778
6033454,4526.04,3394.53,4526.04,6778
6033436,4526.04,3394.53,4526.04,6778
6033444,4526.04,3394.53,4526.04,6778
6536005,4526.04,3394.53,4526.04,6778
8000166,4526.04,3394.53,4526.04,6778
6033437,4526.04,3394.53,4526.04,6778
6033445,4526.04,3394.53,4526.04,6778
6033450,4526.04,3394.53,4526.04,6778
8001162,4526.04,3394.53,4526.04,6778
6033438,4526.04,3394.53,4526.04,6778
6033446,4526.04,3394.53,4526.04,6778
6033451,4526.04,3394.53,4526.04,6778
8000167,4526.04,3394.53,4526.04,6778
6033439,4526.04,3394.53,4526.04,6778
6033447,4526.04,3394.53,4526.04,6778
8040432,7118.84,7118.84,7118.84,11620
8040447,7118.84,7118.84,7118.84,11620
8040433,7118.84,7118.84,7118.84,11620
8040434,7118.84,7118.84,7118.84,11620
8040435,7118.84,7118.84,7118.84,11620
8040436,7118.84,7118.84,7118.84,11620
8040437,7118.84,7118.84,7118.84,11620
8040438,7118.84,7118.84,7118.84,11620
8040439,7118.84,7118.84,7118.84,11620
8040440,7118.84,7118.84,7118.84,11620
8040445,7118.84,7118.84,7118.84,11620
8040442,7118.84,7118.84,7118.84,11620
8040441,7118.84,7118.84,7118.84,11620
8040443,7118.84,7118.84,7118.84,11620
8040444,7118.84,7118.84,7118.84,11620
8040446,7118.84,7118.84,7118.84,11620
8123400,4000.44,4000.44,4000.44,7028
8119199,4000.44,4000.44,4000.44,7028
8011610,4000.44,4000.44,4000.44,7028
6033472,3293.22,3293.22,3293.22,4868
6033473,6619.35,6619.35,6619.35,11531
8135387,4045.85,3034.39,4045.85,5678
8129055,4045.85,3034.39,4045.85,5678
8129053,4045.85,3034.39,4045.85,5678
8135388,4045.85,3034.39,4045.85,5678
8129054,4045.85,3034.39,4045.85,5678
8135386,4045.85,3034.39,4045.85,5678
8123231,2470.2,2470.2,2470.2,4078
8123234,2470.2,2470.2,2470.2,4078
8123230,2470.2,2470.2,2470.2,4078
8123232,2470.2,2470.2,2470.2,4078
8123233,2470.2,2470.2,2470.2,4078
8130512,5115.21,5115.21,5115.21,8109
8130518,5115.21,5115.21,5115.21,8109
8130513,5115.21,5115.21,5115.21,8109
8130524,5115.21,5115.21,5115.21,8109
8130514,5115.21,5115.21,5115.21,8109
8130519,5115.21,5115.21,5115.21,8109
8130525,5115.21,5115.21,5115.21,8109
8130520,5115.21,5115.21,5115.21,8109
8130515,5115.21,5115.21,5115.21,8109
8130526,5115.21,5115.21,5115.21,8109
8130522,5115.21,5115.21,5115.21,8109
8130516,5115.21,5115.21,5115.21,8109
8130527,5115.21,5115.21,5115.21,8109
8130523,5115.21,5115.21,5115.21,8109
8130517,5115.21,5115.21,5115.21,8109
8135658,7625.19,7625.19,7625.19,10531
8135659,9356.37,9356.37,9356.37,13026
6295355,2373.24,2373.24,2373.24,
8114611,5450.35,5450.35,5450.35,12345.61
8035394,4680.17,4680.17,4680.17,10601.07
8029380,7466.65,7466.65,7466.65,16912.73
8029381,7466.65,7466.65,7466.65,16912.73
8029382,7466.65,7466.65,7466.65,16912.73
8127567,6681.98,6681.98,6681.98,15135.37
8127568,6681.98,6681.98,6681.98,15135.37
8127569,6681.98,6681.98,6681.98,15135.37
8127570,6681.98,6681.98,6681.98,15135.37
8029377,6119.12,6119.12,6119.12,13860.41
8029378,6119.12,6119.12,6119.12,13860.41
8029379,6119.12,6119.12,6119.12,13860.41
8136839,5455.93,5455.93,5455.93,12358.24
8132422,5455.93,5455.93,5455.93,12358.24
8115504,5455.93,5455.93,5455.93,12358.24
8115503,5455.93,5455.93,5455.93,12358.24
8038830,3788.5,3788.5,3788.5,8581.34
8132424,3788.5,3788.5,3788.5,8581.34
8038825,3788.5,3788.5,3788.5,8581.34
8132426,3788.5,3788.5,3788.5,8581.34
8038826,3788.5,3788.5,3788.5,8581.34
8038832,3788.5,3788.5,3788.5,8581.34
8038831,3788.5,3788.5,3788.5,8581.34
8132435,6681.98,6681.98,6681.98,15135.37
8132437,6681.98,6681.98,6681.98,15135.37
8132436,6681.98,6681.98,6681.98,15135.37
8124622,6007.65,6007.65,6007.65,13607.94
8038692,4680.17,4680.17,4680.17,10601.07
8041492,1002.02,1002.02,1002.02,2269.67
8113566,24756.45,24756.45,24756.45,56075.88
8113567,24756.45,24756.45,24756.45,56075.88
8113585,8749.94,8749.94,8749.94,19819.51
8122496,6119.12,6119.12,6119.12,13860.41
8122494,6119.12,6119.12,6119.12,13860.41
8122495,6119.12,6119.12,6119.12,13860.41
8029384,4902.98,4902.98,4902.98,11105.75
8029383,4582.22,4582.22,4582.22,10379.2
8029385,5450.35,5450.35,5450.35,12345.61
8029387,2218.04,2218.04,2218.04,5024.08
8029386,2218.04,2218.04,2218.04,5024.08
8029388,2218.04,2218.04,2218.04,5024.08
8136837,7801.03,7801.03,7801.03,17670.13
8136838,7801.03,7801.03,7801.03,17670.13
8136836,7355.19,7355.19,7355.19,16660.26
8127002,5561.81,5561.81,5561.81,12598.08
8127004,5561.81,5561.81,5561.81,12598.08
8127003,5561.81,5561.81,5561.81,12598.08
8126999,5561.81,5561.81,5561.81,12598.08
8029343,5571.85,5571.85,5571.85,12620.8
8029346,2005.15,2005.15,2005.15,4541.87
8029344,5516,5516,5516,12494.31
8132421,5571.85,5571.85,5571.85,12620.8
8029345,5014.55,5014.55,5014.55,11358.47
8038693,4791.63,4791.63,4791.63,10853.53
8029336,1670.77,1670.77,1670.77,3784.47
8029337,1670.77,1670.77,1670.77,3784.47
8029339,1670.77,1670.77,1670.77,3784.47
8029338,1670.77,1670.77,1670.77,3784.47
8113552,1559.31,1559.31,1559.31,3532.01
8029202,1559.31,1559.31,1559.31,3532.01
8122548,1559.31,1559.31,1559.31,3532.01
8122554,1559.31,1559.31,1559.31,3532.01
8122550,1559.31,1559.31,1559.31,3532.01
8122547,1559.31,1559.31,1559.31,3532.01
8041518,1559.31,1559.31,1559.31,3532.01
8041517,1559.31,1559.31,1559.31,3532.01
8122546,1559.31,1559.31,1559.31,3532.01
8122553,1559.31,1559.31,1559.31,3532.01
8029203,1559.31,1559.31,1559.31,3532.01
8029330,1559.31,1559.31,1559.31,3532.01
8029331,1559.31,1559.31,1559.31,3532.01
8113548,1559.31,1559.31,1559.31,3532.01
8113547,1559.31,1559.31,1559.31,3532.01
8113554,1559.31,1559.31,1559.31,3532.01
8113555,1559.31,1559.31,1559.31,3532.01
8113550,1559.31,1559.31,1559.31,3532.01
8113553,1559.31,1559.31,1559.31,3532.01
8113557,1559.31,1559.31,1559.31,3532.01
8115450,1559.31,1559.31,1559.31,3532.01
8113556,1559.31,1559.31,1559.31,3532.01
8113549,1559.31,1559.31,1559.31,3532.01
8113551,1559.31,1559.31,1559.31,3532.01
8115455,1559.31,1559.31,1559.31,3532.01
8115452,1559.31,1559.31,1559.31,3532.01
8113546,1559.31,1559.31,1559.31,3532.01
8029201,1559.31,1559.31,1559.31,3532.01
8029323,1559.31,1559.31,1559.31,3532.01
8029322,1559.31,1559.31,1559.31,3532.01
8029319,1559.31,1559.31,1559.31,3532.01
8029204,1559.31,1559.31,1559.31,3532.01
8029205,1559.31,1559.31,1559.31,3532.01
8029206,1559.31,1559.31,1559.31,3532.01
8029320,1559.31,1559.31,1559.31,3532.01
8029321,1559.31,1559.31,1559.31,3532.01
8029329,1559.31,1559.31,1559.31,3532.01
8029327,1559.31,1559.31,1559.31,3532.01
8029328,1559.31,1559.31,1559.31,3532.01
8029326,1559.31,1559.31,1559.31,3532.01
8029324,1559.31,1559.31,1559.31,3532.01
8029325,1559.31,1559.31,1559.31,3532.01
8041513,1559.31,1559.31,1559.31,3532.01
8041514,1559.31,1559.31,1559.31,3532.01
8029332,1559.31,1559.31,1559.31,3532.01
8029334,1559.31,1559.31,1559.31,3532.01
8029335,1559.31,1559.31,1559.31,3532.01
8029022,2707.31,2707.31,2707.31,6132.34
8115461,2707.31,2707.31,2707.31,6132.34
8115462,2707.31,2707.31,2707.31,6132.34
8115463,2707.31,2707.31,2707.31,6132.34
8115466,2707.31,2707.31,2707.31,6132.34
8029020,2707.31,2707.31,2707.31,6132.34
8029024,2707.31,2707.31,2707.31,6132.34
8115465,2707.31,2707.31,2707.31,6132.34
8115464,2707.31,2707.31,2707.31,6132.34
8115460,2707.31,2707.31,2707.31,6132.34
8115467,2707.31,2707.31,2707.31,6132.34
8029017,3889.93,3889.93,3889.93,8811.08
8113540,1224.93,1224.93,1224.93,2774.61
8113536,1224.93,1224.93,1224.93,2774.61
8113538,1224.93,1224.93,1224.93,2774.61
8113537,1224.93,1224.93,1224.93,2774.61
8113539,1224.93,1224.93,1224.93,2774.61
8113541,1224.93,1224.93,1224.93,2774.61
8132418,4457.26,4457.26,4457.26,10096.14
8132419,4457.26,4457.26,4457.26,10096.14
8132417,4457.26,4457.26,4457.26,10096.14
8132420,4457.26,4457.26,4457.26,10096.14
8132416,4457.26,4457.26,4457.26,10096.14
8041495,9983.41,9983.41,9983.41,22613.45
8029333,5567.38,5567.38,5567.38,12610.7
8127563,6119.12,6119.12,6119.12,13860.41
8124624,6119.12,6119.12,6119.12,13860.41
8124623,6119.12,6119.12,6119.12,13860.41
8132438,5004.52,5004.52,5004.52,11335.75
8134095,5004.52,5004.52,5004.52,11335.75
8132412,5455.93,5455.93,5455.93,12358.24
8136834,5455.93,5455.93,5455.93,12358.24
8136835,5455.93,5455.93,5455.93,12358.24
8132413,5455.93,5455.93,5455.93,12358.24
8132415,5455.93,5455.93,5455.93,12358.24
8132414,5455.93,5455.93,5455.93,12358.24
8129540,5004.52,5004.52,5004.52,11335.75
8121822,5004.52,5004.52,5004.52,11335.75
8121823,5004.52,5004.52,5004.52,11335.75
8029360,2218.04,2218.04,2218.04,5024.08
8031809,2218.04,2218.04,2218.04,5024.08
8029359,2218.04,2218.04,2218.04,5024.08
8029358,2218.04,2218.04,2218.04,5024.08
8029357,2218.04,2218.04,2218.04,5024.08
8029355,2218.04,2218.04,2218.04,5024.08
8031806,2218.04,2218.04,2218.04,5024.08
8029356,2218.04,2218.04,2218.04,5024.08
8031808,2218.04,2218.04,2218.04,5024.08
8122492,5004.52,5004.52,5004.52,11335.75
8127565,5516,5516,5516,12494.31
8121824,1960.57,1960.57,1960.57,4440.89
8121825,1960.57,1960.57,1960.57,4440.89
8113560,4457.26,4457.26,4457.26,10096.14
8113561,4457.26,4457.26,4457.26,10096.14
8113559,4457.26,4457.26,4457.26,10096.14
8121820,5126.01,5126.01,5126.01,11610.93
8031817,4903.1,4903.1,4903.1,11106
8031814,4903.1,4903.1,4903.1,11106
8031813,4289.96,4289.96,4289.96,9717.18
8031810,4903.1,4903.1,4903.1,11106
8031816,4903.1,4903.1,4903.1,11106
8136843,6681.98,6681.98,6681.98,15135.37
8136844,6681.98,6681.98,6681.98,15135.37
8113563,2780.9,2780.9,2780.9,6299.04
8113565,2780.9,2780.9,2780.9,6299.04
8113564,2780.9,2780.9,2780.9,6299.04
8113562,2780.9,2780.9,2780.9,6299.04
8115495,61498.74,61498.74,61498.74,139300.92
8033707,41650.33,41650.33,41650.33,94342.25
8033705,41650.33,41650.33,41650.33,94342.25
8033708,61498.74,61498.74,61498.74,139300.92
8033704,49022.44,49022.44,49022.44,111040.83
8029347,6119.12,6119.12,6119.12,13860.41
8138867,6681.98,6681.98,6681.98,15135.37
8127566,6129.04,6129.04,6129.04,13882.88
8127006,6119.12,6119.12,6119.12,13860.41
8029348,6119.12,6119.12,6119.12,13860.41
8121174,5004.52,5004.52,5004.52,11335.75
8132443,6119.12,6119.12,6119.12,13860.41
8132440,6119.12,6119.12,6119.12,13860.41
8132439,6119.12,6119.12,6119.12,13860.41
8132442,6119.12,6119.12,6119.12,13860.41
8132441,6119.12,6119.12,6119.12,13860.41
8121202,5004.52,5004.52,5004.52,11335.75
8121200,5004.52,5004.52,5004.52,11335.75
8121205,5004.52,5004.52,5004.52,11335.75
8121203,5004.52,5004.52,5004.52,11335.75
8121201,5004.52,5004.52,5004.52,11335.75
8121204,5004.52,5004.52,5004.52,11335.75
8121192,5004.52,5004.52,5004.52,11335.75
8121195,5004.52,5004.52,5004.52,11335.75
8121193,5004.52,5004.52,5004.52,11335.75
8121197,5004.52,5004.52,5004.52,11335.75
8121194,5004.52,5004.52,5004.52,11335.75
8127007,13369.53,13369.53,13369.53,30283.36
8132431,1002.02,1002.02,1002.02,2269.67
8132432,1002.02,1002.02,1002.02,2269.67
8132433,1002.02,1002.02,1002.02,2269.67
8132434,1002.02,1002.02,1002.02,2269.67
8132430,1113.48,1113.48,1113.48,2522.14
8132429,1113.48,1113.48,1113.48,2522.14
8132428,1113.48,1113.48,1113.48,2522.14
8132427,1113.48,1113.48,1113.48,2522.14
8136840,4891.95,4891.95,4891.95,11080.75
8136841,4891.95,4891.95,4891.95,11080.75
8136842,4891.95,4891.95,4891.95,11080.75
8127564,5516,5516,5516,12494.31
8027929,26723.46,26723.46,26723.46,60531.37
8027928,26723.46,26723.46,26723.46,60531.37
8040582,26723.46,26723.46,26723.46,60531.37
8027932,26723.46,26723.46,26723.46,60531.37
8040585,26723.46,26723.46,26723.46,60531.37
8029026,26723.46,26723.46,26723.46,60531.37
8040583,26723.46,26723.46,26723.46,60531.37
8029027,26723.46,26723.46,26723.46,60531.37
8121176,5004.52,5004.52,5004.52,11335.75
8127349,55068.82,55068.82,55068.82,81990
8013262,55068.82,55068.82,55068.82,81990
8110468,7345.16,6610.64,7345.16,16637.54
8123616,27036.43,27036.43,27036.43,45900
8140338,27036.43,27036.43,27036.43,45900
8131339,27036.43,27036.43,27036.43,45900
8123612,28803.52,28803.52,28803.52,48900
8131335,28803.52,28803.52,28803.52,48900
8140334,28803.52,28803.52,28803.52,48900
8131337,21146.14,21146.14,21146.14,35900
8121743,18554.41,18554.41,18554.41,31500
8121742,21146.14,21146.14,21146.14,35900
8140333,21146.14,21146.14,21146.14,35900
8131336,21146.14,21146.14,21146.14,35900
8121744,21146.14,21146.14,21146.14,35900
8121745,21146.14,21146.14,21146.14,35900
8121746,17611.97,17611.97,17611.97,29900
8121750,17611.97,17611.97,17611.97,29900
8121748,17611.97,17611.97,17611.97,29900
8140331,17611.97,17611.97,17611.97,29900
8140335,28803.52,28803.52,28803.52,48900
8131334,17611.97,17611.97,17611.97,29900
8131341,31159.63,31159.63,31159.63,52900
8140337,28803.52,28803.52,28803.52,48900
8136557,17611.97,17611.97,17611.97,29900
8136558,17611.97,17611.97,17611.97,29900
8136559,17611.97,17611.97,17611.97,29900
8136560,17611.97,17611.97,17611.97,29900
8136561,17611.97,17611.97,17611.97,29900
8136562,17611.97,17611.97,17611.97,29900
8131346,25858.37,25858.37,25858.37,43900
8131345,25858.37,25858.37,25858.37,43900
8136917,13613.71,13613.71,13613.71,23100
8136916,13613.71,13613.71,13613.71,23100
8136918,13613.71,13613.71,13613.71,23100
8136910,12363.45,8654.42,12363.45,20831.25
8136911,12363.45,12363.45,12363.45,20831.25
8136913,13582.06,11544.75,13582.06,22929.5
8136912,13582.06,11544.75,13582.06,22929.5
8136915,14199.43,12069.52,14199.43,23971.75
8136914,13582.06,13582.06,13582.06,22929.5
8140285,10058.45,8549.68,10058.45,15724.46
8140287,10058.45,10058.45,10058.45,15724.46
8140289,10058.45,8549.68,10058.45,15724.46
8140293,10058.45,10058.45,10058.45,15724.46
8140291,10058.45,8549.68,10058.45,15724.46
8140296,10058.45,10058.45,10058.45,15724.46
8140284,10058.45,8549.68,10058.45,15724.46
8140286,10058.45,10058.45,10058.45,15724.46
8140288,10058.45,8549.68,10058.45,15724.46
8140292,10058.45,10058.45,10058.45,15724.46
8140290,10058.45,8549.68,10058.45,15724.46
8140295,10058.45,10058.45,10058.45,15724.46
8016966,4597.44,4597.44,4597.44,7378.83
8022814,4678.33,4678.33,4678.33,7508.64
8022815,7260.09,7260.09,7260.09,11652.32
8028074,4597.44,4597.44,4597.44,7378.83
6039949,4465.8,4465.8,4465.8,7167.54
6039950,8438.24,6750.59,8438.24,13543.22
8024895,4465.8,3349.35,4465.8,7167.54
8024894,8438.3,8438.3,8438.3,13543.33
8115304,4597.44,4597.44,4597.44,7378.83
8143085,5721.9,5721.9,5721.9,9183.56
6030923,4200.82,4200.82,4200.82,6742.25
6030924,5721.9,5721.9,5721.9,9183.56
8141303,3363.35,3363.35,3363.35,5398.12
6533230,3363.35,3363.35,3363.35,5398.12
8141302,3363.35,3363.35,3363.35,5398.12
8022083,3992.24,3992.24,3992.24,6407.48
8139420,2380.63,1785.47,2380.63,3820.86
6030925,3180.57,3180.57,3180.57,5104.77
6030926,5396.29,5396.29,5396.29,8660.94
8022084,3924.22,3924.22,3924.22,6298.29
8126923,3784.67,3784.67,3784.67,6074.32
8026641,3784.67,3784.67,3784.67,6074.33
8137217,9826.54,9826.54,9826.54,15771.41
8137216,9826.54,9826.54,9826.54,15771.41
8009439,1413.81,1060.36,1413.81,2269.15
8023196,1413.81,1060.36,1413.81,2269.15
8009440,1413.81,1060.36,1413.81,2269.15
8030084,15142.68,15142.68,15142.68,24298.71
8139422,3248.83,3248.83,3248.83,5214.3
8019048,7260.08,7260.08,7260.08,11652.31
8016965,4597.46,4597.46,4597.46,7378.85
8022811,4678.34,4678.34,4678.34,7508.66
8022812,7260.08,7260.08,7260.08,11652.31
8009481,4597.46,4597.46,4597.46,7378.85
8116166,7260.11,7260.11,7260.11,11652.35
6039951,4465.83,4465.83,4465.83,7167.58
6039952,8438.21,6750.57,8438.21,13543.18
6309925,14268.6,14268.6,14268.6,22900.85
8139421,3236.46,3236.46,3236.46,5194.46
6030930,4465.83,3349.37,4465.83,7167.58
6030943,8438.21,8438.21,8438.21,13543.18
6309926,14268.52,14268.52,14268.52,22900.73
8018894,4597.46,4597.46,4597.46,7378.85
8022816,5081.56,3811.17,5081.56,8155.81
6301006,6243.47,5306.95,6243.47,10763.2
8001392,6243.47,5306.95,6243.47,10763.2
8042088,3736.01,3175.61,3736.01,5995.25
8020632,5245.24,3671.67,5245.24,8333.34
8020951,10346.9,10346.9,10346.9,16438.52
6301005,5245.24,3671.67,5245.24,8333.34
8020631,5245.24,3671.67,5245.24,8333.34
8039640,3735.32,3175.02,3735.32,5995.44
6535941,4439.66,3995.69,4439.66,7894.88
8135314,6450.79,5805.71,6450.79,10789.51
6030941,2064.7,1858.23,2064.7,3808
6530397,3537.12,3537.12,3537.12,6338.54
8005306,2492.14,2118.32,2492.14,4466.04
8124604,4447.22,4002.5,4447.22,10073.41
8031391,5730.7,5444.17,5730.7,7871
8132563,5906.29,5906.29,5906.29,11340
8132558,5250.04,5250.04,5250.04,10080
9997344,8617.79,8617.79,8617.79,14999
9997347,8617.79,8617.79,8617.79,13999
9991298,27440.63,27440.63,27440.63,37321.38
8117562,6863.65,6863.65,6863.65,11100
8117554,6863.65,6863.65,6863.65,11100
8117558,6863.65,6863.65,6863.65,11100
8117561,7976.68,7976.68,7976.68,12900
8037194,11439.72,11439.72,11439.72,18500
8037192,11439.72,11439.72,11439.72,18500
8037193,11439.72,11439.72,11439.72,18500
8117553,7976.68,7976.68,7976.68,12900
8117557,7976.68,7976.68,7976.68,12900
8013489,9584.7,9584.7,9584.7,15500
8011642,7605.84,7605.84,7605.84,12300
8011643,7605.84,7605.84,7605.84,12300
8011644,7605.84,7605.84,7605.84,12300
8011646,7605.84,7605.84,7605.84,12300
8011645,7605.84,7605.84,7605.84,12300
8117563,13789.15,13789.15,13789.15,22300
8016274,13789.15,13789.15,13789.15,22300
8010560,13789.15,13789.15,13789.15,22300
8039980,13789.15,13789.15,13789.15,22300
8010561,13789.15,13789.15,13789.15,22300
8117555,13789.15,13789.15,13789.15,22300
8010558,13789.15,13789.15,13789.15,22300
8010557,13789.15,13789.15,13789.15,22300
8010556,13789.15,13789.15,13789.15,22300
8117559,13789.15,13789.15,13789.15,22300
8039982,13789.15,13789.15,13789.15,22300
8024772,13789.15,13789.15,13789.15,22300
8039983,13789.15,13789.15,13789.15,22300
8010559,13789.15,13789.15,13789.15,22300
8040261,22260.5,22260.5,22260.5,36000
8040259,22260.5,22260.5,22260.5,36000
8040260,22260.5,22260.5,22260.5,36000
8117560,6678.2,6678.2,6678.2,10800
8117552,6678.2,6678.2,6678.2,10800
8117556,6678.2,6678.2,6678.2,10800
8010141,6511.92,6511.92,6511.92,10530
8010140,6511.92,6511.92,6511.92,10530
8010142,6511.92,6511.92,6511.92,10530
8010139,6511.92,6511.92,6511.92,10530
8010138,6511.92,6511.92,6511.92,10530
8139087,20405.45,20405.45,20405.45,33000
8139085,20405.45,20405.45,20405.45,33000
8139086,20405.45,20405.45,20405.45,33000
8139089,19477.93,19477.93,19477.93,31500
8139090,19477.93,19477.93,19477.93,31500
8139088,19477.93,19477.93,19477.93,31500
8133674,19477.93,19477.93,19477.93,31500
8133673,19477.93,19477.93,19477.93,31500
8142442,35245.78,35245.78,35245.78,57000
8142443,36482.48,36482.48,36482.48,59000
8133675,19477.93,19477.93,19477.93,31500
8139095,19477.93,19477.93,19477.93,31500
8133672,17994.21,17994.21,17994.21,29100
8133670,17994.21,17994.21,17994.21,29100
8133671,17994.21,17994.21,17994.21,29100
8009691,24116.55,24116.55,24116.55,39000
8012663,24116.55,24116.55,24116.55,39000
8013678,24116.55,24116.55,24116.55,39000
8137212,24052.05,24052.05,24052.05,39000
8009696,24116.55,24116.55,24116.55,39000
8009690,26465.25,26465.25,26465.25,42800
8026804,30917.43,30917.43,30917.43,50000
8115568,30917.43,30917.43,30917.43,50000
8010131,30917.43,30917.43,30917.43,50000
8132454,29557.77,29557.77,29557.77,47800
8132452,29557.77,29557.77,29557.77,47800
8012431,26465.25,26465.25,26465.25,42800
8010753,26465.25,26465.25,26465.25,42800
8132450,30917.43,30917.43,30917.43,50000
8009695,30917.43,30917.43,30917.43,50000
8132451,30917.43,30917.43,30917.43,50000
8139104,36791.65,36791.65,36791.65,59500
8139103,36791.65,36791.65,36791.65,59500
8133683,36791.65,36791.65,36791.65,59500
8133681,36791.65,36791.65,36791.65,59500
8133684,25043.05,25043.05,25043.05,40500
8133685,25043.05,25043.05,25043.05,40500
8133686,25043.05,25043.05,25043.05,40500
8139102,36791.65,36791.65,36791.65,59500
8133682,36791.65,36791.65,36791.65,59500
8143912,36791.65,36791.65,36791.65,59500
8143916,34009.1,34009.1,34009.1,55000
8012875,8656.85,8656.85,8656.85,14000
8140589,19910.78,19910.78,19910.78,32200
8111369,15149.5,15149.5,15149.5,24500
8111367,15149.5,15149.5,15149.5,24500
8111368,15149.5,15149.5,15149.5,24500
8119469,18303.81,18303.81,18303.81,29600
8119472,16696.47,16696.47,16696.47,27000
8119473,16696.47,16696.47,16696.47,27000
8119468,18303.81,18303.81,18303.81,29600
8119470,18303.81,18303.81,18303.81,29600
8119471,16696.47,16696.47,16696.47,27000
8133679,17932.07,17932.07,17932.07,29000
8133678,17932.07,17932.07,17932.07,29000
8133680,17932.07,17932.07,17932.07,29000
8143909,20405.45,20405.45,20405.45,33000
8140586,19910.78,19910.78,19910.78,32200
8137213,30856.8,30856.8,30856.8,49900
8139096,27825.62,27825.62,27825.62,45000
8139097,27825.62,27825.62,27825.62,45000
8143910,27825.62,27825.62,27825.62,45000
8139098,21465.6,21465.6,21465.6,34700
8139099,21465.6,21465.6,21465.6,34700
8139100,31288.37,31288.37,31288.37,50600
8139101,31288.37,31288.37,31288.37,50600
8143911,31288.37,31288.37,31288.37,50600
8010146,6864.09,6864.09,6864.09,11100
8010148,6864.09,6864.09,6864.09,11100
8013756,8039.28,8039.28,8039.28,13000
8012625,8039.28,8039.28,8039.28,13000
8012874,8039.28,8039.28,8039.28,13000
8139092,34441.93,34441.93,34441.93,55700
8139091,34441.93,34441.93,34441.93,55700
8139093,34441.93,34441.93,34441.93,55700
8143913,16695.37,16695.37,16695.37,27000
8143915,18550.42,18550.42,18550.42,30000
8143914,18550.42,18550.42,18550.42,30000
8015088,1059.26,1059.26,1059.26,
8136611,1549.03,1549.03,1549.03,2522.69
8136612,1549.03,1549.03,1549.03,2522.69
8136610,1549.03,1549.03,1549.03,2522.69
8008293,15878.13,15878.13,15878.13,23995
8019249,3671.43,3671.43,3671.43,5800
8019250,4241.15,4241.15,4241.15,6700
8131326,24239.91,24239.91,24239.91,35900
8019252,20851.97,20851.97,20851.97,35000
8019251,17575.23,17575.23,17575.23,29500
8128522,4190.94,4190.94,4190.94,6000
8007770,3632.15,3632.15,3632.15,5200
8007771,4190.94,4190.94,4190.94,6000
8023137,4190.94,4190.94,4190.94,6000
8131328,20188.68,20188.68,20188.68,29900
8007768,15311.31,15311.31,15311.31,25700
8007767,11855.84,11855.84,11855.84,19900
8131325,21404.05,21404.05,21404.05,31700
8142361,3671.43,3671.43,3671.43,5800
8142362,4241.15,4241.15,4241.15,6700
8142359,20851.97,20851.97,20851.97,35000
8142360,26511.78,26511.78,26511.78,44500
8029531,3671.43,3671.43,3671.43,5800
8029532,4241.15,4241.15,4241.15,6700
8029529,14060.19,14060.19,14060.19,23600
8121165,3632.15,3632.15,3632.15,5200
8121166,4190.94,4190.94,4190.94,6000
8121164,12451.61,12451.61,12451.61,20900
8121162,10425.99,10425.99,10425.99,17500
8042768,3544.83,3544.83,3544.83,4900
8042769,4241.15,4241.15,4241.15,6700
8042767,13047.37,13047.37,13047.37,21900
8042766,17039.04,17039.04,17039.04,28600
6300874,3632.15,3632.15,3632.15,5200
6300875,4190.94,4190.94,4190.94,6000
8011552,4190.94,4190.94,4190.94,6000
8003115,7683.38,7683.38,7683.38,11000
6300873,7089.67,7089.67,7089.67,11900
6300872,14596.38,14596.38,14596.38,24500
6300871,11319.63,11319.63,11319.63,19000
6530660,3632.15,3632.15,3632.15,5200
6530661,4190.94,4190.94,4190.94,6000
6530657,11974.99,11974.99,11974.99,20100
8022270,3671.43,3671.43,3671.43,5800
8022272,4241.15,4241.15,4241.15,6700
8022268,16443.27,16443.27,16443.27,27600
8131094,3671.43,3671.43,3671.43,5800
8131095,4241.15,4241.15,4241.15,6700
8131330,25657.85,25657.85,25657.85,38000
8131093,20851.97,20851.97,20851.97,35000
8131092,17575.23,17575.23,17575.23,29500
8142129,26873.23,26873.23,26873.23,39800
8012660,3632.15,3632.15,3632.15,5200
8012661,4190.94,4190.94,4190.94,6000
8012658,14834.69,14834.69,14834.69,24900
8012657,11677.11,11677.11,11677.11,19600
8038723,13470.37,13470.37,13470.37,19950
8034955,23618.3,23618.3,23618.3,36800
8034956,17649.55,17649.55,17649.55,27500
8034544,20662.34,20662.34,20662.34,31300
8025825,23618.3,23618.3,23618.3,36800
8025827,17649.55,17649.55,17649.55,27500
8122009,4045.44,4045.44,4045.44,5600
8122007,23618.3,23618.3,23618.3,36800
8122008,17649.55,17649.55,17649.55,27500
8034957,4045.44,4045.44,4045.44,5600
8025828,4045.44,4045.44,4045.44,5600
8007783,4045.44,4045.44,4045.44,5600
8007784,4045.44,4045.44,4045.44,5600
8007785,4045.44,4045.44,4045.44,5600
8025434,3900.96,3900.96,3900.96,5400
8113891,3900.96,3900.96,3900.96,5400
8004783,3900.96,3900.96,3900.96,5400
8025433,3900.96,3900.96,3900.96,5400
8137336,4045.44,4045.44,4045.44,5600
8126876,4045.44,4045.44,4045.44,5600
8143443,3900.96,3900.96,3900.96,5400
8004784,3900.96,3900.96,3900.96,5400
8034414,12515.13,12515.13,12515.13,19500
8025438,12194.24,12194.24,12194.24,19000
8113892,12194.24,12194.24,12194.24,19000
8014666,12194.24,12194.24,12194.24,19000
8025437,12194.24,12194.24,12194.24,19000
8143442,12194.24,12194.24,12194.24,19000
8014667,12194.24,12194.24,12194.24,19000
8031093,12194.24,12194.24,12194.24,19000
8034377,3900.96,3900.96,3900.96,5400
8021795,21692.9,21692.9,21692.9,33800
8011790,16365.95,16365.95,16365.95,25500
8028685,21692.9,21692.9,21692.9,33800
8013597,16365.95,16365.95,16365.95,25500
8011791,16365.95,16365.95,16365.95,25500
8028689,21692.9,21692.9,21692.9,33800
8039150,15339.07,15339.07,15339.07,23900
8011770,12194.24,12194.24,12194.24,19000
8031094,12194.24,12194.24,12194.24,19000
8011771,12194.24,12194.24,12194.24,19000
8018360,10507.64,10507.64,10507.64,16000
8018361,10507.64,10507.64,10507.64,16000
8126870,24709.37,24709.37,24709.37,38500
8126871,18612.25,18612.25,18612.25,29000
8126728,22312.69,22312.69,22312.69,33800
8138809,24709.37,24709.37,24709.37,38500
8137335,18612.25,18612.25,18612.25,29000
8137211,22312.69,22312.69,22312.69,33800
8127905,9836.07,9836.07,9836.07,14900
8034416,12515.13,12515.13,12515.13,19500
8125071,14457.03,14457.03,14457.03,21900
8018386,19078,19078,19078,28900
8034415,12515.13,12515.13,12515.13,19500
8126729,15183.2,15183.2,15183.2,23000
8033829,7135.75,7135.75,7135.75,10675
8034837,7135.75,7135.75,7135.75,10675
8032733,7135.75,7135.75,7135.75,10675
8034406,7135.75,7135.75,7135.75,10675
8032734,7135.75,7135.75,7135.75,10675
8032735,7135.75,7135.75,7135.75,10675
8033830,7135.75,7135.75,7135.75,10675
8033831,7135.75,7135.75,7135.75,10675
8034839,7135.75,7135.75,7135.75,10675
8033832,7135.75,7135.75,7135.75,10675
8034468,7135.75,7135.75,7135.75,10675
8034405,7135.75,7135.75,7135.75,10675
8034838,7135.75,7135.75,7135.75,10675
8034493,7135.75,7135.75,7135.75,10675
8034176,7135.75,7135.75,7135.75,10675
8033988,7135.75,7135.75,7135.75,10675
8034132,7135.75,7135.75,7135.75,10675
8032739,7135.75,7135.75,7135.75,10675
8032740,7135.75,7135.75,7135.75,10675
8034469,7135.75,7135.75,7135.75,10675
8033986,7135.75,7135.75,7135.75,10675
8033833,7135.75,7135.75,7135.75,10675
8033834,7135.75,7135.75,7135.75,10675
8032736,7135.75,7135.75,7135.75,10675
8033835,7135.75,7135.75,7135.75,10675
8034470,7135.75,7135.75,7135.75,10675
8032741,7135.75,7135.75,7135.75,10675
8034404,7135.75,7135.75,7135.75,10675
8033836,7135.75,7135.75,7135.75,10675
8033837,7135.75,7135.75,7135.75,10675
8032737,7135.75,7135.75,7135.75,10675
8033838,7135.75,7135.75,7135.75,10675
8034492,7135.75,7135.75,7135.75,10675
8034379,7135.75,7135.75,7135.75,10675
8032742,7135.75,7135.75,7135.75,10675
8033839,7135.75,7135.75,7135.75,10675
8033987,7135.75,7135.75,7135.75,10675
8033840,7135.75,7135.75,7135.75,10675
6310462,8355.79,8355.79,8355.79,12500.17
6310496,8355.79,8355.79,8355.79,12500.17
6310497,8355.79,8355.79,8355.79,12500.17
6310463,8355.79,8355.79,8355.79,12500.17
6310488,8355.79,8355.79,8355.79,12500.17
6310464,8355.79,8355.79,8355.79,12500.17
6310478,8355.79,8355.79,8355.79,12500.17
6310491,8355.79,8355.79,8355.79,12500.17
6310470,8355.79,8355.79,8355.79,12500.17
6310489,8355.79,8355.79,8355.79,12500.17
6310466,8355.79,8355.79,8355.79,12500.17
6310479,8355.79,8355.79,8355.79,12500.17
6310471,8355.79,8355.79,8355.79,12500.17
6310486,8355.79,8355.79,8355.79,12500.17
6310490,8355.79,8355.79,8355.79,12500.17
6310480,8355.79,8355.79,8355.79,12500.17
6310493,8355.79,8355.79,8355.79,12500.17
6310483,8355.79,8355.79,8355.79,12500.17
6310472,8355.79,8355.79,8355.79,12500.17
6310475,8355.79,8355.79,8355.79,12500.17
6310487,8355.79,8355.79,8355.79,12500.17
6310484,8355.79,8355.79,8355.79,12500.17
6310473,8355.79,8355.79,8355.79,12500.17
6310476,8355.79,8355.79,8355.79,12500.17
6310477,8355.79,8355.79,8355.79,12500.17
6310468,8355.79,8355.79,8355.79,12500.17
6310482,8355.79,8355.79,8355.79,12500.17
6310495,8355.79,8355.79,8355.79,12500.17
6310474,8355.79,8355.79,8355.79,12500.17
6310469,8355.79,8355.79,8355.79,12500.17
8012463,8355.79,8355.79,8355.79,12500.17
8012458,8355.79,8355.79,8355.79,12500.17
8021941,4554.18,4554.18,4554.18,6813
8021960,4554.18,4554.18,4554.18,6813
8021961,4554.18,4554.18,4554.18,6813
8021946,4554.18,4554.18,4554.18,6813
8021963,2888.4,2888.4,2888.4,4321
8142373,3638.83,2365.24,3638.83,5498.01
8131494,3022.46,3022.46,3022.46,4566.71
8132852,86346.83,86346.83,86346.83,138131.31
8120969,30439.45,30439.45,30439.45,46000
8043445,25807.35,25807.35,25807.35,39000
8043590,27130.8,27130.8,27130.8,41000
8043591,33748.08,33748.08,33748.08,51000
8141914,64849.24,64849.24,64849.24,98000
8143031,27130.8,27130.8,27130.8,41000
9997507,19190.08,19190.08,19190.08,29000
8015446,28785.12,28785.12,28785.12,43500
9997404,19190.08,19190.08,19190.08,29000
8015440,28785.12,28785.12,28785.12,43500
9997401,19190.08,19190.08,19190.08,29000
8043441,28785.12,28785.12,28785.12,43500
8112031,28785.12,28785.12,28785.12,43500
9997586,19190.08,19190.08,19190.08,29000
8043589,28785.12,28785.12,28785.12,43500
8120968,19190.08,19190.08,19190.08,29000
8120967,23160.44,23160.44,23160.44,35000
8120966,23160.44,23160.44,23160.44,35000
9997510,34740.67,34740.67,34740.67,52500
8043587,26469.08,26469.08,26469.08,40000
8143030,51614.71,51614.71,51614.71,78000
8002137,7082.5,7082.5,7082.5,10700
8135313,2451.22,2451.22,2451.22,3803.18
8033410,1572.97,1415.67,1572.97,2459.04
8135312,2451.22,2451.22,2451.22,3803.18
8033411,1572.97,1415.67,1572.97,2459.04
8119002,11725.88,9380.7,11725.88,18329.79
6300535,11725.88,11725.88,11725.88,18329.79
6300515,11725.88,9380.7,11725.88,18329.79
8119001,11725.88,9380.7,11725.88,18329.79
6300516,11725.88,9380.7,11725.88,18329.79
6300517,11725.88,9380.7,11725.88,18329.79
8130509,11725.88,9380.7,11725.88,18329.79
8122934,11725.88,9380.7,11725.88,18329.79
6300536,11725.88,9380.7,11725.88,18329.79
6300518,11725.88,9380.7,11725.88,18329.79
8130511,11725.88,9380.7,11725.88,18329.79
8122935,11725.88,9380.7,11725.88,18329.79
6300537,11725.88,11725.88,11725.88,18329.79
6300519,11725.88,9380.7,11725.88,18329.79
8119004,11725.88,9380.7,11725.88,18329.79
8000732,11725.88,9380.7,11725.88,18329.79
6300521,11725.88,9380.7,11725.88,18329.79
8122936,11725.88,9380.7,11725.88,18329.79
6300522,11725.88,9380.7,11725.88,18329.79
6300523,11725.88,9380.7,11725.88,18329.79
8135685,11725.88,9380.7,11725.88,18329.79
8024910,11725.88,9380.7,11725.88,18329.79
6300524,11725.88,9380.7,11725.88,18329.79
6300525,11725.88,9380.7,11725.88,18329.79
6300526,11725.88,9380.7,11725.88,18329.79
8130508,11725.88,9380.7,11725.88,18329.79
6300528,11725.88,9380.7,11725.88,18329.79
6300529,11725.88,9380.7,11725.88,18329.79
8000292,11725.88,9380.7,11725.88,18329.79
6300530,11725.88,9380.7,11725.88,18329.79
6300531,11725.88,9380.7,11725.88,18329.79
8130510,11725.88,11725.88,11725.88,18329.79
8135686,11725.88,11725.88,11725.88,18329.79
6300533,11725.88,9380.7,11725.88,18329.79
6300534,11725.88,9380.7,11725.88,18329.79
6300564,11725.88,9380.7,11725.88,18329.79
6300565,11725.88,9380.7,11725.88,18329.79
8141855,14081.54,11265.23,14081.54,22012.12
8141846,14081.54,11265.23,14081.54,22012.12
8141848,14081.54,11265.23,14081.54,22012.12
8141849,14081.54,11265.23,14081.54,22012.12
8141850,14081.54,11265.23,14081.54,22012.12
8141851,14081.54,11265.23,14081.54,22012.12
8141852,14081.54,11265.23,14081.54,22012.12
8141853,14081.54,11265.23,14081.54,22012.12
8141854,14081.54,11265.23,14081.54,22012.12
8024980,11725.88,9380.7,11725.88,18329.79
6300566,11725.88,9380.7,11725.88,18329.79
6300567,11725.88,9380.7,11725.88,18329.79
6300568,11725.88,9380.7,11725.88,18329.79
6031055,5218.76,4435.95,5218.76,8158.54
8021051,5218.76,4435.95,5218.76,8158.54
8021052,5218.76,4435.95,5218.76,8158.54
6031063,5218.76,4435.95,5218.76,8158.54
9999531,5218.76,4435.95,5218.76,8158.54
6031062,5218.76,4435.95,5218.76,8158.54
6031061,5218.76,4435.95,5218.76,8158.54
8000815,5218.76,4435.95,5218.76,8158.54
6031060,5218.76,4435.95,5218.76,8158.54
6031059,5218.76,5218.76,5218.76,8158.54
6031050,5218.76,4435.95,5218.76,8158.54
8021054,5218.76,4435.95,5218.76,8158.54
6031037,5218.76,4435.95,5218.76,8158.54
6031058,5218.76,4435.95,5218.76,8158.54
6031049,5218.76,4435.95,5218.76,8158.54
6031043,5218.76,5218.76,5218.76,8158.54
6302220,5218.76,4435.95,5218.76,8158.54
6031057,5218.76,4435.95,5218.76,8158.54
6031048,5218.76,4435.95,5218.76,8158.54
6031056,5218.76,4435.95,5218.76,8158.54
6031047,5218.76,4435.95,5218.76,8158.54
8129363,1485.28,1485.28,1485.28,2355
8113516,3725.2,3725.2,3725.2,5070
8113513,1681.48,1681.48,1681.48,2290
8113515,2058.09,2058.09,2058.09,2800
8112918,8342.43,8342.43,8342.43,14999
8112920,8342.43,8342.43,8342.43,14999
8112907,8342.43,8342.43,8342.43,14999
8112908,8342.43,8342.43,8342.43,14999
8112917,8342.43,8342.43,8342.43,14999
8112910,8342.43,8342.43,8342.43,14999
8143635,6447.87,6447.87,6447.87,10584
8143646,40960.78,40960.78,40960.78,
8143644,3310.44,3310.44,3310.44,5434
8143643,3310.44,3310.44,3310.44,5434
8143645,3310.44,3310.44,3310.44,5434
8143638,9220.38,9220.38,9220.38,15135
8143637,9220.38,9220.38,9220.38,15135
8143636,9220.38,9220.38,9220.38,15135
8143641,3929.39,3929.39,3929.39,6450
8143640,3929.39,3929.39,3929.39,6450
8143642,3929.39,3929.39,3929.39,6450
8143639,13267.96,13267.96,13267.96,21779
8134993,10386.74,10386.74,10386.74,15693.62
8016454,2649.91,2649.91,2649.91,4003.82
8016455,6810.04,6810.04,6810.04,10289.49
8016459,14636.82,7318.41,14636.82,16182
8016457,3151.72,3151.72,3151.72,4762.01
8016458,9666.18,9666.18,9666.18,11399
8118132,2945.33,2945.33,2945.33,4450.18
8118131,8733.64,5676.87,8733.64,13195.91
8131846,2680.7,2680.7,2680.7,4050.34
8120614,4587.3,2752.38,4587.3,6931.09
8122268,3027.6,1513.8,3027.6,4574.5
8122267,3027.6,1513.8,3027.6,4574.5
8122266,3027.6,1513.8,3027.6,4574.5
8120615,4587.3,2752.38,4587.3,6931.09
8022383,5550.6,3330.36,5550.6,8386.56
8016451,3228.25,1614.13,3228.25,4390
8139868,6753.51,5402.81,6753.51,10204.07
8136805,2372.35,1897.88,2372.35,3584.45
8016446,4874.27,3168.28,4874.27,7364.67
8016448,9814.62,9814.62,9814.62,12297
8042396,1578.38,1578.38,1578.38,2384.82
8042398,3179.32,3179.32,3179.32,4803.74
8140136,8013.92,7212.53,8013.92,18152.34
8140139,7233.7,6510.33,7233.7,16385.08
8140137,5338.9,4805.01,5338.9,12093.15
8140135,11134.78,10021.3,11134.78,25221.4
8140138,5338.9,4805.01,5338.9,12093.15
6309921,19658.56,19658.56,19658.56,28451.9
8035936,10703.83,10703.83,10703.83,15491.68
8013792,20502.62,20502.62,20502.62,31031.61
8013840,19534.51,19534.51,19534.51,29566.34
8143713,16784.6,16784.6,16784.6,24990
8143715,16784.6,16784.6,16784.6,24990
8141247,14098,14098,14098,20990
8143714,16784.6,16784.6,16784.6,24990
8143716,16784.6,16784.6,16784.6,24990
8141248,14098,14098,14098,20990
8141250,14098,14098,14098,20990
8141249,14098,14098,14098,20990
8031599,16622,16622,16622,27900
8031601,3101.73,3101.73,3101.73,4900
8031600,21983.93,21983.93,21983.93,36900
8127203,3608.13,3608.13,3608.13,5700
8127202,22639.28,22639.28,22639.28,38000
8128183,3481.53,3481.53,3481.53,5500
8128182,22639.28,22639.28,22639.28,38000
8127205,3608.13,3608.13,3608.13,5700
8127204,22639.28,22639.28,22639.28,38000
8128181,3481.53,3481.53,3481.53,5500
8128180,22639.28,22639.28,22639.28,38000
8141385,11330.81,11330.81,11330.81,17900
8141381,7279.57,7279.57,7279.57,11500
8141373,3481.53,3481.53,3481.53,5500
8141363,20851.97,20851.97,20851.97,35000
8141351,15787.92,15787.92,15787.92,26500
8141374,3481.53,3481.53,3481.53,5500
8141366,20851.97,20851.97,20851.97,35000
8141353,15787.92,15787.92,15787.92,26500
8141375,3481.53,3481.53,3481.53,5500
8141368,20851.97,20851.97,20851.97,35000
8141356,15787.92,15787.92,15787.92,26500
8141376,3481.53,3481.53,3481.53,5500
8141370,20851.97,20851.97,20851.97,35000
8141358,15787.92,15787.92,15787.92,26500
8141377,3481.53,3481.53,3481.53,5500
8141372,20851.97,20851.97,20851.97,35000
8141360,15787.92,15787.92,15787.92,26500
8112615,11703.49,11703.49,11703.49,23700
8112612,11401.85,11401.85,11401.85,23700
8124512,22232.39,22232.39,22232.39,44700
8132805,4223.83,4223.83,4223.83,8700
8125096,5407.93,5407.93,5407.93,10900
8136575,4766.61,4766.61,4766.61,9800
8132803,4059.62,4059.62,4059.62,8500
8124516,5279.14,5279.14,5279.14,10600
8126055,3706.12,3706.12,3706.12,7700
8129785,3905.77,3905.77,3905.77,8000
8112608,11732.01,11732.01,11732.01,23600
8136573,11185.77,11185.77,11185.77,22300
8136571,11053.53,11053.53,11053.53,22200
8112617,12224.66,12224.66,12224.66,24700
8136574,12154.65,12154.65,12154.65,24700
8141088,9784.74,9784.74,9784.74,20000
8134053,26075.93,26075.93,26075.93,52000
8125095,9036.26,9036.26,9036.26,17900
8131150,11856.47,11856.47,11856.47,23700
8112594,9432.11,9432.11,9432.11,19300
8124505,14127.85,14127.85,14127.85,28800
8112603,13984.37,13984.37,13984.37,28500
8112600,13747.56,13747.56,13747.56,28000
8112611,10276.53,10276.53,10276.53,20800
8112589,8875.5,8875.5,8875.5,18000
8124502,13095.01,13095.01,13095.01,26700
8112614,11199.6,11199.6,11199.6,23700
8112622,11478.77,11478.77,11478.77,23700
8136572,11853.01,11853.01,11853.01,23700
8129771,11806.34,11806.34,11806.34,24000
8124513,22835.67,22835.67,22835.67,45900
8126052,15676.67,15676.67,15676.67,31500
8112598,12809.79,12809.79,12809.79,26300
8129783,18515.03,18515.03,18515.03,37500
8112629,12649.89,12649.89,12649.89,26000
8141089,10858.2,10858.2,10858.2,22300
8112609,10519.4,10519.4,10519.4,20900
8112595,9690.53,9690.53,9690.53,19500
8124520,5906.63,5906.63,5906.63,12000
8124521,5906.63,5906.63,5906.63,12000
8124522,5906.63,5906.63,5906.63,12000
8141083,8281.72,8281.72,8281.72,16800
8112626,11333.57,11333.57,11333.57,23000
8112631,1897.59,1897.59,1897.59,2700
8112630,1671.84,1671.84,1671.84,2400
8112632,1989.18,1989.18,1989.18,2800
8124515,18254.88,18254.88,18254.88,36500
8124517,10451.98,10451.98,10451.98,20900
8124518,10451.98,10451.98,10451.98,20900
8124519,10260.97,10260.97,10260.97,20900
8131148,11856.47,11856.47,11856.47,23700
8112616,11703.49,11703.49,11703.49,23700
8124506,25872.82,25872.82,25872.82,51300
8112593,10943.77,10943.77,10943.77,22300
8125093,12363.81,12363.81,12363.81,24800
8112601,13146.87,13146.87,13146.87,26500
8112606,10836.59,10836.59,10836.59,22300
8124503,17695.68,17695.68,17695.68,36000
8112588,8875.5,8875.5,8875.5,18000
8112613,11401.85,11401.85,11401.85,23700
8136570,11319.74,11319.74,11319.74,23000
8129769,11390.61,11390.61,11390.61,22700
8112625,9365.55,9365.55,9365.55,19200
8125092,8639.54,8639.54,8639.54,17600
8112602,13747.56,13747.56,13747.56,27500
8136576,14495.18,14495.18,14495.18,29000
8124511,19105.35,19105.35,19105.35,38200
8126051,13439.87,13439.87,13439.87,27400
8124508,25501.17,25501.17,25501.17,51300
8112597,12438.14,12438.14,12438.14,25500
8129781,14725.94,14725.94,14725.94,29900
8112627,13356.03,13356.03,13356.03,26700
8141090,12443.33,12443.33,12443.33,25000
8137637,29396.57,29396.57,29396.57,56500
8137636,29396.57,29396.57,29396.57,56500
8132802,6984.41,6984.41,6984.41,14300
8132804,7237.65,7237.65,7237.65,14900
8124514,7412.24,7412.24,7412.24,15000
8136577,13188.35,13188.35,13188.35,26400
8129784,5596.34,5596.34,5596.34,11300
8141081,12961.91,12961.91,12961.91,26000
8141082,9669.79,9669.79,9669.79,19500
8141087,7818.46,7818.46,7818.46,15900
8141086,6789.08,6789.08,6789.08,13700
8131149,11856.47,11856.47,11856.47,23700
8112592,9324.07,9324.07,9324.07,19300
8124507,21824.44,21824.44,21824.44,45000
8125094,13166.75,13166.75,13166.75,26500
8124504,17695.68,17695.68,17695.68,36000
8112587,8760.54,8760.54,8760.54,18000
8112607,10721.64,10721.64,10721.64,22300
8129782,16839.16,16839.16,16839.16,33700
8112628,13210.83,13210.83,13210.83,26700
8141084,8363.83,8363.83,8363.83,16800
8141085,7691.41,7691.41,7691.41,15500
8029175,9509.11,9509.11,9509.11,
8037233,25263.66,25263.66,25263.66,38237.64
8007877,18998.34,18998.34,18998.34,28754.82
9998228,18237.01,18237.01,18237.01,27602.51
8013631,23343.47,23343.47,23343.47,35331.35
8009286,17089.04,17089.04,17089.04,25865.01
8142352,12692.58,9519.44,12692.58,23216.54
8142353,12692.58,9519.44,12692.58,23216.54
8142355,12692.58,9519.44,12692.58,23216.54
8142354,12692.58,9519.44,12692.58,23216.54
8142356,12692.58,9519.44,12692.58,23216.54
8140111,14938.19,12697.46,14938.19,27324.09
8140110,14938.19,12697.46,14938.19,27324.09
8140112,17880.17,15198.14,17880.17,32705.4
8140113,17880.17,15198.14,17880.17,32705.4
8009433,3485.05,3485.05,3485.05,4862
8127421,1324.11,1324.11,1324.11,1827
8141348,7601.58,5321.11,7601.58,10605
8134349,1727.57,1295.68,1727.57,2383
8016913,989.15,741.86,989.15,1365
8127420,1112.78,834.59,1112.78,1535
8129762,2988.01,2241.01,2988.01,4122
8027204,1545.52,1159.14,1545.52,2132
8021214,1998.91,1499.18,1998.91,2758
8021215,1030.36,772.77,1030.36,1422
8134777,1207.7,905.78,1207.7,1666
6310274,2902.31,2176.73,2902.31,4004
8021315,4146.14,3109.61,4146.14,5720
6310272,1492.62,1119.47,1492.62,2059
6310275,2681.19,2010.89,2681.19,3699
8021316,3814.41,2860.81,3814.41,5262
6310273,1382.04,1036.53,1382.04,1907
8139419,1894.69,1326.28,1894.69,2614
6530373,3983.62,3983.62,3983.62,6300
6530374,6639.37,6639.37,6639.37,10500
8003857,8536.33,8536.33,8536.33,13500
8038973,69297.66,69297.66,69297.66,106178
6032755,33317.4,33317.4,33317.4,51049
8026625,61293.29,58228.63,61293.29,93914
8115416,64391.49,61171.92,64391.49,98661
8115415,64391.49,61171.92,64391.49,98661
8028102,63254.07,60091.37,63254.07,96918
8034898,54444.53,51722.3,54444.53,83420
8034897,54444.53,51722.3,54444.53,83420
8117931,67452.09,64079.49,67452.09,103351
8143111,66986.45,63637.13,66986.45,102637
8019055,51887.15,49292.79,51887.15,79502
8143113,65376.12,62107.31,65376.12,100170
8012604,54419.06,51698.11,54419.06,83381
8010528,62526.51,59400.18,62526.51,95804
8136653,54419.06,51698.11,54419.06,83381
8031294,60907.69,57862.31,60907.69,93323
8117930,62504.68,59379.45,62504.68,95770
8132849,54419.06,51698.11,54419.06,83381
8132848,54419.06,51698.11,54419.06,83381
8121570,54569.36,54569.36,54569.36,83612
8142670,48949.02,46501.57,48949.02,75000
8141917,48949.02,46501.57,48949.02,75000
8141918,48949.02,46501.57,48949.02,75000
8025201,51887.15,49292.79,51887.15,79502
8141916,45500.39,43225.37,45500.39,69716
8138569,40790.82,40790.82,40790.82,62500
8143109,48949.02,46501.57,48949.02,75000
8143112,51893.22,49298.56,51893.22,79511
6301939,54419.06,51698.11,54419.06,83381
8020882,61112.61,61112.61,61112.61,93637
8128786,15184.18,15184.18,15184.18,23265
8016376,34696.12,34696.12,34696.12,53162
9999576,60266.22,60266.22,60266.22,92340
8022133,32045.38,32045.38,32045.38,49100
8022132,48791.39,48791.39,48791.39,74759
8016377,60593.62,60593.62,60593.62,92842
8028628,59967.92,59967.92,59967.92,91883
8115108,73184.05,73184.05,73184.05,112133
8038575,72515.91,72515.91,72515.91,111109
8038576,72515.91,72515.91,72515.91,111109
8137613,41415.14,41415.14,41415.14,63457
8138608,31720.4,31720.4,31720.4,48602
8133239,72515.91,72515.91,72515.91,111109
8142303,62674.44,62674.44,62674.44,96030
8115413,52875.42,52875.42,52875.42,81016
8115414,76432.6,76432.6,76432.6,117111
8137103,54591.25,54591.25,54591.25,83645
8013658,67374.48,67374.48,67374.48,103232
8009737,45930.86,45930.86,45930.86,70376
8143110,27430.22,27430.22,27430.22,42029
8143964,57031,57031,57031,87383
8139679,83191.64,83191.64,83191.64,127467
8140943,83191.64,83191.64,83191.64,127467
8139269,97873.8,97873.8,97873.8,149963
8139268,97873.8,97873.8,97873.8,149963
8038173,80802.81,80802.81,80802.81,123807
8141316,95087.24,95087.24,95087.24,145693
8136168,82393.74,82393.74,82393.74,126244
8033689,82998.29,82998.29,82998.29,127171
8139612,0.01,0.01,0.01,0.01
8133186,84071.98,84071.98,84071.98,128816
6301877,68436.72,68436.72,68436.72,104859
8142666,61851.09,61851.09,61851.09,94769
8117254,59134.86,59134.86,59134.86,90607
8142665,61851.09,61851.09,61851.09,94769
8117255,59134.86,59134.86,59134.86,90607
8141648,57031,57031,57031,87383
8141649,78318.2,78318.2,78318.2,120000
8141640,28515.5,28515.5,28515.5,43692
8123024,52806.41,52806.41,52806.41,80910
8138609,36812.11,36812.11,36812.11,56404
8029493,43305.58,43305.58,43305.58,66353
8125898,70237.43,70237.43,70237.43,107618
8004017,30609.66,30609.66,30609.66,46900
6536013,33090.64,33090.64,33090.64,50702
8126075,89056.98,89056.98,89056.98,136454
8131880,108560.44,108560.44,108560.44,166337
8142669,84240.53,84240.53,84240.53,129074
8133184,104653.44,104653.44,104653.44,160351
8142668,123938.63,123938.63,123938.63,189900
8142667,96798.22,96798.22,96798.22,148315
8139611,0.01,0.01,0.01,0.01
8139614,0.01,0.01,0.01,0.01
8020308,112520.79,112520.79,112520.79,172405
8018396,113730.97,113730.97,113730.97,174259
8018398,106631.19,106631.19,106631.19,163381
8138203,105755.7,105755.7,105755.7,162040
8004028,108982.43,108982.43,108982.43,166984
8018400,107689.79,107689.79,107689.79,165003
8043697,110903.18,110903.18,110903.18,169927
8012334,83129.79,83129.79,83129.79,127372
8007524,47811.61,47811.61,47811.61,73257
8120272,75639.56,75639.56,75639.56,115896
8120271,61680.11,61680.11,61680.11,94507
8120273,75639.56,75639.56,75639.56,115896
8035148,50964.37,50964.37,50964.37,78088
6030904,66514.75,66514.75,66514.75,101914
8143965,125685.99,125685.99,125685.99,192577
8134917,3481.53,3481.53,3481.53,5500
8134916,25856.44,25856.44,25856.44,43400
8115728,3481.53,3481.53,3481.53,5500
8115726,25856.44,25856.44,25856.44,43400
8115729,3481.53,3481.53,3481.53,5500
8115727,25856.44,25856.44,25856.44,43400
8008861,7953.18,7953.18,7953.18,
8008862,7953.18,7953.18,7953.18,
8008871,1256.48,1256.48,1256.48,
8008863,1846.32,1846.32,1846.32,
8008864,1914.77,1914.77,1914.77,
8008874,1698.47,1698.47,1698.47,
8008872,1547.48,1547.48,1547.48,
8008869,1780.49,1780.49,1780.49,
8008870,2052.16,2052.16,2052.16,
8008873,1956.04,1956.04,1956.04,
8008865,2285.19,2285.19,2285.19,
8008867,3039.07,3039.07,3039.07,
8138092,56882.28,56882.28,56882.28,84690
8137154,51509.06,51509.06,51509.06,76690
8140144,7381.47,7381.47,7381.47,10990
8138076,71188.5,71188.5,71188.5,105990
8140142,7381.47,7381.47,7381.47,10990
8138090,71188.5,71188.5,71188.5,105990
8137156,67158.57,67158.57,67158.57,99990
8139580,87509.65,87509.65,87509.65,130290
8137158,78375.18,78375.18,78375.18,116690
8140145,7381.47,7381.47,7381.47,10990
8137159,78375.18,78375.18,78375.18,116690
8139579,78375.18,78375.18,78375.18,116690
8140056,7381.47,7381.47,7381.47,10990
8137155,47008.98,47008.98,47008.98,69990
8139581,56882.28,56882.28,56882.28,84690
8140636,77703.52,77703.52,77703.52,115690
8141097,67158.57,67158.57,67158.57,99990
8141099,67158.57,67158.57,67158.57,99990
8141096,67158.57,67158.57,67158.57,99990
8141101,67158.57,67158.57,67158.57,99990
8141098,67158.57,67158.57,67158.57,99990
8139578,56882.28,56882.28,56882.28,84690
8140146,7381.47,7381.47,7381.47,10990
8140638,85293.2,85293.2,85293.2,126990
8137152,85293.2,85293.2,85293.2,126990
8137157,85293.2,85293.2,85293.2,126990
8138094,58091.25,58091.25,58091.25,86490
8138091,37605.85,37605.85,37605.85,55990
8138074,107457.75,107457.75,107457.75,159990
8140637,85091.7,85091.7,85091.7,126690
8137151,71188.5,71188.5,71188.5,105990
8140147,7381.47,7381.47,7381.47,10990
8138079,71188.5,71188.5,71188.5,105990
8140148,7381.47,7381.47,7381.47,10990
8141095,46270.17,46270.17,46270.17,68890
8141093,46270.17,46270.17,46270.17,68890
8141094,46270.17,46270.17,46270.17,68890
8140149,7381.47,7381.47,7381.47,10990
8137153,71188.5,71188.5,71188.5,105990
8114279,9800.44,9310.42,9800.44,15147
8114277,10889.38,10344.91,10889.38,16830
8110983,20689.82,19655.33,20689.82,31977
8030116,2496.3,2246.67,2496.3,4044
8030125,2496.3,2246.67,2496.3,4044
8030120,2496.3,2246.67,2496.3,4044
8030064,2496.3,2246.67,2496.3,4044
8030065,2496.3,2246.67,2496.3,4044
8030126,2496.3,2246.67,2496.3,4044
8030127,2496.3,2246.67,2496.3,4044
8030066,2496.3,2246.67,2496.3,4044
8030129,2496.3,2246.67,2496.3,4044
8132304,2496.3,2246.67,2496.3,4044
8030067,2496.3,2246.67,2496.3,4044
8030130,2496.3,2246.67,2496.3,4044
8132305,2496.3,2246.67,2496.3,4044
8030117,2496.3,2246.67,2496.3,4044
8030122,2496.3,2246.67,2496.3,4044
8030134,2496.3,2246.67,2496.3,4044
8132306,2496.3,2246.67,2496.3,4044
8030118,2496.3,2246.67,2496.3,4044
8030123,2496.3,2246.67,2496.3,4044
8030136,2496.3,2246.67,2496.3,4044
8030119,2496.3,2246.67,2496.3,4044
8030137,2496.3,2246.67,2496.3,4044
8022743,7569.72,7569.72,7569.72,12225
8022741,7569.72,7569.72,7569.72,12225
8022744,7569.72,7569.72,7569.72,12225
8021864,14720.45,14720.45,14720.45,23773.33
8021850,8372.62,8372.62,8372.62,13521.67
8021848,12672.96,12672.96,12672.96,20466.67
8021849,12672.96,12672.96,12672.96,20466.67
8021851,7927.82,7927.82,7927.82,12803.33
8021853,7927.82,7927.82,7927.82,12803.33
8021852,7927.82,7927.82,7927.82,12803.33
8021854,7927.82,7927.82,7927.82,12803.33
8040987,11452.1,11452.1,11452.1,18495
8040988,11452.1,11452.1,11452.1,18495
8021839,8913.38,8913.38,8913.38,14395
8021841,8913.38,8913.38,8913.38,14395
8021840,8913.38,8913.38,8913.38,14395
8021843,8913.38,8913.38,8913.38,14395
8021846,6258.05,6258.05,6258.05,10106.67
8021844,6258.05,6258.05,6258.05,10106.67
8021847,6258.05,6258.05,6258.05,10106.67
8021988,6258.05,6258.05,6258.05,10106.67
8040990,6258.05,6258.05,6258.05,10106.67
8021845,6258.05,6258.05,6258.05,10106.67
8022734,8316.89,8316.89,8316.89,13431.67
8021835,20371.68,20371.68,20371.68,32900
8021866,11368.51,11368.51,11368.51,18360
8021867,11368.51,11368.51,11368.51,18360
8021868,11368.51,11368.51,11368.51,18360
8021978,17773.1,17773.1,17773.1,28703.33
8021838,10054.78,10054.78,10054.78,16238.33
8021842,10054.78,10054.78,10054.78,16238.33
8021831,7197.17,7197.17,7197.17,11623.33
8021833,7197.17,7197.17,7197.17,11623.33
8021832,7197.17,7197.17,7197.17,11623.33
8022739,7197.17,7197.17,7197.17,11623.33
8022742,7197.17,7197.17,7197.17,11623.33
8022735,7197.17,7197.17,7197.17,11623.33
8040983,10637.86,10637.86,10637.86,17180
8022737,7197.17,7197.17,7197.17,11623.33
8022740,7197.17,7197.17,7197.17,11623.33
8022736,7197.17,7197.17,7197.17,11623.33
8021857,18160.1,18160.1,18160.1,29328.33
8021856,18160.1,18160.1,18160.1,29328.33
8021858,18160.1,18160.1,18160.1,29328.33
8021861,21129.17,21129.17,21129.17,34123.33
8021860,21129.17,21129.17,21129.17,34123.33
8021862,21129.17,21129.17,21129.17,34123.33
8022747,18919.66,18919.66,18919.66,30555
8022746,18919.66,18919.66,18919.66,30555
6300350,3352.75,3352.75,3352.75,4800
6039486,7532.77,7532.77,7532.77,11900
8117051,8013.92,7212.53,8013.92,18152.34
8117050,12249.36,11024.42,12249.36,27746.07
8140103,2625.02,2625.02,2625.02,5040
8140101,2625.02,2625.02,2625.02,5040
8140102,2625.02,2625.02,2625.02,5040
8140100,1968.77,1968.77,1968.77,3780
8140084,3937.53,3937.53,3937.53,7560
8140104,7875.06,7875.06,7875.06,15120
8140105,28875.23,28875.23,28875.23,55440
8034219,2428.41,2428.41,2428.41,
8120834,2097.28,2097.28,2097.28,
8001993,1206.54,1206.54,1206.54,
8001994,1537.85,1537.85,1537.85,
8009518,1921.06,1921.06,1921.06,
8001995,2537.34,2537.34,2537.34,
8120835,2512.12,2512.12,2512.12,
8120837,2283.76,2283.76,2283.76,
8041659,4415.24,4415.24,4415.24,
8136858,1414.5,1414.5,1414.5,
8120841,2512.12,2512.12,2512.12,
8120849,10657.59,10657.59,10657.59,
6300462,1579.89,1579.89,1579.89,2387.09
8134994,3856.62,3856.62,3856.62,5827.08
8130594,2657.23,2657.23,2657.23,4014.89
8130593,1411.92,1411.92,1411.92,2133.3
8043324,2437.79,2437.79,2437.79,3683.33
8016226,1980.19,1980.19,1980.19,2991.92
8016228,2212.62,2212.62,2212.62,3343.11
8016227,1179.1,1179.1,1179.1,1781.53
8009446,6608.76,6608.76,6608.76,10606.94
8009445,4541.28,3405.96,4541.28,7288.68
8036693,6608.76,6608.76,6608.76,10606.94
8036692,4541.28,4541.28,4541.28,7288.68
8022362,5292.52,5292.52,5292.52,8494.4
9993367,3436.39,3436.39,3436.39,5515.35
8022247,4541.29,4541.29,4541.29,7288.69
8022551,6608.76,4956.57,6608.76,10606.94
8143841,4541.29,4541.29,4541.29,7288.69
8143842,6608.76,6608.76,6608.76,10606.94
8143839,4541.29,4541.29,4541.29,7288.69
8143840,6608.76,6608.76,6608.76,10606.94
9995523,3742.65,2806.99,3742.65,6006.89
9995522,5292.52,5292.52,5292.52,8494.4
8011284,4541.28,4541.28,4541.28,7288.68
8011285,6608.79,6608.79,6608.79,10606.98
8138450,3993.38,2995.04,3993.38,6409.3
8138451,5647.07,5647.07,5647.07,9063.44
8015923,4541.28,4541.28,4541.28,7288.68
8015016,6608.79,6608.79,6608.79,10606.98
8031385,4541.29,4541.29,4541.29,7288.69
8031386,6608.76,4956.57,6608.76,10606.94
8022384,3436.42,2405.49,3436.42,5515.38
8016382,5292.52,3969.39,5292.52,8494.4
8028056,4325.01,4325.01,4325.01,6941.57
8028057,6608.76,6608.76,6608.76,10606.94
8040843,12083.03,12083.03,12083.03,17990
8040847,12083.03,12083.03,12083.03,17990
8129522,6129.14,5516.23,6129.14,13883.13
8129536,4903.1,4412.79,4903.1,11106
8110552,5217.53,5217.53,5217.53,10080
8119585,3342.66,3008.39,3342.66,7571.47
8126998,4457.26,4011.53,4457.26,10096.14
8113533,5571.85,5014.67,5571.85,12620.8
8113507,6686.44,6017.8,6686.44,15145.47
8126979,6129.14,5516.23,6129.14,13883.13
8136599,9350.37,9350.37,9350.37,19490
8136595,12228.88,12228.88,12228.88,25490
8136596,11125.45,11125.45,11125.45,23190
8136597,13380.28,13380.28,13380.28,27890
8136600,13236.35,13236.35,13236.35,27590
8136593,7719.21,7719.21,7719.21,16090
8136591,7719.21,7719.21,7719.21,16090
8136602,7719.21,7719.21,7719.21,16090
8142070,15827.02,15827.02,15827.02,32990
8142071,12468.75,12468.75,12468.75,25990
8142072,9590.25,9590.25,9590.25,19990
8142073,15827.02,15827.02,15827.02,32990
8136592,7719.21,7719.21,7719.21,16090
8136598,12228.88,12228.88,12228.88,25490
8136601,8246.94,8246.94,8246.94,17190
8136594,8774.67,8774.67,8774.67,18290
8140116,10020.18,9018.16,10020.18,22696.74
8130936,2798.31,2798.31,2798.31,4132.5
8130937,5277.57,5277.57,5277.57,7363.39
8141655,42324.01,42324.01,42324.01,59990
8141656,42324.01,42324.01,42324.01,59990
8141652,42324.01,42324.01,42324.01,59990
8141657,42324.01,42324.01,42324.01,59990
8141658,42324.01,42324.01,42324.01,59990
8141653,42324.01,42324.01,42324.01,59990
8110031,33857.8,33857.8,33857.8,47990
8110034,33857.8,33857.8,33857.8,47990
8139818,40912.98,40912.98,40912.98,57990
8139817,40912.98,40912.98,40912.98,57990
8139816,40912.98,40912.98,40912.98,57990
8139815,40912.98,40912.98,40912.98,57990
8139814,40912.98,40912.98,40912.98,57990
8110022,39501.93,39501.93,39501.93,55990
8110026,39501.93,39501.93,39501.93,55990
8121761,39501.93,39501.93,39501.93,55990
8110025,39501.93,39501.93,39501.93,55990
8110023,39501.93,39501.93,39501.93,55990
8121763,39501.93,39501.93,39501.93,55990
8121766,40912.98,40912.98,40912.98,57990
8109987,40912.98,40912.98,40912.98,57990
8109991,40912.98,40912.98,40912.98,57990
8109974,40912.98,40912.98,40912.98,57990
8121770,40912.98,40912.98,40912.98,57990
8109985,40912.98,40912.98,40912.98,57990
8121778,40912.98,40912.98,40912.98,57990
8109984,40912.98,40912.98,40912.98,57990
8109989,40912.98,40912.98,40912.98,57990
8121777,40912.98,40912.98,40912.98,57990
8121769,40912.98,40912.98,40912.98,57990
8121780,40912.98,40912.98,40912.98,57990
8109990,40912.98,40912.98,40912.98,57990
8133442,40912.98,40912.98,40912.98,57990
8110003,26802.61,26802.61,26802.61,37990
8110002,26802.61,26802.61,26802.61,37990
8110001,26802.61,26802.61,26802.61,37990
8120855,21735.24,21735.24,21735.24,27730
8133448,32446.76,32446.76,32446.76,45990
8133449,32446.76,32446.76,32446.76,45990
8133447,32446.76,32446.76,32446.76,45990
8133446,32446.76,32446.76,32446.76,45990
8133445,32446.76,32446.76,32446.76,45990
8133444,32446.76,32446.76,32446.76,45990
8139362,26722.2,26722.2,26722.2,38990
8129593,26722.2,26722.2,26722.2,38990
8124321,27407.56,27407.56,27407.56,39990
8129594,26722.2,26722.2,26722.2,38990
8117793,17986.29,17986.29,17986.29,25493.75
8143612,23275.03,23275.03,23275.03,32990
8143613,23275.03,23275.03,23275.03,32990
8141967,25391.59,25391.59,25391.59,35990
8141968,25391.59,25391.59,25391.59,35990
8141966,25391.59,25391.59,25391.59,35990
8143236,26802.61,26802.61,26802.61,37990
8143237,26802.61,26802.61,26802.61,37990
8143241,26802.61,26802.61,26802.61,37990
8143239,26802.61,26802.61,26802.61,37990
8143238,26802.61,26802.61,26802.61,37990
8138716,19747.44,19747.44,19747.44,27990
8138717,19747.44,19747.44,19747.44,27990
8138712,19747.44,19747.44,19747.44,27990
8138715,19747.44,19747.44,19747.44,27990
8138713,19747.44,19747.44,19747.44,27990
8123287,23275.03,23275.03,23275.03,32990
8109958,23275.03,23275.03,23275.03,32990
8121772,16642.77,16642.77,16642.77,23589
8134610,32890.43,32890.43,32890.43,47990
8134611,32890.43,32890.43,32890.43,47990
8137186,16441.8,16441.8,16441.8,23990
8134612,32205.07,32205.07,32205.07,46990
8143633,30148.99,30148.99,30148.99,43990
8143226,27407.56,27407.56,27407.56,39990
8137185,32890.43,32890.43,32890.43,47990
8136068,33152.28,33152.28,33152.28,46990
8136067,33152.28,33152.28,33152.28,46990
8136066,33152.28,33152.28,33152.28,46990
8136064,33152.28,33152.28,33152.28,46990
8138340,31035.72,31035.72,31035.72,43990
8138338,31035.72,31035.72,31035.72,43990
8138336,31035.72,31035.72,31035.72,43990
8138341,31035.72,31035.72,31035.72,43990
8127227,25391.59,25391.59,25391.59,35990
8127225,25391.59,25391.59,25391.59,35990
8127226,25391.59,25391.59,25391.59,35990
8127228,25391.59,25391.59,25391.59,35990
8127224,25391.59,25391.59,25391.59,35990
8128690,29624.7,29624.7,29624.7,41990
8128689,29624.7,29624.7,29624.7,41990
8128691,29624.7,29624.7,29624.7,41990
8128688,29624.7,29624.7,29624.7,41990
8128692,32446.76,32446.76,32446.76,45990
8142869,32446.76,32446.76,32446.76,45990
8142865,32446.76,32446.76,32446.76,45990
8142866,32446.76,32446.76,32446.76,45990
8142868,32446.76,32446.76,32446.76,45990
8142867,32446.76,32446.76,32446.76,45990
8143230,31035.72,31035.72,31035.72,43990
8143231,31035.72,31035.72,31035.72,43990
8139303,31035.72,31035.72,31035.72,43990
8143232,31035.72,31035.72,31035.72,43990
8143233,31035.72,31035.72,31035.72,43990
8139302,31035.72,31035.72,31035.72,43990
8139301,31035.72,31035.72,31035.72,43990
8143234,31035.72,31035.72,31035.72,43990
8139305,31035.72,31035.72,31035.72,43990
8143235,31035.72,31035.72,31035.72,43990
8139304,31035.72,31035.72,31035.72,43990
8130595,28919.18,28919.18,28919.18,40990
8130596,28919.18,28919.18,28919.18,40990
8130599,28919.18,28919.18,28919.18,40990
8130602,28919.18,28919.18,28919.18,40990
8130603,28919.18,28919.18,28919.18,40990
8135891,28919.18,28919.18,28919.18,40990
8135893,28919.18,28919.18,28919.18,40990
8135894,28919.18,28919.18,28919.18,40990
8135895,28919.18,28919.18,28919.18,40990
8135896,28919.18,28919.18,28919.18,40990
8135901,28919.18,28919.18,28919.18,40990
8138723,31035.72,31035.72,31035.72,43990
8138719,31035.72,31035.72,31035.72,43990
8138721,31035.72,31035.72,31035.72,43990
8142861,32446.76,32446.76,32446.76,45990
8142863,32446.76,32446.76,32446.76,45990
8142864,32446.76,32446.76,32446.76,45990
8142862,32446.76,32446.76,32446.76,45990
8138720,31035.72,31035.72,31035.72,43990
8138722,31035.72,31035.72,31035.72,43990
8126215,24686.06,24686.06,24686.06,34990
8126214,24686.06,24686.06,24686.06,34990
8126216,24686.06,24686.06,24686.06,34990
8126217,24686.06,24686.06,24686.06,34990
8126213,24686.06,24686.06,24686.06,34990
8134617,24686.06,24686.06,24686.06,34990
8134614,24686.06,24686.06,24686.06,34990
8134615,24686.06,24686.06,24686.06,34990
8126210,24686.06,24686.06,24686.06,34990
8126211,24686.06,24686.06,24686.06,34990
8109946,1450.35,1450.35,1450.35,2056
8140697,41618.5,41618.5,41618.5,58990
8132806,37385.39,37385.39,37385.39,52990
8132813,41618.5,41618.5,41618.5,58990
8141965,41618.5,41618.5,41618.5,58990
8137710,35268.83,35268.83,35268.83,49990
8137709,35268.83,35268.83,35268.83,49990
8109994,29624.7,29624.7,29624.7,41990
8109996,29624.7,29624.7,29624.7,41990
8129211,39501.93,39501.93,39501.93,55990
8129212,39501.93,39501.93,39501.93,55990
8112258,29624.7,29624.7,29624.7,41990
8110018,28213.65,28213.65,28213.65,39990
8110000,26097.1,26097.1,26097.1,36990
8109995,30330.21,30330.21,30330.21,42990
8120859,30330.21,30330.21,30330.21,42990
8121786,37385.39,37385.39,37385.39,52990
8121787,37385.39,37385.39,37385.39,52990
8121788,37385.39,37385.39,37385.39,52990
8121789,37385.39,37385.39,37385.39,52990
8121790,37385.39,37385.39,37385.39,52990
8127644,37385.39,37385.39,37385.39,52990
8136073,31035.72,31035.72,31035.72,43990
8136069,31035.72,31035.72,31035.72,43990
8136071,31035.72,31035.72,31035.72,43990
8136072,31035.72,31035.72,31035.72,43990
8136070,31035.72,31035.72,31035.72,43990
8126661,39501.93,39501.93,39501.93,55990
8120850,39501.93,39501.93,39501.93,55990
8120851,39501.93,39501.93,39501.93,55990
8120852,39501.93,39501.93,39501.93,55990
8120853,39501.93,39501.93,39501.93,55990
8129581,19825.13,19825.13,19825.13,25290
8129582,19825.13,19825.13,19825.13,25290
8143614,31741.24,31741.24,31741.24,44990
8143615,31741.24,31741.24,31741.24,44990
8143616,31741.24,31741.24,31741.24,44990
8143617,31741.24,31741.24,31741.24,44990
8134967,24686.06,24686.06,24686.06,34990
8134968,24686.06,24686.06,24686.06,34990
8134970,24686.06,24686.06,24686.06,34990
8134966,24686.06,24686.06,24686.06,34990
8134969,24686.06,24686.06,24686.06,34990
8134971,24686.06,24686.06,24686.06,34990
8035101,4447.22,4002.5,4447.22,10073.41
9993811,23451.41,23451.41,23451.41,35494.73
9998529,23138.11,23138.11,23138.11,35020.54
8005292,399.35,399.35,399.35,590.37
8008814,25215.46,25215.46,25215.46,50383.47
8131601,2390.1,1673.07,2390.1,3589.55
8132749,4339.1,3037.37,4339.1,6516.25
8138704,2390.1,1673.07,2390.1,3589.55
8138705,4339.1,3037.37,4339.1,6516.25
8131617,2390.1,1673.07,2390.1,3589.55
8132748,4339.1,3037.37,4339.1,6516.25
8036832,1972.56,1972.56,1972.56,3144.86
8036833,1972.76,1972.76,1972.76,3144.86
8036830,3348.38,3348.38,3348.38,5194.38
8036811,3175.48,3175.48,3175.48,4926.72
8036831,1972.53,1972.53,1972.53,3144.86
8036825,3348.38,3348.38,3348.38,5194.38
8131582,2668.8,2668.8,2668.8,4407.92
8131621,3008.37,3008.37,3008.37,4838.92
8131620,1045.57,1045.57,1045.57,1756.1
8138707,3008.37,3008.37,3008.37,4838.92
8138706,1045.57,1045.57,1045.57,1756.1
8131618,1045.57,1045.57,1045.57,1756.1
8131623,3008.37,3008.37,3008.37,4838.92
8131622,1045.57,1045.57,1045.57,1756.1
8131583,2868.96,2868.96,2868.96,4738.52
8131588,994.23,994.23,994.23,1691.2
8131584,2668.8,2668.8,2668.8,4407.92
8131585,2868.96,2868.96,2868.96,4738.52
8131590,994.23,994.23,994.23,1691.2
8131586,2868.96,2868.96,2868.96,4738.52
8131591,994.23,994.23,994.23,1691.2
8131587,994.23,994.23,994.23,1691.2
8043108,6121.7,6121.7,6121.7,
8020532,3443.42,3443.42,3443.42,
6030051,4210.15,3157.61,4210.15,
6301110,4210.15,3157.61,4210.15,
8000749,3443.42,3443.42,3443.42,
8138272,4210.15,3157.61,4210.15,
8138273,4210.15,3157.61,4210.15,
8037703,3677.3,2757.98,3677.3,
8134826,4661.66,3496.25,4661.66,
8013980,4210.15,3157.61,4210.15,
8131654,5095.05,3821.29,5095.05,
8134537,3145.64,2359.23,3145.64,
8037700,3677.3,2757.98,3677.3,
8134825,4661.66,3496.25,4661.66,
6039424,4210.15,3157.61,4210.15,
8043107,6121.7,6121.7,6121.7,
8043152,4340.87,3255.65,4340.87,
8043087,2366.8,2366.8,2366.8,
8043085,2366.8,2366.8,2366.8,
8043086,2366.8,2366.8,2366.8,
8131653,3826.79,3826.79,3826.79,
8043084,2366.8,2366.8,2366.8,
8138830,5320.67,5320.67,5320.67,
8138829,3056.55,3056.55,3056.55,
8120755,2080.67,1560.5,2080.67,
8117640,5320.67,5320.67,5320.67,
8117637,3056.55,3056.55,3056.55,
8122651,6604.99,4953.74,6604.99,
8117639,5320.67,5320.67,5320.67,
8138828,3056.55,3056.55,3056.55,
8117635,2278.5,2278.5,2278.5,
8117638,4323.24,4323.24,4323.24,
8043104,2621.86,2621.86,2621.86,
8043103,6448.05,6448.05,6448.05,
8016936,129463.5,129463.5,129463.5,194670
8112200,168321.84,168321.84,168321.84,253100
8116297,121037.44,121037.44,121037.44,182000
8116298,168321.84,168321.84,168321.84,253100
11338,121037.44,121037.44,121037.44,182000
8138872,194058.92,194058.92,194058.92,291800
8138871,142983.79,142983.79,142983.79,215000
8121988,190933.23,190933.23,190933.23,287100
8123728,206229.17,206229.17,206229.17,310100
8123727,156484.12,156484.12,156484.12,235300
8130942,1958.76,1958.76,1958.76,3400.32
8130944,1958.76,1958.76,1958.76,3400.32
8130943,1958.76,1958.76,1958.76,3400.32
8130945,1958.76,1958.76,1958.76,3400.32
8032528,21741.52,21741.52,21741.52,29990
8032531,21741.52,21741.52,21741.52,29990
8032527,21741.52,21741.52,21741.52,29990
8032529,21741.52,21741.52,21741.52,29990
8032530,21741.52,21741.52,21741.52,29990
6220481,2132.76,2026.12,2132.76,2932
6220480,2739.96,2602.96,2739.96,3765
8029554,4839.05,4597.1,4839.05,6647
8122011,5332.6,5332.6,5332.6,
8139937,94469.24,94469.24,94469.24,151124.94
8113730,2252.52,2027.27,2252.52,
8113732,2252.52,2027.27,2252.52,
8022255,23620.91,23620.91,23620.91,
8113733,2252.52,2027.27,2252.52,
8113734,2252.52,2027.27,2252.52,
8038460,2322.37,2322.37,2322.37,
8033621,27653.86,27653.86,27653.86,
8130256,3282.33,2954.1,3282.33,
8018733,7487.57,7487.57,7487.57,12499
8132496,2569.24,2569.24,2569.24,4634.43
8132495,2569.24,2569.24,2569.24,4634.43
9994242,23061.33,23061.33,23061.33,34904.32
8027639,39342.68,39342.68,39342.68,59546.87
9998908,17589.81,17589.81,17589.81,26622.96
8034220,3425.65,3425.65,3425.65,
8138398,8795.45,8795.45,8795.45,15000
8116742,20522.73,20522.73,20522.73,35000
8138401,20522.73,20522.73,20522.73,35000
8116741,20522.73,20522.73,20522.73,35000
8116739,16418.18,16418.18,16418.18,28000
8138400,16418.18,16418.18,16418.18,28000
8138399,16418.18,16418.18,16418.18,28000
8116738,16418.18,16418.18,16418.18,28000
8131440,7622.73,7622.73,7622.73,13000
8138397,7622.73,7622.73,7622.73,13000
8113279,7622.73,7622.73,7622.73,13000
8133862,29025,29025,29025,49500
8129622,11140.9,11140.9,11140.9,19000
8129625,11140.9,11140.9,11140.9,19000
8138406,22281.82,22281.82,22281.82,38000
8141696,8053.12,8053.12,8053.12,11990
8143037,23501.13,23501.13,23501.13,34990
8141693,13426.35,13426.35,13426.35,19990
8141694,8053.12,8053.12,8053.12,11990
8143036,23501.13,23501.13,23501.13,34990
8141691,13426.35,13426.35,13426.35,19990
8143039,12754.69,12754.69,12754.69,18990
8141695,8053.12,8053.12,8053.12,11990
8143038,23501.13,23501.13,23501.13,34990
8141692,13426.35,13426.35,13426.35,19990
6300962,7502.27,7502.27,7502.27,11046.6
6030837,5839.71,5839.71,5839.71,8598.6
6030836,8227.32,8227.32,8227.32,12114.2
6030835,10994.79,10994.79,10994.79,16189.1
6302129,6342.13,6342.13,6342.13,
6302130,6342.13,6342.13,6342.13,
6031168,8434.13,8434.13,8434.13,
6030966,1124.55,1124.55,1124.55,
6030967,1851.94,1851.94,1851.94,
6031167,647.1,647.1,647.1,
6031170,2687.98,2687.98,2687.98,
6031171,1445.85,1445.85,1445.85,
6031172,2136.22,2136.22,2136.22,
9999690,2962.16,2962.16,2962.16,
6031173,2045.43,2045.43,2045.43,
6302131,2525.25,2525.25,2525.25,
6031174,4499.62,4499.62,4499.62,
6031175,5558.69,5558.69,5558.69,
6031177,4695.25,4695.25,4695.25,
6031464,1727.26,1727.26,1727.26,
6031465,1284.99,1284.99,1284.99,
6031467,1301.19,1301.19,1301.19,
6031490,915.31,915.31,915.31,
6031468,1017.24,1017.24,1017.24,
6300837,2313.98,2313.98,2313.98,
6030968,3213,3213,3213,
6030969,5247.9,5247.9,5247.9,
6033503,1868.38,1868.38,1868.38,
8141561,11133.05,11133.05,11133.05,
6033502,2056.11,2056.11,2056.11,
6031178,3095.19,3095.19,3095.19,
6031179,4712.4,4712.4,4712.4,
6300847,3171.87,3171.87,3171.87,
9999692,4007.56,4007.56,4007.56,
9999693,3002.72,3002.72,3002.72,
6031480,4589.12,4589.12,4589.12,
6031365,5745.57,5745.57,5745.57,
6302133,4388.52,4388.52,4388.52,
6302136,5272.8,5272.8,5272.8,
8141559,17880.35,17880.35,17880.35,
6031367,2277.92,2277.92,2277.92,
6031368,3427.2,3427.2,3427.2,
6300836,1941.5,1941.5,1941.5,
6031369,4862.47,4862.47,4862.47,
6031370,4862.47,4862.47,4862.47,
6030970,3143.21,3143.21,3143.21,
6031371,4333.95,4333.95,4333.95,
6031372,5610.28,5610.28,5610.28,
6031481,4732.08,4732.08,4732.08,
6302138,1820.7,1820.7,1820.7,
6031377,3327.45,3327.45,3327.45,
6031379,1032.19,1032.19,1032.19,
6300851,3208.59,3208.59,3208.59,
6031380,1782.66,1782.66,1782.66,
6302139,3362.51,3362.51,3362.51,
8016633,6653.73,6653.73,6653.73,
8016626,8670.36,8670.36,8670.36,
8016632,7618.87,7618.87,7618.87,
6302140,1944.22,1944.22,1944.22,
6030971,1584.88,1584.88,1584.88,
6302147,1489.28,1489.28,1489.28,
9999695,632.97,632.97,632.97,
6031341,2049.23,2049.23,2049.23,
6031383,811.23,811.23,811.23,
6302146,750.07,750.07,750.07,
6030972,1964.33,1964.33,1964.33,
8009361,2869.68,2869.68,2869.68,
6031386,649.63,649.63,649.63,
8009363,3345.63,3345.63,3345.63,
6031388,738.99,738.99,738.99,
8009362,2869.68,2869.68,2869.68,
6031387,649.63,649.63,649.63,
8009364,3345.63,3345.63,3345.63,
6031389,738.99,738.99,738.99,
8007595,5194.35,5194.35,5194.35,
6030973,1345.76,1345.76,1345.76,
8005205,1655.59,1655.59,1655.59,
8009373,4349.94,4349.94,4349.94,
6302141,1771.27,1771.27,1771.27,
8005206,3871.3,3871.3,3871.3,
6031158,2195.05,2195.05,2195.05,
9999696,2161.84,2161.84,2161.84,
6302142,1979.67,1979.67,1979.67,
6031390,1561.44,1561.44,1561.44,
6301012,1425.06,1425.06,1425.06,
6031393,1330.27,1330.27,1330.27,
6031392,1598.34,1598.34,1598.34,
6031491,2437.57,2437.57,2437.57,
6300845,4773.57,4773.57,4773.57,
6031591,7925.4,7925.4,7925.4,
8012996,8183.04,8183.04,8183.04,
6031396,1743.34,1743.34,1743.34,
6031592,1764.72,1764.72,1764.72,
6031397,1937.39,1937.39,1937.39,
6031398,5354.47,5354.47,5354.47,
6300843,2611.19,2611.19,2611.19,
6031513,1188.47,1188.47,1188.47,
6031400,782.28,782.28,782.28,
8009358,3620.56,3620.56,3620.56,
6031482,917.42,917.42,917.42,
8009359,4476.31,4476.31,4476.31,
6031483,2034.9,2034.9,2034.9,
6302151,1075.2,1075.2,1075.2,
6302148,1550.09,1550.09,1550.09,
6031337,1584.61,1584.61,1584.61,
6302152,2666.79,2666.79,2666.79,
8016630,3419.4,3419.4,3419.4,
8141560,8883.95,8883.95,8883.95,
6302153,1069.19,1069.19,1069.19,
8009360,4937.12,4937.12,4937.12,
6300848,5258.27,5258.27,5258.27,
8015068,3014.66,3014.66,3014.66,
6030974,2351.92,2351.92,2351.92,
6031484,1010.7,1010.7,1010.7,
6031471,613.92,613.92,613.92,
6031498,913.03,913.03,913.03,
6031512,1575.98,1575.98,1575.98,
6031470,613.92,613.92,613.92,
6031472,1575.98,1575.98,1575.98,
6031473,1575.98,1575.98,1575.98,
6031485,2589.25,2589.25,2589.25,
6300849,3280.44,3280.44,3280.44,
6031339,1397.43,1397.43,1397.43,
6300850,3217.66,3217.66,3217.66,
6030978,1177.32,1177.32,1177.32,
8030162,1733.48,1733.48,1733.48,
6031406,1073.62,1073.62,1073.62,
6301026,745.69,745.69,745.69,
6031408,822.86,822.86,822.86,
6031410,1485.5,1485.5,1485.5,
6031409,1306.44,1306.44,1306.44,
6031411,694.27,694.27,694.27,
8009371,4169.13,4169.13,4169.13,
6031488,1042.28,1042.28,1042.28,
8009370,3379.18,3379.18,3379.18,
6031487,898.34,898.34,898.34,
6302154,1237.16,1237.16,1237.16,
6302155,1541.74,1541.74,1541.74,
6302156,1772.14,1772.14,1772.14,
6031417,1216.92,1216.92,1216.92,
6031420,822.86,822.86,822.86,
8009372,3291.42,3291.42,3291.42,
6031416,889.61,889.61,889.61,
9999701,1841.99,1841.99,1841.99,
9999702,9601.78,9601.78,9601.78,
6031424,1274.49,1274.49,1274.49,
9999703,5515.65,5515.65,5515.65,
6033504,1473.58,1473.58,1473.58,
8015067,3705.7,3705.7,3705.7,
6031596,1376.25,1376.25,1376.25,
6031426,1376.25,1376.25,1376.25,
6031428,1376.25,1376.25,1376.25,
6031425,1181.14,1181.14,1181.14,
6031598,700.41,700.41,700.41,
6302158,1376.25,1376.25,1376.25,
6302160,1367.81,1367.81,1367.81,
6031477,822.86,822.86,822.86,
6031150,829.03,829.03,829.03,
6031151,963.9,963.9,963.9,
6031478,857.22,857.22,857.22,
6031153,1378.18,1378.18,1378.18,
6030980,717.57,717.57,717.57,
8009365,3219.64,3219.64,3219.64,
8141567,12932.33,12932.33,12932.33,
8141565,8883.95,8883.95,8883.95,
8141566,10008.5,10008.5,10008.5,
6031601,970.74,970.74,970.74,
6300834,1501.93,1501.93,1501.93,
6031602,1376.25,1376.25,1376.25,
6031430,1501.33,1501.33,1501.33,
9999705,2193.96,2193.96,2193.96,
6031431,2754.91,2754.91,2754.91,
6031432,1381.84,1381.84,1381.84,
8030156,1241.98,1241.98,1241.98,
8009366,4772.55,4772.55,4772.55,
6031447,1786.04,1786.04,1786.04,
6302161,1404.33,1404.33,1404.33,
6030981,1285.2,1285.2,1285.2,
6031448,3139.64,3139.64,3139.64,
6031474,1424.56,1424.56,1424.56,
6030991,1435.14,1435.14,1435.14,
6031475,1264.4,1264.4,1264.4,
6031449,889.72,889.72,889.72,
8009367,5595.41,5595.41,5595.41,
6031450,967.31,967.31,967.31,
6031338,17880.35,17880.35,17880.35,
6302162,2435.64,2435.64,2435.64,
6031452,1233.31,1233.31,1233.31,
6031454,2616.93,2616.93,2616.93,
6031489,1919.99,1919.99,1919.99,
6302163,2542.74,2542.74,2542.74,
8009368,4564.1,4564.1,4564.1,
8009369,4564.1,4564.1,4564.1,
6031453,1233.31,1233.31,1233.31,
6302164,1166.99,1166.99,1166.99,
8141558,21760.04,21760.04,21760.04,
8141557,18075.8,18075.8,18075.8,
6031427,13325.92,13325.92,13325.92,
8141556,31908.15,31908.15,31908.15,
9999706,7486.29,7486.29,7486.29,
8015072,5717.09,5717.09,5717.09,
8030144,6961.5,6961.5,6961.5,
9999710,2517.88,2517.88,2517.88,
6031476,1039.71,1039.71,1039.71,
6030996,1092.42,1092.42,1092.42,
6030997,1307.06,1307.06,1307.06,
6031462,873.33,873.33,873.33,
6031335,803.25,803.25,803.25,
8030164,1803.14,1803.14,1803.14,
8030157,832.04,832.04,832.04,
8005207,9708.01,9708.01,9708.01,
9999712,2912.59,2912.59,2912.59,
6033506,4605.84,4605.84,4605.84,
6033507,5414.98,5414.98,5414.98,
6302167,2907.41,2907.41,2907.41,
6302165,2907.41,2907.41,2907.41,
6302166,2907.41,2907.41,2907.41,
8007596,2587.96,2587.96,2587.96,
6031463,1493.97,1493.97,1493.97,
8009374,3919.56,3919.56,3919.56,
8016624,1454.32,1454.32,1454.32,
8121357,9411.84,9411.84,9411.84,10718
8121358,17169.9,17169.9,17169.9,19805
8011556,2954.75,2807.01,2954.75,4063
6039649,4239.97,4027.97,4239.97,5822
8131794,38320.6,38320.6,38320.6,67100
8131790,50821.91,50821.91,50821.91,88990
8131806,30064.08,30064.08,30064.08,52642.7
8131802,45096.44,45096.44,45096.44,78964.6
8131798,112669.48,112669.48,112669.48,197286.1
8128556,40369.43,40369.43,40369.43,64553.5
8127398,3382.15,3382.15,3382.15,5750
8042289,23699.75,23699.75,23699.75,40000
8042294,23699.75,23699.75,23699.75,40000
8042360,27989.4,27989.4,27989.4,47240
8042364,27989.4,27989.4,27989.4,47240
8042209,16939.4,16939.4,16939.4,28590
8042235,18222.8,18222.8,18222.8,30756.1
8042199,14767.3,14767.3,14767.3,24923.97
8122581,9963.86,9963.86,9963.86,17757.29
8122582,5784.91,3470.95,5784.91,10309.71
8122584,6163.52,4314.46,6163.52,10984.43
8122583,4644.54,3251.18,4644.54,8277.37
8122585,6126.3,6126.3,6126.3,10918.12
8124074,26917.41,21533.93,26917.41,47971.43
8124075,25725.61,20580.49,25725.61,45847.41
8124076,46540.53,37232.42,46540.53,82943.17
8124077,54007.73,32404.64,54007.73,96251
8128210,27503.25,19252.28,27503.25,
8038994,30253.57,18152.14,30253.57,
8118396,9277.76,6494.43,9277.76,16534.55
8128208,27503.25,19252.28,27503.25,
8039024,27503.25,22002.6,27503.25,
8118179,2521.12,2521.12,2521.12,4493
8039020,27503.25,19252.28,27503.25,
8118395,8434.33,5904.03,8434.33,15031.41
8039027,4400.53,3300.4,4400.53,7842.48
8039021,30253.57,21177.5,30253.57,
8118393,9277.76,6494.43,9277.76,16534.55
8039026,4840.57,3630.43,4840.57,8626.72
8039022,27503.25,16501.95,27503.25,
8118397,8434.33,5904.03,8434.33,15031.41
8135943,4400.53,2640.32,4400.53,7842.48
8039023,27503.25,16501.95,27503.25,
8118394,8434.33,5060.6,8434.33,15031.41
8039025,4400.53,3300.4,4400.53,7842.48
8128207,30253.57,21177.5,30253.57,
8132830,24329.77,24329.77,24329.77,36990
8127984,24329.77,24329.77,24329.77,36990
8127985,24329.77,24329.77,24329.77,36990
8127990,24329.77,24329.77,24329.77,36990
8127991,24329.77,24329.77,24329.77,36990
8127986,24329.77,24329.77,24329.77,36990
8127987,24329.77,24329.77,24329.77,36990
8127989,24329.77,24329.77,24329.77,36990
8132837,24329.77,24329.77,24329.77,36990
8132838,24329.77,24329.77,24329.77,36990
8132839,24329.77,24329.77,24329.77,36990
8132832,24329.77,24329.77,24329.77,36990
8132834,24329.77,24329.77,24329.77,36990
8041211,28933.95,20253.77,28933.95,43990
8121754,28933.95,20253.77,28933.95,43990
8040133,28933.95,20253.77,28933.95,43990
8121488,28933.95,20253.77,28933.95,43990
8041214,28933.95,20253.77,28933.95,43990
8040131,28933.95,20253.77,28933.95,43990
8036903,28933.95,28933.95,28933.95,43990
8121484,28933.95,28933.95,28933.95,43990
8041215,28933.95,20253.77,28933.95,43990
8036896,28933.95,20253.77,28933.95,43990
8041218,28933.95,28933.95,28933.95,43990
8121486,28933.95,28933.95,28933.95,43990
8121487,28933.95,20253.77,28933.95,43990
8121489,28933.95,20253.77,28933.95,43990
8124888,25645.25,25645.25,25645.25,38990
8124889,23343.17,23343.17,23343.17,35490
8124890,25645.25,25645.25,25645.25,38990
8124891,25645.25,25645.25,25645.25,38990
8124892,25645.25,25645.25,25645.25,38990
8141969,26960.73,26960.73,26960.73,40990
8141970,26960.73,26960.73,26960.73,40990
8141971,26960.73,26960.73,26960.73,40990
8141972,26960.73,26960.73,26960.73,40990
8141975,26960.73,26960.73,26960.73,40990
8133909,36169.08,25318.36,36169.08,54990
8133908,36169.08,25318.36,36169.08,54990
8139804,36169.08,25318.36,36169.08,54990
8133907,36169.08,25318.36,36169.08,54990
8133906,36169.08,25318.36,36169.08,54990
8133905,36169.08,25318.36,36169.08,54990
8133904,36169.08,25318.36,36169.08,54990
8139803,36169.08,25318.36,36169.08,54990
8139802,36169.08,25318.36,36169.08,54990
8133903,36169.08,25318.36,36169.08,54990
8133902,36169.08,25318.36,36169.08,54990
8133901,36169.08,25318.36,36169.08,54990
8139801,36169.08,25318.36,36169.08,54990
8139800,36169.08,25318.36,36169.08,54990
8133886,36169.08,25318.36,36169.08,54990
8139805,32222.64,32222.64,32222.64,48990
8118064,23014.3,16110.01,23014.3,34990
8118063,23014.3,16110.01,23014.3,34990
8014221,23014.3,16110.01,23014.3,34990
8014220,23014.3,16110.01,23014.3,34990
8014219,23014.3,16110.01,23014.3,34990
8143624,25645.25,25645.25,25645.25,38990
8143625,25645.25,25645.25,25645.25,38990
8143626,25645.25,25645.25,25645.25,38990
8143627,25645.25,25645.25,25645.25,38990
8143628,25645.25,25645.25,25645.25,38990
8123946,20712.73,20712.73,20712.73,31490.79
8040853,27618.46,27618.46,27618.46,41990
8040855,27618.46,27618.46,27618.46,41990
8016424,27618.46,27618.46,27618.46,41990
8137171,27618.46,27618.46,27618.46,41990
8115566,27618.46,27618.46,27618.46,41990
8016425,27618.46,27618.46,27618.46,41990
8016426,27618.46,27618.46,27618.46,41990
8016427,25905.69,25905.69,25905.69,41990
8115567,27618.46,27618.46,27618.46,41990
8137178,15121.43,10585,15121.43,22990
8137183,15121.43,10585,15121.43,22990
8137180,15121.43,10585,15121.43,22990
8137184,15121.43,10585,15121.43,22990
8137179,15121.43,10585,15121.43,22990
8137182,15121.43,10585,15121.43,22990
8012325,16436.9,16436.9,16436.9,24990
8119167,15517.28,15517.28,15517.28,23590
8143622,19725.6,19725.6,19725.6,29990
8143621,19725.6,19725.6,19725.6,29990
8143620,19725.6,19725.6,19725.6,29990
8143623,19725.6,19725.6,19725.6,29990
8134992,18410.12,18410.12,18410.12,27990
8134991,18410.12,18410.12,18410.12,27990
8134990,18410.12,18410.12,18410.12,27990
8134987,18410.12,18410.12,18410.12,27990
8134989,18410.12,18410.12,18410.12,27990
8134988,18410.12,18410.12,18410.12,27990
8119157,17752.39,17752.39,17752.39,26990
8130782,15121.43,15121.43,15121.43,22990
8130783,15121.43,15121.43,15121.43,22990
8130784,15121.43,15121.43,15121.43,22990
8129226,3676.76,3676.76,3676.76,5590
8139811,3676.76,3676.76,3676.76,5590
8010259,3676.76,3676.76,3676.76,5590
6301465,3676.76,3676.76,3676.76,5590
8040856,3676.76,3676.76,3676.76,5590
6301469,3676.76,3676.76,3676.76,5590
8014059,3676.76,3676.76,3676.76,5590
6301478,3676.76,3676.76,3676.76,5590
8012243,3676.76,3676.76,3676.76,5590
8012242,3676.76,3676.76,3676.76,5590
8014121,3090.13,3090.13,3090.13,4698
8031689,23672.03,23672.03,23672.03,35990
8109468,23672.03,23672.03,23672.03,35990
8131194,19067.85,19067.85,19067.85,28990
8131193,19067.85,19067.85,19067.85,28990
8141438,21698.82,15189.17,21698.82,32990
8141435,21698.82,15189.17,21698.82,32990
8141441,21698.82,15189.17,21698.82,32990
8141440,21698.82,15189.17,21698.82,32990
8141439,21698.82,15189.17,21698.82,32990
8141436,21698.82,15189.17,21698.82,32990
8141437,21698.82,15189.17,21698.82,32990
8121394,24329.77,24329.77,24329.77,36990
8132821,24329.77,17030.84,24329.77,36990
8132826,24329.77,17030.84,24329.77,36990
8141959,24329.77,17030.84,24329.77,36990
8141954,24329.77,17030.84,24329.77,36990
8141956,24329.77,17030.84,24329.77,36990
8141958,24329.77,17030.84,24329.77,36990
8141955,24329.77,17030.84,24329.77,36990
8121395,24329.77,17030.84,24329.77,36990
8121391,24329.77,17030.84,24329.77,36990
8132822,24329.77,17030.84,24329.77,36990
8132817,24329.77,17030.84,24329.77,36990
8121396,24329.77,17030.84,24329.77,36990
8137172,24329.77,24329.77,24329.77,36990
8137176,24329.77,24329.77,24329.77,36990
8137173,24329.77,24329.77,24329.77,36990
8137175,24329.77,24329.77,24329.77,36990
8137177,24329.77,24329.77,24329.77,36990
8137174,24329.77,24329.77,24329.77,36990
8121393,24329.77,17030.84,24329.77,36990
8132818,24329.77,17030.84,24329.77,36990
8121392,24329.77,17030.84,24329.77,36990
8132819,24329.77,17030.84,24329.77,36990
8036777,24329.77,17030.84,24329.77,36990
8036778,24329.77,17030.84,24329.77,36990
8036779,24329.77,17030.84,24329.77,36990
8036782,24329.77,17030.84,24329.77,36990
8037747,24329.77,17030.84,24329.77,36990
8139300,24329.77,17030.84,24329.77,36990
8139299,24329.77,17030.84,24329.77,36990
8139297,24329.77,17030.84,24329.77,36990
8139295,24329.77,17030.84,24329.77,36990
8139294,24329.77,17030.84,24329.77,36990
8038165,24329.77,17030.84,24329.77,36990
8038168,24329.77,17030.84,24329.77,36990
8041219,24329.77,17030.84,24329.77,36990
8039175,24329.77,17030.84,24329.77,36990
8041225,24329.77,17030.84,24329.77,36990
8041228,24329.77,17030.84,24329.77,36990
8041226,24329.77,17030.84,24329.77,36990
8137702,24987.51,17491.26,24987.51,37990
8137703,24987.51,17491.26,24987.51,37990
8137704,24987.51,17491.26,24987.51,37990
8137705,24987.51,17491.26,24987.51,37990
8137706,24987.51,17491.26,24987.51,37990
8137707,24987.51,17491.26,24987.51,37990
8137708,24987.51,17491.26,24987.51,37990
8142506,24987.51,24987.51,24987.51,37990
8142505,24987.51,24987.51,24987.51,37990
8142508,24987.51,24987.51,24987.51,37990
8142503,24987.51,24987.51,24987.51,37990
8142507,24987.51,24987.51,24987.51,37990
8142504,24987.51,24987.51,24987.51,37990
8136059,24987.51,24987.51,24987.51,37990
8136060,24987.51,24987.51,24987.51,37990
8126667,24987.51,24987.51,24987.51,37990
8126663,24987.51,24987.51,24987.51,37990
8126662,24987.51,24987.51,24987.51,37990
8136061,24987.51,24987.51,24987.51,37990
8128912,21698.82,21698.82,21698.82,32990
8128913,24987.51,24987.51,24987.51,37990
8136063,24987.51,24987.51,24987.51,37990
8126665,24987.51,24987.51,24987.51,37990
8126668,24987.51,24987.51,24987.51,37990
8136062,24987.51,24987.51,24987.51,37990
8140159,23014.3,16110.01,23014.3,34990
8140160,23014.3,16110.01,23014.3,34990
8140161,23014.3,16110.01,23014.3,34990
8140162,23014.3,16110.01,23014.3,34990
8140163,23014.3,16110.01,23014.3,34990
8140164,23014.3,16110.01,23014.3,34990
8140165,23014.3,16110.01,23014.3,34990
8140166,23014.3,16110.01,23014.3,34990
8140167,23014.3,16110.01,23014.3,34990
8119159,15777.36,15777.36,15777.36,23990
8041746,26303,26303,26303,39990
8111827,26303,26303,26303,39990
8131819,30249.42,30249.42,30249.42,45990
8014137,16436.9,16436.9,16436.9,24990
8000339,16436.9,16436.9,16436.9,24990
8143619,33538.13,33538.13,33538.13,50990
8143618,33538.13,33538.13,33538.13,50990
8136505,30249.42,30249.42,30249.42,45990
8136504,30249.42,30249.42,30249.42,45990
8139807,30907.16,30907.16,30907.16,46990
8126218,33538.13,33538.13,33538.13,50990
8121647,33538.13,23476.69,33538.13,50990
8121648,33538.13,23476.69,33538.13,50990
8141651,26303,18412.1,26303,39990
8141650,26303,18412.1,26303,39990
8020748,23014.3,23014.3,23014.3,34990
8020749,23014.3,23014.3,23014.3,34990
8013691,19725.6,19725.6,19725.6,29990
8013689,19725.6,19725.6,19725.6,29990
8143221,26960.73,26960.73,26960.73,40990
8143219,26960.73,26960.73,26960.73,40990
8143224,26960.73,26960.73,26960.73,40990
8143223,26960.73,26960.73,26960.73,40990
8143225,26960.73,26960.73,26960.73,40990
8143220,26960.73,26960.73,26960.73,40990
8129229,19725.6,19725.6,19725.6,29990
8033921,19725.6,19725.6,19725.6,29990
8135873,19725.6,19725.6,19725.6,29990
8129227,20513.45,20513.45,20513.45,31190
8118056,17752.39,17752.39,17752.39,26990
8118057,17752.39,17752.39,17752.39,26990
8036894,15121.43,15121.43,15121.43,22990
8036895,15121.43,15121.43,15121.43,22990
8029045,15121.43,15121.43,15121.43,22990
8029046,15121.43,15121.43,15121.43,22990
8029047,15121.43,15121.43,15121.43,22990
8029048,15121.43,15121.43,15121.43,22990
8036899,16436.9,16436.9,16436.9,24990
8036898,16436.9,16436.9,16436.9,24990
8136048,26303,18412.1,26303,39990
8136047,26303,18412.1,26303,39990
8136045,26303,18412.1,26303,39990
8136044,26303,18412.1,26303,39990
8136043,26303,18412.1,26303,39990
8136042,26303,18412.1,26303,39990
8138327,26303,18412.1,26303,39990
8138326,26303,18412.1,26303,39990
8138325,26303,18412.1,26303,39990
8138324,26303,18412.1,26303,39990
8138323,26303,18412.1,26303,39990
8138322,26303,18412.1,26303,39990
8138321,26303,18412.1,26303,39990
8138320,26303,18412.1,26303,39990
8035118,30249.42,30249.42,30249.42,45990
8035117,30249.42,30249.42,30249.42,45990
8110789,30249.42,30249.42,30249.42,45990
8035119,30249.42,30249.42,30249.42,45990
8110790,30249.42,30249.42,30249.42,45990
8110791,30249.42,30249.42,30249.42,45990
8110787,30249.42,30249.42,30249.42,45990
8035143,28933.95,28933.95,28933.95,43990
8039194,20383.34,20383.34,20383.34,30990
8130006,19067.85,19067.85,19067.85,28990
8130007,20383.34,14268.34,20383.34,30990
8139291,170045.22,170045.22,170045.22,289999
8139282,35180.88,35180.88,35180.88,59999
8139277,46908.27,46908.27,46908.27,79999
8139276,43976.1,43976.1,43976.1,74999
8139288,46908.27,46908.27,46908.27,79999
8139280,40575.66,36518.09,40575.66,69199
8139275,40458.27,40458.27,40458.27,68999
8139290,10553.49,10553.49,10553.49,17999
8139281,40458.27,40458.27,40458.27,68999
8139289,8208.27,8208.27,8208.27,13999
8139274,40458.27,36412.44,40458.27,68999
8139286,35298.27,31768.44,35298.27,60199
8139283,40458.27,40458.27,40458.27,68999
8139278,44093.49,44093.49,44093.49,75199
8139287,29317.83,29317.83,29317.83,49999
8139284,38700,38700,38700,65999
8139279,36940.44,33246.4,36940.44,62999
8139285,31663.05,31663.05,31663.05,53999
6220482,2584.39,2455.17,2584.39,3553
6220477,2324.32,2208.1,2324.32,3196
8126345,8529.79,6823.83,8529.79,13092.75
8136983,34239.95,27391.96,34239.95,54900
8136984,34239.95,27391.96,34239.95,54900
8136982,34239.95,27391.96,34239.95,54900
8136981,34239.95,27391.96,34239.95,54900
8139849,3350.89,2345.62,3350.89,5980
8123202,2157.82,1510.47,2157.82,3600
8123203,2157.82,1510.47,2157.82,3600
8136986,3883.13,2718.19,3883.13,6480
8123204,2157.82,1510.47,2157.82,3600
8136985,4800.09,3840.07,4800.09,7399
8130774,3872.76,3291.85,3872.76,5972
8119383,2157.82,1510.47,2157.82,3600
8126343,8529.79,6823.83,8529.79,13092.75
8126342,8529.79,6823.83,8529.79,13092.75
8126344,8529.79,6823.83,8529.79,13092.75
8123205,2157.82,1510.47,2157.82,3600
8140339,92571.3,92571.3,92571.3,159000
8140341,84420.37,84420.37,84420.37,145000
8140340,77375.63,77375.63,77375.63,132900
8135121,65789.67,65789.67,65789.67,113000
8131227,53854.37,53854.37,53854.37,92500
8135126,69282.92,69282.92,69282.92,119000
8119729,78307.17,78307.17,78307.17,134500
8119727,73882.38,73882.38,73882.38,126900
8135122,75629,75629,75629,129900
8131231,64916.35,64916.35,64916.35,111500
8135123,83547.05,83547.05,83547.05,143500
8038288,16255.46,8127.73,16255.46,20329.83
8038294,15675.2,7837.6,15675.2,19604.13
8038289,14900.84,7450.42,14900.84,18635.68
8038390,10217.91,5108.96,10217.91,12778.99
8040078,10682.36,5341.18,10682.36,13359.85
8040079,10217.91,5108.96,10217.91,12778.99
8040080,10032.14,5016.07,10032.14,12546.64
8040082,10032.14,5016.07,10032.14,12546.64
8040083,10032.14,5016.07,10032.14,12546.64
8038295,5677.02,2838.51,5677.02,7099.94
8111767,26701.81,13350.91,26701.81,33394.51
8040076,16836.33,8418.17,16836.33,21056.29
8040077,15965.49,7982.75,15965.49,19967.17
8038392,26125.34,13062.67,26125.34,32673.55
8038393,25544.77,12772.39,25544.77,31947.47
8038385,4412.28,2206.14,4412.28,5518.2
8038298,11494.66,5747.33,11494.66,14375.76
8110331,11508.04,5754.02,11508.04,14392.48
8038388,4228.44,2114.22,4228.44,5288.27
8038300,3135.04,1567.52,3135.04,3920.83
8038303,13933.51,6966.76,13933.51,17425.89
8038302,3483.37,1741.69,3483.37,4356.47
8038301,9771.52,4885.76,9771.52,12220.71
8038387,12133.77,6066.89,12133.77,15175.05
8038307,11727.38,5863.69,11727.38,14666.79
8038306,11727.38,5863.69,11727.38,14666.79
8038305,11727.38,5863.69,11727.38,14666.79
8038304,11727.38,5863.69,11727.38,14666.79
8038400,32395.42,16197.71,32395.42,40515.2
8038396,29260.39,14630.2,29260.39,36594.38
8038402,42284.34,21142.17,42284.34,52882.75
8038401,31156.89,15578.45,31156.89,38966.24
8038404,12346.64,6173.32,12346.64,15441.28
8038412,39710.52,19855.26,39710.52,49663.8
8038413,41800.54,20900.27,41800.54,52277.68
8038403,12122.16,6061.08,12122.16,15160.53
8120371,18807.36,9403.68,18807.36,23521.35
8038406,15092.32,7546.16,15092.32,18875.15
8038407,12794.58,6397.29,12794.58,16001.49
8111766,24476.69,12238.35,24476.69,30611.68
8038408,12905.84,6452.92,12905.84,16140.65
8041128,24688.1,12344.05,24688.1,30876.07
8041127,25711.65,12855.83,25711.65,32156.16
8038395,18287.74,9143.87,18287.74,22871.49
8038394,15609.34,7804.67,15609.34,19521.76
8038266,23222.41,11611.21,23222.41,29043.02
8038267,9289.01,4644.51,9289.01,11617.26
8038287,14630.19,7315.1,14630.19,18297.19
8110332,11125.76,5562.88,11125.76,13914.39
8038422,17416.9,8708.45,17416.9,21782.37
8131960,20029.34,10014.67,20029.34,25049.62
8131958,17416.79,8708.4,17416.79,21782.25
8038423,7105.01,3552.51,7105.01,8885.85
8131957,9747.72,4873.86,9747.72,12190.94
8038425,16842.98,8421.49,16842.98,21064.59
8038424,10554.08,5277.04,10554.08,
8131959,11843.44,5921.72,11843.44,14811.95
8131961,14688.17,7344.09,14688.17,18369.71
8038420,9289.01,4644.51,9289.01,11617.26
8038416,48655.83,24327.92,48655.83,60851.22
8038414,5341.18,2670.59,5341.18,6679.93
8038417,6757.76,3378.88,6757.76,8451.56
8038419,11611.26,5805.63,11611.26,14521.58
8038421,11609.5,5804.75,11609.5,14519.36
8038431,31914.72,15957.36,31914.72,39914.01
8131600,23279.34,23279.34,23279.34,42118
8138126,10020.18,9018.16,10020.18,22696.74
8134082,13363.96,12027.56,13363.96,30270.73
8132396,10020.18,9018.16,10020.18,22696.74
8018616,11140.35,10026.32,11140.35,25234.03
8124744,9187.57,9187.57,9187.57,17640
8126987,3844.23,3459.81,3844.23,8707.57
8029970,5338.9,4805.01,5338.9,12093.15
8134704,35424.66,35424.66,35424.66,68014.8
8127516,6562.55,6562.55,6562.55,12600
8138127,9351.43,8416.29,9351.43,21181.94
8140125,3667.01,3300.31,3667.01,8306.15
8140132,2998.26,2698.43,2998.26,6791.35
8134737,3221.17,2899.05,3221.17,7296.28
8134695,6562.55,6562.55,6562.55,12600
8119591,5896.19,5306.57,5896.19,13355.48
8121207,7355.08,6619.57,7355.08,16660.01
8035175,10243.1,9218.79,10243.1,23201.67
9997284,22316.81,22316.81,22316.81,30352.59
9997285,26797.02,26797.02,26797.02,36446.02
8143949,9165.18,9165.18,9165.18,15920
8143950,13804.19,13804.19,13804.19,23978
8128728,10945.25,9270.32,10945.25,19012
8002506,6686.84,6323.99,6686.84,13345
8137717,11094.36,11094.36,11094.36,19271
8140353,13586.01,10726.82,13586.01,23599
8129029,12041.39,10198.71,12041.39,20916
8129079,5578.55,4724.87,5578.55,9690
8129080,8027.03,6798.65,8027.03,13943
8032423,3430.03,2905.14,3430.03,5958
8134140,11094.36,9396.61,11094.36,19271
9999867,10255.5,8745,10255.5,19239
8012619,6686.21,5663.03,6686.21,11614
8130129,14910.12,14910.12,14910.12,25899
8021143,8914.33,7601.36,8914.33,16723
9998864,11727.27,10000,11727.27,22000
8029223,14872.32,12681.82,14872.32,27900
8021144,14872.32,12681.82,14872.32,27900
8021145,13806.2,11772.73,13806.2,25900
8125768,14872.32,12681.82,14872.32,27900
8125554,6556.92,6556.92,6556.92,10985
8135389,2990.12,2990.12,2990.12,4460
8125537,3407.87,3407.87,3407.87,5696
8125561,8153.01,8153.01,8153.01,12829
8114002,3407.87,3407.87,3407.87,5696
8125555,6100.56,6100.56,6100.56,11354
8114005,1942.33,1942.33,1942.33,3222
8135390,7983.86,7983.86,7983.86,11913
8123591,6795.31,6795.31,6795.31,11354
8135106,28803.52,28803.52,28803.52,48900
8135097,28803.52,28803.52,28803.52,48900
8131352,28803.52,28803.52,28803.52,48900
8131351,28803.52,28803.52,28803.52,48900
8131353,28803.52,28803.52,28803.52,48900
8131354,28803.52,28803.52,28803.52,48900
8131347,28803.52,28803.52,28803.52,48900
8131355,28803.52,28803.52,28803.52,48900
8131350,28803.52,28803.52,28803.52,48900
8131356,28803.52,28803.52,28803.52,48900
8131348,28803.52,28803.52,28803.52,48900
8135108,28803.52,28803.52,28803.52,48900
8137729,17948.05,16153.25,17948.05,25900
8137897,12681.45,11413.31,12681.45,18300
8137730,17948.05,16153.25,17948.05,25900
8137899,12681.45,11413.31,12681.45,18300
8137898,26940.75,24246.68,26940.75,36100
8137904,26940.75,24246.68,26940.75,36100
8137731,17948.05,16153.25,17948.05,25900
8137901,12681.45,11413.31,12681.45,18300
8132446,7070.32,7070.32,7070.32,10490
8009660,7070.32,7070.32,7070.32,10490
8132447,7070.32,7070.32,7070.32,10490
8016509,7070.32,7070.32,7070.32,10490
8039641,5503.08,5503.08,5503.08,
8037080,16707.73,15036.96,16707.73,37844.73
8018617,11140.35,10026.32,11140.35,25234.03
8140120,2440.95,2196.86,2440.95,5529.02
8140085,3937.53,3937.53,3937.53,7560
8140086,5250.04,5250.04,5250.04,10080
8140088,6250.05,6250.05,6250.05,12000
8029971,5338.9,4805.01,5338.9,12093.15
8140133,2775.33,2497.8,2775.33,6286.42
8129647,8203.19,8203.19,8203.19,15750
8135444,16440.24,16440.24,16440.24,26000
8135442,9484.75,9484.75,9484.75,15000
8135441,10749.39,10749.39,10749.39,17000
8132408,2440.95,2196.86,2440.95,5529.02
8135443,12014.03,12014.03,12014.03,19000
8113497,10354.56,9319.1,10354.56,23454.14
8135445,292130.41,292130.41,292130.41,
8138128,9351.43,8416.29,9351.43,21181.94
8134736,3221.17,2899.05,3221.17,7296.28
8138129,8348.3,7513.47,8348.3,18909.74
8035174,10243.1,9218.79,10243.1,23201.67
8114698,15812.63,15812.63,15812.63,
8140122,2440.95,2196.86,2440.95,5529.02
8140151,2440.95,2196.86,2440.95,5529.02
8134691,1050.01,1050.01,1050.01,2016
8132524,1181.27,1181.27,1181.27,2268
8132521,721.88,721.88,721.88,1386
8027852,3150.03,3150.03,3150.03,6048
8027888,1041.68,1041.68,1041.68,2000
8134670,1220.64,1220.64,1220.64,2343.6
8132507,1050.01,1050.01,1050.01,2016
8134671,1194.39,1194.39,1194.39,2293.2
8132510,989.6,989.6,989.6,1900
8134676,2861.27,2861.27,2861.27,5493.6
8132523,918.76,918.76,918.76,1764
8027881,3740.65,3740.65,3740.65,7182
8027883,3018.78,3018.78,3018.78,5796
8027882,5250.04,5250.04,5250.04,10080
8027880,3740.65,3740.65,3740.65,7182
8134683,636.56,636.56,636.56,1222.2
8134684,931.88,931.88,931.88,1789.2
8134693,1050.01,1050.01,1050.01,2016
8132520,1181.27,1181.27,1181.27,2268
8132517,2034.39,2034.39,2034.39,3906
8132506,1181.27,1181.27,1181.27,2268
8132508,603.76,603.76,603.76,1159.2
8134687,931.88,931.88,931.88,1789.2
8134688,1404.38,1404.38,1404.38,2696.4
8134675,2362.52,2362.52,2362.52,4536
8134673,2362.52,2362.52,2362.52,4536
8134681,2441.27,2441.27,2441.27,4687.2
8134680,2441.27,2441.27,2441.27,4687.2
8134678,2625.02,2625.02,2625.02,5040
8132505,393.76,393.76,393.76,756
8132504,603.76,603.76,603.76,1159.2
8027853,656.26,656.26,656.26,1260
8027869,1115.63,1115.63,1115.63,2142
8027870,984.39,984.39,984.39,1890
8027871,1246.89,1246.89,1246.89,2394
8027856,656.26,656.26,656.26,1260
8134692,735,735,735,1411.2
8027867,118.74,118.74,118.74,216.6
8132516,2625.02,2625.02,2625.02,5040
8027866,1837.51,1837.51,1837.51,3528
8043134,2402.47,2402.47,2402.47,
8043135,3756.15,3756.15,3756.15,
8043118,2447.11,2447.11,2447.11,
8043127,2481.45,2481.45,2481.45,
8043126,7061.06,7061.06,7061.06,
8043142,8078.14,8078.14,8078.14,
8134824,3846.52,3846.52,3846.52,
8043145,3877.33,3877.33,3877.33,
8043138,3267.53,3267.53,3267.53,
8043141,2096.94,2096.94,2096.94,
8043122,4927.06,4927.06,4927.06,
8125047,6895.18,6895.18,6895.18,10700
8127185,3070.85,3070.85,3070.85,4100
8125044,10567.42,10567.42,10567.42,16400
8127811,12565.5,12565.5,12565.5,19500
8125048,6895.18,6895.18,6895.18,10700
8127184,3070.85,3070.85,3070.85,4100
8125045,10567.42,10567.42,10567.42,16400
8127812,12565.5,12565.5,12565.5,19500
8125049,6895.18,6895.18,6895.18,10700
8127186,3070.85,3070.85,3070.85,4100
8125046,10567.42,10567.42,10567.42,16400
8127813,12565.5,12565.5,12565.5,19500
8129533,5896.19,5306.57,5896.19,13355.48
8117073,5338.9,4805.01,5338.9,12093.15
8117072,8013.92,7212.53,8013.92,18152.34
8121813,6007.65,5406.89,6007.65,13607.94
6034129,3003.51,3003.51,3003.51,4300
6039773,5507.15,5507.15,5507.15,8700
6032702,6709.87,6709.87,6709.87,10600
8010128,2514.56,2514.56,2514.56,3600
8010126,6266.76,6266.76,6266.76,9900
8115141,3003.51,3003.51,3003.51,4300
8115140,10064.8,10064.8,10064.8,15900
8115139,3003.51,3003.51,3003.51,4300
8115138,10064.8,10064.8,10064.8,15900
8010127,2514.56,2514.56,2514.56,3600
8010125,6266.76,6266.76,6266.76,9900
8010129,11275.95,11275.95,11275.95,16700
8113508,6676.41,6008.77,6676.41,15122.74
8110485,8905.59,8015.03,8905.59,20172.07
6220470,3282.52,2954.27,3282.52,
6220469,3282.52,2954.27,3282.52,
6220468,3282.52,2954.27,3282.52,
6220467,3282.52,2954.27,3282.52,
8134674,9068.7,9068.7,9068.7,13900
8109920,19979.47,19979.47,19979.47,
6220466,4303.14,3872.83,4303.14,
6220465,4303.14,3872.83,4303.14,
6220464,4303.14,3872.83,4303.14,
8119589,6129.02,5516.12,6129.02,13882.87
8126994,4457.26,4011.53,4457.26,10096.14
8119588,4535.16,4081.64,4535.16,10272.61
8136975,19448.35,19448.35,19448.35,35460.1
8136919,11203.04,10082.74,11203.04,19053.88
8136921,11203.04,10082.74,11203.04,19053.88
8136920,11203.04,10082.74,11203.04,19053.88
8136922,6895.86,4827.1,6895.86,11752.65
8141208,3944.63,3944.63,3944.63,6650
8141210,3654.72,3654.72,3654.72,6201
8141212,1073.73,1073.73,1073.73,1817
8141209,1575.3,1575.3,1575.3,2682
8137912,53433.72,53433.72,53433.72,71600
8137907,5910.55,4728.44,5910.55,7200
8137732,27857.6,22286.08,27857.6,40200
8137906,20789.25,20789.25,20789.25,30000
8137905,9909.55,7927.64,9909.55,14300
8140859,1772.69,1772.69,1772.69,3500.53
8140856,1772.69,1772.69,1772.69,3500.53
8140870,1772.69,1772.69,1772.69,3500.53
8140893,1519.01,1519.01,1519.01,2999.59
8140897,1519.01,1519.01,1519.01,2999.59
8140896,1519.01,1519.01,1519.01,2999.59
8140900,1519.01,1519.01,1519.01,2999.59
8140901,1519.01,1519.01,1519.01,2999.59
8140894,1519.01,1519.01,1519.01,2999.59
8140899,1519.01,1519.01,1519.01,2999.59
8140898,1519.01,1519.01,1519.01,2999.59
8140895,1519.01,1519.01,1519.01,2999.59
8140892,1519.01,1519.01,1519.01,2999.59
8140858,1772.69,1772.69,1772.69,3500.53
8140874,1772.69,1772.69,1772.69,3500.53
8140853,1772.69,1772.69,1772.69,3500.53
8140860,1772.69,1772.69,1772.69,3500.53
8140857,1772.69,1772.69,1772.69,3500.53
8140861,1772.69,1772.69,1772.69,3500.53
8140875,1772.69,1772.69,1772.69,3500.53
8140871,1772.69,1772.69,1772.69,3500.53
8140854,1772.69,1772.69,1772.69,3500.53
8140872,1772.69,1772.69,1772.69,3500.53
8140855,1772.69,1772.69,1772.69,3500.53
8140873,1772.69,1772.69,1772.69,3500.53
6206027,7068.56,7068.56,7068.56,12325
6206024,10791.5,10791.5,10791.5,18815
6206025,12979.98,12979.98,12979.98,22630
8033313,13912.48,13912.48,13912.48,22789.82
8040815,13674.88,13674.88,13674.88,22400.7
8033315,16649.51,16649.51,16649.51,27273.26
8027536,13464.85,13464.85,13464.85,22056.62
8027532,14524.2,14524.2,14524.2,23791.81
8119991,16329.12,16329.12,16329.12,26756.24
8119990,14709.76,14709.76,14709.76,24102.92
8040370,15495.59,15495.59,15495.59,25378.09
8142516,16670.68,16670.68,16670.68,25896
8117957,15578.71,15578.71,15578.71,24925.79
8033319,14896.64,14896.64,14896.64,24402.03
8131386,15802.5,15802.5,15802.5,25885.8
8039873,10794.13,10794.13,10794.13,17686.44
8116651,7014.89,7014.89,7014.89,11491.35
8027527,11427.12,11427.12,11427.12,18718.67
8122586,9637.15,9637.15,9637.15,15786.43
8134144,13660.33,13660.33,13660.33,21200
8134145,13660.33,13660.33,13660.33,21200
8134143,13660.33,13660.33,13660.33,21200
8031477,12758.23,12758.23,12758.23,19800
8031482,12758.23,12758.23,12758.23,19800
8031481,12758.23,12758.23,12758.23,19800
8134146,13660.33,13660.33,13660.33,21200
8031478,12758.23,12758.23,12758.23,19800
8035151,7183.61,7183.61,7183.61,12444
8028752,6922.57,6922.57,6922.57,11991.8
8028753,7797.95,7797.95,7797.95,13508.2
8028773,8140.44,8140.44,8140.44,14101.5
8028776,8140.44,8140.44,8140.44,14101.5
8028763,8140.44,8140.44,8140.44,14101.5
8028767,8140.44,8140.44,8140.44,14101.5
8035150,7994.22,7994.22,7994.22,13848.2
8141919,16360.1,13088.08,16360.1,25542.01
8109618,23244.81,23244.81,23244.81,36338.77
8112118,12868.59,12225.16,12868.59,20117.56
8138086,25395.56,20316.45,25395.56,39425.72
8041777,15682.68,10977.88,15682.68,24516.86
8138089,21881.48,17505.18,21881.48,33924.77
8127340,27040.37,21632.3,27040.37,42272.42
8127439,0.01,0.01,0.01,0.01
8141950,11672.2,9337.76,11672.2,18262.1
8041775,23912.7,23912.7,23912.7,39715.07
8138077,16798.81,13439.05,16798.81,26261.69
8139561,22601.59,21471.51,22601.59,34557.42
8112117,14490.67,13766.14,14490.67,22653.38
8041771,15326.37,14560.05,15326.37,23959.83
8041772,25089.89,17562.92,25089.89,39223.22
8138084,15918.5,12734.8,15918.5,24668.18
8041779,27586.37,26207.05,27586.37,43125.98
8134920,17505.7,12253.99,17505.7,27366.78
8141949,10272.62,8218.1,10272.62,16068.16
8041778,25011.49,25011.49,25011.49,39100.65
8122927,16119.84,15313.85,16119.84,25200.26
8122928,27420.87,26049.83,27420.87,42867.25
8134921,11618.57,11037.64,11618.57,18163.39
8138081,16709.98,15874.48,16709.98,26122.84
8143499,33772.14,33772.14,33772.14,56999.99
8142332,26438.85,18507.2,26438.85,44623
8131530,26438.85,26438.85,26438.85,44623
8141748,17730.38,14184.3,17730.38,29925
8141749,17730.38,14184.3,17730.38,29925
8141680,65938.36,65938.36,65938.36,111289.55
8138879,33772.15,23640.51,33772.15,57000
8138881,24262.62,16983.83,24262.62,40950
8141681,54740.26,54740.26,54740.26,92389.59
8137252,32071.7,32071.7,32071.7,54130
8141679,65938.36,65938.36,65938.36,111289.55
8138880,33772.15,23640.51,33772.15,57000
8138882,24262.62,16983.83,24262.62,40950
8142331,35207.17,22884.66,35207.17,59422
8131531,37859.86,24608.91,37859.86,63900
8139854,60540.93,60540.93,60540.93,102179.85
8141747,39753.63,39753.63,39753.63,67095
8136615,33530.4,33530.4,33530.4,56592
8137881,15175.7,15175.7,15175.7,24000
8137882,15175.7,15175.7,15175.7,24000
8137878,15175.7,15175.7,15175.7,24000
8137875,17704.99,17704.99,17704.99,28000
8137877,17704.99,17704.99,17704.99,28000
8137883,15175.7,15175.7,15175.7,24000
8137880,17704.99,17704.99,17704.99,28000
8000050,81740.85,81740.85,81740.85,
8137994,72914.36,72914.36,72914.36,99999
8137995,58621.59,58621.59,58621.59,76999
8137992,57318.92,57318.92,57318.92,81999
8137993,57281.64,57281.64,57281.64,78999
8143460,61969.54,61969.54,61969.54,84218
8143461,68166.7,68166.7,68166.7,92641
8143462,81799.42,81799.42,81799.42,111171
8121349,115458.1,57729.05,115458.1,156910
8028916,114899.78,86174.84,114899.78,156153
8131701,47669.11,41948.82,47669.11,64787
8008040,85098.72,76588.85,85098.72,115651
8012418,72349.39,65114.45,72349.39,98328
8025348,72349.39,65114.45,72349.39,98328
8121348,85723.08,77150.77,85723.08,116501
8126523,82739.32,82739.32,82739.32,132360.28
8126524,93081.77,93081.77,93081.77,148905.37
8126526,90550.97,90550.97,90550.97,144856.78
8139945,90796.07,90796.07,90796.07,145248.87
8126522,88855.95,88855.95,88855.95,142145.2
8143373,83465.83,83465.83,83465.83,129000
8143357,93818.18,93818.18,93818.18,145000
8143359,87347.96,87347.96,87347.96,135000
8034726,9896.34,9896.34,9896.34,15883.46
8118134,5161.68,5161.68,5161.68,8284.4
8118135,9150.46,7777.89,9150.46,14686.33
8118130,9150.46,9150.46,9150.46,14686.33
8118133,5160.84,5160.84,5160.84,8283.06
8118129,9150.46,9150.46,9150.46,14686.33
8118703,19084.09,19084.09,19084.09,30629.64
8122025,8425.17,8425.17,8425.17,13530.65
8122029,6947.08,6947.08,6947.08,11156.84
8015639,6985.94,6985.94,6985.94,11212.31
6300794,6985.94,6985.94,6985.94,11212.31
6310105,3447.02,3447.02,3447.02,5532.41
8116044,5955.45,5955.45,5955.45,9558.4
8039480,11840.79,11840.79,11840.79,19004.28
8030088,19439.95,16523.96,19439.95,31200.78
8129020,16949.5,16949.5,16949.5,27203.65
8030089,16925.48,16925.48,16925.48,27165.09
8139375,10429.28,8864.89,10429.28,16738.81
8116061,9459.44,9459.44,9459.44,15182.24
8118463,8852.65,8852.65,8852.65,14208.36
8116209,13373,13373,13373,21463.44
8136553,28004.79,19603.35,28004.79,44947.19
8126353,26247.76,26247.76,26247.76,42127.19
8139180,19491.13,19491.13,19491.13,31282.92
8139179,19491.13,19491.13,19491.13,31282.92
8133467,19491.13,19491.13,19491.13,31282.92
8133468,19491.13,19491.13,19491.13,31282.92
8133469,19491.13,19491.13,19491.13,31282.92
8012536,9048.19,9048.19,9048.19,14522.18
8035350,8852.65,7524.75,8852.65,14208.36
8116206,13373,13373,13373,21463.44
8037935,8792.54,8792.54,8792.54,14111.87
8037936,8792.54,8792.54,8792.54,14111.87
8139873,26760.37,13380.19,26760.37,42949.92
8139872,32335.6,16167.8,32335.6,51898.09
8021029,21709.44,21709.44,21709.44,34900
8023163,26074,26074,26074,41900
8016122,6237.96,6237.96,6237.96,10011.82
8011313,6237.96,6237.96,6237.96,10011.82
8023197,18397.95,15638.26,18397.95,29528.41
8118854,1973.07,1973.07,1973.07,3052.7
8118851,738.27,738.27,738.27,1142.24
8118853,1973.07,1973.07,1973.07,3052.7
8118850,738.27,738.27,738.27,1142.24
8128622,1648.16,1648.16,1648.16,2550
8118855,1973.07,1973.07,1973.07,3052.7
8118852,738.27,738.27,738.27,1142.24
8117865,1853.9,1853.9,1853.9,2868.32
8117864,2068.28,2068.28,2068.28,3200
8117867,1824.47,1824.47,1824.47,2868.32
8117866,2068.28,2068.28,2068.28,3200
8128051,5816.15,5816.15,5816.15,11990
8117576,9163.21,9163.21,9163.21,18890
8124631,6058.68,6058.68,6058.68,12490
8129367,0.01,0.01,0.01,0.01
8117579,8096.03,8096.03,8096.03,16690
8141055,8241.56,8241.56,8241.56,16990
8135189,7271.39,7271.39,7271.39,14990
8128048,7271.39,7271.39,7271.39,14990
8134132,7416.92,7416.92,7416.92,15290
8117578,6640.78,6640.78,6640.78,13690
8125643,4845.98,4845.98,4845.98,9990
8139641,6899.37,6899.37,6899.37,18490
8139640,6899.37,6899.37,6899.37,18490
8139639,6899.37,6899.37,6899.37,18490
8117575,6543.77,6543.77,6543.77,13490
8141728,7659.45,7659.45,7659.45,15790
8134977,1741.45,1741.45,1741.45,3590
8134976,1741.45,1741.45,1741.45,3590
8134978,1741.45,1741.45,1741.45,3590
8134979,2517.58,2517.58,2517.58,5190
8124247,9648.3,9648.3,9648.3,19890
8117577,9696.8,9696.8,9696.8,19990
8127028,8726.63,8726.63,8726.63,17990
8122070,8532.6,8532.6,8532.6,17590
8141960,19146.73,19146.73,19146.73,32000
8141961,19146.73,19146.73,19146.73,32000
9992652,33370.58,33370.58,33370.58,45386.59
9998127,29759.11,29759.11,29759.11,40474.7
8031395,10295.08,10295.08,10295.08,
8119217,8467.91,8467.91,8467.91,
8119218,11516.66,11516.66,11516.66,
8140055,3795.46,2846.6,3795.46,
8009906,3209.69,3209.69,3209.69,
8009905,6595.14,4946.36,6595.14,
8009904,8969.36,6727.02,8969.36,
8110392,8707.23,8707.23,8707.23,
8130218,3795.46,3795.46,3795.46,
8130219,6595.14,4946.36,6595.14,
8130220,8969.36,8969.36,8969.36,
8022518,11371.47,11371.47,11371.47,
8128760,20446.65,20446.65,20446.65,
8009911,9224.29,9224.29,9224.29,
8009910,12504.85,12504.85,12504.85,
8139891,15400.2,15400.2,15400.2,
8009902,6595.14,4286.84,6595.14,
8009901,8969.36,8969.36,8969.36,
8031394,10295.08,10295.08,10295.08,
6030202,6053.93,6053.93,6053.93,
6039003,3451.5,2588.63,3451.5,
8027490,3520,3520,3520,
8013521,3854.4,3083.52,3854.4,
8118089,3520,3520,3520,
8022168,3854.4,3083.52,3854.4,
8118112,3520,3520,3520,
8139733,3854.4,3854.4,3854.4,
8139753,3854.4,3854.4,3854.4,
8118100,3520,3520,3520,
6301106,3854.4,3854.4,3854.4,
8118099,3520,3520,3520,
8013522,3854.4,3083.52,3854.4,
8139752,3854.4,3083.52,3854.4,
6310405,3520,3520,3520,
6301105,3854.4,3854.4,3854.4,
8118092,3520,3520,3520,
8140734,3854.4,3854.4,3854.4,
8127798,3520,3520,3520,
8000988,3854.4,3854.4,3854.4,
8143045,3854.4,3854.4,3854.4,
6300593,2431.34,1701.94,2431.34,
8033880,2123.44,2123.44,2123.44,
8013523,2431.34,1701.94,2431.34,
8000598,2431.34,1701.94,2431.34,
6300594,2431.34,1701.94,2431.34,
8013520,2431.34,1701.94,2431.34,
8001186,2431.34,1701.94,2431.34,
8022166,2431.34,1701.94,2431.34,
8143046,2431.34,2431.34,2431.34,
8133413,13924.63,9747.24,13924.63,
8133414,13924.63,9747.24,13924.63,
8132497,26914.51,17494.43,26914.51,
8134300,25755.51,15453.31,25755.51,
8127022,8501.42,8501.42,8501.42,
8109584,9470.99,6156.14,9470.99,
8124188,13924.63,13924.63,13924.63,
8033875,16666.34,16666.34,16666.34,
8114707,19079.28,19079.28,19079.28,
8122791,19079.28,12401.53,19079.28,
8122143,23146.47,23146.47,23146.47,
8122144,23146.47,23146.47,23146.47,
8110625,5456.98,5456.98,5456.98,
8140731,5729.83,5729.83,5729.83,
8136694,5729.83,5729.83,5729.83,
8025636,5729.83,5729.83,5729.83,
8013304,11215.61,11215.61,11215.61,
8126225,8148.39,8148.39,8148.39,
6030355,12283.84,12283.84,12283.84,
6030354,11167.13,11167.13,11167.13,
6030351,9198.13,9198.13,9198.13,
6533140,20987.22,13641.69,20987.22,
6300304,20987.22,20987.22,20987.22,
6300320,9893.36,9893.36,9893.36,
8118507,14513,10159.1,14513,
8118511,16900.55,16900.55,16900.55,
8118509,11476.43,11476.43,11476.43,
8118510,11476.43,11476.43,11476.43,
8138899,6148.51,3074.26,6148.51,
8118512,16900.55,16900.55,16900.55,
8141795,5985.07,2992.54,5985.07,
8031392,5985.07,5985.07,5985.07,
6310541,5061.38,5061.38,5061.38,
8110943,5079.21,5079.21,5079.21,
8129332,5079.21,5079.21,5079.21,
8021400,4127.94,4127.94,4127.94,
8113208,4127.94,4127.94,4127.94,
8129392,4127.94,4127.94,4127.94,
8129394,1549.03,1549.03,1549.03,
8129389,4157.17,4157.17,4157.17,
8024909,5444.52,5444.52,5444.52,
8122045,4762.78,3572.09,4762.78,
8141622,4382.59,3286.94,4382.59,
8141623,4382.59,3286.94,4382.59,
8141621,4382.59,3286.94,4382.59,
8141624,4382.59,3286.94,4382.59,
6300299,4762.78,3572.09,4762.78,
8130252,4762.78,3572.09,4762.78,
6039010,4762.78,3333.95,4762.78,
6530722,4762.78,3572.09,4762.78,
6530723,5440.83,5440.83,5440.83,
8142060,5912.83,4434.62,5912.83,
8122046,4762.78,3572.09,4762.78,
8141625,6672.5,5004.38,6672.5,
8121527,23639.55,14183.73,23639.55,
8121526,23639.55,14183.73,23639.55,
8130776,28196.15,16917.69,28196.15,
8130777,28196.15,16917.69,28196.15,
8121524,28196.15,16917.69,28196.15,
8040778,4851.77,4851.77,4851.77,
6309975,12593.72,12593.72,12593.72,
6309969,12593.72,12593.72,12593.72,
8116235,6545.76,6545.76,6545.76,
8122539,6552.7,6552.7,6552.7,
8141629,7175.21,7175.21,7175.21,
8019917,6095.53,6095.53,6095.53,
8022186,7175.21,7175.21,7175.21,
8012265,8213.49,8213.49,8213.49,
6530721,5041.36,5041.36,5041.36,
6309977,7825.41,7825.41,7825.41,
8129252,18318.77,18318.77,18318.77,
8012595,18318.77,18318.77,18318.77,
8136507,20688.48,20688.48,20688.48,
8036024,20688.48,12413.09,20688.48,
8133053,23643.98,14186.39,23643.98,
8129253,20209.73,20209.73,20209.73,
8138808,19190.05,19190.05,19190.05,
8138013,23643.98,14186.39,23643.98,
8138014,23643.98,14186.39,23643.98,
8143454,23855.49,23855.49,23855.49,
8133052,21155.2,21155.2,21155.2,
8016541,14654.99,14654.99,14654.99,
8123532,21371.88,21371.88,21371.88,
8123531,18318.77,18318.77,18318.77,
8143455,20447.56,20447.56,20447.56,
8129251,21155.2,21155.2,21155.2,
8129250,20209.73,12125.84,20209.73,
8129254,21155.2,21155.2,21155.2,
8139882,4535.99,4535.99,4535.99,
8139885,4382.59,4382.59,4382.59,
8038020,3919.15,3919.15,3919.15,5250
8006949,6982.43,6982.43,6982.43,
8021892,3783.03,3783.03,3783.03,
8006946,1933.36,1933.36,1933.36,
8029490,2314.91,2314.91,2314.91,
8003961,4539.9,4539.9,4539.9,
8039919,19256.14,19256.14,19256.14,
8039917,9823.08,9823.08,9823.08,
8039920,20925.84,20925.84,20925.84,
8039918,10685.38,10685.38,10685.38,
8016129,5704.04,4278.03,5704.04,
8018740,11181.15,8385.86,11181.15,
8016130,6204.09,4653.07,6204.09,
8024266,12150.92,9113.19,12150.92,
8039109,21064.14,21064.14,21064.14,
8002492,4846.45,4846.45,4846.45,
8002493,9692.72,9692.72,9692.72,
8031445,23593.62,23593.62,23593.62,
8031402,11261.98,11261.98,11261.98,
8022522,5630.84,5630.84,5630.84,
8002489,4541.1,4541.1,4541.1,
8002490,9081.82,9081.82,9081.82,
8032575,22174.62,22174.62,22174.62,
8039916,9298.97,9298.97,9298.97,
8019163,5381.61,4036.21,5381.61,
8022523,4127.15,4127.15,4127.15,
8012315,6173.26,6173.26,6173.26,
8012314,4387.69,4387.69,4387.69,
8033350,9921.8,9921.8,9921.8,
8033352,10613.64,10613.64,10613.64,
8021894,5850.91,5850.91,5850.91,
8021893,6235.72,6235.72,6235.72,
8142541,4553.7,3415.28,4553.7,7594.37
8142546,4553.7,3415.28,4553.7,7594.37
8016221,2566.49,2566.49,2566.49,4280.24
8118074,4106.47,3285.18,4106.47,6848.51
8014426,3561.01,3561.01,3561.01,5938.82
8141793,4171.34,3128.51,4171.34,6956.71
8140797,5735.6,4301.7,5735.6,9565.47
8142206,2423.29,1817.47,2423.29,4041.42
8030610,5214.18,5214.18,5214.18,8695.88
8030611,7752.23,5426.56,7752.23,12928.68
8032259,8238.06,8238.06,8238.06,13738.91
8021267,2272.43,1704.32,2272.43,3789.81
8021266,6134.36,3987.33,6134.36,10230.49
8113043,1533.45,1533.45,1533.45,2557.38
8113045,4667.92,4667.92,4667.92,7784.85
8014423,7087.93,4961.55,7087.93,11820.81
8138973,10206.66,10206.66,10206.66,17022.01
8014425,1866.84,1306.79,1866.84,3113.4
8014424,5081.04,3810.78,5081.04,8473.83
8139020,2333.55,2333.55,2333.55,3891.74
8035430,2819.32,2819.32,2819.32,4701.88
8041314,5074.28,3805.71,5074.28,8462.56
8035431,2819.32,2819.32,2819.32,4701.88
8041315,5074.28,3805.71,5074.28,8462.56
8035432,2819.32,2819.32,2819.32,4701.88
8137510,5161.44,3354.94,5161.44,8607.92
8138071,4928.14,3449.7,4928.14,8218.84
8020833,2768.62,2076.47,2768.62,4617.33
8019580,1464.77,1025.34,1464.77,2442.86
8137511,4411.48,3308.61,4411.48,7357.19
8137512,2321.82,2321.82,2321.82,3872.18
8021966,5755.41,4604.33,5755.41,9598.51
8030612,2815.33,2111.5,2815.33,4695.23
8139021,3290.08,3290.08,3290.08,5486.99
8128535,4593.79,3445.34,4593.79,7661.23
8137804,8182.92,5728.04,8182.92,13646.95
8014422,2632.06,1974.05,2632.06,4389.59
8014417,3855.23,3855.23,3855.23,6429.51
8118073,6915.54,6915.54,6915.54,11533.29
8014416,2169.95,1627.46,2169.95,3618.89
8014419,3152.75,3152.75,3152.75,5257.94
8014418,1774.67,1331,1774.67,2959.67
8118072,2771.98,2771.98,2771.98,4622.92
8118071,1466.33,1466.33,1466.33,2445.46
8014420,2112.9,2112.9,2112.9,3523.77
8111595,3509.08,3509.08,3509.08,5852.22
8111594,3509.08,3509.08,3509.08,5852.22
8014421,2112.9,2112.9,2112.9,3523.77
6310781,4890.8,4890.8,4890.8,9175
6310782,4890.8,4890.8,4890.8,9175
6310794,4890.8,4890.8,4890.8,9175
6310793,4890.8,4890.8,4890.8,9175
6310784,4890.8,4890.8,4890.8,9175
6310787,4890.8,4890.8,4890.8,9175
6310788,4890.8,4890.8,4890.8,9175
6310797,4890.8,4890.8,4890.8,9175
6310789,4890.8,4890.8,4890.8,9175
6310790,4890.8,4890.8,4890.8,9175
6310785,4890.8,4890.8,4890.8,9175
6310791,4890.8,4890.8,4890.8,9175
6310796,4890.8,4890.8,4890.8,9175
6310792,4890.8,4890.8,4890.8,9175
6310795,4890.8,4890.8,4890.8,9175
6030833,3931.25,3931.25,3931.25,5788.5
8009682,3931.25,3931.25,3931.25,5788.5
6030831,3931.25,3931.25,3931.25,5788.5
8035457,15023.52,15023.52,15023.52,23921.31
8026296,7590.95,7590.95,7590.95,12086.76
8035492,8539.72,8539.72,8539.72,13597.44
8035491,10199.68,10199.68,10199.68,16240.51
8026300,12809.2,12809.2,12809.2,20395.53
8026292,8562.85,8562.85,8562.85,13634.26
8026295,10437.26,10437.26,10437.26,16618.81
8035452,9962.88,9962.88,9962.88,15863.47
8030458,9607.2,9607.2,9607.2,15297.12
8026290,11860.43,11860.43,11860.43,18884.84
8026294,8065.34,8065.34,8065.34,12842.1
8027664,7590.95,7590.95,7590.95,12086.76
8033267,8302.13,8302.13,8302.13,13219.14
8035453,26092.77,26092.77,26092.77,41546.4
8026312,12334.81,12334.81,12334.81,19640.19
8026313,13046.79,13046.79,13046.79,20773.84
8026315,13757.97,13757.97,13757.97,21906.22
8026309,5930.21,5930.21,5930.21,9442.42
8125123,7590.95,7590.95,7590.95,12086.76
8035451,13449.94,13449.94,13449.94,21415.77
8127436,21549.33,21549.33,21549.33,34312.09
8030389,11386.04,11386.04,11386.04,18129.5
8026319,15655.5,15655.5,15655.5,24927.59
8026317,9488.49,9488.49,9488.49,15108.13
8030459,12809.2,12809.2,12809.2,20395.53
8035590,22772.07,22772.07,22772.07,36259
8035589,37004.42,37004.42,37004.42,58920.56
8035459,12809.36,12809.36,12809.36,20395.8
8035588,42697.84,42697.84,42697.84,67985.95
8125124,14706.74,14706.74,14706.74,23416.9
8026301,18977,18977,18977,30216.26
8026298,13046.79,13046.79,13046.79,20773.84
8026297,14706.74,14706.74,14706.74,23416.9
8035455,21348.92,21348.92,21348.92,33992.97
8026307,7116.57,7116.57,7116.57,11331.41
8026327,7353.36,7353.36,7353.36,11708.45
8026330,7353.36,7353.36,7353.36,11708.45
8035454,18977,18977,18977,30216.26
8114240,21549.33,21549.33,21549.33,34312.09
8030390,10437.26,10437.26,10437.26,16618.81
8027667,9962.88,9962.88,9962.88,15863.47
8027668,9014.11,9014.11,9014.11,14352.79
8026337,11386.04,11386.04,11386.04,18129.5
8026340,15655.5,15655.5,15655.5,24927.59
8030460,13283.58,13283.58,13283.58,21150.87
8026339,10437.26,10437.26,10437.26,16618.81
8033268,9488.49,9488.49,9488.49,15108.13
8026336,15181.12,15181.12,15181.12,24172.24
8026338,9962.88,9962.88,9962.88,15863.47
8027669,18502.61,18502.61,18502.61,29460.92
8031961,26092.77,26092.77,26092.77,41546.4
8127437,10437.26,10437.26,10437.26,16618.81
8035489,15893.1,15893.1,15893.1,25305.89
8026335,17676.87,17676.87,17676.87,28146.14
8030391,11386.04,11386.04,11386.04,18129.5
8035460,23246.46,23246.46,23246.46,37014.34
8125122,23246.46,23246.46,23246.46,37014.34
8028518,16576.41,16576.41,16576.41,26393.92
8028484,15571.84,15571.84,15571.84,24794.37
8112179,11392.44,11392.44,11392.44,21712
8112178,6372.73,6372.73,6372.73,12311
8132856,11377.8,11377.8,11377.8,22176
8130574,9774.07,9774.07,9774.07,19213
8130573,9774.07,9774.07,9774.07,19213
8130577,9774.07,9774.07,9774.07,19213
8130578,9774.07,9774.07,9774.07,19213
8130579,9774.07,9774.07,9774.07,19213
8130580,9774.07,9774.07,9774.07,19213
8112180,7800.24,7800.24,7800.24,14866
8124305,12115.42,12115.42,12115.42,23615
8122708,12115.42,12115.42,12115.42,23615
8124304,12115.42,12115.42,12115.42,23615
8134911,13209.47,13209.47,13209.47,25746
8135748,13209.47,13209.47,13209.47,25746
8134538,13145.15,13145.15,13145.15,25053
8137872,14264.5,14264.5,14264.5,28392
8137873,15552.24,15552.24,15552.24,30953
8112125,11119.28,11119.28,11119.28,21858
8112164,5017.58,5017.58,5017.58,10106
8112177,7375.25,7375.25,7375.25,14249
8143778,6001.66,6001.66,6001.66,11698
8112151,6001.66,6001.66,6001.66,11698
8137874,7270.25,7270.25,7270.25,14292
8124307,16211.37,16211.37,16211.37,31320
8118929,13491.14,13491.14,13491.14,26065
8118930,13491.14,13491.14,13491.14,26065
8134544,15897.06,15897.06,15897.06,30156
8134540,15897.06,15897.06,15897.06,30156
8124980,15896.35,15896.35,15896.35,30297
8124981,15896.35,15896.35,15896.35,30297
8124979,15896.35,15896.35,15896.35,30297
8135504,29605.5,29605.5,29605.5,55080
8135503,29605.5,29605.5,29605.5,55080
8135502,16705.5,16705.5,16705.5,31080
8135489,16060.5,16060.5,16060.5,29880
8135500,25735.5,25735.5,25735.5,47880
8135499,25735.5,25735.5,25735.5,47880
8135497,16060.5,16060.5,16060.5,29880
6530522,13254.08,13254.08,13254.08,17990
8122859,13254.08,13254.08,13254.08,17990
6530525,13254.08,13254.08,13254.08,17990
6530527,13254.08,13254.08,13254.08,17990
8125306,13254.08,13254.08,13254.08,17990
8007035,13254.08,13254.08,13254.08,17990
6530529,13254.08,13254.08,13254.08,17990
8110786,13254.08,13254.08,13254.08,17990
8122858,13254.08,13254.08,13254.08,17990
6530530,13254.08,13254.08,13254.08,17990
6300993,13254.08,13254.08,13254.08,17990
6530533,13254.08,13254.08,13254.08,17990
6530534,13254.08,13254.08,13254.08,17990
6310304,13254.08,13254.08,13254.08,17990
6530537,12148.96,12148.96,12148.96,16490
8022417,13254.08,13254.08,13254.08,17990
6530538,13254.08,13254.08,13254.08,17990
6530539,13254.08,13254.08,13254.08,17990
6530540,13254.08,13254.08,13254.08,17990
6530542,13254.08,13254.08,13254.08,17990
6530543,13254.08,13254.08,13254.08,17990
6530544,13254.08,13254.08,13254.08,17990
6530545,13254.08,13254.08,13254.08,17990
6301263,13254.08,13254.08,13254.08,17990
8040004,13254.08,13254.08,13254.08,17990
8011597,13254.08,13254.08,13254.08,17990
8122852,13254.08,13254.08,13254.08,17990
8011600,13254.08,13254.08,13254.08,17990
8018430,7602.38,7602.38,7602.38,10990
8018429,7602.38,7602.38,7602.38,10990
8018447,7602.38,7602.38,7602.38,10990
8018446,7602.38,7602.38,7602.38,10990
8018444,7602.38,7602.38,7602.38,10990
8018443,7602.38,7602.38,7602.38,10990
8018442,7602.38,7602.38,7602.38,10990
8018441,7602.38,7602.38,7602.38,10990
8020245,7602.38,7602.38,7602.38,10990
8018440,7602.38,7602.38,7602.38,10990
8018439,7602.38,7602.38,7602.38,10990
8110773,7602.38,7602.38,7602.38,10990
8018437,7602.38,7602.38,7602.38,10990
8018436,7602.38,7602.38,7602.38,10990
8018435,7602.38,7602.38,7602.38,10990
8134613,7602.38,7602.38,7602.38,10990
8020418,7602.38,7602.38,7602.38,10990
8020005,7602.38,7602.38,7602.38,10990
8018434,7602.38,7602.38,7602.38,10990
8018433,7602.38,7602.38,7602.38,10990
8110778,7602.38,7602.38,7602.38,10990
8021222,7602.38,7602.38,7602.38,10990
8018432,7602.38,7602.38,7602.38,10990
8137458,21040.4,21040.4,21040.4,
8142851,16201.06,16201.06,16201.06,21990
8142852,16201.06,16201.06,16201.06,21990
8142853,16201.06,16201.06,16201.06,21990
8142854,16201.06,16201.06,16201.06,21990
8142855,16201.06,16201.06,16201.06,21990
8142856,16201.06,16201.06,16201.06,21990
8142857,16201.06,16201.06,16201.06,21990
8142858,16201.06,16201.06,16201.06,21990
8142859,16201.06,16201.06,16201.06,21990
8142860,16201.06,16201.06,16201.06,21990
8026737,13254.08,13254.08,13254.08,17990
8026732,13254.08,13254.08,13254.08,17990
8026733,13254.08,13254.08,13254.08,17990
8039834,4643.6,4643.6,4643.6,7452.9
8039988,2703.05,2703.05,2703.05,4338.35
8039989,2703.05,2703.05,2703.05,4338.35
8039787,4643.6,4643.6,4643.6,7452.9
8039987,2702.01,2702.01,2702.01,4336.66
8114421,4056.51,4056.51,4056.51,5480
8114419,1835.92,1835.92,1835.92,2480
8114420,2183.67,2183.67,2183.67,2950
8126264,2235.82,2235.82,2235.82,2995
8141170,85293.2,85293.2,85293.2,126990
8141169,85293.2,85293.2,85293.2,126990
8141171,85293.2,85293.2,85293.2,126990
8117607,5782.62,4336.97,5782.62,
8123192,4428.09,4428.09,4428.09,
6033636,2468.56,2468.56,2468.56,
8117609,12650.49,12650.49,12650.49,
8037690,12642.75,12642.75,12642.75,
8037689,10974.57,10974.57,10974.57,
8037691,14178.07,14178.07,14178.07,
8117608,8594.99,8594.99,8594.99,
8130575,11616.6,11616.6,11616.6,
8130215,8355.77,8355.77,8355.77,
8123194,5287.61,5287.61,5287.61,
8124291,10613.44,10613.44,10613.44,
8123195,8099.45,8099.45,8099.45,
8039845,16542.3,13233.84,16542.3,25860.7
8039847,16542.3,13233.84,16542.3,25860.7
8141952,16542.3,13233.84,16542.3,25860.7
8039843,16542.3,13233.84,16542.3,25860.7
8039849,16542.3,13233.84,16542.3,25860.7
8121709,16542.3,13233.84,16542.3,25860.7
8039851,16542.3,13233.84,16542.3,25860.7
8139560,16542.3,13233.84,16542.3,25860.7
8128943,15316.94,15316.94,15316.94,23945.1
8119413,18534.26,18534.26,18534.26,28974.75
8141957,19275.63,19275.63,19275.63,30133.74
8119415,19275.63,15420.5,19275.63,30133.74
8141953,19275.63,15420.5,19275.63,30133.74
8119417,19275.63,15420.5,19275.63,30133.74
8039844,16542.3,13233.84,16542.3,25860.7
8141951,16542.3,13233.84,16542.3,25860.7
8039842,16542.3,13233.84,16542.3,25860.7
8039848,16542.3,13233.84,16542.3,25860.7
8121708,16542.3,13233.84,16542.3,25860.7
8039850,16542.3,13233.84,16542.3,25860.7
8128947,16542.3,13233.84,16542.3,25860.7
8139559,16542.3,13233.84,16542.3,25860.7
8139558,19275.63,15420.5,19275.63,30133.74
8021060,7968.1,7968.1,7968.1,11762.29
8139625,8087.9,8087.9,8087.9,11938.72
8041171,8087.9,8087.9,8087.9,11938.72
8038370,8087.9,6470.32,8087.9,11938.72
8139627,7178.73,7178.73,7178.73,10598.92
6033609,7178.73,5742.98,7178.73,10598.92
8025269,7178.73,5742.98,7178.73,10598.92
8041172,7178.73,5742.98,7178.73,10598.92
8139628,4075.47,3260.38,4075.47,6016.55
8136500,10001.52,10001.52,10001.52,16000
8136501,10001.52,10001.52,10001.52,16000
8140263,19065.41,19065.41,19065.41,30500
8140265,19065.41,19065.41,19065.41,30500
8140264,19065.41,19065.41,19065.41,30500
8122336,8438.79,8438.79,8438.79,13500
8130618,8438.79,8438.79,8438.79,13500
8136499,8438.79,8438.79,8438.79,13500
8127489,8438.79,8438.79,8438.79,13500
8122335,8438.79,8438.79,8438.79,13500
8141259,59478.6,50556.81,59478.6,79700
8137913,60598.02,60598.02,60598.02,81200
8142436,43657.44,43657.44,43657.44,58500
8137909,6321,5372.85,6321,7700
8137733,33332.1,33332.1,33332.1,48100
8141257,10505.5,8929.68,10505.5,15160
8141258,33332.1,28332.29,33332.1,48100
8137940,56194.95,47765.71,56194.95,75300
8143976,59478.6,59478.6,59478.6,79700
8143977,43657.44,43657.44,43657.44,58500
8141256,60598.02,51508.32,60598.02,81200
8142435,43657.44,43657.44,43657.44,58500
8141255,33332.1,28332.29,33332.1,48100
8137734,33332.1,28332.29,33332.1,48100
8141260,10505.5,8929.68,10505.5,15160
8121343,31624.61,25932.18,31624.61,45645
8139861,20633.03,17538.08,20633.03,31990
8139862,20633.03,17538.08,20633.03,31990
8139863,15473.16,13152.19,15473.16,23990
8139864,15473.16,13152.19,15473.16,23990
8133325,4156.17,2701.51,4156.17,6328.29
8026817,4303.71,3442.97,4303.71,6353.69
8141547,7775.18,6220.14,7775.18,11477.62
8031908,8382.96,8382.96,8382.96,
8009712,3432.38,2745.9,3432.38,4916.79
8123630,5910.19,4728.15,5910.19,8464.37
8141674,4342.8,2171.4,4342.8,6613.52
8127376,7800.4,6240.32,7800.4,11881.81
8009723,3675.74,1837.87,3675.74,5424.63
8029127,12072.58,9658.06,12072.58,17823.37
8116568,9430.83,7544.66,9430.83,13921.13
8116554,8473.75,4236.88,8473.75,12906.59
8123586,43393.94,39054.55,43393.94,64061.41
8123588,19044.5,17140.05,19044.5,29007.39
8022177,3468.94,2775.15,3468.94,5121.22
8039688,6216.61,3108.31,6216.61,9177.99
8123585,43393.94,39054.55,43393.94,64061.41
8123587,19311.83,17380.65,19311.83,29415.95
8012730,42789.93,38510.94,42789.93,63171.66
8022818,6723.52,3361.76,6723.52,9925.92
8130723,8767.56,8767.56,8767.56,13353.99
8112999,1322.97,1322.97,1322.97,2014.29
8024549,1619.09,1619.09,1619.09,2318.52
8019417,7708.34,6937.51,7708.34,11933.77
8019416,4388.19,2194.1,4388.19,6802.16
8116566,2220.58,2220.58,2220.58,3181.53
8126085,4795.48,4315.93,4795.48,6869.88
8139194,5460.03,5460.03,5460.03,8185.68
8139193,2833.41,1841.72,2833.41,4246.82
8136075,6488.98,6488.98,6488.98,9579.32
8119208,2616.52,1700.74,2616.52,3860.97
8024552,4607.61,4146.85,4607.61,6802.16
8000739,4607.61,4607.61,4607.61,6802.16
8033618,2984.72,2984.72,2984.72,4075.37
8133321,4127.61,4127.61,4127.61,7039.61
8142877,11850.65,11850.65,11850.65,4242.86
8022183,16315.75,14684.18,16315.75,24852.82
8142919,10739.73,10739.73,10739.73,15990
8142918,10739.73,10739.73,10739.73,15990
8143684,10739.73,10739.73,10739.73,15990
8143698,21889.17,21889.17,21889.17,32590
8143701,21083.18,21083.18,21083.18,31390
8142917,18127.91,18127.91,18127.91,26990
8143696,21889.17,21889.17,21889.17,32590
8143699,21083.18,21083.18,21083.18,31390
8142916,18127.91,18127.91,18127.91,26990
8143697,21889.17,21889.17,21889.17,32590
8143700,21083.18,21083.18,21083.18,31390
8143683,19471.22,19471.22,19471.22,28990
8021713,0.01,0.01,0.01,
6211702,3445.2,3445.2,3445.2,
6211703,3445.2,3445.2,3445.2,
6211701,3445.2,3445.2,3445.2,
8028180,3445.2,3445.2,3445.2,
8134640,9295.19,9295.19,9295.19,14545.13
8134645,9922.72,9922.72,9922.72,
8134647,9922.72,9922.72,9922.72,
8134646,9922.72,9922.72,9922.72,
8134643,9922.72,9922.72,9922.72,
8134644,9922.72,9922.72,9922.72,
8134641,17415.61,17415.61,17415.61,
8134654,3332.06,3332.06,3332.06,4835.41
8134648,3332.06,3332.06,3332.06,4835.41
8134655,3332.06,3332.06,3332.06,4835.41
8134649,3332.06,3332.06,3332.06,4835.41
8134651,3332.06,3332.06,3332.06,4835.41
8134650,3332.06,3332.06,3332.06,4835.41
8134652,3332.06,3332.06,3332.06,4835.41
8134653,3332.06,3332.06,3332.06,4835.41
8134656,3332.06,3332.06,3332.06,4835.41
8134657,3332.06,3332.06,3332.06,4835.41
8139359,17489.38,17489.38,17489.38,
8134642,17927.79,17927.79,17927.79,
8134633,5514.43,5514.43,5514.43,8004.99
8134634,14854.41,14854.41,14854.41,
8139357,6067.01,6067.01,6067.01,8925.84
8134638,32960.21,32960.21,32960.21,
8134639,6284.85,6284.85,6284.85,9120.45
8134637,3567.61,3567.61,3567.61,5177.25
8139358,6896.49,6896.49,6896.49,9703.2
9995637,28116.12,28116.12,28116.12,42489
8141145,36168.41,36168.41,36168.41,57859.57
8030202,20916.19,20916.19,20916.19,33460.18
8141144,49615.66,49615.66,49615.66,79371.48
8138051,23922.37,23922.37,23922.37,31999
8131316,12179.04,12179.04,12179.04,18500
6300360,5507.15,5507.15,5507.15,8700
6032701,6013.55,6013.55,6013.55,9500
6031142,3073.36,3073.36,3073.36,4400
8010898,8482.28,8482.28,8482.28,13400
8003156,3073.36,3073.36,3073.36,4400
8027782,3073.36,3073.36,3073.36,4400
8122676,8482.28,8482.28,8482.28,13400
6536071,2847.56,2420.43,2847.56,4335
8136691,1256.9,1068.37,1256.9,1750
8136692,3549.96,3017.47,3549.96,5555
8143424,2099.04,2099.04,2099.04,3285
8143138,2099.04,2099.04,2099.04,3285
8113518,1749.19,1486.81,1749.19,2740
8136352,4182.4,3555.04,4182.4,6545
8131114,7153.26,7153.26,7153.26,11195
8001083,2847.56,2420.43,2847.56,4335
8137668,6739.72,6739.72,6739.72,10260
8114979,3013,3013,3013,4715
8114980,3013,3013,3013,4715
8129550,3013,3013,3013,4715
8124166,2682.21,2682.21,2682.21,3740
8119062,2682.21,2682.21,2682.21,3740
8136178,1122.16,1122.16,1122.16,1565
8124165,2682.21,2682.21,2682.21,3740
8136180,1122.16,1122.16,1122.16,1565
8119068,2682.21,2682.21,2682.21,3740
8136181,1122.16,1122.16,1122.16,1565
8136693,1346.27,1346.27,1346.27,1875
8131103,1749.29,1749.29,1749.29,2740
8032470,1748.93,1486.59,1748.93,2735
8126683,4495.24,4495.24,4495.24,7035.48
8113767,703.36,703.36,703.36,980
8018493,3013,3013,3013,4715
6300505,1122.16,1122.16,1122.16,1565
8126924,2847.37,2847.37,2847.37,4335
8114978,3398.38,3398.38,3398.38,5175
8114977,3398.47,3398.47,3398.47,5175
8143967,3299.38,3299.38,3299.38,5020
8143966,3299.38,3299.38,3299.38,5020
8031377,3481.53,3481.53,3481.53,5500
8031376,24962.79,24962.79,24962.79,41900
8031375,20554.09,20554.09,20554.09,34500
8124243,3481.53,3481.53,3481.53,5500
8124242,24962.79,24962.79,24962.79,41900
8124241,20554.09,20554.09,20554.09,34500
8128762,26776.16,26776.16,26776.16,42300
8143591,3481.53,3481.53,3481.53,5500
8143589,24962.79,24962.79,24962.79,41900
8143590,20554.09,20554.09,20554.09,34500
8143592,26776.16,26776.16,26776.16,42300
8115136,3481.53,3481.53,3481.53,5500
8115134,24962.79,24962.79,24962.79,41900
8115135,20554.09,20554.09,20554.09,34500
8005526,39299.14,39299.14,39299.14,67500
8131511,13090.18,13090.18,13090.18,18813.48
8126510,26176.58,26176.58,26176.58,37123.75
8131693,40443.25,40443.25,40443.25,56462.85
8142061,5016.17,4012.94,5016.17,7183.16
8131510,13078.83,13078.83,13078.83,18813.48
8126509,26176.58,26176.58,26176.58,37123.75
8131505,40443.25,40443.25,40443.25,56462.85
8142058,5016.17,4012.94,5016.17,7183.16
8131507,13341.12,13341.12,13341.12,20669.85
8126508,21214.64,21214.64,21214.64,30083.06
8142057,5016.17,4012.94,5016.17,7183.16
8126901,15237.62,12190.1,15237.62,23267.86
8131508,13078.83,13078.83,13078.83,18813.48
8126507,26176.58,26176.58,26176.58,37123.75
8131694,40443.25,40443.25,40443.25,56462.85
8142062,5016.17,3260.51,5016.17,7183.16
8131509,13078.83,13078.83,13078.83,18813.48
8126506,26176.58,26176.58,26176.58,37123.75
8131695,40443.25,40443.25,40443.25,56462.85
8142063,5016.17,4012.94,5016.17,7183.16
8126504,21157.9,16926.32,21157.9,27358.14
8126501,3941.81,3941.81,3941.81,6851.33
8126500,3941.81,3941.81,3941.81,6851.33
8126505,21157.9,16926.32,21157.9,27358.14
8126499,3941.81,3153.45,3941.81,6851.33
8126902,18448.07,18448.07,18448.07,23850.42
8126503,21157.9,16926.32,21157.9,27358.14
8126498,3941.81,3941.81,3941.81,6851.33
8126502,21157.9,21157.9,21157.9,27358.14
8126497,3941.81,3941.81,3941.81,6851.33
8135821,24808.43,24808.43,24808.43,37859.99
8135822,24808.43,24808.43,24808.43,37859.99
8135823,24808.43,24808.43,24808.43,37859.99
8028334,7731.03,7731.03,7731.03,10424
8140508,20727.91,15545.93,20727.91,29397.11
8140509,36247.99,36247.99,36247.99,50606.95
8130173,32008.59,24006.44,32008.59,48481.71
8131690,48495.83,38796.66,48495.83,73518.54
8130172,32008.59,24006.44,32008.59,48481.71
8131691,48495.83,38796.66,48495.83,73518.54
8130171,19224.83,14418.62,19224.83,28659.95
8130528,18995.33,11397.2,18995.33,28317.13
8130167,19666.17,14749.63,19666.17,29308.61
8130168,29083.13,23266.5,29083.13,43518.7
8130170,32008.59,24006.44,32008.59,48481.71
8131692,48495.83,48495.83,48495.83,73518.54
8130169,32008.59,24006.44,32008.59,48481.71
8131689,48495.83,48495.83,48495.83,73518.54
8114684,24117.41,18088.06,24117.41,37342.4
8114683,24117.41,18088.06,24117.41,37342.4
8114685,24117.41,18088.06,24117.41,37342.4
8114686,24117.41,18088.06,24117.41,37342.4
8140507,51370.86,51370.86,51370.86,77874.34
8112091,13218.8,10575.04,13218.8,18091.38
8112090,13218.8,10575.04,13218.8,18091.38
8112092,13218.8,10575.04,13218.8,18091.38
8120408,6089.25,5175.86,6089.25,9089.74
8137121,10930.13,9290.61,10930.13,16309.84
8025215,6089.25,5175.86,6089.25,9089.74
8115837,6089.25,3958.01,6089.25,9089.74
8115838,6159.03,6159.03,6159.03,9720.59
8038534,5999.73,5999.73,5999.73,8955.41
8025912,7390.58,5173.41,7390.58,10866.98
8025909,7390.58,5173.41,7390.58,10866.98
8123102,8331.5,8331.5,8331.5,14538.37
8139629,4779.1,3345.37,4779.1,6979.9
8139630,7757.52,5430.26,7757.52,11323.21
8124230,4779.1,4779.1,4779.1,6979.9
8137040,7757.52,5430.26,7757.52,11323.21
8137039,13404.17,13404.17,13404.17,19310.98
8123103,8331.5,8331.5,8331.5,14538.37
8000772,6811.41,6811.41,6811.41,9762.76
8020762,4448.72,4448.72,4448.72,
8011144,4779.1,3345.37,4779.1,6979.9
8011145,7998.36,5598.85,7998.36,11521.84
8014678,5577.29,5577.29,5577.29,8229.64
8137105,7195.13,5396.35,7195.13,10164.57
8124234,7195.13,5396.35,7195.13,10164.57
8022174,7195.13,5396.35,7195.13,10164.57
8124238,4451.26,4451.26,4451.26,6535.11
8136511,7757.52,5430.26,7757.52,11323.21
8136515,13404.17,13404.17,13404.17,19310.98
8129166,4779.1,3345.37,4779.1,6979.9
8129181,7998.36,5598.85,7998.36,11521.84
8129179,13032.17,13032.17,13032.17,18847.89
8129186,4779.1,4779.1,4779.1,6979.9
8129183,7998.36,7998.36,7998.36,11521.84
8129182,13032.17,13032.17,13032.17,18847.89
8127370,4779.1,4779.1,4779.1,6979.9
8127373,7998.36,7998.36,7998.36,11521.84
8127371,11099.15,11099.15,11099.15,15970.31
8131517,4779.1,4779.1,4779.1,6979.9
8137045,7757.52,5430.26,7757.52,11323.21
8137041,13404.17,13404.17,13404.17,19310.98
8130198,4779.1,4779.1,4779.1,6979.9
8130197,7998.36,7998.36,7998.36,11521.84
8114657,7879.84,7879.84,7879.84,11351.57
8130202,4779.1,4779.1,4779.1,6979.9
8130201,7998.36,5598.85,7998.36,11521.84
8130196,4779.1,4779.1,4779.1,6979.9
8130195,7998.36,5598.85,7998.36,11521.84
8131518,7195.13,5396.35,7195.13,10164.57
8131522,7390.58,5173.41,7390.58,10866.98
8131521,8077.81,5654.47,8077.81,11246.77
8131520,8077.81,5654.47,8077.81,11246.77
8131519,8077.81,5654.47,8077.81,11246.77
8136514,7757.52,5430.26,7757.52,11323.21
8136512,13404.17,13404.17,13404.17,19310.98
8129178,4779.1,3345.37,4779.1,6979.9
8129177,7998.36,5598.85,7998.36,11521.84
8129180,13032.17,13032.17,13032.17,18847.89
8129185,4779.1,3584.33,4779.1,6979.9
8129184,7998.36,7998.36,7998.36,11521.84
8129187,13032.17,13032.17,13032.17,18847.89
8127369,4779.1,4779.1,4779.1,6979.9
8127372,7998.36,7998.36,7998.36,11521.84
8127368,12839.25,12839.25,12839.25,18569.35
8131516,4779.1,4779.1,4779.1,6979.9
8137044,7757.52,5430.26,7757.52,11323.21
8137042,13404.17,13404.17,13404.17,19310.98
8131514,12839.25,12839.25,12839.25,18569.35
8130200,4779.1,3584.33,4779.1,6979.9
8130199,7998.36,7998.36,7998.36,11521.84
8130204,4779.1,4779.1,4779.1,6979.9
8130203,7998.36,5598.85,7998.36,11521.84
8130194,4779.1,4779.1,4779.1,6979.9
8130193,7998.36,5598.85,7998.36,11521.84
8138695,15713.01,11784.76,15713.01,25830.32
8139202,14758.45,7379.23,14758.45,21776.46
8124239,6545.72,6545.72,6545.72,9246.75
8112056,4779.1,3345.37,4779.1,6979.9
8112057,7998.36,5598.85,7998.36,11521.84
8124229,4779.1,4779.1,4779.1,6979.9
8137037,7757.52,5430.26,7757.52,11323.21
8137038,13404.17,13404.17,13404.17,19310.98
8019433,7879.84,7879.84,7879.84,11351.57
8020761,4448.72,4448.72,4448.72,
8011146,4779.1,3345.37,4779.1,6979.9
8011147,7998.36,5598.85,7998.36,11521.84
8137046,19108.82,12420.73,19108.82,28091.6
8142694,5107.79,5107.79,5107.79,8171.07
8142695,5565.63,5565.63,5565.63,8903.49
8016482,7068.43,7068.43,7068.43,10810
8022059,4235.08,4235.08,4235.08,6477
8041573,7350.5,5445.84,7350.5,11241
8017719,4276.25,4276.25,4276.25,6540
8017720,5658.87,5658.87,5658.87,8654
8119285,29970.7,29970.7,29970.7,
8119286,3138.67,3138.67,3138.67,
8119288,12035.48,12035.48,12035.48,
8119290,8023.71,8023.71,8023.71,
8034200,3579.78,3579.78,3579.78,
8039165,7724.89,7724.89,7724.89,
8138515,6173.81,6173.81,6173.81,
8032155,2688,2688,2688,
8021371,1044.62,1044.62,1044.62,
8021370,1220.64,1220.64,1220.64,
8041111,8075.99,8075.99,8075.99,
8032156,3453.63,3453.63,3453.63,
8114407,14182.31,14182.31,14182.31,
8032157,10280.81,10280.81,10280.81,
8138516,32120.79,32120.79,32120.79,
8041112,34363.23,34363.23,34363.23,
8136247,2336.77,2336.77,2336.77,
8136255,2336.77,2336.77,2336.77,
8110733,2380.45,2380.45,2380.45,
8112818,2380.45,2380.45,2380.45,
8131675,5632.54,5632.54,5632.54,
8131674,5632.54,5632.54,5632.54,
8043120,5763.53,5763.53,5763.53,
8131678,4815.08,4815.08,4815.08,
8131677,4815.08,4815.08,4815.08,
8131672,2470.3,2470.3,2470.3,
8110735,5316.71,5316.71,5316.71,
8122893,5316.71,5316.71,5316.71,
8043125,4636.57,4636.57,4636.57,
8043109,2484.11,2484.11,2484.11,
8137735,33332.1,28332.29,33332.1,48100
8137943,50747.1,43135.04,50747.1,68000
8133418,1503.62,1503.62,1503.62,
8133419,1503.62,1503.62,1503.62,
8043123,3277.65,3277.65,3277.65,
8110734,2336.77,2336.77,2336.77,
8043111,4904.79,4904.79,4904.79,
8043116,5440.35,5440.35,5440.35,
8043121,4927.06,4927.06,4927.06,
8129118,3264.15,3264.15,3264.15,4878.08
8032572,2899.91,2899.91,2899.91,4333.74
8032571,2899.91,2899.91,2899.91,4333.74
8041103,3264.15,3264.15,3264.15,4878.08
8032574,2931.59,2931.59,2931.59,4381.93
8001066,20792.39,20792.39,20792.39,34900
8001067,25856.44,25856.44,25856.44,43400
8001068,3481.53,3481.53,3481.53,5500
8119633,3481.53,3481.53,3481.53,5500
8119632,25856.44,25856.44,25856.44,43400
8119631,20792.39,20792.39,20792.39,34900
8128761,26902.77,26902.77,26902.77,42500
8021131,3481.53,3481.53,3481.53,5500
8021129,20792.39,20792.39,20792.39,34900
8008707,3481.53,3481.53,3481.53,5500
8008705,20792.39,20792.39,20792.39,34900
8023143,26902.77,26902.77,26902.77,42500
8142365,3481.53,3481.53,3481.53,5500
8142364,25856.44,25856.44,25856.44,43400
8142363,20792.39,20792.39,20792.39,34900
8142366,26902.77,26902.77,26902.77,42500
8143078,10723.87,10723.87,10723.87,18000
8016928,13583.57,13583.57,13583.57,22800
8016927,13583.57,13583.57,13583.57,22800
8014520,3481.53,3481.53,3481.53,5500
8014519,20792.39,20792.39,20792.39,34900
8011041,10008.94,10008.94,10008.94,16800
8011036,10008.94,10008.94,10008.94,16800
8010794,10008.94,10008.94,10008.94,16800
8016926,13583.57,13583.57,13583.57,22800
8132859,5178.99,5178.99,5178.99,
8140087,7218.81,7218.81,7218.81,13860
8133582,9963.42,9963.42,9963.42,
8133584,11714.08,11714.08,11714.08,
8132861,5795.69,5795.69,5795.69,
8132860,8187.37,8187.37,8187.37,
8133583,9963.42,9963.42,9963.42,
8133586,11714.08,11714.08,11714.08,
8021024,12216.08,12216.08,12216.08,16611.03
8033858,9007.22,9007.22,9007.22,
8022476,3343.99,3343.99,3343.99,
8022477,4340.57,4340.57,4340.57,
8022478,5730.28,5730.28,5730.28,
8022479,1049.69,1049.69,1049.69,
8022480,1049.69,1049.69,1049.69,
8022469,1371.46,1371.46,1371.46,
8115353,1371.46,1371.46,1371.46,
8022481,1743.46,1743.46,1743.46,
8022471,2294.61,2294.61,2294.61,
8022473,2977.23,2977.23,2977.23,
8022482,2251.28,2251.28,2251.28,
8115355,3698.79,3698.79,3698.79,
8022470,1371.46,1371.46,1371.46,
8022472,2294.61,2294.61,2294.61,
8022474,3343.99,3343.99,3343.99,
8022475,3656.08,3656.08,3656.08,
8115354,3343.99,3343.99,3343.99,
8022483,2528.14,2528.14,2528.14,
6039446,9351.82,6546.27,9351.82,15899
6206016,11822.27,8866.7,11822.27,20099
8001303,8228.2,8228.2,8228.2,11188.44
8013177,5995.49,5995.49,5995.49,8152.47
8002715,4872.83,4872.83,4872.83,6625.92
6253702,6728.96,6728.96,6728.96,9149.83
6253703,5881.43,4411.07,5881.43,9999
8035981,16176.75,16176.75,16176.75,
8031545,7968.43,7968.43,7968.43,
8141838,3352.17,3352.17,3352.17,5699
8032489,4625.77,4625.77,4625.77,6990
8028028,5512.54,5512.54,5512.54,8330
8009001,4301.51,4301.51,4301.51,6500
8127397,4983.13,4983.13,4983.13,7530
8009000,4625.77,4625.77,4625.77,6990
8032490,5512.54,5512.54,5512.54,8330
8140342,47063.41,47063.41,47063.41,79900
8140343,47063.41,47063.41,47063.41,79900
8042035,47063.41,47063.41,47063.41,79900
8141555,16433.9,16433.9,16433.9,27900
8141553,16433.9,16433.9,16433.9,27900
8141554,16433.9,16433.9,16433.9,27900
8141552,16433.9,16433.9,16433.9,27900
8135071,52953.7,52953.7,52953.7,89900
8135078,52953.7,52953.7,52953.7,89900
8129534,5896.19,5306.57,5896.19,13355.48
8132402,6676.41,6008.77,6676.41,15122.74
8039519,2440.95,2196.86,2440.95,5529.02
8037073,4001.39,3601.25,4001.39,9063.55
8127512,2034.39,2034.39,2034.39,3808.35
8119599,3667.01,3300.31,3667.01,8306.15
8027823,3667.01,3300.31,3667.01,8306.15
8027821,2886.79,2598.11,2886.79,6538.88
8039518,2440.95,2196.86,2440.95,5529.02
8024271,4902.98,4412.68,4902.98,11105.75
8124620,13363.96,12027.56,13363.96,30270.73
8037072,17822.33,16040.1,17822.33,40369.39
8027822,3555.55,3200,3555.55,8053.68
8039517,2440.95,2196.86,2440.95,5529.02
8127517,6562.55,6562.55,6562.55,12600
8134733,8013.92,7212.53,8013.92,18152.34
8134732,13363.96,12027.56,13363.96,30270.73
8140134,10020.18,9018.16,10020.18,22696.74
8132399,11134.78,10021.3,11134.78,25221.4
8024269,5528.37,4975.53,5528.37,12522.34
8119583,11134.78,10021.3,11134.78,25221.4
8129637,7875.06,7875.06,7875.06,15120
8027824,16707.73,15036.96,16707.73,37844.73
8124733,6562.55,6562.55,6562.55,12600
8024288,7796.57,7016.91,7796.57,17660.03
8029974,5338.9,4805.01,5338.9,12093.15
8000557,9912.53,9912.53,9912.53,
8000556,5343.66,5343.66,5343.66,
466939,178.76,178.76,178.76,303.12
9995000,269.86,269.86,269.86,679
8039099,4116.27,4116.27,4116.27,6000
8003163,5488.37,5488.37,5488.37,8000
8008711,10976.73,10976.73,10976.73,16000
8003168,11662.77,11662.77,11662.77,17000
8039102,4733.72,4733.72,4733.72,6900
8039103,6105.8,6105.8,6105.8,8900
8014180,12966.25,12966.25,12966.25,18900
8039100,5831.38,5831.38,5831.38,8500
8039101,7203.48,7203.48,7203.48,10500
8003164,5831.38,5831.38,5831.38,8500
8003161,7203.48,7203.48,7203.48,10500
8138970,15710.45,15710.45,15710.45,22900
8140003,6791.85,6791.85,6791.85,9900
6300083,5831.38,5831.38,5831.38,8500
6300081,9261.62,9261.62,9261.62,13500
6033106,5145.35,5145.35,5145.35,7500
6033111,7203.48,7203.48,7203.48,10500
6300085,8849.98,8849.98,8849.98,12900
6300075,10290.68,10290.68,10290.68,15000
8039084,6791.85,6791.85,6791.85,9900
6300078,9261.62,9261.62,9261.62,13500
8001017,10290.68,10290.68,10290.68,15000
8001018,12348.82,12348.82,12348.82,18000
6300077,11594.17,11594.17,11594.17,16900
8011251,11594.17,11594.17,11594.17,16900
8138972,7203.48,7203.48,7203.48,10500
6033112,4733.72,4733.72,4733.72,6900
8021923,24011.6,24011.6,24011.6,35000
8039082,22639.5,22639.5,22639.5,33000
8039081,23325.55,23325.55,23325.55,34000
8039083,13034.87,13034.87,13034.87,19000
8039098,13034.87,13034.87,13034.87,19000
6033263,24697.63,24697.63,24697.63,36000
6300086,27441.82,27441.82,27441.82,40000
8005262,15093,15093,15093,22000
8003175,3773.25,3773.25,3773.25,5500
6300079,5351.15,5351.15,5351.15,7800
8140005,6791.85,6791.85,6791.85,9900
8014184,7889.52,7889.52,7889.52,11500
6300076,3773.25,3773.25,3773.25,5500
8127425,12348.82,12348.82,12348.82,18000
8128790,13034.87,13034.87,13034.87,19000
8140007,6791.85,6791.85,6791.85,9900
6033262,6517.43,6517.43,6517.43,9500
8003169,9947.65,9947.65,9947.65,14500
6300080,6517.43,6517.43,6517.43,9500
6033109,10222.08,10222.08,10222.08,14900
8140001,6791.85,6791.85,6791.85,9900
6300084,5831.38,5831.38,5831.38,8500
6300082,9261.62,9261.62,9261.62,13500
8138971,15779.05,15779.05,15779.05,23000
8007404,9947.65,9947.65,9947.65,14500
8003162,7203.48,7203.48,7203.48,10500
8139109,3409.68,3409.68,3409.68,6556.73
8139110,8893.66,8004.29,8893.66,13113.47
8142878,12653.88,11388.49,12653.88,18481.02
8139111,8893.66,8004.29,8893.66,13113.47
8142879,12653.88,11388.49,12653.88,18481.02
8139107,4365.5,4365.5,4365.5,8359.22
8139106,3102,2791.8,3102,7621.64
8139108,6538.16,6538.16,6538.16,10490.48
8139112,4480.25,4480.25,4480.25,8058.31
8114511,25292.9,25292.9,25292.9,36499
8042814,62367.08,43656.96,62367.08,89999
8141709,56823.27,56823.27,56823.27,81999
8136620,90086.08,90086.08,90086.08,129999
8141713,145524.1,145524.1,145524.1,210000
8109554,64238.1,64238.1,64238.1,92699
8042812,26102.78,26102.78,26102.78,34399
8121374,76412.78,53488.95,76412.78,100699
8141710,82711.01,82711.01,82711.01,108999
8141712,41577.82,33262.26,41577.82,60000
8140192,418869.82,418869.82,418869.82,551999
8121372,591881.59,591881.59,591881.59,779999
8137813,69296.83,69296.83,69296.83,99999
8137814,50586.5,50586.5,50586.5,72999
8137815,39306.3,39306.3,39306.3,51799
8127014,34905.13,34905.13,34905.13,45999
8127015,49246.89,34472.82,49246.89,64899
8127016,65485.71,52388.57,65485.71,86299
8137253,83469.82,83469.82,83469.82,109999
8042809,15314.05,13782.65,15314.05,22099
8137254,19679.8,19679.8,19679.8,28399
8042810,21828.03,17462.42,21828.03,31499
8109556,26678.85,26678.85,26678.85,38499
8109553,31460.38,31460.38,31460.38,45399
8141711,228681.13,228681.13,228681.13,330000
8116940,66178.44,52942.75,66178.44,95499
8121371,82948.44,58063.91,82948.44,119699
8109558,77612.53,54328.77,77612.53,111999
8109559,31718.07,31718.07,31718.07,41799
8114514,16921.01,16921.01,16921.01,22299
8133591,37950.37,37950.37,37950.37,60724.08
8133593,37950.37,37950.37,37950.37,60724.08
8133590,37950.37,37950.37,37950.37,60724.08
9999863,41478.13,41478.13,41478.13,66368.8
8133595,37950.37,37950.37,37950.37,60724.05
8133594,37022.19,37022.19,37022.19,59238.88
8133598,41420.83,41420.83,41420.83,66277.1
8133596,41420.83,41420.83,41420.83,66277.1
8139526,48486.35,48486.35,48486.35,77604
8139524,48486.35,48486.35,48486.35,77604
6039774,6013.55,6013.55,6013.55,9500
8136990,2925.82,2340.66,2925.82,5141.16
8136987,3088.75,2471,3088.75,5432.24
8136989,2579.33,2063.46,2579.33,4536.32
8136988,1547.6,1238.08,1547.6,2721.79
6218600,1620.6,1620.6,1620.6,
8138056,80707.61,80707.61,80707.61,129139.5
8122905,76797.34,76797.34,76797.34,122882.74
8122904,30904.48,30904.48,30904.48,49449.96
8122907,85368.48,85368.48,85368.48,136597.38
8122908,79130.07,79130.07,79130.07,126615.33
6298008,1157.12,1157.12,1157.12,
8039855,2477.92,2477.92,2477.92,
8034221,3516.98,3516.98,3516.98,
8034222,2797.64,2797.64,2797.64,
8034223,2443.63,2443.63,2443.63,
8034224,3231.53,3231.53,3231.53,
8034374,3231.53,3231.53,3231.53,
8136859,2876.42,2876.42,2876.42,
8034225,2876.42,2876.42,2876.42,
8034226,7362.84,7362.84,7362.84,
8122012,9109.23,9109.23,9109.23,
8042474,2426.49,2305.17,2426.49,3332
8132477,16264.11,16264.11,16264.11,26000
8132479,16264.11,16264.11,16264.11,26000
8135277,18140.74,18140.74,18140.74,29000
8132476,16264.11,16264.11,16264.11,26000
8132478,16264.11,16264.11,16264.11,26000
8121342,30495.6,25006.39,30495.6,44013
8121341,31740.19,26026.96,31740.19,45806
8039626,37801.13,30996.93,37801.13,54553
8035227,4974.06,4974.06,4974.06,7840
8035231,3492.51,3492.51,3492.51,5505
6034201,3492.51,3492.51,3492.51,5505
8001080,4974.06,4974.06,4974.06,7840
8126248,6214.65,6214.65,6214.65,9795
8031502,4974.06,4974.06,4974.06,7840
8132172,2519.54,2519.54,2519.54,3970
8126251,1077.61,722,1077.61,1700
8026154,3492.51,2794.01,3492.51,5505
8015557,3941.97,3941.97,3941.97,6465
8015558,5713.24,5713.24,5713.24,9370
8126277,3557.02,1778.51,3557.02,5605
8126278,4974.14,4974.14,4974.14,7840
9931907,7770.19,6993.17,7770.19,13430
8026005,4461.04,2676.62,4461.04,7030
8017451,3492.51,3492.51,3492.51,5505
8017452,4974.06,4974.06,4974.06,7840
8039210,5187.76,5187.76,5187.76,7838.34
8125470,10367.15,10367.15,10367.15,15664.02
8135930,6684.55,6684.55,6684.55,10099.88
6300455,13703.32,13703.32,13703.32,20704.75
6300454,13703.32,13703.32,13703.32,20704.75
8110716,13703.32,13703.32,13703.32,20704.75
8135931,6684.55,6684.55,6684.55,10099.88
8117773,2786.53,2786.53,2786.53,4210.25
8130592,5516.83,5516.83,5516.83,8335.53
8008339,2681.25,1876.88,2681.25,4051.18
8130587,3810.08,3810.08,3810.08,5756.75
8020228,10245.99,6659.89,10245.99,15480.97
8026357,27199.6,20399.7,27199.6,41096.66
8026358,12789.23,10231.38,12789.23,19323.6
8124698,8062.51,4837.51,8062.51,12181.87
8130582,28862.01,28862.01,28862.01,43608.43
8138365,30821.23,24656.98,30821.23,46568.68
8127608,39612.47,39612.47,39612.47,59851.6
8127607,39612.47,39612.47,39612.47,59851.6
8016429,20516.03,20516.03,20516.03,30998.26
8007415,10901.18,10901.18,10901.18,16470.91
8016428,20516.03,20516.03,20516.03,30998.26
8019282,20515.61,20515.61,20515.61,30997.62
8019281,10901.27,10901.27,10901.27,16471.05
8020376,10101.78,10101.78,10101.78,15263.07
8028150,23696.49,20142.02,23696.49,35803.7
8028151,23696.49,20142.02,23696.49,35803.7
8117288,24661.68,14797.01,24661.68,27947
8117290,24661.68,14797.01,24661.68,27947
8039608,18223.22,12756.25,18223.22,27534
8039609,18223.22,12756.25,18223.22,27534
8036580,45023.23,38269.75,45023.23,68026.88
8036581,45023.23,38269.75,45023.23,68026.88
8041743,4343.92,4343.92,4343.92,6563.35
8021529,3396.94,3396.94,3396.94,5529
8124948,1632.68,1632.68,1632.68,2429
8124946,1632.68,1632.68,1632.68,2429
8136874,3221.43,3221.43,3221.43,5409
8136871,3221.43,3221.43,3221.43,5409
8136876,3221.43,3221.43,3221.43,5409
8021530,3396.94,3396.94,3396.94,5529
8128767,3396.94,3396.94,3396.94,5529
8109493,3736.85,3736.85,3736.85,4669
8109494,3736.85,3736.85,3736.85,4669
8021532,3396.94,3396.94,3396.94,5529
8038586,3396.94,3396.94,3396.94,5529
8021531,3396.94,3396.94,3396.94,5529
8121119,3396.94,3396.94,3396.94,5529
8122276,2323.12,2323.12,2323.12,3649
8122275,2323.12,2323.12,2323.12,3649
8122277,2323.12,2323.12,2323.12,3649
8116128,3789.48,3789.48,3789.48,6289
8136881,3789.48,3789.48,3789.48,6289
8116130,3789.48,3789.48,3789.48,6289
8116129,3789.48,3789.48,3789.48,6289
8116117,3789.18,3789.18,3789.18,6289
8128768,3789.18,3789.18,3789.18,6289
8116122,3789.18,3789.18,3789.18,6289
8116118,3789.18,3789.18,3789.18,6289
8043163,894.54,894.54,894.54,1479
8025759,2618.3,2618.3,2618.3,3939
8138423,894.54,894.54,894.54,1479
8138429,2618.3,2618.3,2618.3,3939
8138425,894.54,894.54,894.54,1479
8138430,2618.3,2618.3,2618.3,3939
8037770,894.54,894.54,894.54,1479
8025760,2618.3,2618.3,2618.3,3939
8138427,2618.3,2618.3,2618.3,3939
8138422,894.54,894.54,894.54,1479
8138428,2618.3,2618.3,2618.3,3939
8138426,894.54,894.54,894.54,1479
8025762,2618.3,2618.3,2618.3,3939
8037767,894.54,894.54,894.54,1479
8122278,1794.98,1794.98,1794.98,2819
8122279,1794.98,1794.98,1794.98,2819
8043332,3396.56,3396.56,3396.56,5529
8007836,3396.56,3396.56,3396.56,5529
8124943,1632.68,1632.68,1632.68,2429
8124942,1632.68,1632.68,1632.68,2429
8136873,3221.31,3221.31,3221.31,5409
8136870,3221.31,3221.31,3221.31,5409
8136875,3221.31,3221.31,3221.31,5409
8021526,3396.56,3396.56,3396.56,5529
8109488,3736.85,3736.85,3736.85,4669
8109490,3736.85,3736.85,3736.85,4669
8021528,3396.56,3396.56,3396.56,5529
8038587,3396.56,3396.56,3396.56,5529
8021527,3396.56,3396.56,3396.56,5529
8121117,3396.56,3396.56,3396.56,5529
8119741,49419.53,49419.53,49419.53,83900
8119742,49419.53,49419.53,49419.53,83900
8143919,3405.6,3405.6,3405.6,
8143923,18490.34,18490.34,18490.34,
8143921,3600.75,3600.75,3600.75,
8143925,18490.34,18490.34,18490.34,
8143928,20558.34,20558.34,20558.34,
8143926,18490.34,18490.34,18490.34,
8143922,3600.75,3600.75,3600.75,
8143924,18490.34,18490.34,18490.34,
8143927,20558.34,20558.34,20558.34,
8143920,3406.12,3406.12,3406.12,
6301903,3474.36,3474.36,3474.36,5022.18
6301902,2057.14,2057.14,2057.14,3023.86
6030057,3475.03,3475.03,3475.03,5022.4
8028832,5338.76,5338.76,5338.76,7187.96
8022108,3203.34,3203.34,3203.34,4318.15
6310247,5329.27,5329.27,5329.27,7187.69
8007188,5338.76,5338.76,5338.76,7187.96
8000573,12249.36,11024.42,12249.36,27746.07
8037340,4270.62,4270.62,4270.62,
8037341,4605.62,4605.62,4605.62,
8115630,28932.12,28932.12,28932.12,44900
8032713,28932.12,28932.12,28932.12,44900
8016410,5425.78,4883.2,5425.78,
8023177,5425.78,4883.2,5425.78,
8016408,5425.78,4883.2,5425.78,
8016409,5963.36,5367.02,5963.36,
8016412,5425.78,4883.2,5425.78,
8016411,5425.78,4883.2,5425.78,
8024366,7617.22,6855.5,7617.22,
8024367,7617.22,6855.5,7617.22,
8023106,6850.11,6850.11,6850.11,
8034218,6850.11,6850.11,6850.11,
8007822,5448.59,5448.59,5448.59,
8035108,7075.75,7075.75,7075.75,
8037063,7075.75,7075.75,7075.75,
8007828,3499.55,3499.55,3499.55,
8007827,8073.58,6862.54,8073.58,
8007826,4807.52,4807.52,4807.52,
8021068,8073.58,6862.54,8073.58,
8021069,3499.55,3499.55,3499.55,
8021067,4807.52,4807.52,4807.52,
6030660,3499.55,3499.55,3499.55,
8007823,8073.58,8073.58,8073.58,
6301228,4807.52,4807.52,4807.52,
8007824,8073.58,6862.54,8073.58,
6030659,3499.55,3499.55,3499.55,
6301227,4807.52,4807.52,4807.52,
8139113,7917.63,3958.82,7917.63,
8038283,3027.26,1513.63,3027.26,
8038284,3027.26,1513.63,3027.26,
8141901,8768.68,8768.68,8768.68,
8030057,11691.76,11691.76,11691.76,16016.77
8030055,4093.13,4093.13,4093.13,5652.64
8030054,6156.09,6156.09,6156.09,8512.67
8138606,28659.44,28659.44,28659.44,
8127822,27842.33,27842.33,27842.33,
8114282,21058.22,21058.22,21058.22,
8014201,19502.25,19502.25,19502.25,27554.04
8136522,5231.79,5231.79,5231.79,7674.58
8136523,9680.51,9680.51,9680.51,14197.97
8136524,16991.63,16991.63,16991.63,24988.44
9932001,17199.7,17199.7,17199.7,
8010382,6388.11,6388.11,6388.11,9021.56
8010383,11687.98,11687.98,11687.98,16969.36
8038798,17725.53,17725.53,17725.53,25045.66
9932002,5452.46,5452.46,5452.46,7705.68
8022118,6235.52,6235.52,6235.52,8859.29
8022119,11135.67,11135.67,11135.67,16376.57
9931999,5697.09,4557.67,5697.09,8050.98
9932000,10101.67,10101.67,10101.67,14726.78
8120639,27872.59,27872.59,27872.59,
8001150,9236.98,9236.98,9236.98,15590
8143584,20731.05,20731.05,20731.05,34990
6033203,17296.46,13837.17,17296.46,29193
6309906,23640.63,23640.63,23640.63,39900
8136908,18361.38,18361.38,18361.38,30991
8135706,18361.38,18361.38,18361.38,30991
8135705,18361.38,18361.38,18361.38,30991
8135704,18361.38,18361.38,18361.38,30991
8038679,15407.63,12326.1,15407.63,27459.03
8138163,32403.86,25923.09,32403.86,57749.2
8140021,47137.75,47137.75,47137.75,84007.51
8126769,29290.21,23432.17,29290.21,52200.15
8126770,27682.08,27682.08,27682.08,49334.19
8132676,58286.13,46628.9,58286.13,103875.83
8132685,49105.94,49105.94,49105.94,87515.16
8128206,60536.87,48429.5,60536.87,107887.05
8132684,66793.77,66793.77,66793.77,123500
8126771,48287.53,48287.53,48287.53,86056.61
8021785,4138.91,4138.91,4138.91,7376.24
8021784,7010,7010,7010,12493.02
8021787,4138.91,4138.91,4138.91,7376.24
8021783,7010,7010,7010,12493.02
8126768,4138.91,3311.13,4138.91,7376.24
8021786,4138.91,3311.13,4138.91,7376.24
8021782,7010,6309,7010,12493.02
8126767,7010,6309,7010,12493.02
8123874,10690.04,9621.04,10690.04,19051.46
8126766,10690.04,9621.04,10690.04,19051.46
8018543,10690.04,10690.04,10690.04,19051.46
8020203,78215.27,78215.27,78215.27,
8020470,86036.8,86036.8,86036.8,
6242317,13192.31,11873.08,13192.31,23510.94
8021013,86036.8,86036.8,86036.8,
6242318,13192.31,11213.46,13192.31,23510.94
8018893,78215.27,78215.27,78215.27,
8039874,39107.63,39107.63,39107.63,
8019981,78215.27,78215.27,78215.27,
8141466,13192.31,11213.46,13192.31,23510.94
8035176,86036.8,86036.8,86036.8,
8018518,13192.31,11873.08,13192.31,23510.94
8016561,58661.45,58661.45,58661.45,
8039028,64527.59,64527.59,64527.59,
8039034,10324.41,9085.48,10324.41,18399.87
8142525,11952.91,10518.56,11952.91,18334.05
8128204,58661.45,58661.45,58661.45,
8128205,9385.83,9385.83,9385.83,16727.15
8039031,64527.59,64527.59,64527.59,
8039032,10324.41,9085.48,10324.41,18399.87
8039030,58661.45,58661.45,58661.45,
8039029,58661.45,58661.45,58661.45,
8039033,9385.83,9385.83,9385.83,16727.15
8038215,9385.83,9385.83,9385.83,16727.15
8030011,86036.8,86036.8,86036.8,
8030013,13192.31,11213.46,13192.31,23510.94
8033115,78215.27,78215.27,78215.27,
6242319,11993.01,10194.06,11993.01,21373.58
6203582,78215.27,78215.27,78215.27,
8003056,11993.01,11993.01,11993.01,21373.58
8016511,78215.27,78215.27,78215.27,
6242320,11993.01,11993.01,11993.01,21373.58
8028590,86036.8,86036.8,86036.8,
8028591,13192.31,13192.31,13192.31,23510.94
8010487,86036.8,86036.8,86036.8,
8010488,13192.31,11213.46,13192.31,23510.94
8010485,86036.8,86036.8,86036.8,
8010486,13192.31,11213.46,13192.31,23510.94
8124078,46929.16,46929.16,46929.16,
8124081,180207.97,180207.97,180207.97,
8143779,46929.16,46929.16,46929.16,
8143815,7508.66,7508.66,7508.66,13381.72
8132686,14391.61,14391.61,14391.61,25648.3
8131066,4630.84,4630.84,4630.84,8450
8131041,7170.34,7170.34,7170.34,13050
8131047,5477.34,5477.34,5477.34,10000
8131046,5477.34,5477.34,5477.34,10000
8131077,8415.19,8415.19,8415.19,15350
8131089,4879.81,4879.81,4879.81,8900
8131065,8415.19,8415.19,8415.19,15350
8131088,5825.9,5825.9,5825.9,10600
8131072,6373.63,6373.63,6373.63,11600
8131061,6373.63,6373.63,6373.63,11600
8131083,4979.4,4979.4,4979.4,9050
8131073,11751.38,11751.38,11751.38,21400
8131062,11751.38,11751.38,11751.38,21400
8131084,7967.04,7967.04,7967.04,14500
8131075,7020.95,7020.95,7020.95,12800
8134134,5178.58,5178.58,5178.58,9450
8131098,7020.95,7020.95,7020.95,12800
8131087,9062.51,9062.51,9062.51,16500
8131074,11751.38,11751.38,11751.38,21400
8131063,11751.38,11751.38,11751.38,21400
8131085,7967.04,7967.04,7967.04,14500
8131071,6373.63,6373.63,6373.63,11600
8131040,6423.43,6423.43,6423.43,11700
8131060,6373.63,6373.63,6373.63,11600
8131079,4979.4,4979.4,4979.4,9050
8131058,6373.63,6373.63,6373.63,11600
8131070,6373.63,6373.63,6373.63,11600
8131059,6373.63,6373.63,6373.63,11600
8131081,4979.4,4979.4,4979.4,9050
8131056,4979.4,4979.4,4979.4,9050
8131057,4979.4,4979.4,4979.4,9050
8131055,4630.84,4630.84,4630.84,8450
8137779,14938.2,14938.2,14938.2,27200
8137777,13942.32,13942.32,13942.32,25400
8137778,14938.2,14938.2,14938.2,27200
8137780,16481.81,16481.81,16481.81,26300
8131048,8664.16,8664.16,8664.16,15800
8131044,5477.34,5477.34,5477.34,10000
8131043,5975.28,5975.28,5975.28,10900
8131039,5477.34,5477.34,5477.34,10000
8131042,7469.1,7469.1,7469.1,13600
8131080,4332.08,4332.08,4332.08,7900
8137784,9211.89,9211.89,9211.89,16800
8137785,8713.95,8713.95,8713.95,15850
8137782,7469.1,7469.1,7469.1,13600
8137781,5975.28,5975.28,5975.28,10900
8137783,9211.89,9211.89,9211.89,16800
8137786,6672.4,6672.4,6672.4,12150
8134084,3667.01,3300.31,3667.01,8306.15
8017216,7790.99,7011.89,7790.99,17647.41
8138124,2775.33,2497.8,2775.33,6286.42
9931813,1660.75,1494.68,1660.75,3761.75
8009987,4902.98,4412.68,4902.98,11105.75
8126961,4234.33,3810.9,4234.33,9591.2
8035110,7790.99,7011.89,7790.99,17647.41
8008142,12254.94,11029.45,12254.94,27758.69
8129521,8348.3,7513.47,8348.3,18909.74
8129519,7790.99,7011.89,7790.99,17647.41
8032622,6676.41,6008.77,6676.41,15122.74
8035180,6129.02,5516.12,6129.02,13882.87
8024290,15593.15,14033.84,15593.15,35320.06
8041707,6129.04,5516.14,6129.04,13882.88
8126960,7355.08,6619.57,7355.08,16660
8129520,7823.32,7040.99,7823.32,17720.62
8024795,5255.74,4204.59,5255.74,7758
8121475,7478.84,5983.07,7478.84,11040.99
8018327,2752.71,2752.71,2752.71,4064.65
8119465,30573.77,30573.77,30573.77,46200
8008107,3843.63,3459.27,3843.63,
8012042,3814.79,3433.31,3814.79,
8012041,3814.79,3433.31,3814.79,
8012366,3242.12,3242.12,3242.12,4520
8010206,1423.98,954.07,1423.98,1985
8141797,1017.55,1017.55,1017.55,1420
8012365,3242.12,3242.12,3242.12,4520
8005358,1423.98,954.07,1423.98,1985
8141798,1017.55,1017.55,1017.55,1420
8131104,3242.22,3242.22,3242.22,4520
8131105,1424.03,954.1,1424.03,1985
8012861,1424.03,954.1,1424.03,1985
8020935,3242.22,3242.22,3242.22,4520
8016547,1709.99,1709.99,1709.99,2385
8011917,3556.85,3023.32,3556.85,5565
8011918,3556.85,3023.32,3556.85,5565
8142757,3560.22,3560.22,3560.22,5420
8026008,5866.09,2933.05,5866.09,9245
8026007,5866.09,2933.05,5866.09,9245
8130790,2148.74,1826.43,2148.74,3365
8019972,3560.22,3560.22,3560.22,5420
8043407,5255.16,5255.16,5255.16,8225
8040969,2147.72,2147.72,2147.72,3360
8121105,2809.92,2809.92,2809.92,4280
8008702,3481.53,3481.53,3481.53,5500
8008699,17217.77,17217.77,17217.77,28900
8039644,3481.53,3481.53,3481.53,5500
8039643,25022.36,25022.36,25022.36,42000
8008703,3481.53,3481.53,3481.53,5500
8008700,17217.77,17217.77,17217.77,28900
8008704,3481.53,3481.53,3481.53,5500
8008701,17217.77,17217.77,17217.77,28900
8019948,3481.53,3481.53,3481.53,5500
8023141,17217.77,17217.77,17217.77,28900
8017645,3481.53,3481.53,3481.53,5500
8013450,19600.85,19600.85,19600.85,32900
8021644,0.01,0.01,0.01,
8021714,0.01,0.01,0.01,
8025844,14404.72,14404.72,14404.72,26274
8024728,17477.11,17477.11,17477.11,31878
8024727,17477.11,17477.11,17477.11,31878
8024726,17477.11,17477.11,17477.11,31878
8040880,40747.04,40747.04,40747.04,74322
8025293,30194.32,30194.32,30194.32,55074
8024740,21874.08,21874.08,21874.08,39898
8024736,11277.5,11277.5,11277.5,20570
8024737,11277.5,11277.5,11277.5,20570
8024738,11277.5,11277.5,11277.5,20570
8024739,11277.5,11277.5,11277.5,20570
8117222,17062.64,17062.64,17062.64,31122
8024706,29402.65,29402.65,29402.65,53630
8024701,10032.98,10032.98,10032.98,18300
6300945,11554.92,11554.92,11554.92,21076
8024700,10032.98,10032.98,10032.98,18300
6300944,11554.92,11554.92,11554.92,21076
8024699,10032.98,10032.98,10032.98,18300
6300943,11554.92,11554.92,11554.92,21076
8024702,10032.98,10032.98,10032.98,18300
6300946,11554.92,11554.92,11554.92,21076
8024703,12039.57,12039.57,12039.57,21960
6300947,11554.92,11554.92,11554.92,21076
6301836,6068.03,6068.03,6068.03,11068
8024693,8784.06,8784.06,8784.06,16022
8024692,8784.06,8784.06,8784.06,16022
8024691,8784.06,8784.06,8784.06,16022
8024746,6513.21,6513.21,6513.21,11880
8024745,6513.21,6513.21,6513.21,11880
8024744,6513.21,6513.21,6513.21,11880
8024759,7513.22,7513.22,7513.22,13704
8024758,7513.22,7513.22,7513.22,13704
8024757,7513.22,7513.22,7513.22,13704
8024734,16889.39,16889.39,16889.39,30806
8024732,16889.39,16889.39,16889.39,30806
8024735,16889.39,16889.39,16889.39,30806
8141027,12517.64,12517.64,12517.64,22832
8141026,12517.64,12517.64,12517.64,22832
8141050,12517.64,12517.64,12517.64,22832
8117215,12534.09,12534.09,12534.09,22862
8117216,12534.09,12534.09,12534.09,22862
8117217,12534.09,12534.09,12534.09,22862
8118560,9048.32,9048.32,9048.32,16504
8038907,5982.5,5982.5,5982.5,10912
8038906,5982.5,5982.5,5982.5,10912
8038905,5982.5,5982.5,5982.5,10912
8133111,12997.91,12997.91,12997.91,23708
8133128,10997.9,10997.9,10997.9,20060
8118561,24137.25,24137.25,24137.25,44026
8126129,15384.99,15384.99,15384.99,28062
8126130,15384.99,15384.99,15384.99,28062
8126116,20383.94,20383.94,20383.94,37180
8126117,20383.94,20383.94,20383.94,37180
8126113,20383.94,20383.94,20383.94,37180
8126120,15384.99,15384.99,15384.99,28062
8126119,15384.99,15384.99,15384.99,28062
8126121,15384.99,15384.99,15384.99,28062
8038915,15384.99,15384.99,15384.99,28062
8038914,15384.99,15384.99,15384.99,28062
8038913,15384.99,15384.99,15384.99,28062
8038916,15384.99,15384.99,15384.99,28062
8118562,13375.11,13375.11,13375.11,24396
8126111,8409.06,8409.06,8409.06,15338
8126110,8409.06,8409.06,8409.06,15338
8126108,8409.06,8409.06,8409.06,15338
8126112,8409.06,8409.06,8409.06,15338
8126105,11750.09,11750.09,11750.09,21432
8126106,11750.09,11750.09,11750.09,21432
8038911,8409.06,8409.06,8409.06,15338
8038910,8409.06,8409.06,8409.06,15338
8038909,8409.06,8409.06,8409.06,15338
8038912,8409.06,8409.06,8409.06,15338
8024697,9806,9806,9806,17886
8024696,9806,9806,9806,17886
8024695,9806,9806,9806,17886
8024698,9806,9806,9806,17886
8133129,3808.14,3808.14,3808.14,6946
8133130,2850.9,2850.9,2850.9,5200
8133131,3326.78,3326.78,3326.78,6068
8041132,4636,4636,4636,8456
8041133,4636,4636,4636,8456
8025831,24306.12,24306.12,24306.12,44334
8024712,16766.58,16766.58,16766.58,30582
8024711,16766.58,16766.58,16766.58,30582
8024710,16766.58,16766.58,16766.58,30582
8024713,16766.58,16766.58,16766.58,30582
8024724,23288.56,23288.56,23288.56,42478
8024723,23288.56,23288.56,23288.56,42478
8024725,23288.56,23288.56,23288.56,42478
8024754,6520.89,6520.89,6520.89,11894
8024753,6520.89,6520.89,6520.89,11894
8024752,6520.89,6520.89,6520.89,11894
8024755,6520.89,6520.89,6520.89,11894
8024756,6520.89,6520.89,6520.89,11894
6300950,13075.76,13075.76,13075.76,23850
6300948,13075.76,13075.76,13075.76,23850
8024716,12200.76,12200.76,12200.76,22254
8024715,12200.76,12200.76,12200.76,22254
8024717,12200.76,12200.76,12200.76,22254
8024748,5561.45,5561.45,5561.45,10144
8024747,5561.45,5561.45,5561.45,10144
8024750,5561.45,5561.45,5561.45,10144
8024751,5561.45,5561.45,5561.45,10144
8032366,7581.2,7581.2,7581.2,13828
8024704,5047.19,5047.19,5047.19,9206
8024705,6311.45,6311.45,6311.45,11512
8024694,6576.81,6576.81,6576.81,11996
8030141,5646.98,5646.98,5646.98,10300
8030148,3498.93,3498.93,3498.93,6382
8030143,5646.98,5646.98,5646.98,10300
8030149,3498.93,3498.93,3498.93,6382
8030154,4490.17,4490.17,4490.17,8190
8030145,5646.98,5646.98,5646.98,10300
8030151,3498.93,3498.93,3498.93,6382
8030155,4490.17,4490.17,4490.17,8190
8030146,5646.98,5646.98,5646.98,10300
8030152,3498.93,3498.93,3498.93,6382
8030158,4490.17,4490.17,4490.17,8190
8024730,8413.44,8413.44,8413.44,15346
8024729,8413.44,8413.44,8413.44,15346
8126154,8413.44,8413.44,8413.44,15346
8133146,11938.69,11938.69,11938.69,21776
8133140,1627.21,1627.21,1627.21,2968
8133141,2025.88,2025.88,2025.88,3695.17
8133142,3534.57,3534.57,3534.57,6447
8117210,39776.63,39776.63,39776.63,72552
8126889,10032.98,10032.98,10032.98,18300
9999138,32220.15,32220.15,32220.15,48691
9995411,21833.68,21833.68,21833.68,32995
8025274,32055.13,32055.13,32055.13,49595
9995476,33949.91,33949.91,33949.91,51305
8004175,36580.93,36580.93,36580.93,55281
8012101,38108.2,38108.2,38108.2,57589
9998744,36782.09,36782.09,36782.09,55585
8127788,38264.46,38264.46,38264.46,57874.99
8127806,40574.55,40574.55,40574.55,61369.01
8138840,1760.85,1408.68,1760.85,
9999781,1733.19,1473.21,1733.19,
9999779,2061.88,1752.6,2061.88,
8012474,2887.68,1876.99,2887.68,
8138841,2167.34,1733.87,2167.34,
8143669,2029.17,2029.17,2029.17,
8042714,3081.49,2002.97,3081.49,
8040942,3154.6,1892.76,3154.6,
8030209,3154.6,1892.76,3154.6,
8143668,3154.6,3154.6,3154.6,
8026951,4620.65,4620.65,4620.65,
8128990,1833.35,1833.35,1833.35,
8015927,1523.5,1523.5,1523.5,
8128357,3332.28,1999.37,3332.28,
8127617,3332.28,3332.28,3332.28,
8128989,1833.35,1833.35,1833.35,
8015745,3154.6,1892.76,3154.6,
8015928,3154.6,3154.6,3154.6,
8130727,3332.28,3332.28,3332.28,
8143667,3665.51,3665.51,3665.51,
8119251,3332.28,1999.37,3332.28,
8141008,13156.49,13156.49,13156.49,25386.35
8141007,13156.49,13156.49,13156.49,25386.35
8141006,13156.49,13156.49,13156.49,25386.35
8141020,13156.49,13156.49,13156.49,25386.35
8141019,13156.49,13156.49,13156.49,25386.35
8141018,13156.49,13156.49,13156.49,25386.35
8141009,13156.49,13156.49,13156.49,25386.35
8141023,13156.49,13156.49,13156.49,25386.35
8141022,13156.49,13156.49,13156.49,25386.35
8141021,13156.49,13156.49,13156.49,25386.35
8141015,13156.49,13156.49,13156.49,25386.35
8141017,24367.74,24367.74,24367.74,47019.21
8141014,13156.49,13156.49,13156.49,25386.35
8141016,15952.48,15952.48,15952.48,30781.39
8141011,13156.49,13156.49,13156.49,25386.35
8141013,24367.74,24367.74,24367.74,47019.21
8141010,13156.49,13156.49,13156.49,25386.35
8141012,15952.48,15952.48,15952.48,30781.39
8141002,13156.49,13156.49,13156.49,25386.35
8141001,13156.49,13156.49,13156.49,25386.35
8141000,13156.49,13156.49,13156.49,25386.35
8141024,15952.48,15952.48,15952.48,30781.39
8141005,13156.49,13156.49,13156.49,25386.35
8141004,13156.49,13156.49,13156.49,25386.35
8141003,13156.49,13156.49,13156.49,25386.35
8118475,9302.9,9302.9,9302.9,
6300887,7849.33,7849.33,7849.33,
8128415,7849.33,7849.33,7849.33,
8117990,6003.79,6003.79,6003.79,
8128414,5345.26,5345.26,5345.26,
8123439,8290.31,8290.31,8290.31,
8123438,8290.31,8290.31,8290.31,
8128411,8953.54,8953.54,8953.54,
8133602,5142.86,5142.86,5142.86,
8122889,6285.1,6285.1,6285.1,
8017062,7397.85,7397.85,7397.85,
8128413,6011.03,6011.03,6011.03,
8138818,10047.13,10047.13,10047.13,
8118839,6256.22,6256.22,6256.22,
8128412,4602.68,4602.68,4602.68,
6300903,14326.21,14326.21,14326.21,
6300886,9223.89,9223.89,9223.89,
8131673,9223.89,9223.89,9223.89,
8123440,9223.89,9223.89,9223.89,
6300894,2439.82,2439.82,2439.82,
6300882,2132.52,2132.52,2132.52,
8024093,9223.89,9223.89,9223.89,
8139707,12900.52,12900.52,12900.52,
8139708,10884.83,10884.83,10884.83,
8117182,8477.27,8477.27,8477.27,
6300890,5479.07,5479.07,5479.07,
8113894,3471.54,3471.54,3471.54,
8023086,4010.61,4010.61,4010.61,6694.9
8119335,1976.28,1976.28,1976.28,3299
8119339,1976.28,1976.28,1976.28,3299
8119336,1976.28,1976.28,1976.28,3299
8119338,1976.28,1976.28,1976.28,3299
8119340,1976.28,1976.28,1976.28,3299
8119337,1976.28,1976.28,1976.28,3299
8022700,3085.06,3085.06,3085.06,5149.9
8119284,5244.65,5244.65,5244.65,8754.9
8119283,2776.56,2776.56,2776.56,4634.9
8140152,2440.95,2196.86,2440.95,5529.02
8110453,7345.16,6610.64,7345.16,16637.54
8143719,15147.7,15147.7,15147.7,22304
8026692,20473.64,20473.64,20473.64,30146.1
8021251,15705.35,15705.35,15705.35,23125.1
6301864,16562.03,16562.03,16562.03,24386.5
8021252,18912.69,18912.69,18912.69,27847.7
9931766,12560.36,12560.36,12560.36,18494.3
8012791,13202.29,9901.72,13202.29,19439.5
6301848,8706.47,8706.47,8706.47,12819.7
8021240,8189.23,8189.23,8189.23,12058.1
6301857,9581.62,9581.62,9581.62,14108.3
8014701,17374.83,17374.83,17374.83,25583.3
8036601,23886.49,23886.49,23886.49,35171.3
8118144,29671.94,29671.94,29671.94,43690
8021234,11485.46,11485.46,11485.46,16911.6
6301862,8917.74,8917.74,8917.74,13130.8
8033450,16558.56,16558.56,16558.56,24381.4
8014702,18221.11,18221.11,18221.11,26829.4
8123496,6601.72,6601.72,6601.72,9720.6
8031516,21623.57,21623.57,21623.57,31839.3
8031514,21623.57,21623.57,21623.57,31839.3
8123497,8096.87,8096.87,8096.87,11922.1
8012788,9581.62,9581.62,9581.62,14108.3
8023280,6985.03,6985.03,6985.03,10285
8021249,6985.03,6985.03,6985.03,10285
8003312,9581.62,9581.62,9581.62,14108.3
8017072,15362.44,15362.44,15362.44,22620.2
6301844,9795.2,9795.2,9795.2,14422.8
8023275,10572.22,10572.22,10572.22,15566.9
8022223,9096.71,9096.71,9096.71,13394.3
8033433,15788.48,15788.48,15788.48,23247.5
8021243,11540.88,11540.88,11540.88,16993.2
8021244,13473.6,13473.6,13473.6,19839
8023278,14734.37,14734.37,14734.37,21695.4
8017073,15362.44,15362.44,15362.44,22620.2
8019242,19787.84,19787.84,19787.84,29136.3
8134902,15259.69,15259.69,15259.69,22468.9
8134903,15259.69,15259.69,15259.69,22468.9
8140571,15259.69,11444.77,15259.69,22468.9
8123498,23460.46,23460.46,23460.46,34544
8118142,8355.48,8355.48,8355.48,12302.9
8021237,15595.66,15595.66,15595.66,22963.6
8021238,13444.74,13444.74,13444.74,19796.5
8140498,6134.13,6134.13,6134.13,9032.1
8021239,17364.43,17364.43,17364.43,25568
8021247,16492.75,16492.75,16492.75,24284.5
8120416,18099.89,18099.89,18099.89,26650.9
8026690,15424.79,15424.79,15424.79,22712
8026691,18114.89,18114.89,18114.89,26673
8143718,17318.25,17318.25,17318.25,25500
8010861,8917.74,8917.74,8917.74,13130.8
8021250,13001.39,13001.39,13001.39,19143.7
8023152,3969.23,3969.23,3969.23,6050
9992818,33370.58,33370.58,33370.58,45386.59
8142711,119110.86,119110.86,119110.86,180000
8142712,119110.86,119110.86,119110.86,180000
8142714,119110.86,119110.86,119110.86,180000
8142715,42350.52,42350.52,42350.52,64000
8142716,42350.52,42350.52,42350.52,64000
8142717,52938.16,52938.16,52938.16,80000
8142718,74113.43,74113.43,74113.43,112000
8124474,15898.09,13513.38,15898.09,27472.02
8124477,15898.09,13513.38,15898.09,27472.02
8124475,15898.09,11923.57,15898.09,27472.02
8124478,15898.09,11923.57,15898.09,27472.02
8124476,15898.09,13513.38,15898.09,27472.02
8124479,15898.09,15898.09,15898.09,27472.02
8009483,5641.88,5641.88,5641.88,9800
8010862,5641.88,5641.88,5641.88,9800
8023214,4663.2,2797.92,4663.2,8100
8139687,4663.2,4663.2,4663.2,8100
8139688,4663.2,4663.2,4663.2,8100
8139686,8462.83,8462.83,8462.83,14700
6530369,2072.53,2072.53,2072.53,3600
8003906,2072.53,2072.53,2072.53,3600
8021607,26756.93,26756.93,26756.93,40435
9996210,27374.99,27374.99,27374.99,41369
9992934,31047.57,31047.57,31047.57,46919
8113482,5433.67,5433.67,5433.67,8090
8113483,3284.38,3284.38,3284.38,4890
8113484,3821.7,3821.7,3821.7,5690
8109806,10672.57,10672.57,10672.57,15890
8109804,10672.57,10672.57,10672.57,15890
8124425,7179.97,7179.97,7179.97,10690
8136860,2496.1,2496.1,2496.1,
8135292,3339.28,3172.32,3339.28,5161
8138925,26098.51,26098.51,26098.51,30600
8138923,36333.22,36333.22,36333.22,42600
8138922,39744.8,39744.8,39744.8,46600
8138924,34456.85,34456.85,34456.85,40400
8141789,25301.61,15180.97,25301.61,45900
8141788,25301.61,15180.97,25301.61,45900
8141792,25301.61,15180.97,25301.61,45900
8141791,25301.61,15180.97,25301.61,45900
8141790,25301.61,15180.97,25301.61,45900
8121506,6276.91,4707.68,6276.91,10590
8121507,6276.91,4707.68,6276.91,10590
8009917,6276.91,4707.68,6276.91,10590
8009918,6276.91,4707.68,6276.91,10590
8009919,6276.91,4707.68,6276.91,10590
8012573,6276.91,4707.68,6276.91,10590
8009920,6276.91,6276.91,6276.91,10590
8012574,6276.91,4707.68,6276.91,10590
8009923,6276.91,4707.68,6276.91,10590
8013947,6276.91,4707.68,6276.91,10590
8009924,6276.91,4707.68,6276.91,10590
8009925,6276.91,4707.68,6276.91,10590
8012576,6276.91,4707.68,6276.91,10590
8009926,6276.91,4707.68,6276.91,10590
8009927,6276.91,4707.68,6276.91,10590
8009928,6276.91,4707.68,6276.91,10590
8009929,6276.91,4707.68,6276.91,10590
8009930,6276.91,4707.68,6276.91,10590
8009932,6276.91,6276.91,6276.91,10590
8009933,6276.91,4707.68,6276.91,10590
8009934,6276.91,4707.68,6276.91,10590
8121509,6276.91,6276.91,6276.91,10590
8009935,6276.91,4707.68,6276.91,10590
8009939,6276.91,4707.68,6276.91,10590
8128087,4457.26,4457.26,4457.26,7520
8033381,314.22,314.22,314.22,569
8110082,18576.57,13003.6,18576.57,33700
8110085,18576.57,13003.6,18576.57,33700
8110080,18576.57,13003.6,18576.57,33700
8110083,18576.57,13003.6,18576.57,33700
8110039,22876.19,16013.33,22876.19,41500
8032353,22876.19,16013.33,22876.19,41500
8032351,22876.19,16013.33,22876.19,41500
8032352,22876.19,16013.33,22876.19,41500
8110074,22876.19,16013.33,22876.19,41500
8110079,22876.19,16013.33,22876.19,41500
8110071,22876.19,16013.33,22876.19,41500
8110072,22876.19,16013.33,22876.19,41500
8123451,17418.97,12193.28,17418.97,31600
8123449,17418.97,12193.28,17418.97,31600
8123450,17418.97,12193.28,17418.97,31600
8123448,17418.97,12193.28,17418.97,31600
8130666,17915.08,10749.05,17915.08,32500
8130667,17915.08,10749.05,17915.08,32500
8130670,17915.08,10749.05,17915.08,32500
8118226,15048.68,10534.08,15048.68,27300
8118231,15048.68,10534.08,15048.68,27300
8118227,15048.68,10534.08,15048.68,27300
8118232,15048.68,10534.08,15048.68,27300
8118228,15048.68,10534.08,15048.68,27300
8118229,15048.68,10534.08,15048.68,27300
8118230,15048.68,10534.08,15048.68,27300
8130983,20891.74,14624.22,20891.74,37900
8130984,20891.74,14624.22,20891.74,37900
8130982,20891.74,14624.22,20891.74,37900
8110100,17363.85,12154.7,17363.85,31500
8110104,17363.85,12154.7,17363.85,31500
8110106,17363.85,12154.7,17363.85,31500
8121728,14828.18,14828.18,14828.18,26900
8110044,15765.27,15765.27,15765.27,28600
8140212,17363.85,12154.7,17363.85,31500
8140213,17363.85,12154.7,17363.85,31500
8140214,17363.85,12154.7,17363.85,31500
8115711,15048.68,15048.68,15048.68,27300
8115710,15048.68,15048.68,15048.68,27300
8033168,14607.69,14607.69,14607.69,26500
8143130,10749.05,10749.05,10749.05,19500
8110141,10749.05,10749.05,10749.05,19500
8110126,10749.05,10749.05,10749.05,19500
8110142,10749.05,10749.05,10749.05,19500
8032355,14607.69,8764.61,14607.69,26500
8135860,17033.11,11923.18,17033.11,30900
8131461,16922.87,16922.87,16922.87,30700
8131465,16922.87,16922.87,16922.87,30700
8131463,16922.87,16922.87,16922.87,30700
8131462,16922.87,16922.87,16922.87,30700
8131466,14662.81,14662.81,14662.81,26600
8118221,6829.79,4780.85,6829.79,12390
8124700,8538.6,5977.02,8538.6,15490
8119047,8538.6,5977.02,8538.6,15490
8119038,8538.6,5977.02,8538.6,15490
8119034,8538.6,5977.02,8538.6,15490
8124701,8538.6,5977.02,8538.6,15490
8119048,8538.6,5977.02,8538.6,15490
8124705,8538.6,5977.02,8538.6,15490
8119044,8538.6,5977.02,8538.6,15490
8119040,8538.6,5977.02,8538.6,15490
8141618,27517.57,13758.79,27517.57,83200
8138140,20009.77,10004.89,20009.77,36300
8138139,20009.77,10004.89,20009.77,36300
8138141,20009.77,10004.89,20009.77,36300
8135228,17363.85,17363.85,17363.85,31500
8135229,17363.85,17363.85,17363.85,31500
8135226,17363.85,17363.85,17363.85,31500
8135227,17363.85,17363.85,17363.85,31500
8133759,23647.91,23647.91,23647.91,42900
8133760,23647.91,23647.91,23647.91,42900
8133763,23647.91,23647.91,23647.91,42900
8133761,23647.91,23647.91,23647.91,42900
8133762,23647.91,23647.91,23647.91,42900
8140211,14552.57,10186.8,14552.57,26400
8140210,14552.57,10186.8,14552.57,26400
8140209,14552.57,10186.8,14552.57,26400
8142198,47902.18,23951.09,47902.18,86900
8140200,14982.52,14982.52,14982.52,45300
8140202,19877.48,19877.48,19877.48,60100
8140201,30758.82,30758.82,30758.82,93000
8142196,33261.42,33261.42,33261.42,60340
8142201,62945.34,31472.67,62945.34,114190
8132079,17033.11,11923.18,17033.11,30900
8132088,17033.11,11923.18,17033.11,30900
8132085,17033.11,11923.18,17033.11,30900
8132086,17033.11,11923.18,17033.11,30900
8132082,17033.11,11923.18,17033.11,30900
8132080,17033.11,11923.18,17033.11,30900
8132087,17033.11,11923.18,17033.11,30900
8132083,17033.11,11923.18,17033.11,30900
8132084,17033.11,11923.18,17033.11,30900
8132081,17033.11,11923.18,17033.11,30900
8124225,14056.45,14056.45,14056.45,25500
8124226,14056.45,9839.52,14056.45,25500
8124223,14056.45,9839.52,14056.45,25500
8124216,14056.45,9839.52,14056.45,25500
8128577,14828.18,8896.91,14828.18,26900
8128569,14828.18,8896.91,14828.18,26900
8128573,14828.18,8896.91,14828.18,26900
8128570,14828.18,8896.91,14828.18,26900
8128586,14828.18,8896.91,14828.18,26900
8128572,14828.18,8896.91,14828.18,26900
8128587,14828.18,8896.91,14828.18,26900
8128582,14828.18,8896.91,14828.18,26900
8128585,14828.18,8896.91,14828.18,26900
8128571,14828.18,8896.91,14828.18,26900
8142909,15544.78,15544.78,15544.78,28200
8142910,15544.78,15544.78,15544.78,28200
8142912,15544.78,15544.78,15544.78,28200
8142911,15544.78,15544.78,15544.78,28200
8110051,10418.31,10418.31,10418.31,18900
8110052,10418.31,10418.31,10418.31,18900
8110049,11190.04,11190.04,11190.04,20300
8110047,10418.31,10418.31,10418.31,18900
8110050,10418.31,10418.31,10418.31,18900
8113112,10197.81,10197.81,10197.81,18500
8113104,10197.81,10197.81,10197.81,18500
8113110,10197.81,10197.81,10197.81,18500
8143761,18736.44,18736.44,18736.44,33990
8143760,18736.44,18736.44,18736.44,33990
8143759,18736.44,18736.44,18736.44,33990
8143762,18736.44,18736.44,18736.44,33990
8136829,19789.28,11873.57,19789.28,35900
8136828,19789.28,11873.57,19789.28,35900
8136830,19789.28,11873.57,19789.28,35900
8115713,18686.81,13080.77,18686.81,33900
8115712,18686.81,13080.77,18686.81,33900
8110084,18686.81,13080.77,18686.81,33900
8032362,6829.79,4780.85,6829.79,12390
8032363,6829.79,4780.85,6829.79,12390
8110115,6829.79,4780.85,6829.79,12390
8033780,6829.79,4780.85,6829.79,12390
8110099,6829.79,4780.85,6829.79,12390
8110093,19127.8,19127.8,19127.8,34700
8110091,19127.8,19127.8,19127.8,34700
8110092,19127.8,19127.8,19127.8,34700
8110090,19127.8,19127.8,19127.8,34700
8115707,19127.8,19127.8,19127.8,34700
8143139,23609.84,23609.84,23609.84,42830.89
8143140,23609.84,23609.84,23609.84,42830.89
8143141,23609.84,23609.84,23609.84,42830.89
8143142,23609.84,23609.84,23609.84,42830.89
8111974,16426.76,16426.76,16426.76,29800
8118048,17584.35,17584.35,17584.35,31900
8110063,14993.55,14993.55,14993.55,27200
8121718,14993.55,14993.55,14993.55,27200
8121719,14993.55,14993.55,14993.55,27200
8110062,14993.55,14993.55,14993.55,27200
8137299,5457.22,5457.22,5457.22,9900
8134295,49751.47,49751.47,49751.47,83999
8110060,15655.03,15655.03,15655.03,28400
8110061,15655.03,15655.03,15655.03,28400
8131473,15655.03,10958.52,15655.03,28400
8034938,15655.03,10958.52,15655.03,28400
8131478,15655.03,10958.52,15655.03,28400
8131477,15655.03,10958.52,15655.03,28400
8142210,14497.43,10148.2,14497.43,26300
8142212,14497.43,10148.2,14497.43,26300
8142211,14497.43,10148.2,14497.43,26300
8142214,14497.43,10148.2,14497.43,26300
8142213,14497.43,10148.2,14497.43,26300
8139016,15379.41,10765.59,15379.41,27900
8139014,15379.41,10765.59,15379.41,27900
8139017,15379.41,10765.59,15379.41,27900
8139015,15379.41,10765.59,15379.41,27900
8139018,15379.41,10765.59,15379.41,27900
8134333,13174.47,13174.47,13174.47,23900
8134336,13174.47,13174.47,13174.47,23900
8134340,13174.47,13174.47,13174.47,23900
8134341,11796.39,11796.39,11796.39,21400
8134334,13174.47,13174.47,13174.47,23900
8134338,13174.47,13174.47,13174.47,23900
8021045,3245.06,3245.06,3245.06,4971.02
8118979,2792.64,2792.64,2792.64,3885.06
8127947,5586.91,5586.91,5586.91,8002.56
8020464,3245.06,3245.06,3245.06,4971.02
8014876,3244.98,3244.98,3244.98,4971.02
8027038,3245.01,3245.01,3245.01,4971.01
8127946,5586.91,5586.91,5586.91,8002.56
8118978,2792.62,2792.62,2792.62,3884.87
8127945,5586.91,5586.91,5586.91,8002.56
8142478,12446.93,8090.5,12446.93,19137.37
8142477,12446.93,8090.5,12446.93,19137.37
8127943,5586.91,5586.91,5586.91,8002.56
8142446,5586.91,5586.91,5586.91,8002.56
8012109,10300.91,10300.91,10300.91,15837.82
8025592,10300.91,10300.91,10300.91,15837.82
6030214,3244.98,3244.98,3244.98,4971.02
8008483,3245.06,3245.06,3245.06,4971.02
6300998,3245.06,3245.06,3245.06,4971.02
8118957,4326.81,4326.81,4326.81,6628.02
8003947,3244.98,3244.98,3244.98,4971.02
8128870,4326.81,4326.81,4326.81,6628.02
8118945,4326.58,4326.58,4326.58,6627.82
8027033,3245.07,3245.07,3245.07,4971.01
8032484,3244.89,3244.89,3244.89,4971.01
8022602,10300.86,10300.86,10300.86,15837.82
8142481,12445.16,8089.35,12445.16,19137.37
8142480,12445.16,8089.35,12445.16,19137.37
8142479,12446.93,8090.5,12446.93,19137.37
8127948,5586.91,5586.91,5586.91,8002.56
8022603,10299.57,10299.57,10299.57,15837.82
8127944,5586.91,5586.91,5586.91,8002.56
8142445,5586.91,5586.91,5586.91,8002.56
8012108,10299.57,10299.57,10299.57,15837.82
8128871,4326.58,4326.58,4326.58,6627.82
8027036,3245.06,3245.06,3245.06,4971.01
8042278,3244.89,3244.89,3244.89,4971.01
8027037,3245.07,3245.07,3245.07,4971.01
8027035,3245.07,3245.07,3245.07,4971.01
8003949,4811.24,4811.24,4811.24,7153.98
8135384,4811.24,4811.24,4811.24,7153.98
8135385,4811.24,4811.24,4811.24,7153.98
8138933,4396.66,3297.5,4396.66,6571.61
8138932,4396.66,3297.5,4396.66,6571.61
8138935,5373.69,5373.69,5373.69,9388.04
8138931,4396.66,3297.5,4396.66,6571.61
8138930,4396.66,3297.5,4396.66,6571.61
8138936,5373.68,5373.68,5373.68,9388.04
8131625,1002.12,1002.12,1002.12,1597.44
8036787,2759.98,2759.98,2759.98,4107.7
8036793,3989.79,3989.79,3989.79,5938.26
8032475,2760.03,2760.03,2760.03,4107.7
8032476,3781.79,3781.79,3781.79,5628.68
8036788,2759.98,2759.98,2759.98,4107.7
8037397,3781.79,3781.79,3781.79,5628.68
8036791,3181.28,3181.28,3181.28,4734.45
8036789,1150.63,1150.63,1150.63,1711.94
8032479,3181.28,3181.28,3181.28,4734.45
8032477,1150.63,1150.63,1150.63,1711.94
8036792,3181.28,3181.28,3181.28,4734.45
8036790,1150.63,1150.63,1150.63,1711.94
8132070,2845.42,2845.42,2845.42,4430.94
8132074,1002.12,1002.12,1002.12,1597.44
8132071,2845.42,2845.42,2845.42,4430.94
8132075,1002.12,1002.12,1002.12,1597.44
8131624,2845.42,2845.42,2845.42,4430.94
8039167,1081.33,1081.33,1081.33,1713.95
8039170,1140.81,1140.81,1140.81,1808.22
8039172,3130.46,3130.46,3130.46,4982.45
8039169,1140.81,1140.81,1140.81,1808.22
8132076,1002.12,1002.12,1002.12,1597.44
8132072,2845.42,2845.42,2845.42,4430.94
8132069,2845.42,2845.42,2845.42,4430.94
8132073,949.88,949.88,949.88,1514.16
6030553,1998.82,1998.82,1998.82,3055.61
8140959,2834.36,2834.36,2834.36,4341.87
8142078,9690.89,9690.89,9690.89,13890.3
8142076,9690.89,9690.89,9690.89,13890.3
8142077,7503,7503,7503,10754.32
8134442,2294.78,2294.78,2294.78,3242.91
8008484,2181.07,2181.07,2181.07,3242.91
8003948,2181.07,2181.07,2181.07,3242.91
8022607,2294.78,2294.78,2294.78,3242.91
8022608,2181.07,2181.07,2181.07,3242.91
8134441,2294.78,2294.78,2294.78,3242.91
8007752,2181.07,2181.07,2181.07,3242.91
8141304,22508.84,18007.07,22508.84,37990
8141305,22508.84,18007.07,22508.84,37990
8141306,22508.84,18007.07,22508.84,37990
8141307,22508.84,18007.07,22508.84,37990
8141308,22508.84,18007.07,22508.84,37990
8141309,22508.84,18007.07,22508.84,37990
8142188,18384.51,14707.61,18384.51,31029.03
8142189,18384.51,14707.61,18384.51,31029.03
8142190,18384.51,14707.61,18384.51,31029.03
8142191,18384.51,14707.61,18384.51,31029.03
8142184,18384.51,14707.61,18384.51,31029.03
8142185,18384.51,14707.61,18384.51,31029.03
8142187,18384.51,14707.61,18384.51,31029.03
8142186,18384.51,14707.61,18384.51,31029.03
8120919,18384.51,14707.61,18384.51,31029.03
8120921,18384.51,14707.61,18384.51,31029.03
8121863,18384.51,14707.61,18384.51,31029.03
8023330,19552.3,19552.3,19552.3,33000
8121902,19552.3,19552.3,19552.3,33000
8132583,25471.31,20377.05,25471.31,42990
8140029,25471.31,20377.05,25471.31,42990
8132590,25471.31,20377.05,25471.31,42990
8132584,25471.31,20377.05,25471.31,42990
8132588,25471.31,20377.05,25471.31,42990
8132585,25471.31,20377.05,25471.31,42990
8132589,25471.31,20377.05,25471.31,42990
8132586,25471.31,20377.05,25471.31,42990
8140030,25471.31,20377.05,25471.31,42990
8140031,25471.31,20377.05,25471.31,42990
8132587,25471.31,20377.05,25471.31,42990
8140028,25471.31,20377.05,25471.31,42990
8122625,12383.12,12383.12,12383.12,20900
8128627,13820.51,11056.41,13820.51,23326
8023336,22508.84,18007.07,22508.84,37990
8122627,22508.84,18007.07,22508.84,37990
8023337,22508.84,18007.07,22508.84,37990
8023339,22508.84,18007.07,22508.84,37990
8122628,22508.84,18007.07,22508.84,37990
8023340,22508.84,18007.07,22508.84,37990
8134511,28433.78,22747.02,28433.78,47990
8134512,28433.78,22747.02,28433.78,47990
8134513,28433.78,22747.02,28433.78,47990
8134514,28433.78,22747.02,28433.78,47990
8134515,28433.78,22747.02,28433.78,47990
8141313,14778.28,11822.62,14778.28,24942.51
8141311,18953.88,15163.1,18953.88,31990
8141312,18953.88,15163.1,18953.88,31990
8142192,14332.43,14332.43,14332.43,24190
8023354,9479.86,7583.89,9479.86,15999.92
8008569,9479.86,7583.89,9479.86,15999.92
8008570,9479.86,7583.89,9479.86,15999.92
8033336,9479.86,7583.89,9479.86,15999.92
8120925,13300.78,10640.62,13300.78,22448.8
8120926,13300.78,10640.62,13300.78,22448.8
8120927,13300.78,10640.62,13300.78,22448.8
8121862,13300.78,10640.62,13300.78,22448.8
8121864,22508.84,18007.07,22508.84,37990
8121865,22508.84,18007.07,22508.84,37990
8121866,22508.84,18007.07,22508.84,37990
8127440,22508.84,18007.07,22508.84,37990
8132591,22508.84,18007.07,22508.84,37990
8132592,22508.84,18007.07,22508.84,37990
8132593,22508.84,18007.07,22508.84,37990
8127441,22508.84,18007.07,22508.84,37990
8127442,22508.84,18007.07,22508.84,37990
8025623,13028.94,13028.94,13028.94,21990
8128334,11726.05,11726.05,11726.05,19791
8128337,11726.05,11726.05,11726.05,19791
8121875,15402.19,15402.19,15402.19,25995.52
8121876,14001.98,14001.98,14001.98,23632.29
8023329,17221.04,17221.04,17221.04,29065.34
8023328,17221.04,17221.04,17221.04,29065.34
8025621,13624.4,13624.4,13624.4,22995
8142779,11843.95,11843.95,11843.95,19990
8142780,11843.95,11843.95,11843.95,19990
8142782,11843.95,11843.95,11843.95,19990
8142781,11843.95,11843.95,11843.95,19990
8121894,11843.95,11843.95,11843.95,19990
8121897,11843.95,11843.95,11843.95,19990
8121898,11843.95,11843.95,11843.95,19990
8121899,11843.95,11843.95,11843.95,19990
8122610,10887.07,10887.07,10887.07,18375
8122612,10887.07,10887.07,10887.07,18375
8122611,10887.07,10887.07,10887.07,18375
8032940,14691.1,14691.1,14691.1,24795.36
8008565,13497.61,13497.61,13497.61,22781
8121908,14217.5,14217.5,14217.5,23996.04
8138874,11070.32,11070.32,11070.32,18684
8138875,11070.32,11070.32,11070.32,18684
8138878,11070.32,11070.32,11070.32,18684
8138876,11070.32,11070.32,11070.32,18684
8138877,11070.32,11070.32,11070.32,18684
8121880,17221.04,17221.04,17221.04,29065.34
8127551,95386.77,95386.77,95386.77,
8032319,13120.69,10496.55,13120.69,22144.72
8033338,20343.92,16275.14,20343.92,34336.08
8140267,21755.11,21755.11,21755.11,36717.87
8140268,21755.11,21755.11,21755.11,36717.87
8140269,21755.11,21755.11,21755.11,36717.87
8140270,21755.11,21755.11,21755.11,36717.87
8140271,21755.11,21755.11,21755.11,36717.87
8140272,21755.11,21755.11,21755.11,36717.87
8135831,18124.98,18124.98,18124.98,30591
8135832,18124.98,18124.98,18124.98,30591
8135838,18124.98,18124.98,18124.98,30591
8135833,18124.98,18124.98,18124.98,30591
8135839,18124.98,18124.98,18124.98,30591
8135834,18124.98,18124.98,18124.98,30591
8135835,18124.98,18124.98,18124.98,30591
8135836,18124.98,18124.98,18124.98,30591
8135837,18124.98,18124.98,18124.98,30591
8135840,18124.98,18124.98,18124.98,30591
8135841,18124.98,18124.98,18124.98,30591
8133873,19131.93,19131.93,19131.93,32290.5
8133874,19131.93,19131.93,19131.93,32290.5
8133875,19131.93,19131.93,19131.93,32290.5
8133876,19131.93,19131.93,19131.93,32290.5
8141315,20138.86,20138.86,20138.86,33990
8141317,20138.86,20138.86,20138.86,33990
8141318,20138.86,20138.86,20138.86,33990
8141319,20138.86,20138.86,20138.86,33990
8122614,14572.98,14572.98,14572.98,24596
8122613,14572.98,14572.98,14572.98,24596
8121887,14572.98,14572.98,14572.98,24596
8121888,14572.98,14572.98,14572.98,24596
8121889,14572.98,14572.98,14572.98,24596
8121890,14572.98,14572.98,14572.98,24596
8122615,14572.98,14572.98,14572.98,24596
8121891,14572.98,14572.98,14572.98,24596
8121892,14572.98,14572.98,14572.98,24596
8041284,13045.64,13045.64,13045.64,22018.19
8126599,17915.77,17915.77,17915.77,30237.9
8126600,17915.77,17915.77,17915.77,30237.9
8126601,17915.77,17915.77,17915.77,30237.9
8126602,17915.77,17915.77,17915.77,30237.9
8126603,17915.77,17915.77,17915.77,30237.9
8126604,17915.77,17915.77,17915.77,30237.9
8126605,17915.77,17915.77,17915.77,30237.9
8126606,17915.77,17915.77,17915.77,30237.9
8129290,17336.37,17336.37,17336.37,29260
8129291,17336.37,17336.37,17336.37,29260
8126608,17336.37,17336.37,17336.37,29260
8126609,17336.37,17336.37,17336.37,29260
8126615,17336.37,17336.37,17336.37,29260
8126607,17336.37,17336.37,17336.37,29260
8129293,17336.37,17336.37,17336.37,29260
8129292,17336.37,17336.37,17336.37,29260
8041303,18569.05,14855.24,18569.05,31340.5
8041304,18569.05,14855.24,18569.05,31340.5
8041305,18569.05,14855.24,18569.05,31340.5
8033332,14647.16,14647.16,14647.16,24721.2
8023315,14647.16,14647.16,14647.16,24721.2
8025607,13711.18,13711.18,13711.18,23141.48
8123114,16773.26,16773.26,16773.26,28309.61
8121879,17101.41,17101.41,17101.41,28863.45
8023319,18953.88,18953.88,18953.88,31990
8033331,16886.07,16886.07,16886.07,28500
8041232,18953.88,18953.88,18953.88,31990
8141750,27841.28,27841.28,27841.28,46990
8141751,27841.28,27841.28,27841.28,46990
8132739,24878.81,24878.81,24878.81,41990
8138873,24878.81,24878.81,24878.81,41990
8121857,20388.48,20388.48,20388.48,34411.3
8121859,22165.58,22165.58,22165.58,37410.66
8125944,23484.98,23484.98,23484.98,39637.5
8131699,23484.98,23484.98,23484.98,39637.5
8131700,23484.98,23484.98,23484.98,39637.5
8023321,20388.48,20388.48,20388.48,34411.3
8121860,14217.5,14217.5,14217.5,23996.04
8025639,18912.41,15129.93,18912.41,31920
8121871,18195.49,14556.39,18195.49,30710
8121872,18195.49,14556.39,18195.49,30710
8121873,18195.49,14556.39,18195.49,30710
8120924,11438.09,11438.09,11438.09,19305
8121861,11438.09,9150.47,11438.09,19305
8122618,17300.82,17300.82,17300.82,29200
8127446,17300.82,17300.82,17300.82,29200
8121870,15991.41,12793.13,15991.41,26990
8121867,15991.41,12793.13,15991.41,26990
8121868,15991.41,12793.13,15991.41,26990
8121869,15991.41,12793.13,15991.41,26990
8023360,17739.27,14191.42,17739.27,29940
8023361,17739.27,14191.42,17739.27,29940
8023362,17739.27,14191.42,17739.27,29940
8141485,20849.86,16679.89,20849.86,35190
8141486,20849.86,16679.89,20849.86,35190
8141487,20849.86,16679.89,20849.86,35190
8141488,20849.86,16679.89,20849.86,35190
8141489,20849.86,16679.89,20849.86,35190
8141490,20849.86,16679.89,20849.86,35190
8122630,13102.36,10481.89,13102.36,22113.92
8143500,19907.8,19907.8,19907.8,33600
8143501,19907.8,19907.8,19907.8,33600
8111640,21832.22,21832.22,21832.22,36848
8041240,21832.22,21832.22,21832.22,36848
8041235,21832.22,21832.22,21832.22,36848
8041238,18485.8,18485.8,18485.8,31200
8041239,21832.22,21832.22,21832.22,36848
8142193,16093.37,12874.7,16093.37,27162.08
8133850,15831.82,15831.82,15831.82,27000
8140297,2652.6,1989.45,2652.6,4850
8140298,2652.6,1989.45,2652.6,4850
8033217,2652.6,1989.45,2652.6,4850
8135855,2652.6,1989.45,2652.6,4850
8033243,2652.6,1989.45,2652.6,4850
8126586,2351.82,2351.82,2351.82,4300
8126594,2242.43,2242.43,2242.43,4100
8126590,2242.43,2242.43,2242.43,4100
8138890,4183.5,4183.5,4183.5,7650
8033207,2652.6,1989.45,2652.6,4850
8033240,2652.6,1989.45,2652.6,4850
8138889,4183.5,4183.5,4183.5,7650
8033245,2652.6,1989.45,2652.6,4850
8143508,4183.92,4183.92,4183.92,7650
8143507,4183.92,4183.92,4183.92,7650
8033234,2652.6,1989.45,2652.6,4850
8143509,4183.92,4183.92,4183.92,7650
8033229,2652.6,1989.45,2652.6,4850
8124286,2652.6,1989.45,2652.6,4850
8033210,2652.6,1989.45,2652.6,4850
8033222,2652.6,2652.6,2652.6,4850
8135857,2652.6,1989.45,2652.6,4850
8033242,2652.6,2652.6,2652.6,4850
8033202,2652.6,1989.45,2652.6,4850
8135859,2652.6,1989.45,2652.6,4850
8129299,2652.6,2652.6,2652.6,4850
8033253,2652.6,1989.45,2652.6,4850
8033218,2652.6,1989.45,2652.6,4850
8135858,2652.6,1989.45,2652.6,4850
8135856,2652.6,1989.45,2652.6,4850
8140301,2652.6,1989.45,2652.6,4850
8033250,2652.6,1989.45,2652.6,4850
8124963,2652.6,1989.45,2652.6,4850
8138891,4457.38,4457.38,4457.38,8150
8122701,4183.5,4183.5,4183.5,7650
8122694,4183.5,4183.5,4183.5,7650
8122705,4183.5,4183.5,4183.5,7650
8122706,4183.5,4183.5,4183.5,7650
8135851,4183.5,4183.5,4183.5,7650
8122695,4183.5,4183.5,4183.5,7650
8122707,4183.5,4183.5,4183.5,7650
8135854,4183.5,4183.5,4183.5,7650
8122696,4183.5,4183.5,4183.5,7650
8122697,4183.5,4183.5,4183.5,7650
8135853,4183.5,4183.5,4183.5,7650
8135852,4183.5,4183.5,4183.5,7650
8122692,4457.03,4457.03,4457.03,8150
8122699,4183.5,4183.5,4183.5,7650
8122700,4183.5,4183.5,4183.5,7650
8033213,2652.6,1989.45,2652.6,4850
8033263,2652.6,1989.45,2652.6,4850
8124962,2652.6,1989.45,2652.6,4850
8138887,4183.5,4183.5,4183.5,7650
8138888,4183.5,4183.5,4183.5,7650
8129297,2652.6,2652.6,2652.6,4850
8143510,4183.92,4183.92,4183.92,7650
8033204,2652.6,1989.45,2652.6,4850
8140294,2652.6,1989.45,2652.6,4850
8033200,2652.6,1989.45,2652.6,4850
8033216,2652.6,1989.45,2652.6,4850
8033201,2652.6,1989.45,2652.6,4850
8033220,2652.6,1989.45,2652.6,4850
8033199,2652.6,1989.45,2652.6,4850
8033215,2652.6,1989.45,2652.6,4850
8133402,4164.74,3123.56,4164.74,7615
8033191,4164.74,3123.56,4164.74,7615
8033190,2953.7,2215.28,2953.7,5400
8141964,8077.27,7269.54,8077.27,13500
8130259,2546.25,2037,2546.25,4073
8039985,2546.25,2037,2546.25,4073
8039984,2546.25,2037,2546.25,4073
8031197,2546.25,2037,2546.25,4073
8135406,3008.28,2406.62,3008.28,4382
8124346,6929.26,6929.26,6929.26,11353
8124345,8600.28,8600.28,8600.28,14377
8130257,4974.45,4974.45,4974.45,7954
8130258,7315.23,7315.23,7315.23,11672
8113841,4974.45,4974.45,4974.45,7954
8113848,7315.23,7315.23,7315.23,11672
8113844,4974.45,4974.45,4974.45,7954
8113846,7315.23,7315.23,7315.23,11672
8015762,286.59,286.59,286.59,434.22
8134679,25735.5,25735.5,25735.5,37400
8109923,3879.15,3491.24,3879.15,
6220476,3879.15,3491.24,3879.15,
6220475,3879.15,3491.24,3879.15,
6220474,3879.15,3491.24,3879.15,
6220473,3879.15,3491.24,3879.15,
6220472,3879.15,3491.24,3879.15,
6220471,3879.15,3491.24,3879.15,
8140195,9431.32,9431.32,9431.32,16218
8133926,7235.92,7235.92,7235.92,13507
8140199,12786.43,12786.43,12786.43,21988
8133930,7220.9,7220.9,7220.9,13758
8133919,6108.56,6108.56,6108.56,11476
8140196,5724.98,5724.98,5724.98,9764
8133920,6062.59,6062.59,6062.59,11393
8136509,0.01,0.01,0.01,0.01
8133927,7121.95,7121.95,7121.95,13161
8140198,20032.76,20032.76,20032.76,34449
8133925,7235.92,7235.92,7235.92,13507
8133922,7235.92,7235.92,7235.92,13507
8133921,7235.92,7235.92,7235.92,13507
8133923,7235.92,7235.92,7235.92,13507
8133924,7235.92,7235.92,7235.92,13507
8140194,8986.62,8986.62,8986.62,15454
8133928,7381.28,7381.28,7381.28,13829
8133932,8991.82,8991.82,8991.82,17067
8133931,7524.52,7524.52,7524.52,14099
8133929,8991.82,8991.82,8991.82,17067
8139946,59898.32,59898.32,59898.32,95820.92
8136861,2080.13,2080.13,2080.13,
8122098,4865.88,4865.88,4865.88,
8039646,5240.34,5240.34,5240.34,
9999386,4987.53,4987.53,4987.53,
8023269,5469.19,5469.19,5469.19,10000
8023307,7913.35,7913.35,7913.35,14469
8034167,9934.75,9934.75,9934.75,18165
8023291,9519.09,9519.09,9519.09,17405
8141779,8860.06,8860.06,8860.06,16200
8141778,8860.06,8860.06,8860.06,16200
8141777,8860.06,8860.06,8860.06,16200
8141780,8860.06,8860.06,8860.06,16200
8141781,8860.06,8860.06,8860.06,16200
8141782,8860.06,8860.06,8860.06,16200
8141783,8860.06,8860.06,8860.06,16200
8141784,8860.06,8860.06,8860.06,16200
8141785,9182.74,9182.74,9182.74,16790
8032456,6891.15,6891.15,6891.15,12600
8121850,6891.15,6891.15,6891.15,12600
8023222,6891.15,6891.15,6891.15,12600
8121827,9571.05,9571.05,9571.05,17500
8121841,9571.05,6699.74,9571.05,17500
8121991,9571.05,6699.74,9571.05,17500
8034163,9571.05,6699.74,9571.05,17500
8143502,9571.05,9571.05,9571.05,17500
8024857,9571.05,6699.74,9571.05,17500
8032444,9571.05,6699.74,9571.05,17500
8023255,9571.05,6699.74,9571.05,17500
8023256,9571.05,6699.74,9571.05,17500
8121834,9571.05,6699.74,9571.05,17500
8024851,9571.05,6699.74,9571.05,17500
8121992,9571.05,6699.74,9571.05,17500
8143504,9571.05,9571.05,9571.05,17500
8024854,9571.05,6699.74,9571.05,17500
8143505,9571.05,9571.05,9571.05,17500
8143503,9571.05,9571.05,9571.05,17500
8121994,9571.05,6699.74,9571.05,17500
8128349,9571.05,6699.74,9571.05,17500
8128347,9571.05,6699.74,9571.05,17500
8143506,10095.55,10095.55,10095.55,18459
8121826,10095.55,7066.89,10095.55,18459
8143517,10095.55,10095.55,10095.55,18459
8121838,9571.05,6699.74,9571.05,17500
8025570,9571.05,6699.74,9571.05,17500
8128348,9571.05,6699.74,9571.05,17500
8041280,9067.89,9067.89,9067.89,16580
8120913,7695.12,4617.07,7695.12,14070
8111968,7695.12,4617.07,7695.12,14070
8111960,7695.12,4617.07,7695.12,14070
8111961,7695.12,4617.07,7695.12,14070
8111948,8097.11,4858.27,8097.11,14805
8132747,7695.12,4617.07,7695.12,14070
8120915,7695.12,4617.07,7695.12,14070
8126612,7695.12,7695.12,7695.12,14070
8123704,7695.12,4617.07,7695.12,14070
8126610,7695.12,7695.12,7695.12,14070
8132742,7695.12,4617.07,7695.12,14070
8111959,7695.12,4617.07,7695.12,14070
8126614,7695.12,7695.12,7695.12,14070
8135843,7695.12,4617.07,7695.12,14070
8135845,7695.12,4617.07,7695.12,14070
8135844,7695.12,4617.07,7695.12,14070
8123707,7695.12,7695.12,7695.12,14070
8132743,7695.12,4617.07,7695.12,14070
8035504,7675.99,7675.99,7675.99,14035
8122095,6010.63,4207.44,6010.63,10990
8122668,6010.63,4207.44,6010.63,10990
8036403,6010.63,4207.44,6010.63,10990
8121953,6010.63,4207.44,6010.63,10990
8122949,6010.63,4207.44,6010.63,10990
8121952,6010.63,4207.44,6010.63,10990
8121947,6010.63,4207.44,6010.63,10990
8036384,6010.63,4207.44,6010.63,10990
8036398,6010.63,4207.44,6010.63,10990
8122097,6010.63,4207.44,6010.63,10990
8036391,6010.63,6010.63,6010.63,10990
8135847,6010.63,4207.44,6010.63,10990
8133866,6010.63,6010.63,6010.63,10990
8135848,6010.63,4207.44,6010.63,10990
8135849,6010.63,4207.44,6010.63,10990
8133403,6010.63,4207.44,6010.63,10990
8122665,6010.63,4207.44,6010.63,10990
8133405,6010.63,4207.44,6010.63,10990
8135850,6010.63,4207.44,6010.63,10990
8122951,6010.63,4207.44,6010.63,10990
8023309,10095.55,10095.55,10095.55,18459
8122166,2406.44,2406.44,2406.44,4400
8035659,9355.02,9355.02,9355.02,17105
8023289,12346.65,12346.65,12346.65,22575
8132707,5795.69,5795.69,5795.69,
8007969,7275.55,7275.55,7275.55,
8039664,9963.42,9963.42,9963.42,
8126064,2676.23,2676.23,2676.23,
8020295,5049.59,4544.63,5049.59,
8133237,4308.46,4308.46,4308.46,7355.11
8135863,1625.84,1625.84,1625.84,2775.51
8133230,2773.67,2773.67,2773.67,4735.02
8133234,2871.22,2871.22,2871.22,4901.55
8133232,6404.31,6404.31,6404.31,10932.99
8133233,3828.84,3828.84,3828.84,6536.33
8135864,1625.84,1625.84,1625.84,2775.51
8133231,2773.67,2773.67,2773.67,4735.02
8135865,4118.23,4118.23,4118.23,7030.37
8133235,2581.82,2581.82,2581.82,4407.51
8003313,6101.8,6101.8,6101.8,8984.5
8141861,10694.6,8020.95,10694.6,15747.1
8143703,36934.2,36934.2,36934.2,54990
8143938,35590.88,35590.88,35590.88,52990
8143939,25516.1,25516.1,25516.1,37990
8132567,39956.63,39956.63,39956.63,59490
8132569,26523.57,26523.57,26523.57,39490
8140708,80121.47,80121.47,80121.47,119290
8140784,38949.15,38949.15,38949.15,57990
8143702,36934.2,36934.2,36934.2,54990
8136078,35590.88,30252.25,35590.88,52990
8136079,25516.1,21688.69,25516.1,37990
8140785,35590.88,35590.88,35590.88,52990
8140709,71524.32,71524.32,71524.32,106490
8140711,70181.01,70181.01,70181.01,104490
8140710,70181.01,70181.01,70181.01,104490
8134482,34919.23,27935.38,34919.23,51990
8140712,70181.01,70181.01,70181.01,104490
8129333,32232.62,32232.62,32232.62,47990
8129334,32232.62,32232.62,32232.62,47990
8138369,32232.62,32232.62,32232.62,47990
8140787,34247.58,34247.58,34247.58,50990
8140716,96711.3,96711.3,96711.3,143990
8143704,33575.93,33575.93,33575.93,49990
8134056,32232.62,32232.62,32232.62,47990
8140786,34247.58,34247.58,34247.58,50990
8143706,33575.93,33575.93,33575.93,49990
8141226,30889.32,26255.92,30889.32,45990
8141246,30889.32,26255.92,30889.32,45990
8034590,4938.11,3209.77,4938.11,10421.72
8034593,5089.7,3308.31,5089.7,10741.61
8034589,2711.21,1762.29,2711.21,5721.9
8034592,2787.91,1812.14,2787.91,5883.79
9996048,5151.99,5151.99,5151.99,10499
9996047,5151.99,5151.99,5151.99,10499
8038492,34158.46,34158.46,34158.46,54656.66
8041382,34586.27,34586.27,34586.27,55341.18
8041383,51063.76,51063.76,51063.76,81706.68
8022072,38390.54,38390.54,38390.54,61428.36
8009227,30740.89,30740.89,30740.89,49188.26
8041384,43061.21,43061.21,43061.21,68901.84
8016464,14767.66,14767.66,14767.66,23629.63
4884042,49886.65,49886.65,49886.65,79823.18
8141643,52431.39,52431.39,52431.39,83895
8030253,44472.76,44472.76,44472.76,71160.48
8015666,41389.8,41389.8,41389.8,66227.45
8138054,71864.67,71864.67,71864.67,114990
8039622,27196.3,22300.97,27196.3,39202
8039621,36223.2,29703.02,36223.2,52742
8039623,46239.79,37916.63,46239.79,66546
8134342,56752.78,46537.28,56752.78,89896
8121340,27097.22,22219.72,27097.22,39108
8039620,24009.48,19687.77,24009.48,34476
8121339,47902.34,39279.92,47902.34,69130
8139637,15187.18,12149.74,15187.18,22418.26
8139638,15187.18,15187.18,15187.18,22418.26
8038652,15187.18,15187.18,15187.18,22418.26
8139631,8535.54,6828.43,8535.54,12601.99
8139632,8535.54,8535.54,8535.54,12601.99
8139633,8535.54,8535.54,8535.54,12601.99
8139634,8535.54,8535.54,8535.54,12601.99
8139635,8535.54,5974.88,8535.54,12601.99
8139636,8535.54,5974.88,8535.54,12601.99
8113596,6265.85,6265.85,6265.85,9795.46
8025418,2651.01,2651.01,2651.01,4219.05
8025429,4217.28,4217.28,4217.28,6303.01
8025417,2651.01,2651.01,2651.01,4219.05
8025428,4217.28,4217.28,4217.28,6303.01
8115681,2751.43,2751.43,2751.43,4185.63
8115684,4522.51,4522.51,4522.51,6307.62
8115680,2751.43,2751.43,2751.43,4185.63
8115683,4522.51,4522.51,4522.51,6307.62
8025415,2651.01,2651.01,2651.01,4219.05
8025426,4217.28,4217.28,4217.28,6303.01
8139042,2772.96,2772.96,2772.96,4413.44
8136448,2751.44,2751.44,2751.44,4219.94
8136449,4522.51,4522.51,4522.51,6303.95
8142701,4522.51,4522.51,4522.51,6303.95
8128984,2751.44,2751.44,2751.44,4219.94
8128985,4522.51,4522.51,4522.51,6303.95
8025421,2651.01,2651.01,2651.01,4219.05
8025440,4217.28,4217.28,4217.28,6303.01
8025416,2651.01,2651.01,2651.01,4219.05
8025427,4217.28,4217.28,4217.28,6303.01
8018337,4720.57,4720.57,4720.57,6138.52
8115685,4720.57,4720.57,4720.57,6138.52
8012070,4720.57,4720.57,4720.57,6138.52
8025453,4720.57,4720.57,4720.57,6138.52
8136450,4720.57,4720.57,4720.57,6138.52
8138943,4757.87,4757.87,4757.87,6985.32
8128883,4757.87,4282.08,4757.87,6985.32
8128887,4757.87,4282.08,4757.87,6985.32
8136451,4757.87,4282.08,4757.87,6985.32
8138701,4757.87,4282.08,4757.87,6985.32
8138702,6724.56,6052.1,6724.56,10782.25
8142702,6605.88,5945.29,6605.88,10782.26
8136452,6605.88,5945.29,6605.88,10782.26
8138703,6724.56,6052.1,6724.56,10782.26
8025396,2651.01,2651.01,2651.01,4219.05
8025407,4217.28,4217.28,4217.28,6303.01
8025414,4217.28,4217.28,4217.28,6303.01
8025395,2651.01,2651.01,2651.01,4219.05
8025406,4217.28,4217.28,4217.28,6303.01
8115678,2751.43,2751.43,2751.43,4185.63
8115679,4522.51,4522.51,4522.51,6307.62
8115675,2751.43,2751.43,2751.43,4185.63
8115677,4522.51,4522.51,4522.51,6307.62
8025382,2651.01,2651.01,2651.01,4219.05
8025404,4217.28,4217.28,4217.28,6303.01
8139043,2772.96,2772.96,2772.96,4413.44
8136446,2751.43,2751.43,2751.43,4185.63
8136447,4522.51,4522.51,4522.51,6303.95
8142700,4522.51,4522.51,4522.51,6303.95
8128982,2751.44,2751.44,2751.44,4219.94
8128983,4522.51,4522.51,4522.51,6303.95
8025399,2651.01,2651.01,2651.01,4219.05
8025410,4217.28,4217.28,4217.28,6303.01
8025394,2651.01,2651.01,2651.01,4219.05
8025405,4217.28,4217.28,4217.28,6303.01
8141295,9234.44,9234.44,9234.44,15500
8126845,3173.48,3173.48,3173.48,4700
8123572,14238.92,14238.92,14238.92,23900
8126850,3173.48,3173.48,3173.48,4700
8130254,14238.92,14238.92,14238.92,23900
8126847,3173.48,3173.48,3173.48,4700
8123574,14238.92,14238.92,14238.92,23900
8126848,3173.48,3173.48,3173.48,4700
8123575,14238.92,14238.92,14238.92,23900
8126846,3173.48,3173.48,3173.48,4700
8123573,14238.92,14238.92,14238.92,23900
8126849,3173.48,3173.48,3173.48,4700
8123576,14238.92,14238.92,14238.92,23900
8128517,19513.47,19513.47,19513.47,28900
8025375,54664.63,54664.63,54664.63,87468.36
8140438,56372.57,56372.57,56372.57,90201.26
8014115,43868.17,43868.17,43868.17,70193.08
8133611,41389.8,41389.8,41389.8,66227.45
8141646,43868.17,43868.17,43868.17,70193.08
8030429,40714.3,40714.3,40714.3,65146.59
8041385,56737.52,56737.52,56737.52,90785.21
8041386,45214.27,45214.27,45214.27,72346.93
8026696,51012.6,51012.6,51012.6,81624.84
8141654,14767.66,14767.66,14767.66,23629.63
9999864,32277.94,32277.94,32277.94,51647.67
8132373,6433.1,6433.1,6433.1,9763
8009276,3561.35,3561.35,3561.35,5446
8015318,4827.95,4827.95,4827.95,7383
8121579,4255.83,3617.46,4255.83,6509
8121580,4255.83,3617.46,4255.83,6509
8031005,8071.78,8071.78,8071.78,12344
8021812,4033.83,4033.83,4033.83,6169
8021811,4033.83,4033.83,4033.83,6169
8132363,5169.65,5169.65,5169.65,7906
8121578,5428.13,5428.13,5428.13,8301
8121581,4468.75,4468.75,4468.75,6834
8135962,8265.15,8265.15,8265.15,12543
8141110,8265.15,8265.15,8265.15,12543
8125665,5501.66,5501.66,5501.66,8414
8132374,7335.08,5392.55,7335.08,11131
8132375,5712.2,4199.81,5712.2,8669
8020020,557.74,557.74,557.74,824.48
9996288,3097.48,3097.48,3097.48,4737
9997435,4198.32,4198.32,4198.32,6421
8033953,4620.52,4620.52,4620.52,7066
8113609,634.74,634.74,634.74,893.09
9996828,320.22,320.22,320.22,489.72
9997436,4423.72,4423.72,4423.72,6765
8014141,1070.58,1070.58,1070.58,1637.28
8039420,4560.01,4560.01,4560.01,6974
8010498,1021.41,1021.41,1021.41,1562.07
8038494,7379.91,7379.91,7379.91,11286
8013101,6705.38,4968.17,6705.38,10255
8018841,7596.89,7596.89,7596.89,11618
8015989,6903.73,6903.73,6903.73,10558
8128504,7591.33,5624.61,7591.33,11610
8128505,6903.73,6903.73,6903.73,10558
8116825,6470.23,6470.23,6470.23,9895
8039859,7186.33,7186.33,7186.33,
8039860,5481.07,5481.07,5481.07,
8034228,15968.24,15968.24,15968.24,
8021716,0.01,0.01,0.01,
8123917,10890.18,10890.18,10890.18,22500
8123918,13954.12,13954.12,13954.12,29000
8123919,13954.12,13954.12,13954.12,29000
8123916,8417.42,8417.42,8417.42,17500
8123920,9476.19,9476.19,9476.19,19700
8142813,30643.63,30643.63,30643.63,48800
8032493,26483.45,26483.45,26483.45,42175
8027479,26483.45,26483.45,26483.45,42175
8110946,29764.45,29764.45,29764.45,47400
8122325,22753.48,22753.48,22753.48,36235
8122324,29764.45,29764.45,29764.45,47400
8116977,29764.45,29764.45,29764.45,47400
8116978,22753.48,22753.48,22753.48,36235
8012579,20847.68,20847.68,20847.68,33200
8012578,25566.66,25566.66,25566.66,40715
8014919,20847.68,20847.68,20847.68,33200
8014920,25566.66,25566.66,25566.66,40715
8133268,23428.52,23428.52,23428.52,37310
8133267,30549.38,30549.38,30549.38,48650
8022262,23795.87,23795.87,23795.87,37895
8128782,23428.52,23428.52,23428.52,37310
8128781,30549.38,30549.38,30549.38,48650
8020603,3866.75,3866.75,3866.75,6206.07
8020601,2205.86,2205.86,2205.86,3540.36
6300171,2645.91,2116.73,2645.91,4246.63
6309931,4653.82,4653.82,4653.82,7469.31
8021925,8451.87,8451.87,8451.87,13565.12
8123033,7096.39,7096.39,7096.39,11389.58
8020602,2205.9,2205.9,2205.9,3540.45
8040094,3437.94,3437.94,3437.94,5517.82
9999673,1703.82,1192.67,1703.82,2734.59
9999676,2793.93,2235.14,2793.93,4484.21
9999675,1740.66,1740.66,1740.66,2793.73
8021967,5017.15,5017.15,5017.15,8052.44
6032604,2830.62,2264.5,2830.62,4543.1
8021969,3866.75,3866.75,3866.75,6206.07
8021968,2205.89,2205.89,2205.89,3540.42
8123031,9111.66,9111.66,9111.66,14624.05
8040092,5904.54,5904.54,5904.54,9476.67
6030872,2205.84,1764.67,2205.84,3540.32
8143495,46239.79,46239.79,46239.79,60936.16
8143496,36223.2,36223.2,36223.2,47736
8143497,27093.1,27093.1,27093.1,35704.08
8143498,47902.34,47902.34,47902.34,63127.12
8003769,4104.32,4104.32,4104.32,6140
9931820,4104.32,4104.32,4104.32,6140
8003768,4104.32,4104.32,4104.32,6140
8003762,4104.32,4104.32,4104.32,6140
9931822,4104.32,4104.32,4104.32,6140
8003759,4104.32,4104.32,4104.32,6140
8003763,4104.32,4104.32,4104.32,6140
8003807,4104.32,4104.32,4104.32,6140
8003772,4104.32,4104.32,4104.32,6140
8003774,4104.32,4104.32,4104.32,6140
8003773,4104.32,4104.32,4104.32,6140
8003765,4104.32,4104.32,4104.32,6140
8003771,4104.32,4104.32,4104.32,6140
8003767,4104.32,4104.32,4104.32,6140
8003776,4104.32,4104.32,4104.32,6140
8003778,4104.32,4104.32,4104.32,6140
8003758,4104.32,4104.32,4104.32,6140
8003770,4104.32,4104.32,4104.32,6140
8003757,4104.32,4104.32,4104.32,6140
8003779,4104.32,4104.32,4104.32,6140
8003761,4104.32,4104.32,4104.32,6140
8003780,4104.32,4104.32,4104.32,6140
8003781,4104.32,4104.32,4104.32,6140
8003760,4104.32,4104.32,4104.32,6140
8003783,4104.32,4104.32,4104.32,6140
8003764,4104.32,4104.32,4104.32,6140
8003784,4104.32,4104.32,4104.32,6140
8003808,4104.32,4104.32,4104.32,6140
8003766,4104.32,4104.32,4104.32,6140
8003756,4104.32,4104.32,4104.32,6140
8003785,4104.32,4104.32,4104.32,6140
8003809,4104.32,4104.32,4104.32,6140
9931825,4104.32,4104.32,4104.32,6140
8003810,4104.32,4104.32,4104.32,6140
8016538,4104.32,4104.32,4104.32,6140
8016535,4104.32,4104.32,4104.32,6140
8016539,4104.32,4104.32,4104.32,6140
8016536,4104.32,4104.32,4104.32,6140
8016540,4104.32,4104.32,4104.32,6140
8016537,4104.32,4104.32,4104.32,6140
8032936,8127.14,8127.14,8127.14,12197
8032928,8127.14,8127.14,8127.14,12197
8132472,3096.48,3096.48,3096.48,4640
8112552,185906.73,185906.73,185906.73,319200
8112555,322890.64,322890.64,322890.64,554400
8112556,344439.98,344439.98,344439.98,591400
8112558,152650.86,152650.86,152650.86,262100
8112564,396274.88,396274.88,396274.88,680400
8112561,264183.25,264183.25,264183.25,453600
8112562,678105.29,678105.29,678105.29,1164300
8112563,231917.48,231917.48,231917.48,398200
8021627,0.01,0.01,0.01,0.01
8133637,3785.78,3785.78,3785.78,6990
8133638,3785.78,3785.78,3785.78,6990
8133639,3785.78,3785.78,3785.78,6990
8142181,4880.68,4880.68,4880.68,7190
8131562,4880.68,4880.68,4880.68,7190
8131573,4880.68,4880.68,4880.68,7190
8142169,4880.68,4880.68,4880.68,7190
8142183,4880.68,4880.68,4880.68,7190
8131561,4880.68,4880.68,4880.68,7190
8131564,4880.68,4880.68,4880.68,7190
8131565,4880.68,4880.68,4880.68,7190
8131567,4880.68,4880.68,4880.68,7190
8135543,4880.68,4880.68,4880.68,7190
8135515,4880.68,4880.68,4880.68,7190
8135514,4880.68,4880.68,4880.68,7190
8137794,4880.68,4880.68,4880.68,7190
8137793,4880.68,4880.68,4880.68,7190
8131560,4880.68,4880.68,4880.68,7190
8137795,4880.68,4880.68,4880.68,7190
8131570,4880.68,4880.68,4880.68,7190
8131574,4880.68,4880.68,4880.68,7190
8142182,4880.68,4880.68,4880.68,7190
8142170,4880.68,4880.68,4880.68,7190
8131563,4880.68,4880.68,4880.68,7190
8131572,4880.68,4880.68,4880.68,7190
8138260,4880.68,4880.68,4880.68,7190
8137797,4880.68,4880.68,4880.68,7190
8131568,4880.68,4880.68,4880.68,7190
8138945,4880.68,4880.68,4880.68,7190
8138950,4880.68,4880.68,4880.68,7190
8135029,6258.1,6258.1,6258.1,11540
8133633,6076.85,6076.85,6076.85,9490
8142904,7142.98,7142.98,7142.98,9990
8133635,6076.85,6076.85,6076.85,9490
8142905,7142.98,7142.98,7142.98,9990
8133632,6076.85,6076.85,6076.85,9490
8142903,7142.98,7142.98,7142.98,9990
8133636,6076.85,6076.85,6076.85,9490
8142906,7142.98,7142.98,7142.98,9990
8142899,7142.98,7142.98,7142.98,9900
8142900,7142.98,7142.98,7142.98,9990
8142902,7142.98,7142.98,7142.98,9990
8142901,7142.98,7142.98,7142.98,9990
8135516,7142.98,7142.98,7142.98,9990
8135517,7142.98,7142.98,7142.98,9990
8135518,7142.98,7142.98,7142.98,9990
8135520,7142.98,7142.98,7142.98,9990
8135519,7142.98,7142.98,7142.98,9990
8133631,7142.98,7142.98,7142.98,9990
8142898,7142.98,7142.98,7142.98,9900
8138903,3260.29,3260.29,3260.29,4790
8138904,3898.78,3898.78,3898.78,5890
8138902,3260.29,3260.29,3260.29,4790
8136647,38640.66,38640.66,38640.66,65899
8136648,23220,23220,23220,39599
8139244,40106.1,40106.1,40106.1,68399
8139243,27265.44,27265.44,27265.44,46499
8139245,32250,32250,32250,54999
8134584,25330.44,25330.44,25330.44,43199
8134586,26445,26445,26445,45099
8134588,31721.1,31721.1,31721.1,54099
8134599,30960,30960,30960,52799
8134592,35943.27,35943.27,35943.27,61299
8134590,26445,26445,26445,45099
8134594,30960,30960,30960,52799
8134593,30490.44,30490.44,30490.44,51999
8134583,30548.49,30548.49,30548.49,52099
8139239,24275.22,24275.22,24275.22,41399
8134596,25155,25155,25155,42899
8134605,36765,36765,36765,62699
8134603,31838.49,31838.49,31838.49,54299
8134604,33070.44,33070.44,33070.44,56399
8134587,33832.83,33832.83,33832.83,57699
8134597,25037.61,25037.61,25037.61,42699
8134598,39403.05,39403.05,39403.05,67199
8134585,31193.49,31193.49,31193.49,53199
8134595,23688.27,23688.27,23688.27,40399
8134589,53885.88,53885.88,53885.88,91899
8136646,32718.27,32718.27,32718.27,55799
8136645,31721.1,31721.1,31721.1,54099
8139240,30138.27,30138.27,30138.27,51399
8139241,30315,30315,30315,51699
8139242,29317.83,29317.83,29317.83,49999
8136649,31721.1,31721.1,31721.1,54099
8132853,2389.97,2389.97,2389.97,4080
8141467,9604.63,7683.7,9604.63,17117.1
8139039,16315.61,16315.61,16315.61,
8139040,12467.59,12467.59,12467.59,
8139041,12467.59,12467.59,12467.59,
8138134,8583.76,8583.76,8583.76,13530.53
8138135,8583.76,8583.76,8583.76,13530.53
8138133,8583.76,8583.76,8583.76,13530.53
8132746,9300.95,9300.95,9300.95,14523.68
8132745,9300.95,9300.95,9300.95,14523.68
8110785,9516.22,9516.22,9516.22,14523.68
8110784,10811.5,10811.5,10811.5,16370.68
8042653,11269.49,11269.49,11269.49,17073.14
8039042,1092.63,1092.63,1092.63,
8126102,2994.54,2994.54,2994.54,5462
8126101,2994.54,2994.54,2994.54,5462
8126131,22808.3,22808.3,22808.3,41602
6300000,9416.41,8003.95,9416.41,14720.74
8024982,9416.41,8003.95,9416.41,14720.74
6031229,9416.41,8003.95,9416.41,14720.74
6031227,9416.41,8003.95,9416.41,14720.74
8024984,9416.41,8003.95,9416.41,14720.74
6031226,9416.41,8003.95,9416.41,14720.74
8002977,9416.41,8003.95,9416.41,14720.74
6031221,9416.41,8003.95,9416.41,14720.74
6031225,9416.41,8003.95,9416.41,14720.74
6030914,9416.41,8003.95,9416.41,14720.74
6530767,9416.41,8003.95,9416.41,14720.74
6031217,9416.41,8003.95,9416.41,14720.74
8118998,9416.41,8003.95,9416.41,14720.74
6031228,9416.41,8003.95,9416.41,14720.74
8118999,9416.41,8003.95,9416.41,14720.74
8002978,9416.41,8003.95,9416.41,14720.74
8135309,9416.41,8003.95,9416.41,14720.74
8119000,9416.41,8003.95,9416.41,14720.74
8135310,9416.41,8003.95,9416.41,14720.74
8034554,9416.41,8003.95,9416.41,14720.74
8024981,9416.41,8003.95,9416.41,14720.74
8135311,9416.41,8003.95,9416.41,14720.74
8123613,11721.68,11721.68,11721.68,19900
8125318,11721.68,11721.68,11721.68,19900
8125320,11721.68,11721.68,11721.68,19900
8125321,11721.68,11721.68,11721.68,19900
8140097,16406.39,16406.39,16406.39,31500
8127519,6562.55,6562.55,6562.55,12600
8039661,3365.92,3365.92,3365.92,
8110220,12290.72,9218.04,12290.72,22481.49
8110232,6449.3,4836.98,6449.3,11796.69
8130918,6364.11,4773.08,6364.11,11640.87
8110205,6364.11,4773.08,6364.11,11640.87
8130919,6364.11,4773.08,6364.11,11640.87
8110222,8925.82,8925.82,8925.82,16326.6
8110218,13264.3,9948.23,13264.3,24262.29
8110216,13264.3,9948.23,13264.3,24262.29
8110219,13264.3,9948.23,13264.3,24262.29
8110209,10161.03,7620.77,10161.03,18585.99
8110223,8639.83,6479.87,8639.83,15803.49
8110237,7970.5,5977.88,7970.5,14579.19
8110211,9194.15,6895.61,9194.15,16817.43
8110201,8822.37,6616.78,8822.37,16137.39
8110198,8822.37,6616.78,8822.37,16137.39
8110199,8822.37,6616.78,8822.37,16137.39
8110197,8822.37,6616.78,8822.37,16137.39
8136151,3680.71,2760.53,3680.71,6732.54
8110215,3116.21,2337.16,3116.21,5700
8136152,3680.71,2760.53,3680.71,6732.54
8136153,3680.71,2760.53,3680.71,6732.54
8110214,3680.71,2760.53,3680.71,6732.54
8110213,3680.71,2760.53,3680.71,6732.54
8136154,9424.47,9424.47,9424.47,17238.71
8110202,7301.17,5475.88,7301.17,13354.89
8110203,9917.65,7438.24,9917.65,18140.79
8110204,8384.24,6288.18,8384.24,15335.96
8110224,9370.01,7027.51,9370.01,17139.09
8110231,9370.01,7027.51,9370.01,17139.09
8110225,8518.14,6388.61,8518.14,15580.89
8110235,5870.79,4403.09,5870.79,10738.51
8110238,4687.12,3515.34,4687.12,8573.42
8140052,4687.12,3515.34,4687.12,8573.42
8133625,1413.41,1130.73,1413.41,2585.34
8133618,1413.41,1130.73,1413.41,2585.34
8127321,1413.41,1130.73,1413.41,2585.34
8133615,1413.41,1130.73,1413.41,2585.34
8140053,11842.75,8882.06,11842.75,21662.09
8140054,19097.6,14323.2,19097.6,34932.23
8014762,6415.2,6415.2,6415.2,8814.79
8015613,8942.67,8048.4,8942.67,11649.24
8014761,6415.13,6415.13,6415.13,8394.05
8015614,8942.67,8048.4,8942.67,11649.24
8020344,6415.13,6415.13,6415.13,8394.05
8020340,8942.67,8048.4,8942.67,11649.24
8001509,8941.88,8047.69,8941.88,11655.42
8020343,6415.13,6415.13,6415.13,8394.05
8020341,8942.38,8048.14,8942.38,11648.85
8020342,8942.69,8048.42,8942.69,11659.96
8139786,19500.21,19500.21,19500.21,29468.65
8139769,22825.92,22825.92,22825.92,34494.47
8142051,24965.54,24965.54,24965.54,37727.85
8139782,22182.48,22182.48,22182.48,33522.1
8139793,114668.93,114668.93,114668.93,173287.37
8139783,39691.48,39691.48,39691.48,59981.65
8139784,38368.06,38368.06,38368.06,57981.69
8139785,63701.27,63701.27,63701.27,96265.19
8139787,40931.87,40931.87,40931.87,61856.12
8139760,17039.43,17039.43,17039.43,25749.94
8139765,37483.18,37483.18,37483.18,56644.49
8139780,86412.44,86412.44,86412.44,130586.23
8139789,253047.57,253047.57,253047.57,382404.8
8139777,86412.44,86412.44,86412.44,130586.23
8139790,253047.57,253047.57,253047.57,382404.8
8139778,86412.44,86412.44,86412.44,130586.23
8139791,253047.57,253047.57,253047.57,382404.8
8139779,86412.44,86412.44,86412.44,130586.23
8139788,253047.57,253047.57,253047.57,382404.8
8139776,86412.44,86412.44,86412.44,130586.23
8142050,45332.88,45332.88,45332.88,68506.93
8139770,23600.05,23600.05,23600.05,35664.32
8142048,27511.58,27511.58,27511.58,41575.44
8139763,9029.16,9029.16,9029.16,13644.83
8139775,80510.65,80510.65,80510.65,121667.46
8139772,80510.65,80510.65,80510.65,121667.46
8139773,80510.65,80510.65,80510.65,121667.46
8139774,80510.65,80510.65,80510.65,121667.46
8139771,80510.65,80510.65,80510.65,121667.46
8139781,21098.29,21098.29,21098.29,31883.66
8117177,5178.99,5178.99,5178.99,
8117178,10357.98,10357.98,10357.98,
8142075,4457.22,4011.5,4457.22,8990
8142074,213948.49,192553.64,213948.49,
8140130,10020.18,9018.16,10020.18,22696.74
8140129,7243.74,6519.37,7243.74,16407.8
8126983,13363.96,12027.56,13363.96,30270.73
8140121,2440.95,2196.86,2440.95,5529.02
8126988,3844.23,3459.81,3844.23,8707.57
8129526,5896.19,5306.57,5896.19,13355.48
8119580,6676.41,6008.77,6676.41,15122.74
8138123,3109.71,2798.74,3109.71,7043.82
8132407,2440.95,2196.86,2440.95,5529.02
8132401,6676.41,6008.77,6676.41,15122.74
8119578,5338.9,4805.01,5338.9,12093.15
8140126,3667.01,3300.31,3667.01,8306.15
8134738,3221.17,2899.05,3221.17,7296.28
8132397,10020.18,9018.16,10020.18,22696.74
8119579,8682.67,7814.4,8682.67,19667.14
8134743,4011.42,3610.28,4011.42,9086.27
8126982,5338.9,4805.01,5338.9,12093.15
8119581,10577.48,9519.73,10577.48,23959.07
9931781,3669.92,3669.92,3669.92,4900
8002291,19266.8,19266.8,19266.8,29900
8009745,20433.6,20433.6,20433.6,31680
9931780,3669.92,3669.92,3669.92,4900
8002290,19266.8,19266.8,19266.8,29900
8009744,20433.6,20433.6,20433.6,31680
8137640,19266.8,19266.8,19266.8,29900
8116927,585.35,292.68,585.35,1179.76
8119231,737.53,368.77,737.53,1434.18
8020444,8619.55,8619.55,8619.55,15400
8020443,8688.85,8688.85,8688.85,16300
6310826,7228.26,7228.26,7228.26,13560
6310825,7228.26,7228.26,7228.26,13560
8011332,7228.26,7228.26,7228.26,13560
6310824,7228.26,7228.26,7228.26,13560
8016800,4669.84,4669.84,4669.84,6099.62
8129119,1058.39,1058.39,1058.39,1674.46
8129120,1058.39,1058.39,1058.39,1674.46
8128889,1077.55,1077.55,1077.55,1674.46
8128891,1077.55,1077.55,1077.55,1674.46
8036321,1077.55,1077.55,1077.55,1674.46
8016802,4426.29,4426.29,4426.29,6099.77
8016803,4669.84,4669.84,4669.84,6099.62
8110245,1802.26,1441.81,1802.26,3296.6
8110244,1802.26,1441.81,1802.26,3296.6
8110243,1802.26,1441.81,1802.26,3296.6
8110246,1802.26,1351.7,1802.26,3296.6
8136155,2433.31,1946.65,2433.31,4450.89
8127311,7301.17,5840.94,7301.17,13354.89
8136160,4076.22,3260.98,4076.22,7455.99
8140049,7301.17,5840.94,7301.17,13354.89
8136161,2433.31,1946.65,2433.31,4450.89
8136158,4076.22,3260.98,4076.22,7455.99
8140050,7301.17,5840.94,7301.17,13354.89
8136159,2433.31,1946.65,2433.31,4450.89
8127310,7301.17,5840.94,7301.17,13354.89
8110233,4076.22,3260.98,4076.22,7455.99
8110234,2433.31,1946.65,2433.31,4450.89
8110236,4076.22,3260.98,4076.22,7455.99
8136156,4076.22,3260.98,4076.22,7455.99
8140051,7301.17,5840.94,7301.17,13354.89
8136157,2433.31,1946.65,2433.31,4450.89
8112890,7732.05,5799.04,7732.05,12228.05
8113519,8348.48,8348.48,8348.48,13145.69
8113517,8348.48,6261.36,8348.48,13145.69
8137711,10633.81,10633.81,10633.81,14564.53
8137712,8339.06,8339.06,8339.06,11367.08
8129531,5896.19,5306.57,5896.19,13355.48
8117077,5338.9,4805.01,5338.9,12093.15
8132403,6676.41,6008.77,6676.41,15122.74
8134087,7345.16,6610.64,7345.16,16637.54
8134742,3221.17,2899.05,3221.17,7296.28
8117076,8013.92,7212.53,8013.92,18152.34
8021729,0.01,0.01,0.01,
8137948,2355.63,1884.5,2355.63,3250
8021471,0.01,0.01,0.01,
8034230,4427.69,4427.69,4427.69,
8134564,5917.98,5917.98,5917.98,
8134565,6285.76,6285.76,6285.76,
8131133,4642.84,4642.84,4642.84,6200
8131132,27385.67,27385.67,27385.67,42500
8142422,31573.4,31573.4,31573.4,49000
8137210,27670.5,27670.5,27670.5,42900
8032725,4642.84,4642.84,4642.84,6200
8030276,27385.67,27385.67,27385.67,42500
8142417,31573.4,31573.4,31573.4,49000
8113525,27670.5,27670.5,27670.5,42900
8041508,4642.84,4642.84,4642.84,6200
8041507,27385.67,27385.67,27385.67,42500
8142419,31573.4,31573.4,31573.4,49000
8113527,27670.5,27670.5,27670.5,42900
8121598,4642.84,4642.84,4642.84,6200
8034477,27385.67,27385.67,27385.67,42500
8142418,31573.4,31573.4,31573.4,49000
8113526,27670.5,27670.5,27670.5,42900
8132500,3618.77,3099.75,3618.77,5598.89
8022397,0.01,0.01,0.01,
8022398,0.01,0.01,0.01,0.02
8021505,0.01,0.01,0.01,
8009555,1477.77,1477.77,1477.77,
8139954,14330.49,14330.49,14330.49,22924.87
8140010,11215.09,11215.09,11215.09,17941.08
8140011,9940.52,9940.52,9940.52,15902.1
8141396,9823.71,9823.71,9823.71,
8141397,6839.37,6839.37,6839.37,
8141399,2568.47,2568.47,2568.47,
8141398,5961.48,5961.48,5961.48,
8140012,6586.29,6586.29,6586.29,10536.25
8140013,6478.25,6478.25,6478.25,10363.43
8140014,6505.15,6505.15,6505.15,10406.46
8140015,15984.66,15984.66,15984.66,25571.09
8140016,12953.96,12953.96,12953.96,20722.79
8140017,12884.21,12884.21,12884.21,20611.21
8134710,5076.46,5076.46,5076.46,8466.2
8134709,2671.82,2003.87,2671.82,4455.89
8134708,1985.53,1389.87,1985.53,3311.35
8134707,6458.49,4520.94,6458.49,10771.06
8139022,7135.76,5708.61,7135.76,11900.57
8132456,2831.67,2123.75,2831.67,4722.47
8132457,9210.78,9210.78,9210.78,15361.15
8116667,2574.23,2574.23,2574.23,4293.15
8116663,8373.43,8373.43,8373.43,13964.66
8034130,7025.61,5269.21,7025.61,11716.87
8040955,18968.35,18968.35,18968.35,31634.21
8132458,10383.53,7268.47,10383.53,17317
8132459,28034.86,28034.86,28034.86,46754.76
8034131,9029.16,6771.87,9029.16,15058.26
8040956,24378.14,18283.61,24378.14,40656.31
8125668,24601.94,15991.26,24601.94,41029.55
8037062,12948.44,8416.49,12948.44,21594.58
8125667,24601.94,15991.26,24601.94,41029.55
8137808,12948.44,8416.49,12948.44,21594.58
8142547,12948.44,9711.33,12948.44,21594.58
8142548,12948.44,9711.33,12948.44,21594.58
8142549,12948.44,9711.33,12948.44,21594.58
8142550,12948.44,9711.33,12948.44,21594.58
8141265,16616.95,12462.71,16616.95,27712.7
8140802,34639.58,25979.69,34639.58,57769.69
8132453,18990.8,18990.8,18990.8,31671.65
8141264,16616.95,12462.71,16616.95,27712.7
8140799,34639.58,25979.69,34639.58,57769.69
8128537,31490.54,31490.54,31490.54,52517.92
8137809,17264.37,12948.28,17264.37,28792.41
8128536,31490.54,31490.54,31490.54,52517.92
8137799,17264.37,12948.28,17264.37,28792.41
8040950,25471.97,25471.97,25471.97,42480.53
8034125,11738.25,9390.6,11738.25,19576.32
8040949,25471.97,25471.97,25471.97,42480.53
8034124,11738.25,9390.6,11738.25,19576.32
8139969,22442.96,16832.22,22442.96,37428.94
8139971,10335.58,8268.46,10335.58,17237.03
8139967,22442.96,16832.22,22442.96,37428.94
8139970,10335.58,8268.46,10335.58,17237.03
8139968,22442.96,16832.22,22442.96,37428.94
6310049,22277.78,19604.45,22277.78,30277
8121407,110685.1,105150.85,110685.1,150424
8117127,81520.78,77444.74,81520.78,110789
8034270,67283.3,63919.14,67283.3,91443
8039132,72766.32,65489.69,72766.32,98897
8121346,52192.37,49582.75,52192.37,70932
8121347,94186.51,89477.18,94186.51,128001
6310134,19902.16,19902.16,19902.16,31838.01
8126293,25994.78,25994.78,25994.78,41584.54
8126292,26228.34,26228.34,26228.34,41958.18
8126291,16454,16454,16454,26321.91
8126290,23554.32,23554.32,23554.32,37680.46
8041676,28526.21,28526.21,28526.21,45634.12
8126287,28029.46,28029.46,28029.46,44839.47
8139947,52503.06,52503.06,52503.06,83990.54
8133097,47730.05,47730.05,47730.05,76355.03
8041678,33289.35,33289.35,33289.35,53253.6
8005404,55044.3,55044.3,55044.3,
8005403,43202.1,43202.1,43202.1,
8138002,20488.9,20488.9,20488.9,28999
8138000,41313.93,41313.93,41313.93,57999
8143098,49981.04,49981.04,49981.04,72999
8138001,28137.78,28137.78,28137.78,40999
8121345,41760.91,37584.82,41760.91,56754
8121344,53887.94,51193.54,53887.94,73236
8043742,10371.6,10371.6,10371.6,
8138059,4856.19,4856.19,4856.19,8499
8139948,591.08,591.08,591.08,945.56
8136954,25948.2,25948.2,25948.2,42700
8141147,25948.2,25948.2,25948.2,42700
8127622,22302.07,22302.07,22302.07,36700
8141157,22302.07,22302.07,22302.07,36700
8127629,32632.73,32632.73,32632.73,53700
8135025,25948.2,25948.2,25948.2,42700
8127631,22302.07,22302.07,22302.07,36700
8143228,22301.52,22301.52,22301.52,36700
8127628,32632.73,32632.73,32632.73,53700
8134328,33848.1,33848.1,33848.1,55700
8137134,22302.07,22302.07,22302.07,36700
8127625,32632.73,32632.73,32632.73,53700
8127627,32632.73,32632.73,32632.73,53700
8131367,29594.3,29594.3,29594.3,48700
8143227,33848.1,33848.1,33848.1,55700
8130498,33848.1,33848.1,33848.1,55700
8127626,33848.1,33848.1,33848.1,55700
8143229,25948.2,25948.2,25948.2,42700
8137747,11406.37,11406.37,11406.37,20699
8137742,12365.88,12365.88,12365.88,22599
8137738,19402.25,19402.25,19402.25,35399
8137737,11512.98,11512.98,11512.98,20899
8137788,20255.13,20255.13,20255.13,36899
8137787,20255.13,20255.13,20255.13,36899
8137791,28677.45,28677.45,28677.45,52199
8137790,28677.45,28677.45,28677.45,52199
8137789,20255.13,20255.13,20255.13,36899
8137745,16950.17,16950.17,16950.17,30899
8137977,17589.85,17589.85,17589.85,31999
8137750,24839.43,24839.43,24839.43,45199
8137741,11832.82,11832.82,11832.82,21499
8137751,20894.8,20894.8,20894.8,37999
8137756,16310.5,16310.5,16310.5,29699
8137754,45522.07,45522.07,45522.07,82999
8137736,10766.7,10766.7,10766.7,19599
8137975,20255.13,20255.13,20255.13,36799
8137748,17589.85,17589.85,17589.85,31999
8137746,9807.2,9807.2,9807.2,17799
8137740,10446.87,10446.87,10446.87,18999
8137743,9487.37,9487.37,9487.37,17299
8137744,12365.88,12365.88,12365.88,22599
8034229,2110.98,2110.98,2110.98,
8136863,2329.64,2329.64,2329.64,
8134677,13970.7,13970.7,13970.7,20918
6220411,3189.1,2870.19,3189.1,
6220412,3189.1,2870.19,3189.1,
6220413,3189.1,2870.19,3189.1,
6220414,3189.1,2870.19,3189.1,
6220415,3189.1,2870.19,3189.1,
6220416,3189.1,2870.19,3189.1,
8139563,12513.21,12513.21,12513.21,21035.7
8139568,2921.93,2483.64,2921.93,5054.58
8139562,12513.21,12513.21,12513.21,21035.7
8139567,2921.93,2483.64,2921.93,5054.58
8139566,2921.93,2483.64,2921.93,5054.58
8139564,12513.21,12513.21,12513.21,21035.7
8139569,2921.93,2483.64,2921.93,5054.58
8139565,12513.21,12513.21,12513.21,21035.7
8139570,2921.93,2483.64,2921.93,5054.58
8137006,2458.62,2089.83,2458.62,4412.33
8137005,2458.62,2089.83,2458.62,4412.33
8012621,14998.56,7499.28,14998.56,25499
9999260,14822.1,8893.26,14822.1,25199
8008336,13822.16,8984.4,13822.16,23499
8010496,11292.88,5646.44,11292.88,19199
8008335,15527.94,10093.16,15527.94,26399
8008334,11998.73,7199.24,11998.73,20399
9993316,20174.74,15131.06,20174.74,34299
5002055,2647.08,2647.08,2647.08,3600
8039452,6067.21,6067.21,6067.21,9710.4
6300968,6096.95,6096.95,6096.95,9758
6300971,7042.29,7042.29,7042.29,11271
6300964,6920.14,5190.11,6920.14,11075.5
8037199,8312.67,8312.67,8312.67,13304.2
8127396,8353.03,8353.03,8353.03,13368.8
6300967,6744.88,6744.88,6744.88,10795
8039451,6067.21,6067.21,6067.21,9710.4
6300966,6744.88,6744.88,6744.88,10795
6300970,6744.88,6744.88,6744.88,10795
8039453,7866.55,7866.55,7866.55,12590.2
6310243,6744.88,6744.88,6744.88,10795
8020573,5959.93,4767.94,5959.93,9538.7
6033226,6744.88,6744.88,6744.88,10795
6310240,8406.14,6304.61,8406.14,13453.8
8014500,9376.98,7501.58,9376.98,15007.6
8016235,10985.12,8788.1,10985.12,17581.4
8015187,9376.98,7501.58,9376.98,15007.6
6300965,5959.93,5959.93,5959.93,9538.7
8120895,11703.16,11703.16,11703.16,18730.6
8142343,10112.01,10112.01,10112.01,16184
8142347,10468.9,10468.9,10468.9,16755.2
6300960,8429.51,8429.51,8429.51,13491.2
6300959,8429.51,8429.51,8429.51,13491.2
8040627,4447.22,4002.5,4447.22,10073.41
8039513,8682.67,7814.4,8682.67,19667.14
8040626,8013.92,7212.53,8013.92,18152.34
8039516,8013.92,7212.53,8013.92,18152.34
8039515,17822.33,16040.1,17822.33,40369.39
8140124,7233.7,6510.33,7233.7,16385.08
8140123,5338.9,4805.01,5338.9,12093.15
8021687,0.01,0.01,0.01,
8021667,0.01,0.01,0.01,
8129539,5896.19,5306.57,5896.19,13355.48
8127452,5338.9,4805.01,5338.9,12093.15
8134089,7345.16,6610.64,7345.16,16637.54
8132395,10020.18,9018.16,10020.18,22696.74
8127451,8571.21,7714.09,8571.21,19414.67
8124606,8013.92,7212.53,8013.92,18152.34
8129420,4256.87,4256.87,4256.87,6638.85
8129419,7069.35,6008.95,7069.35,11024.46
8124989,4256.87,4256.87,4256.87,6638.76
8124933,7069.35,6008.95,7069.35,11024.46
8124939,7069.35,6008.95,7069.35,11024.46
8143657,6169.41,6169.41,6169.41,9654.05
8124992,4256.87,4256.87,4256.87,6638.85
8124932,7069.35,6008.95,7069.35,11024.46
8124935,7069.35,6008.95,7069.35,11024.46
8124940,7069.35,6008.95,7069.35,11024.46
8124937,7069.35,6008.95,7069.35,11024.46
8131750,4836.95,4836.95,4836.95,8248.38
8134491,67884.2,67884.2,67884.2,
8131218,5260.22,5260.22,5260.22,8248.24
8143658,8108.86,8108.86,8108.86,12688.19
8124951,6897.2,5862.62,6897.2,10758.51
8136854,6897.2,5862.62,6897.2,10758.91
8124953,6897.2,5862.62,6897.2,10758.51
8124955,8792.73,8792.73,8792.73,13642.31
8129422,8321.42,7073.21,8321.42,12980.06
8129421,8321.17,8321.17,8321.17,12979.66
8143659,13167.09,13167.09,13167.09,20602.98
8129424,4256.87,4256.87,4256.87,6638.85
8129423,7069.35,6008.95,7069.35,11024.46
8125001,4256.87,4256.87,4256.87,6638.76
8124966,7069.35,6008.95,7069.35,11024.46
8124969,7069.35,6008.95,7069.35,11024.46
8143656,8108.36,8108.36,8108.36,12688.19
8124999,4256.87,4256.87,4256.87,6638.85
8124965,7069.35,6008.95,7069.35,11024.46
8124967,7069.35,6008.95,7069.35,11024.46
8124970,7069.35,6008.95,7069.35,11024.46
8124968,7069.35,6008.95,7069.35,11024.46
8136853,10306.04,8760.13,10306.04,15954.37
8124941,7979.24,7979.24,7979.24,12380.27
8124954,6664.13,5664.51,6664.13,10341.76
8124964,8995.43,8995.43,8995.43,13956.83
6203626,20442.18,20442.18,20442.18,
8122789,19895.68,19895.68,19895.68,
8121227,14925.87,14925.87,14925.87,
8135357,16871.87,16871.87,16871.87,
6203612,21625.1,21625.1,21625.1,
8140247,7677.93,7677.93,7677.93,
8036963,7094.5,7094.5,7094.5,
8121229,3964.38,3964.38,3964.38,
8136846,3117.92,3117.92,3117.92,
6232267,2136.43,2136.43,2136.43,
8008678,2318.3,2318.3,2318.3,
6203613,2559.59,2559.59,2559.59,
6296303,2318.3,2318.3,2318.3,
8131000,10129.84,10129.84,10129.84,
8008996,3690.61,3690.61,3690.61,
8000680,4319.86,4319.86,4319.86,
8122179,3868.57,3868.57,3868.57,
8008997,5005.63,5005.63,5005.63,
8033652,3882.16,3493.94,3882.16,
8131001,3458.27,3112.44,3458.27,
6296306,2440.46,2196.41,2440.46,
6203629,2123.51,1911.16,2123.51,
8033653,3578.64,3220.78,3578.64,
8135356,3170.43,3170.43,3170.43,
6232264,2942.9,2942.9,2942.9,
8118289,3873.91,3486.52,3873.91,
8002076,2277.59,2277.59,2277.59,
8009760,2699.09,2699.09,2699.09,
8033654,3210.59,3210.59,3210.59,
8041720,5950.76,5950.76,5950.76,
8009761,3948.39,3948.39,3948.39,
8122788,5244.69,5244.69,5244.69,
8008998,4363,4363,4363,
6232263,3035.15,3035.15,3035.15,
8007588,3035.76,3035.76,3035.76,
8122787,2904.62,2904.62,2904.62,
6296307,3035.76,3035.76,3035.76,
8121228,3795.77,3795.77,3795.77,
8122790,9109.68,9109.68,9109.68,
8136850,4747.75,4747.75,4747.75,
8118294,14015.18,14015.18,14015.18,
8121226,8013.54,8013.54,8013.54,
8033650,11380.83,11380.83,11380.83,
8009762,7607.22,7607.22,7607.22,
8136849,14739.26,14739.26,14739.26,
8136848,17361.14,17361.14,17361.14,
8118296,27483.97,27483.97,27483.97,
8136847,10983.58,10983.58,10983.58,
8131003,10138.69,10138.69,10138.69,
8015492,4165.94,4165.94,4165.94,
8008197,8426.81,8426.81,8426.81,
8136845,18069.82,18069.82,18069.82,
8133083,11687.09,11687.09,11687.09,
8002064,8426.81,8426.81,8426.81,
8008196,8426.81,8426.81,8426.81,
8034202,6729.59,6729.59,6729.59,
8021692,0.01,0.01,0.01,
8021460,0.01,0.01,0.01,0.01
8021472,0.01,0.01,0.01,
8021461,0.01,0.01,0.01,0.01
8021734,0.01,0.01,0.01,
8021473,0.01,0.01,0.01,
6220424,2880.21,2880.21,2880.21,
8021476,0.01,0.01,0.01,
8021458,0.01,0.01,0.01,0.01
8128014,30889.32,24711.46,30889.32,45990
8140713,62637.54,62637.54,62637.54,93258.8
8143717,33575.93,33575.93,33575.93,49990
8141546,32232.62,27397.73,32232.62,47990
8130620,26859.4,17458.61,26859.4,39990
8136497,26859.4,17458.61,26859.4,39990
8130621,26859.4,17458.61,26859.4,39990
8128015,30889.32,27800.39,30889.32,45990
8140714,62637.68,62637.68,62637.68,93259
8134067,32232.62,32232.62,32232.62,47990
8140783,40292.45,40292.45,40292.45,59990
8140114,5896.19,5306.57,5896.19,13355.48
8119791,19873.29,19873.29,19873.29,
8123046,22360.34,22360.34,22360.34,
8119790,16142.73,16142.73,16142.73,
8119796,29821.46,29821.46,29821.46,
8123047,16142.73,16142.73,16142.73,
8119797,24847.38,24847.38,24847.38,
8119788,26090.9,26090.9,26090.9,
8119787,16142.73,16142.73,16142.73,
8021890,0.01,0.01,0.01,
8117176,4865.88,4865.88,4865.88,
8117179,7275.55,7275.55,7275.55,
8135129,12589.39,12589.39,12589.39,19900
8028702,19596.04,19596.04,19596.04,31900
8133701,19964.62,19964.62,19964.62,32500
8036971,19964.62,19964.62,19964.62,32500
8136623,26721.87,26721.87,26721.87,43500
8136624,19964.62,19964.62,19964.62,32500
8139571,8271.6,8271.6,8271.6,12500
8002133,7214.88,7214.88,7214.88,10900
8009486,9597.78,9597.78,9597.78,14500
8002134,9597.78,9597.78,9597.78,14500
8002135,9597.78,9597.78,9597.78,14500
8118595,9928.73,9928.73,9928.73,15000
8128513,9597.78,9597.78,9597.78,14500
8128514,9597.78,9597.78,9597.78,14500
8142964,36125.42,32512.88,36125.42,52831.58
8142980,50778.7,45700.83,50778.7,74261.25
8142985,46571.32,41914.19,46571.32,68108.18
8142982,71452.88,64307.59,71452.88,104496.19
8142959,66180.6,59562.54,66180.6,96785.75
8142961,81517.95,73366.16,81517.95,119215.83
8142963,85888.54,77299.69,85888.54,125607.6
8142966,69349.19,62414.27,69349.19,101419.65
8142971,70945.09,63850.58,70945.09,103753.58
8142967,72105.75,64895.18,72105.75,105450.98
8142965,38301.65,34471.49,38301.65,56014.2
8142973,80327.54,72294.79,80327.54,117474.93
8142978,80327.54,72294.79,80327.54,117474.93
8142974,81517.95,73366.16,81517.95,119215.83
8142988,42799.19,38519.27,42799.19,62591.63
8142992,78634.43,70770.99,78634.43,114998.85
8142991,78924.6,71032.14,78924.6,115423.2
8021660,25466.49,25466.49,25466.49,
8016088,5373.73,5373.73,5373.73,9999
8133828,2870.87,1435.44,2870.87,
8133826,2311.29,1155.65,2311.29,
8133829,3649.41,1824.71,3649.41,
8133825,2311.29,1155.65,2311.29,
8133824,3138.49,1569.25,3138.49,
8133827,2311.29,1155.65,2311.29,
8133822,2883.03,1441.52,2883.03,
8143738,21524.94,21524.94,21524.94,42500
8143739,14558.94,14558.94,14558.94,28800
8143740,23424.75,23424.75,23424.75,46300
8143741,15825.49,15825.49,15825.49,31200
8143746,24827.99,24827.99,24827.99,42500
8143742,23424.75,23424.75,23424.75,46300
8143743,15825.49,15825.49,15825.49,31300
8143745,17221.11,17221.11,17221.11,29400
8143737,12659.13,12659.13,12659.13,25000
8143744,9614.24,9614.24,9614.24,16450
8128807,3481.53,3481.53,3481.53,5500
8128806,23771.24,23771.24,23771.24,39900
8128805,19600.85,19600.85,19600.85,32900
8139516,3481.53,3481.53,3481.53,5500
8139515,23771.24,23771.24,23771.24,39900
8139514,19600.85,19600.85,19600.85,32900
8007153,9611.87,9611.87,9611.87,19205.69
8037371,4224.3,3801.87,4224.3,9568.48
9996418,11601.85,11601.85,11601.85,23409.15
9996419,480.91,480.91,480.91,757.96
8112692,9735.59,9735.59,9735.59,14392.55
9997310,431.52,431.52,431.52,637.94
8039430,14580.25,14580.25,14580.25,29401.93
8142584,30938.64,30938.64,30938.64,43259.99
8121282,46448.12,46448.12,46448.12,72989.88
8000787,2226.14,2226.14,2226.14,3290.98
9997475,14005.78,14005.78,14005.78,31120.76
8000313,17857.38,17857.38,17857.38,35660.77
8142617,38233.11,38233.11,38233.11,51999.99
8000786,2600.69,2600.69,2600.69,3844.73
8023715,325.79,325.79,325.79,481.63
8023716,44284.46,44284.46,44284.46,89995.59
8040404,26756.69,26756.69,26756.69,46338.29
8134186,22784.39,22784.39,22784.39,46851.98
8134187,22436,22436,22436,46135.58
8129606,26964.11,26964.11,26964.11,44097.92
8023714,507.47,507.47,507.47,750.24
6298034,42744.41,42744.41,42744.41,58097
9995983,8784,8784,8784,10980
9995984,14840,14840,14840,18550
9995529,19801.65,19801.65,19801.65,29950
9991183,3451.24,3451.24,3451.24,5220
9995528,10254.55,10254.55,10254.55,15510
9995527,5824.79,5824.79,5824.79,8810
3348,3775.21,3775.21,3775.21,5710
3347,22842.98,22842.98,22842.98,34550
3349,6366.94,6366.94,6366.94,9630
3350,12178.51,12178.51,12178.51,18420
3195,3252.89,3252.89,3252.89,4920
8141032,7178.3,7178.3,7178.3,10687.51
8141030,7178.3,7178.3,7178.3,10687.51
8141031,7178.3,7178.3,7178.3,10687.51
8141046,13107.99,13107.99,13107.99,19516
8141047,13107.99,13107.99,13107.99,19516
8141041,10524.61,10524.61,10524.61,15669.7
8141039,10524.61,10524.61,10524.61,15669.7
8141040,10524.61,10524.61,10524.61,15669.7
8141048,4200.16,4200.16,4200.16,6253.47
8141044,6764.48,6764.48,6764.48,10071.38
8141045,6764.48,6764.48,6764.48,10071.38
8141042,6764.48,6764.48,6764.48,10071.38
8141043,6764.48,6764.48,6764.48,10071.38
8137522,50401.94,50401.94,50401.94,
8132993,4200.16,4200.16,4200.16,6253.47
8141049,4200.16,4200.16,4200.16,6253.47
8137521,50401.94,50401.94,50401.94,
8132991,4200.16,4200.16,4200.16,6253.47
8137520,50401.94,50401.94,50401.94,
8132992,4200.16,4200.16,4200.16,6253.47
8139653,7898.3,7898.3,7898.3,11759.5
8141752,7898.3,7898.3,7898.3,11759.5
8141061,13903.68,13903.68,13903.68,20700.7
8141062,7898.3,7898.3,7898.3,11759.5
8021781,6662.82,6662.82,6662.82,9643.12
8009204,7477.92,7477.92,7477.92,10822.83
8019383,6204.19,6204.19,6204.19,8979.34
8019499,8770.77,8770.77,8770.77,12693.97
8021780,9936.28,9936.28,9936.28,14380.8
8119387,10784.7,10784.7,10784.7,15608.74
8009208,7800.1,7800.1,7800.1,11289.12
8009206,7800.1,7800.1,7800.1,11289.12
8128293,8951.12,8951.12,8951.12,12954.99
8123189,8772,8772,8772,14790
8123187,8772,8772,8772,14790
8117627,8772,8772,8772,14790
8122538,9391.2,9391.2,9391.2,15834
8122537,8256,8256,8256,13920
8136191,12590.4,12590.4,12590.4,21228
8117620,8720.4,8720.4,8720.4,14704
8117623,7636.8,7636.8,7636.8,12876
8117621,8720.4,8720.4,8720.4,14704
8117622,7636.8,7636.8,7636.8,12876
8126893,11145.6,11145.6,11145.6,18792
8117618,10010.4,10010.4,10010.4,16878
8117617,10010.4,10010.4,10010.4,16878
8117619,10010.4,10010.4,10010.4,16878
8130244,10939.2,10939.2,10939.2,18444
8130243,10939.2,10939.2,10939.2,18444
8122535,6398.4,6398.4,6398.4,10788
8122534,6398.4,6398.4,6398.4,10788
8122536,6398.4,6398.4,6398.4,10788
8117614,8462.4,8462.4,8462.4,14268
8117612,8462.4,8462.4,8462.4,14268
8117616,8462.4,8462.4,8462.4,14268
8117613,8462.4,8462.4,8462.4,14268
8122533,6398.4,6398.4,6398.4,10788
8117610,8462.4,8462.4,8462.4,14268
8117615,8462.4,8462.4,8462.4,14268
8117611,8462.4,8462.4,8462.4,14268
8136188,9494.4,9494.4,9494.4,16008
8136187,9494.4,9494.4,9494.4,16008
8123191,9494.4,9494.4,9494.4,16008
8136183,15480,15480,15480,26100
8136184,15480,15480,15480,26100
8136186,15480,15480,15480,26100
8136185,15480,15480,15480,26100
8123109,28483.2,28483.2,28483.2,48024
8136189,7894.8,7894.8,7894.8,13312
8126892,10010.4,10010.4,10010.4,16878
8117625,9081.6,9081.6,9081.6,15312
8117624,9081.6,9081.6,9081.6,15312
8121070,9081.6,9081.6,9081.6,15312
8121071,9081.6,9081.6,9081.6,15312
8136190,7585.2,7585.2,7585.2,12790
8123188,8772,8772,8772,14790
8123186,8772,8772,8772,14790
8117626,8772,8772,8772,14790
8121073,10732.8,10732.8,10732.8,18096
8121072,10732.8,10732.8,10732.8,18096
8021489,0.01,0.01,0.01,
8021671,0.01,0.01,0.01,
8140019,26882.37,26882.37,26882.37,43004.45
8139956,16393.44,16393.44,16393.44,26226.88
8140018,22404.91,22404.91,22404.91,35841.73
8021706,0.01,0.01,0.01,
8021490,0.01,0.01,0.01,
8021478,0.01,0.01,0.01,
8021479,0.01,0.01,0.01,
8021480,0.01,0.01,0.01,
8021477,0.01,0.01,0.01,
8021731,0.01,0.01,0.01,
8021820,0.01,0.01,0.01,
8032758,5045.58,5045.58,5045.58,
8032727,5045.58,5045.58,5045.58,
8032754,5045.58,5045.58,5045.58,
8032757,5045.58,5045.58,5045.58,
8032755,5045.58,5045.58,5045.58,
8032756,5045.58,5045.58,5045.58,
8011464,4683.23,4683.23,4683.23,
8011463,4683.23,4683.23,4683.23,
8011462,4683.23,4683.23,4683.23,
8011460,4683.23,4683.23,4683.23,
8011461,4683.23,4683.23,4683.23,
8011459,4683.23,4683.23,4683.23,
8011465,4683.23,4683.23,4683.23,
6033597,4713.57,4713.57,4713.57,
8009403,1682.11,1682.11,1682.11,
8032762,3306.04,3306.04,3306.04,
8032759,3306.04,3306.04,3306.04,
8018245,4240.5,4240.5,4240.5,
8018246,4240.5,4240.5,4240.5,
8023207,3788.81,3788.81,3788.81,
8023210,6348.99,6348.99,6348.99,
8023208,6348.99,6348.99,6348.99,
8023205,3788.81,3788.81,3788.81,
8023206,3788.81,3788.81,3788.81,
8023209,6348.99,6348.99,6348.99,
8018964,2493.43,2493.43,2493.43,
8018965,2493.43,2493.43,2493.43,
8119997,4772.96,4772.96,4772.96,
8119998,4772.96,4772.96,4772.96,
8006699,2699.61,2699.61,2699.61,
6301934,4737.33,4737.33,4737.33,
6033599,1769.54,1769.54,1769.54,
9931816,4509.97,4509.97,4509.97,
8007245,1609.44,1609.44,1609.44,
8007243,1609.44,1609.44,1609.44,
8011641,4509.97,4509.97,4509.97,
8011639,1609.44,1609.44,1609.44,
8011640,4509.97,4509.97,4509.97,
8011638,1609.44,1609.44,1609.44,
9931817,4509.97,4509.97,4509.97,
8007246,1609.44,1609.44,1609.44,
8007248,4509.97,4509.97,4509.97,
8007247,1609.44,1609.44,1609.44,
8022002,3196.9,3196.9,3196.9,
8021999,2055.09,2055.09,2055.09,
8032764,3196.9,3196.9,3196.9,
8032763,2168.23,2168.23,2168.23,
8025005,3196.9,3196.9,3196.9,
8025004,2055.09,2055.09,2055.09,
8022001,3196.9,3196.9,3196.9,
8021998,2055.09,2055.09,2055.09,
8011456,4465.12,4465.12,4465.12,
8018954,2552.54,2552.54,2552.54,
8018958,3147.26,3147.26,3147.26,
8019402,3354.54,3354.54,3354.54,
8018957,2552.54,2552.54,2552.54,
8018961,3147.26,3147.26,3147.26,
8018956,2552.54,2552.54,2552.54,
8018960,3147.26,3147.26,3147.26,
8018955,2552.54,2552.54,2552.54,
8018959,3147.26,3147.26,3147.26,
8018962,2864.07,2864.07,2864.07,
8018963,3531.19,3531.19,3531.19,
8012424,2201.05,2201.05,2201.05,
8012423,2201.05,2201.05,2201.05,
8012422,2201.05,2201.05,2201.05,
8012420,2201.05,2201.05,2201.05,
8012421,2201.05,2201.05,2201.05,
8012419,2201.05,2201.05,2201.05,
8012425,2201.05,2201.05,2201.05,
8116697,128713.62,128713.62,128713.62,221000
8119330,206174.76,206174.76,206174.76,354000
8043390,6791.85,6791.85,6791.85,9900
8043391,6791.85,6791.85,6791.85,9900
8043392,6791.85,6791.85,6791.85,9900
8121926,18454.62,18454.62,18454.62,26900
8043413,4733.72,4733.72,4733.72,6900
8043414,4733.72,4733.72,4733.72,6900
8043412,4733.72,4733.72,4733.72,6900
8039086,5831.38,5831.38,5831.38,8500
8039085,5831.38,5831.38,5831.38,8500
8039089,11319.75,11319.75,11319.75,16500
8039088,11319.75,11319.75,11319.75,16500
8039090,11319.75,11319.75,11319.75,16500
8141322,42293.06,42293.06,42293.06,64802
8029227,33408.34,33408.34,33408.34,51189
8126074,45677.43,45677.43,45677.43,69987
8111383,66098.83,62793.89,66098.83,101277
8111384,66098.83,62793.89,66098.83,101277
8138570,64028.92,60827.47,64028.92,98106
8117932,69454.09,65981.39,69454.09,106418
8123562,67310.21,63944.7,67310.21,103133
8123561,68229.36,64817.89,68229.36,104542
8123560,67561.22,64183.16,67561.22,103518
8136353,61535.81,58459.02,61535.81,94286
8136354,61535.81,58459.02,61535.81,94286
8115553,61535.81,58459.02,61535.81,94286
8029300,62805.4,59665.13,62805.4,96231
8143121,42403.41,40283.24,42403.41,64971
8143122,44564.26,42336.05,44564.26,68282
8143123,44564.26,42336.05,44564.26,68282
8143119,56273.13,53459.47,56273.13,86222
8143120,44564.26,42336.05,44564.26,68282
8029236,36444.69,36444.69,36444.69,55841
8033736,39757.52,39757.52,39757.52,60917
8121268,41490.32,41490.32,41490.32,63572
8139680,90132.56,90132.56,90132.56,138102
8036326,103519.66,103519.66,103519.66,158614
8029262,103519.66,103519.66,103519.66,158614
8029263,103519.66,103519.66,103519.66,158614
8029264,103519.66,103519.66,103519.66,158614
8029265,103519.66,103519.66,103519.66,158614
8036325,103519.66,103519.66,103519.66,158614
8029259,103519.66,103519.66,103519.66,158614
8029260,103519.66,103519.66,103519.66,158614
8029261,103519.66,103519.66,103519.66,158614
8029416,103519.66,103519.66,103519.66,158614
8039841,66098.83,62793.89,66098.83,101277
8029267,62902.41,59757.29,62902.41,96380
8035930,66098.83,62793.89,66098.83,101277
8029299,51904.13,49308.92,51904.13,79528
8029296,51904.13,49308.92,51904.13,79528
8029278,60354.74,57337,60354.74,92476
8029280,62016,58915.2,62016,95021
8029288,56581.13,53752.07,56581.13,86694
8029256,96918.27,96918.27,96918.27,148499
8029257,96918.27,96918.27,96918.27,148499
8038579,106776.71,106776.71,106776.71,163604
8029274,92931.24,92931.24,92931.24,142390
8133185,108451.31,108451.31,108451.31,166170
8141542,84593.4,84593.4,84593.4,129615
8141541,97269.92,97269.92,97269.92,149038
8136578,109087.92,109087.92,109087.92,167145
8137614,95840.27,95840.27,95840.27,146847
8137615,103861.62,103861.62,103861.62,159138
8121577,106754.88,106754.88,106754.88,163571
8115109,98273.95,98273.95,98273.95,150576
8029268,103703.98,103703.98,103703.98,158896
8121169,95162.42,95162.42,95162.42,145809
8041525,46857.29,46857.29,46857.29,71795
8135920,66569.31,66569.31,66569.31,101998
8127808,66569.31,66569.31,66569.31,101998
8127807,66569.31,66569.31,66569.31,101998
8142304,46597.79,46597.79,46597.79,71397
8142440,53993.44,53993.44,53993.44,82729
8032886,64687.36,64687.36,64687.36,99114
8116953,84361.79,84361.79,84361.79,129260
8039809,52186.67,52186.67,52186.67,79961
8029289,95692.33,95692.33,95692.33,146621
8122744,123150.44,123150.44,123150.44,188692
8122745,98216.96,98216.96,98216.96,150489
8122747,98216.96,98216.96,98216.96,150489
8122749,102901.24,102901.24,102901.24,157666
8122750,100705.22,100705.22,100705.22,154301
8122751,105822.39,105822.39,105822.39,162142
8041257,53149.47,53149.47,53149.47,81436
8041250,72350.99,72350.99,72350.99,110857
8141321,46539.59,46539.59,46539.59,71308
8041265,44776.47,44776.47,44776.47,68607
8029218,48562.2,48562.2,48562.2,74407
8029209,60017.64,60017.64,60017.64,91959
8142737,24106.49,24106.49,24106.49,36936
8138665,53039.12,53039.12,53039.12,81267
8136356,58902.05,58902.05,58902.05,90250
8029314,37702.16,37702.16,37702.16,57768
8029308,37702.16,37702.16,37702.16,57768
8138664,53039.12,53039.12,53039.12,81267
8136355,58902.05,58902.05,58902.05,90250
8141320,38782.59,38782.59,38782.59,59423
8033699,41885.63,41885.63,41885.63,64177
8029305,37702.16,37702.16,37702.16,57768
8041524,41885.63,41885.63,41885.63,64177
8131879,37702.16,37702.16,37702.16,57768
8029313,37702.16,37702.16,37702.16,57768
8029312,37702.16,37702.16,37702.16,57768
8119768,37723.99,37723.99,37723.99,57801
8030078,4237.95,2118.98,4237.95,
8005265,4615.47,4615.47,4615.47,
6301220,4615.47,4615.47,4615.47,
6301216,3286.71,3286.71,3286.71,
6301219,4248.55,4248.55,4248.55,
8021991,4770.68,4770.68,4770.68,
8015322,16120.61,16120.61,16120.61,
8030077,4644.4,4644.4,4644.4,
8021990,2927.27,2927.27,2927.27,
8037737,6912.01,6912.01,6912.01,
8037738,6912.01,6912.01,6912.01,
8026953,3129.94,3129.94,3129.94,
6301217,4329.54,4329.54,4329.54,
6033193,3616.85,3616.85,3616.85,
6033194,4643.99,4643.99,4643.99,
8021063,3616.85,3616.85,3616.85,
8015321,4237.86,4237.86,4237.86,
6301218,4494.31,4494.31,4494.31,
6033195,4237.86,4237.86,4237.86,
8018870,3574.07,3574.07,3574.07,
8018871,3813.39,3813.39,3813.39,
8026483,2350.01,2350.01,2350.01,
8028476,4701.9,4701.9,4701.9,
8010530,4542.52,4542.52,4542.52,
8020240,2492.11,2492.11,2492.11,
8020241,3621.8,3621.8,3621.8,
8111813,1730.04,1730.04,1730.04,2940
8133362,16183.57,13707.02,16183.57,28111
8133361,12227.92,10356.69,12227.92,21240
8135454,23832.93,20185.8,23832.93,41398
8135455,21302.14,18042.3,21302.14,37002
8117316,7024.14,5949.25,7024.14,12201
8117317,15426.43,10945.04,15426.43,24525
8117318,13915.88,11786.35,13915.88,24172
8125165,11614.22,9836.91,11614.22,20174
8138380,12743.17,10793.1,12743.17,22135
8138381,9422.52,7980.61,9422.52,16367
8125166,9573.93,8108.84,9573.93,16630
8125770,15938.43,14579.34,15938.43,29900
8141753,20127.2,14847.52,20127.2,30450
8135580,27581.88,27581.88,27581.88,44900
8135581,20578.92,20578.92,20578.92,33500
8143983,20578.92,20578.92,20578.92,33500
8133705,12589.39,12589.39,12589.39,19900
8038948,19964.62,19964.62,19964.62,32500
8132737,2476.57,2476.57,2476.57,3708.78
8135452,4862.06,4862.06,4862.06,8269
8135453,7737.52,7737.52,7737.52,13166
8130047,5678.27,5678.27,5678.27,10133
8130045,4287.65,4287.65,4287.65,7721
8130048,5678.27,5678.27,5678.27,10133
8130044,4287.65,4287.65,4287.65,7721
8130046,4287.65,4287.65,4287.65,7721
8130049,5678.27,5678.27,5678.27,10133
8135451,5376.31,5376.31,5376.31,9145
8133063,2004.76,2004.76,2004.76,3392
8133057,3373.81,3373.81,3373.81,5726
8133074,2004.76,2004.76,2004.76,3392
8133060,3373.81,3373.81,3373.81,5726
8133068,2004.76,2004.76,2004.76,3392
8133058,3373.81,3373.81,3373.81,5726
8133072,2004.76,2004.76,2004.76,3392
8133059,3373.81,3373.81,3373.81,5726
8128327,9190.89,9190.89,9190.89,15640
8128324,10947.96,10947.96,10947.96,18630
8128318,19260.31,19260.31,19260.31,32775
8128319,21186.34,21186.34,21186.34,36052.5
8133409,10947.96,10947.96,10947.96,18630
8133412,14546.45,14546.45,14546.45,25519
8133411,14546.45,14546.45,14546.45,25519
8133410,14546.45,14546.45,14546.45,25519
8128307,7771.71,7771.71,7771.71,13225
8128311,12502.31,12502.31,12502.31,21275
8128310,5068.5,5068.5,5068.5,8625
8128312,8160.28,8160.28,8160.28,13886.25
8128313,8548.87,8548.87,8548.87,14547.5
8128315,13752.54,13752.54,13752.54,23402.5
8128314,5575.35,5575.35,5575.35,9487.5
8128316,10137,10137,10137,17250
8128320,14124.22,14124.22,14124.22,24035
8128321,15543.4,15543.4,15543.4,26450
8128322,10407.32,10407.32,10407.32,17710
8128323,11421.03,11421.03,11421.03,19435
8128326,6893.17,6893.17,6893.17,11730
8009411,3402.45,3402.45,3402.45,
6302206,3402.45,3402.45,3402.45,
8031235,4488.06,4488.06,4488.06,
8003573,3402.45,3402.45,3402.45,
8031232,4488.06,4488.06,4488.06,
6302205,3402.45,3402.45,3402.45,
9999434,3402.45,3402.45,3402.45,
8003578,2661.58,2661.58,2661.58,
8003579,2661.58,2661.58,2661.58,
8025594,2639.21,2639.21,2639.21,
8006729,2661.58,2661.58,2661.58,
8119993,6743.64,6743.64,6743.64,
8119992,6743.64,6743.64,6743.64,
8119994,6743.64,6743.64,6743.64,
8119995,5874.49,5874.49,5874.49,
8119996,5874.49,5874.49,5874.49,
8003582,3402.45,3402.45,3402.45,
8031228,4488.06,4488.06,4488.06,
6302213,3402.45,3402.45,3402.45,
8003585,3402.45,3402.45,3402.45,
8031227,4488.06,4488.06,4488.06,
6302212,3402.45,3402.45,3402.45,
8031229,4488.06,4488.06,4488.06,
9999433,3402.45,3402.45,3402.45,
8143629,15779.16,15779.16,15779.16,23990
8143630,15779.16,15779.16,15779.16,23990
8143632,15779.16,15779.16,15779.16,23990
8126672,15779.16,11834.37,15779.16,23990
8126673,15779.16,11834.37,15779.16,23990
8126674,15779.16,11834.37,15779.16,23990
8126671,15779.16,11834.37,15779.16,23990
8126669,15779.16,11834.37,15779.16,23990
8126670,15779.16,11834.37,15779.16,23990
8143631,15779.16,15779.16,15779.16,23990
8138317,19725.6,14794.2,19725.6,29990
8138319,19725.6,14794.2,19725.6,29990
8138318,19725.6,14794.2,19725.6,29990
8120815,19725.6,14794.2,19725.6,29990
8120816,19725.6,14794.2,19725.6,29990
8040146,19725.6,14794.2,19725.6,29990
8040142,19725.6,14794.2,19725.6,29990
8040144,19725.6,14794.2,19725.6,29990
8120814,19725.6,14794.2,19725.6,29990
8040141,19725.6,14794.2,19725.6,29990
8040145,19725.6,14794.2,19725.6,29990
8131191,13148.21,9861.16,13148.21,19990
8131184,13148.21,9861.16,13148.21,19990
8131192,13148.21,9861.16,13148.21,19990
8131182,13148.21,9861.16,13148.21,19990
8131190,13148.21,9861.16,13148.21,19990
8029691,8544.03,6408.02,8544.03,12990
8029690,8544.03,6408.02,8544.03,12990
8040149,9859.52,7394.64,9859.52,14990
8040148,9859.52,7394.64,9859.52,14990
8138314,9859.52,7394.64,9859.52,14990
8138311,9859.52,7394.64,9859.52,14990
8138312,9859.52,7394.64,9859.52,14990
8040147,9859.52,7394.64,9859.52,14990
8035114,9201.76,6901.32,9201.76,13990
8121755,8544.03,6408.02,8544.03,12990
8112248,9859.52,7394.64,9859.52,14990
8115556,13148.21,9861.16,13148.21,19990
8127235,6570.81,4928.11,6570.81,9990
8134985,6570.81,6570.81,6570.81,9990
8127998,6570.81,4928.11,6570.81,9990
8134982,6570.81,4928.11,6570.81,9990
8126040,6570.81,4928.11,6570.81,9990
8127994,6570.81,4928.11,6570.81,9990
8127993,6570.81,4928.11,6570.81,9990
8032419,6570.81,6570.81,6570.81,9990
8137193,6570.81,4928.11,6570.81,9990
8133454,6570.81,4928.11,6570.81,9990
8032401,6570.81,6570.81,6570.81,9990
8032422,6570.81,4928.11,6570.81,9990
8142497,6570.81,4928.11,6570.81,9990
8136052,6570.81,4928.11,6570.81,9990
8133451,6570.81,4928.11,6570.81,9990
8136055,6570.81,4928.11,6570.81,9990
8126039,6570.81,4928.11,6570.81,9990
8043203,6570.81,4928.11,6570.81,9990
8115167,6570.81,4928.11,6570.81,9990
8126041,6570.81,4928.11,6570.81,9990
8127995,6570.81,4928.11,6570.81,9990
8133456,6570.81,4928.11,6570.81,9990
8134983,6570.81,6570.81,6570.81,9990
8134984,6570.81,4928.11,6570.81,9990
8133452,6570.81,4928.11,6570.81,9990
8136050,6570.81,4928.11,6570.81,9990
8121652,6570.81,4928.11,6570.81,9990
8137191,6570.81,4928.11,6570.81,9990
8134974,6570.81,6570.81,6570.81,9990
8121655,6570.81,4928.11,6570.81,9990
8136058,6570.81,4928.11,6570.81,9990
8142500,6570.81,4928.11,6570.81,9990
8142498,6570.81,4928.11,6570.81,9990
8142495,6570.81,4928.11,6570.81,9990
8142501,6570.81,4928.11,6570.81,9990
8142502,6570.81,4928.11,6570.81,9990
8142499,6570.81,4928.11,6570.81,9990
8142494,6570.81,4928.11,6570.81,9990
8142496,6570.81,4928.11,6570.81,9990
8032420,6570.81,4928.11,6570.81,9990
8126038,6570.81,6570.81,6570.81,9990
8115166,6570.81,6570.81,6570.81,9990
8121649,6570.81,6570.81,6570.81,9990
8119024,5913.08,5913.08,5913.08,8990
8133450,6570.81,4928.11,6570.81,9990
8136057,6570.81,4928.11,6570.81,9990
8134972,6570.81,4928.11,6570.81,9990
8032421,6570.81,4928.11,6570.81,9990
8134973,6570.81,4928.11,6570.81,9990
8127992,6570.81,6570.81,6570.81,9990
8115168,6570.81,6570.81,6570.81,9990
8115170,6570.81,4928.11,6570.81,9990
8136056,6570.81,4928.11,6570.81,9990
8119026,7228.55,5421.41,7228.55,10990
8119027,7228.55,5421.41,7228.55,10990
8134986,7228.55,5421.41,7228.55,10990
8114219,3939.85,2954.89,3939.85,5990
8114220,3939.85,3939.85,3939.85,5990
8114221,3939.85,2954.89,3939.85,5990
8114223,3939.85,3939.85,3939.85,5990
8029646,3939.85,2954.89,3939.85,5990
8029717,3939.85,3939.85,3939.85,5990
8122869,3939.85,3939.85,3939.85,5990
8140704,3939.85,2954.89,3939.85,5990
8029648,3939.85,2954.89,3939.85,5990
8140699,3939.85,3939.85,3939.85,5990
8029652,3939.85,3939.85,3939.85,5990
8029684,3939.85,2954.89,3939.85,5990
8140698,3939.85,2954.89,3939.85,5990
8029645,3939.85,2954.89,3939.85,5990
8041455,3939.85,2954.89,3939.85,5990
8140705,3939.85,2954.89,3939.85,5990
8140700,3939.85,2954.89,3939.85,5990
8129573,3939.85,2954.89,3939.85,5990
8029687,3939.85,2954.89,3939.85,5990
8029736,3939.85,3939.85,3939.85,5990
8029667,3939.85,2954.89,3939.85,5990
8029668,3939.85,2954.89,3939.85,5990
8029671,3939.85,2954.89,3939.85,5990
8041457,3939.85,2954.89,3939.85,5990
8029700,3939.85,2954.89,3939.85,5990
8129575,3939.85,3939.85,3939.85,5990
8029693,3939.85,2954.89,3939.85,5990
8029676,3939.85,2954.89,3939.85,5990
8140701,3939.85,2954.89,3939.85,5990
8141424,5913.08,4434.81,5913.08,8990
8141428,5913.08,4434.81,5913.08,8990
8141423,5913.08,4434.81,5913.08,8990
8141434,5913.08,4434.81,5913.08,8990
8141431,5913.08,4434.81,5913.08,8990
8141426,5913.08,4434.81,5913.08,8990
8141425,5913.08,4434.81,5913.08,8990
8141433,5913.08,4434.81,5913.08,8990
8141429,5913.08,4434.81,5913.08,8990
8141427,5913.08,4434.81,5913.08,8990
8141430,5913.08,4434.81,5913.08,8990
8141432,5913.08,4434.81,5913.08,8990
8029829,6570.81,4928.11,6570.81,9990
8029828,3939.85,2954.89,3939.85,5990
8034682,2668.97,2668.97,2668.97,
8141337,16436.9,12327.68,16436.9,24990
8141344,16436.9,12327.68,16436.9,24990
8141343,16436.9,12327.68,16436.9,24990
8141338,16436.9,12327.68,16436.9,24990
8141341,16436.9,12327.68,16436.9,24990
8123281,10517.25,7887.94,10517.25,15990
8035877,10517.25,7887.94,10517.25,15990
8035870,10517.25,10517.25,10517.25,15990
8133463,10517.25,7887.94,10517.25,15990
8126220,11174.99,8381.24,11174.99,16990
8126219,11174.99,8381.24,11174.99,16990
8138726,11174.99,8381.24,11174.99,16990
8138725,11174.99,8381.24,11174.99,16990
8126222,11174.99,8381.24,11174.99,16990
8126223,11174.99,8381.24,11174.99,16990
8138724,11174.99,8381.24,11174.99,16990
8138727,11174.99,8381.24,11174.99,16990
8126221,11174.99,8381.24,11174.99,16990
8138731,11174.99,11174.99,11174.99,16990
8138730,11174.99,8381.24,11174.99,16990
8138729,11174.99,8381.24,11174.99,16990
8138728,11174.99,8381.24,11174.99,16990
8133462,10517.25,7887.94,10517.25,15990
8123282,10517.25,7887.94,10517.25,15990
8133461,10517.25,7887.94,10517.25,15990
8133466,10517.25,7887.94,10517.25,15990
8133465,10517.25,10517.25,10517.25,15990
8137168,7228.55,5421.41,7228.55,10990
8111842,7228.55,5421.41,7228.55,10990
8137169,7228.55,5421.41,7228.55,10990
8111848,7228.55,5421.41,7228.55,10990
8111847,7228.55,5421.41,7228.55,10990
8142872,14463.69,10847.77,14463.69,21990
8142873,14463.69,10847.77,14463.69,21990
8142875,14463.69,10847.77,14463.69,21990
8142876,14463.69,10847.77,14463.69,21990
8142870,14463.69,10847.77,14463.69,21990
8142871,14463.69,10847.77,14463.69,21990
8142874,14463.69,10847.77,14463.69,21990
8118067,13805.94,10354.46,13805.94,20990
8133458,13805.94,10354.46,13805.94,20990
8136537,13805.94,10354.46,13805.94,20990
8133460,13805.94,10354.46,13805.94,20990
8118066,13805.94,10354.46,13805.94,20990
8041752,13805.94,10354.46,13805.94,20990
8133457,13805.94,10354.46,13805.94,20990
8114711,13805.94,10354.46,13805.94,20990
8114710,13805.94,10354.46,13805.94,20990
8136536,13805.94,10354.46,13805.94,20990
8041751,13805.94,10354.46,13805.94,20990
8041749,13805.94,10354.46,13805.94,20990
8118068,13805.94,13805.94,13805.94,20990
8133459,13805.94,10354.46,13805.94,20990
8136535,13805.94,10354.46,13805.94,20990
8118065,13805.94,10354.46,13805.94,20990
8136534,11832.72,8874.54,11832.72,17990
8110799,14463.69,10847.77,14463.69,21990
8143242,16436.9,16436.9,16436.9,24990
8143243,16436.9,16436.9,16436.9,24990
8139810,14463.69,10847.77,14463.69,21990
8123947,14463.69,10847.77,14463.69,21990
8038171,11832.72,8874.54,11832.72,17990
8139809,16436.9,12327.68,16436.9,24990
8118442,14463.69,10847.77,14463.69,21990
8132843,16436.9,12327.68,16436.9,24990
8029670,8544.03,6408.02,8544.03,12990
8029666,8544.03,6408.02,8544.03,12990
8029663,8544.03,6408.02,8544.03,12990
8120813,8544.03,6408.02,8544.03,12990
8126676,8544.03,6408.02,8544.03,12990
8029643,8544.03,6408.02,8544.03,12990
8029642,8544.03,6408.02,8544.03,12990
8126677,8544.03,6408.02,8544.03,12990
8040138,8544.03,8544.03,8544.03,12990
8118069,8544.03,6408.02,8544.03,12990
8136527,7228.55,5421.41,7228.55,10990
8115558,7228.55,7228.55,7228.55,10990
8136526,7228.55,5421.41,7228.55,10990
8136525,7228.55,5421.41,7228.55,10990
8143248,12490.48,12490.48,12490.48,18990
8143245,12490.48,12490.48,12490.48,18990
8143244,12490.48,12490.48,12490.48,18990
8143246,12490.48,12490.48,12490.48,18990
8029777,7228.55,5421.41,7228.55,10990
8112250,9201.76,6901.32,9201.76,13990
8112249,9201.76,6901.32,9201.76,13990
8125007,10704.65,10704.65,10704.65,16300
8132391,26721.87,26721.87,26721.87,43500
8132392,26721.87,26721.87,26721.87,43500
8125004,10704.65,10704.65,10704.65,16300
8125006,10704.65,10704.65,10704.65,16300
8125073,12930.96,12930.96,12930.96,17900
8125005,10704.65,10704.65,10704.65,16300
8121360,160153.35,160153.35,160153.35,204990
8002961,3456.9,3456.9,3456.9,
6300290,5264.8,5264.8,5264.8,
6300769,8328.38,8328.38,8328.38,
8002962,3456.9,3456.9,3456.9,
6300293,5264.8,5264.8,5264.8,
6300768,8328.38,8328.38,8328.38,
8002970,3456.9,3456.9,3456.9,
6300292,5264.8,5264.8,5264.8,
6300767,8328.38,8328.38,8328.38,
8002967,8328.38,8328.38,8328.38,
8022039,3456.9,3456.9,3456.9,
6300291,5264.8,5264.8,5264.8,
6300766,8328.38,8328.38,8328.38,
8032492,4642.84,4642.84,4642.84,6200
8136754,4642.84,4642.84,4642.84,6200
8136757,33764.2,33764.2,33764.2,52400
8043509,38248.5,38248.5,38248.5,59300
8142415,33893.07,33893.07,33893.07,52600
8043508,38248.5,38248.5,38248.5,59300
8142416,33893.07,33893.07,33893.07,52600
8032491,33764.2,33764.2,33764.2,52400
8136756,4642.84,4642.84,4642.84,6200
8136759,32153.9,32153.9,32153.9,49900
8133653,32153.9,32153.9,32153.9,49900
8039388,4642.84,4642.84,4642.84,6200
8039355,32153.9,32153.9,32153.9,49900
8136902,32153.9,32153.9,32153.9,49900
8137209,44331.62,44331.62,44331.62,68800
8115910,4642.84,4642.84,4642.84,6200
8115909,37050.99,37050.99,37050.99,57500
8122003,44331.62,44331.62,44331.62,68800
8136755,4642.84,4642.84,4642.84,6200
8136758,37050.99,37050.99,37050.99,57500
8035045,4642.84,4642.84,4642.84,6200
8035044,33764.2,33764.2,33764.2,52400
8122000,33893.07,33893.07,33893.07,52600
8032722,38248.5,38248.5,38248.5,59300
8143821,43429.53,43429.53,43429.53,67400
8140193,32153.9,32153.9,32153.9,49900
8130764,4642.84,4642.84,4642.84,6200
8130746,28158.89,28158.89,28158.89,43700
8143822,43429.53,43429.53,43429.53,67400
8141687,30284.69,30284.69,30284.69,47100
8138160,32153.9,32153.9,32153.9,49900
8143820,39499.54,39499.54,39499.54,61300
8134141,4642.84,4642.84,4642.84,6200
8134142,28158.89,28158.89,28158.89,43700
8136904,28158.89,28158.89,28158.89,43700
8136903,28158.89,28158.89,28158.89,43700
8143819,39499.54,39499.54,39499.54,61300
8025096,6774.19,6774.19,6774.19,
8010877,6774.19,6774.19,6774.19,
8126722,6774.19,6774.19,6774.19,
8126721,6774.19,6774.19,6774.19,
8010878,6774.19,6774.19,6774.19,
8010876,6774.19,6774.19,6774.19,
8010875,6774.19,6774.19,6774.19,
8123843,3863.34,3863.34,3863.34,
8001360,5610.76,5610.76,5610.76,
8026858,9686.8,9686.8,9686.8,
8026861,9686.8,9686.8,9686.8,
8001359,5610.76,5610.76,5610.76,
8001358,5610.76,5610.76,5610.76,
8123841,3863.34,3863.34,3863.34,
6030311,5065.48,5065.48,5065.48,
8123842,3863.34,3863.34,3863.34,
6030312,5065.48,5065.48,5065.48,
8026859,9686.8,9686.8,9686.8,
8023886,5142.11,5142.11,5142.11,
8126995,13363.96,12027.56,13363.96,30270.73
8120476,32337.69,32337.69,32337.69,54900
8140345,16433.9,16433.9,16433.9,27900
8140346,16433.9,16433.9,16433.9,27900
8140348,16433.9,16433.9,16433.9,27900
8140347,16433.9,16433.9,16433.9,27900
8119734,23502.25,23502.25,23502.25,39900
8119736,23502.25,23502.25,23502.25,39900
8119737,29392.55,29392.55,29392.55,49900
8133297,32337.69,32337.69,32337.69,54900
8119733,32337.69,32337.69,32337.69,54900
8119738,29392.55,29392.55,29392.55,49900
8040743,1050.01,1050.01,1050.01,1915.2
8140961,32043.6,32043.6,32043.6,41400
8130474,33823.8,33823.8,33823.8,43700
8130477,33823.8,33823.8,33823.8,43700
8130471,26470.8,26470.8,26470.8,34200
8130476,26470.8,26470.8,26470.8,34200
8130478,34675.2,34675.2,34675.2,44800
8130472,32585.4,32585.4,32585.4,42100
8130480,32972.4,32972.4,32972.4,42600
8130479,35062.2,35062.2,35062.2,45300
8134495,29257.2,29257.2,29257.2,37800
8134494,35449.2,35449.2,35449.2,45800
8134496,29257.2,29257.2,29257.2,37800
8134497,29257.2,29257.2,29257.2,37800
8021718,0.01,0.01,0.01,
9993667,33482.72,33482.72,33482.72,50599
8142527,11952.91,7171.75,11952.91,18334.05
8142529,3027.89,1816.73,3027.89,4644.35
8132687,1874.31,1124.59,1874.31,3955.66
8132689,3647.09,2188.25,3647.09,7697.04
8132688,3647.09,2188.25,3647.09,7697.04
8143979,42388.76,42388.76,42388.76,56800
8143978,42388.76,42388.76,42388.76,48800
8139309,11381.77,11381.77,11381.77,18000
8134235,11381.77,11381.77,11381.77,18000
8134243,11381.77,11381.77,11381.77,18000
8139648,12646.41,12646.41,12646.41,20000
8134234,12646.42,12646.42,12646.42,20000
8134242,12646.42,12646.42,12646.42,20000
8139308,12646.41,12646.41,12646.41,20000
8134236,11381.77,11381.77,11381.77,18000
8139649,12646.41,12646.41,12646.41,20000
8139650,12646.41,12646.41,12646.41,20000
8139651,12646.41,12646.41,12646.41,20000
8134244,11381.77,11381.77,11381.77,18000
8134238,11381.77,11381.77,11381.77,18000
8134237,11381.77,11381.77,11381.77,18000
8134239,11381.77,11381.77,11381.77,18000
8134247,17704.99,17704.99,17704.99,28000
8139306,15175.7,15175.7,15175.7,24000
8134248,17704.99,17704.99,17704.99,28000
8134241,10117.13,10117.13,10117.13,16000
8134245,10117.13,10117.13,10117.13,16000
8034227,14739.81,14739.81,14739.81,
8043156,3534.38,3534.38,3534.38,
8043157,3411.87,3411.87,3411.87,
8043159,6063.91,6063.91,6063.91,
8038350,3534.38,3534.38,3534.38,
8038349,2813.24,2813.24,2813.24,
8043154,6406.73,6406.73,6406.73,
8038351,7973.75,7973.75,7973.75,
8038352,7973.75,7973.75,7973.75,
8017005,13234.54,13234.54,13234.54,20000
8041105,12572.82,12572.82,12572.82,19000
8019645,12572.82,12572.82,12572.82,19000
8129075,10587.64,10587.64,10587.64,16000
8129096,10587.64,10587.64,10587.64,16000
8022793,23160.44,23160.44,23160.44,35000
8037122,23160.44,23160.44,23160.44,35000
8134857,8602.46,8602.46,8602.46,13000
8021665,16543.17,16543.17,16543.17,25000
8017004,16543.17,16543.17,16543.17,25000
8019489,13234.54,13234.54,13234.54,20000
8135526,3970.36,3970.36,3970.36,6000
8135527,4962.95,4962.95,4962.95,7500
8021438,12572.82,12572.82,12572.82,19000
8133899,6828.01,5462.41,6828.01,11208
8123693,10532.8,8426.24,10532.8,17289.3
8133898,5049.55,4039.64,5049.55,8288.7
8139036,13663.34,10930.67,13663.34,22428
8133900,9271.37,7417.1,9271.37,15218.7
8139034,16439.76,13151.81,16439.76,26985.42
8123687,8801.85,4400.93,8801.85,14448
8123688,11735.38,5867.69,11735.38,19263.3
8123689,10191.22,8152.98,10191.22,16728.6
8123690,13587.85,10870.28,13587.85,22304.1
8123691,11002.32,8801.86,11002.32,18060
8123692,14669.54,7334.77,14669.54,24079.65
8139033,17092.04,13673.63,17092.04,28056.11
8139035,15077.65,12062.12,15077.65,24749.55
8133897,19027.6,15222.08,19027.6,31233.3
8128803,12102.55,9682.04,12102.55,19866
8133896,16136.3,12909.04,16136.3,26487.3
8133895,8152.58,6522.06,8152.58,13382.25
8133894,8801.85,7041.48,8801.85,14448
8140141,10020.18,9018.16,10020.18,22696.74
