product_id,lead_time_days,safety_stock
8021821,2,29
8135329,3,8
8021462,5,5
8021631,2,40
8135307,4,16
8141600,6,33
8141599,6,13
8141598,3,6
8143529,2,10
8143527,3,30
8143526,4,13
8143528,7,28
8143535,2,6
8143536,5,13
8143538,4,35
8143546,3,24
8143545,3,20
8143537,6,34
8143543,6,7
8143540,4,17
8143539,3,25
8143523,3,12
8143541,3,27
8143520,5,15
8143521,7,7
8143547,4,29
8143522,3,30
8143524,4,24
8143544,2,40
8143542,5,29
8143525,5,17
8143531,7,25
8143533,4,24
8143534,2,27
8143532,5,34
8143530,7,35
8001501,6,21
6301977,5,10
6301980,4,26
6301981,4,10
6301984,6,40
6301985,5,22
6301986,3,9
6301993,5,36
6302000,6,31
6302001,7,24
6302004,3,5
6302005,2,12
6302007,4,18
6302008,2,16
6302009,3,17
6301978,5,13
8140041,3,11
8140039,6,23
8140037,5,17
8140038,7,29
8140040,3,39
9996435,6,30
8127378,2,8
8127379,5,33
8127382,6,36
8117581,3,21
8141053,6,20
8142150,7,40
8142149,6,14
8142151,5,10
8142148,4,16
8127345,6,28
8143917,4,39
8123799,3,6
8129066,3,15
8125771,4,27
8139643,7,9
8132961,3,7
8132960,3,31
8117584,3,34
8139646,6,12
8143427,2,13
8139647,4,29
8127653,3,32
8139851,6,38
8139852,7,10
8127302,5,29
8135525,2,23
8125017,6,25
8117582,2,17
8119171,2,21
8119173,3,8
8119169,5,15
8125469,7,6
8119158,6,36
8126574,3,25
8125767,2,10
8122071,4,14
8139850,3,31
8125726,5,7
8123005,6,37
8132963,6,32
8132962,3,8
8131668,2,11
8131667,3,27
8119178,5,37
8119175,3,19
8119176,3,6
8143076,5,17
8139642,2,32
8117580,3,18
8139848,3,11
8121215,6,10
8117583,5,12
8141054,3,9
8143077,2,7
8143428,4,35
8131411,3,16
8131417,6,23
8131410,2,21
8125375,6,32
8117567,7,16
8040341,4,5
8033185,5,29
8117569,2,26
8117571,2,22
4268,4,23
9990984,2,37
8128066,2,29
8129708,5,6
8129710,7,20
8135204,7,21
8130740,2,9
8129718,3,22
8128070,6,24
8128071,7,14
8129719,4,11
8128068,3,8
8128067,3,16
8130737,2,39
8128065,5,17
8130742,3,34
8130744,5,8
8128063,2,26
8130729,4,34
8130731,2,33
6310019,4,30
8128818,5,10
8128817,6,27
8135201,7,8
8128820,4,9
8135202,3,32
8128819,7,27
8130734,6,39
6310023,5,24
6310020,3,37
8130735,3,28
8128060,7,30
8130732,3,34
8129714,3,35
8128062,3,29
8130736,7,6
8130730,6,29
8128061,3,38
8129721,6,12
8128064,5,27
6310021,5,18
6310022,6,31
8129711,4,25
6310018,2,18
8130733,5,13
8129717,5,37
6310024,6,40
8131467,5,13
8131470,7,28
8131471,3,14
9994883,2,38
8043483,4,33
8141915,7,37
8043658,5,18
8043479,7,18
8131472,5,6
8043478,7,5
8038567,6,35
8043420,3,10
8141860,2,8
8043480,6,29
8043482,6,16
8135878,5,37
8135881,5,15
8139959,3,32
8139958,3,6
8139961,7,13
8139960,2,22
8139962,3,6
8135876,3,29
8135883,7,11
8135882,3,13
8135884,5,30
8141638,2,28
8141639,5,27
8024375,7,22
8024376,2,22
8132635,5,24
8031310,3,37
8115722,6,6
8039474,7,12
8039477,6,38
8039476,4,23
8131317,7,19
8018369,2,13
8122322,2,28
8110940,5,26
8131289,5,19
8131291,5,20
8131292,4,34
8118282,2,39
8118283,3,36
8141347,5,30
8141346,6,7
8141345,4,38
8136100,4,6
8136054,3,6
8136053,4,19
8136046,4,28
8136051,7,11
8136049,4,5
8133087,3,6
8133086,3,9
8134607,4,21
8134606,3,15
6309864,5,30
8139935,7,10
8139933,5,26
8139934,4,8
8023033,5,31
8023035,7,13
8023034,7,10
8021735,2,23
8134609,4,8
8139519,2,29
8139518,6,40
8139517,7,5
8134608,5,21
8020142,5,36
8021415,4,20
8020141,4,15
8020140,5,18
8020139,7,29
8139589,4,21
8139586,3,15
8139588,7,14
8139587,4,6
8139590,6,11
8139592,6,13
8139591,7,36
8005617,2,32
8138483,2,19
8013721,7,11
8115723,3,27
8125431,2,29
8015970,3,33
8141962,5,36
8141193,5,10
8141196,7,13
8141194,3,16
8141192,2,34
8141195,7,31
8141191,7,31
8141686,6,23
8143693,5,37
8141684,3,33
8143695,6,10
8141688,3,10
8141685,7,8
8141690,4,7
8143694,7,15
8143692,4,13
8141683,4,39
8139594,5,5
8140780,2,35
8137162,3,27
8139595,3,8
8139596,3,20
8140778,2,15
8137163,7,8
8140777,2,32
8137161,6,14
8139597,6,24
8140781,6,22
8140776,2,23
8137160,7,14
8140779,2,39
8042649,6,7
8132750,3,9
8132744,2,18
8110783,4,15
8010099,5,11
8140852,6,12
8140851,2,10
8140850,3,15
8140841,2,33
8140849,4,15
8140842,6,27
8140839,4,29
8140845,2,32
8140829,2,15
8140838,6,30
8140837,5,6
8140836,4,11
8140835,3,26
8140833,3,38
8140834,4,34
8140848,5,5
8140846,3,38
8042827,6,37
8117390,4,21
8117392,5,35
8117393,2,27
8025922,7,6
8025913,4,13
8025914,7,10
8025944,3,28
8025945,7,39
8025946,4,9
8115410,7,22
8025947,4,40
8034949,5,32
8039700,2,27
8115409,6,24
8025915,5,27
8025918,3,19
8025920,3,9
8025921,2,7
8117357,5,6
8029040,5,20
8025924,6,5
8025925,3,33
8039698,3,10
8122910,4,15
8025927,4,32
8025930,3,34
8029041,4,22
8025931,3,18
8025932,4,11
8039699,3,25
8122911,2,10
8037774,5,32
8025933,5,28
8025934,4,27
8117358,5,11
8029042,4,19
8025935,4,7
8025936,7,5
8037775,2,40
8025937,3,15
8134805,7,32
8025938,6,20
8025940,5,34
8037776,7,19
8025942,7,34
8134806,7,26
8025948,2,24
8035938,7,13
8035939,6,20
8035940,3,18
8035941,7,10
8035942,4,27
8124985,5,40
8124984,6,7
8035944,6,30
8035945,6,17
8035948,2,26
8124983,5,33
8035949,4,6
8124097,2,24
8035950,4,27
8035951,5,6
8035952,5,38
8035953,3,28
8035954,2,5
8035955,4,7
8035956,4,11
8035957,6,16
8035958,7,23
8035959,6,27
8124098,3,36
8035960,4,6
8111430,6,15
8025952,7,9
8136673,6,31
8136674,4,25
8136676,6,25
8136678,5,24
8136685,2,14
8136680,4,5
8136684,4,7
8136682,7,13
8136683,7,13
8136686,5,19
8137585,4,26
8137589,2,15
8137587,2,9
8137536,5,6
8137549,7,28
8137550,7,10
8142451,6,20
6310590,3,39
8039645,3,9
8126466,5,40
8137537,6,32
8126063,4,19
8137555,2,31
8137556,5,17
8119388,4,20
6310595,7,21
8137544,6,6
8129210,4,29
8137539,2,28
8137547,2,38
8137552,2,29
8137553,6,39
8137554,5,6
8114314,4,29
8033610,2,14
8033611,6,16
8033612,2,26
8140935,6,24
8140936,2,25
8140933,2,19
8140934,6,28
8140937,5,12
8140938,2,31
8029397,6,30
8140942,6,20
8029396,2,18
8119719,2,38
8140941,7,9
8137593,6,25
8137596,6,31
8137591,3,19
8137594,5,31
8137592,6,21
8137595,5,37
8137590,2,22
8039651,2,33
8039649,2,37
8039653,2,36
8039654,5,27
8039652,4,15
8039650,6,25
8137580,6,24
8137581,3,25
8137582,5,38
8137583,5,35
8140931,7,20
8140932,5,40
8137572,4,39
8137573,3,14
8137569,2,38
8137570,5,20
8137597,6,36
8137598,3,16
8137575,2,39
8137577,7,22
8137574,7,28
8137576,5,36
8040307,3,24
8116613,2,15
8029412,6,15
8029411,2,12
8029413,4,15
8007977,3,12
8029414,5,20
8007978,5,18
8140928,6,23
8140929,7,35
8137579,2,20
8031442,6,5
8137578,6,10
8031443,2,24
8141947,4,11
8141946,3,14
8141945,6,11
8141944,7,25
8035107,3,5
8032487,5,24
8007980,6,20
8036932,2,13
8029402,2,39
8029398,2,37
8029399,3,36
8038375,5,27
8029400,4,34
8113612,4,5
8029401,5,37
8007981,7,30
8007979,3,13
8133991,4,11
8142672,4,19
8125921,5,13
8142673,2,18
8137560,3,18
8137564,6,40
8126065,6,30
8126070,6,15
8125919,7,7
8132858,2,6
8125920,6,22
8137557,4,32
8137561,6,11
8137558,6,7
8029417,2,37
8137563,5,38
8125923,3,19
8125922,7,32
8137565,7,7
8137566,4,35
8137568,6,33
8137567,2,27
8037815,6,8
8039648,7,7
8037318,5,23
8037314,2,11
8037319,4,6
8037315,6,5
8037320,3,24
8037316,3,26
8140930,3,38
8140939,2,25
8140940,6,36
8137584,5,24
8137588,2,23
8137586,6,12
8141941,5,5
8141943,4,38
8141940,2,14
8141942,3,15
8109763,4,9
8037322,7,24
8037323,6,5
8029407,4,21
8029403,5,8
8041520,3,10
8041519,7,10
8007985,4,36
8008157,4,36
8029404,7,19
8023704,5,13
8021646,2,25
8021707,4,38
8034204,3,23
8034205,3,17
8034206,5,27
8120824,7,14
8120843,3,28
8017146,5,17
8003112,5,18
8115650,6,28
8137997,5,18
8117125,2,40
8117126,2,32
8116809,6,33
8127300,6,12
8116497,5,35
8135826,5,15
8135813,5,9
8135814,4,40
8141159,3,26
8131413,7,31
8131420,4,36
8131408,5,19
8143768,3,11
8143770,2,5
8143769,6,36
8131415,4,39
8131421,6,12
8131416,4,22
8131412,6,17
8131409,3,13
8131430,5,13
8131431,6,9
8131432,2,31
8131427,7,20
8131428,3,7
8131429,3,27
8131422,7,11
8143765,3,28
8143766,2,32
8131425,5,28
8143767,6,12
8131433,5,36
8131434,7,38
8131426,5,27
8131424,5,10
8131423,2,19
8131436,4,15
8131435,3,32
8131400,2,10
8131404,3,16
8131402,2,37
8131397,3,31
8143763,6,34
8143764,4,22
8131401,4,26
8131407,6,8
8131403,3,22
8131399,7,38
8131398,2,28
8129343,7,31
8129341,4,35
8129264,6,6
8129342,3,23
8129344,3,14
8033311,5,36
8136851,5,35
8136852,3,39
8126905,4,8
8126906,3,25
8126903,3,37
8126904,4,10
8129380,5,12
8129381,6,15
8129382,7,38
8129263,2,15
8129379,7,16
8129378,6,37
8129266,5,33
8129265,3,9
8038728,3,35
8134919,7,7
8134918,5,21
8128516,5,14
8128515,4,33
8133294,3,33
8006954,3,14
8031839,6,14
8006955,3,38
6301457,3,28
8023426,6,29
8023427,4,21
8021367,4,37
8021368,7,18
8034947,2,14
8121537,5,17
8034948,5,5
8013023,6,37
8013024,7,10
8014921,6,23
8014922,2,14
8010837,6,25
8137310,7,5
8137247,7,33
8116391,2,35
8116392,3,18
8127024,2,13
8127023,7,22
8137293,6,14
8137292,3,37
8008441,2,37
8027015,2,20
8038520,7,23
8038519,6,31
8138484,2,14
8138485,3,27
8030072,7,15
8030073,3,26
8026618,7,37
8141721,5,6
8141720,7,37
8128403,5,14
8128404,5,12
8131286,5,18
8131287,7,40
8136416,7,7
8136415,7,7
8137263,6,10
8137288,4,18
8137260,5,24
8137261,7,13
8137282,7,27
8137285,5,40
8139249,4,28
8137284,2,11
8137280,3,6
8137281,4,18
8137286,7,29
8139248,5,22
8137262,4,23
8137257,6,19
8137259,4,25
8139247,4,29
8139246,2,28
8137289,3,34
8137287,4,11
8137197,2,27
8137198,6,7
8021952,7,10
8021500,5,20
8021499,5,13
8021491,2,32
8142690,3,15
8142691,3,18
8142692,5,35
8142693,4,11
8142688,3,23
8142689,4,38
8015505,6,36
8117307,7,19
8117296,7,23
8015507,6,13
8117301,2,5
8015504,3,35
8131018,5,39
8135378,3,5
8135377,3,30
8031136,6,22
8031133,6,26
8031134,4,22
8140764,4,26
8117303,6,31
8135362,2,19
8131014,4,37
8015500,7,16
8113934,4,29
8135363,5,24
8031137,2,14
8135361,6,16
8031135,6,26
8040609,5,35
8140762,3,28
8140763,6,32
8124913,3,7
8124912,7,29
8131012,4,21
8135376,5,37
8135375,6,6
8131013,2,9
8117302,5,11
8036946,3,26
8015495,7,33
8015497,7,34
8015496,2,22
8026184,7,29
8135360,7,15
8036942,6,33
8026183,3,27
8026185,3,37
8140756,4,37
8140757,3,12
8140761,3,34
8040613,2,20
8040610,4,36
8040612,4,31
8040614,2,33
8140758,6,29
8117299,6,40
8015508,2,5
8135373,7,26
8135365,4,32
8135370,2,18
8135369,7,5
8135374,4,30
8135371,2,40
8135366,7,17
8135368,7,14
8135367,5,34
8135372,2,11
8036944,3,39
8036943,4,35
8140754,4,23
8140769,4,11
8121230,2,32
8135379,4,24
8033660,2,10
8033659,4,38
8131007,5,16
8040617,6,9
8040618,6,19
8131005,4,40
8015501,2,20
8117300,3,9
8015502,3,23
8140755,2,27
8036945,5,36
8036948,3,29
8036950,6,8
8131016,6,40
8140767,7,5
8140765,7,10
8140766,7,36
8131011,5,8
8040616,6,32
8015498,7,20
8124910,6,30
8015499,6,18
8124908,6,8
8124907,4,6
8124909,2,33
8131015,3,40
8135359,2,34
8135364,3,16
8036947,5,14
8040615,4,38
8117305,6,31
8117306,5,24
8140760,3,24
8140759,4,7
8140770,2,10
8140768,7,35
8140771,4,20
8140753,3,35
8140752,4,9
8140751,4,40
8015506,2,6
8131017,7,24
8117295,7,20
8135358,6,33
8140439,3,6
8004227,7,31
8127357,2,17
8139573,5,26
8011354,6,38
8004788,6,26
8127354,7,17
11246,5,11
8004791,3,8
8004792,4,33
8004232,6,32
8139577,6,18
8139575,7,18
8120431,4,16
8139576,5,35
11420,2,39
8139572,7,28
8122972,2,20
8129525,7,6
8140150,5,27
8126977,4,6
8140127,3,23
8110455,6,21
5737,4,20
9990897,3,32
9996382,4,7
8135324,6,34
8135325,5,33
8135323,3,5
8135321,5,36
8135322,6,31
8135317,4,33
8135315,2,9
8135316,6,23
8132564,5,17
8135320,5,23
8135319,4,35
8135318,2,39
8139584,6,37
8139582,7,34
8143550,3,16
8139583,4,35
8034207,5,33
8140944,5,6
8140947,2,13
8140945,6,16
8140946,2,35
8141948,6,39
8110842,6,23
8110845,4,28
8110846,7,31
8142221,6,14
8143838,3,33
8110847,6,40
8111372,6,13
8110841,6,32
8110840,4,38
8120573,2,24
8113350,7,16
8113800,4,10
8119235,4,16
8038240,7,39
8139890,3,6
8013079,2,9
8014164,2,38
9931875,6,14
8017120,3,16
8010881,5,37
8013971,6,20
8009385,6,10
8137437,3,32
8133613,3,18
8131551,2,14
8024933,5,27
8037152,6,18
8026125,5,40
8043274,3,24
8016517,6,26
6031106,5,16
8042702,5,16
8137988,5,36
6302177,6,34
8142459,2,34
8142474,2,19
8142475,5,5
8142471,2,39
8142464,6,18
8142466,2,26
8142460,7,6
8142465,6,28
8142467,2,13
8142462,5,39
8142470,3,20
8142463,3,10
8142472,6,16
8024281,5,40
8026638,6,18
8129027,4,37
8129033,7,14
8129035,6,26
8129030,6,37
8026649,2,12
9993437,2,25
9993446,4,14
8043436,6,25
8122212,3,30
8141913,6,27
8115381,5,18
8143417,7,11
8112015,4,40
8122218,5,16
8141912,5,34
8043663,3,8
8142168,7,28
9993734,7,13
8142583,3,27
8043427,5,38
8141859,7,11
8141858,2,38
8141857,5,26
8141856,4,33
8043426,4,9
8131474,3,31
8115835,2,28
8015384,2,32
8141714,3,21
9993976,6,8
8017154,3,36
8122219,2,14
9999296,7,33
8015452,6,6
8043439,7,30
8133096,2,33
8109892,6,33
8031973,5,15
8015453,6,19
8016714,6,31
8140774,3,23
8140775,6,11
8121550,3,27
8121549,5,13
8029428,3,11
8029427,3,7
8029429,2,36
8033599,4,15
8134746,4,37
8134701,5,8
8039662,5,27
8039658,5,27
9994138,3,12
9994369,5,29
9995733,3,20
8026731,4,18
8026730,5,6
1556,6,29
8126441,2,30
8126658,3,15
8126659,3,13
9994139,5,30
8029015,2,11
8025261,5,19
8025262,6,11
8023420,2,14
8023421,7,19
8029016,4,20
8118125,7,35
8023103,7,35
8123257,5,17
8123258,7,7
8137816,4,19
8137817,4,27
8136022,7,6
8136023,4,29
8133156,3,33
8133153,3,38
8133158,5,27
8133157,7,37
8136028,2,24
8136029,3,40
8136030,3,7
8136025,7,15
8136024,7,29
8133159,7,30
8133160,2,36
8133165,6,9
8136031,3,29
8136033,7,5
8136032,7,30
8136034,3,28
8011524,4,11
8023098,6,29
8023097,7,11
8133166,6,37
8136019,4,29
8034400,5,26
8010573,6,7
8010574,4,11
8010572,2,18
8023423,4,19
8023422,2,38
8023424,4,20
8131669,6,14
8010575,6,15
8035072,7,16
8035074,5,21
8035073,7,9
8035075,2,12
8035077,7,28
8035079,5,26
8035076,2,26
8035078,6,17
8022217,3,26
8022221,4,24
8136453,6,11
8022215,3,19
8034929,2,6
8129415,2,17
8022213,2,15
8129418,7,28
8022212,2,35
8136454,6,16
8131214,3,28
8131215,6,23
8131216,4,39
8141224,4,17
8141225,7,21
8141222,6,22
8141223,5,6
8127430,7,35
8122209,3,33
8122210,4,30
8004273,7,13
8009168,5,37
8004275,5,20
8014581,3,14
8033370,3,17
8033375,7,8
8033366,5,28
8033367,5,32
8033369,4,27
8033389,4,22
8033391,4,6
8033390,5,19
8033392,4,21
8035000,3,27
8034999,5,16
8033393,4,24
8034555,4,22
8033394,5,38
8033395,6,5
8035013,7,5
8035007,7,18
8035010,4,39
8035011,7,30
8035001,3,16
8035008,2,6
8035012,3,14
8035006,2,25
8035009,7,11
8033377,2,37
8033371,3,33
8014578,6,22
8033388,7,20
8033376,7,30
8033387,6,6
8033368,6,21
8014586,2,40
8033374,6,13
8033378,6,10
8014587,2,25
8033372,6,12
8014584,7,20
8135654,4,15
8135656,5,36
8135657,6,23
8132727,4,38
8136555,7,22
8134783,6,19
8132729,6,28
8132728,7,16
8134787,5,35
8132730,2,9
8134788,5,16
8132731,6,16
8132734,3,24
8132733,3,8
8132732,2,37
8134782,4,19
8132735,5,8
8132736,3,39
8134791,7,31
8134790,4,30
8134789,7,13
8132718,4,27
8136554,7,23
8132724,5,40
8134779,4,16
8132720,4,36
8132723,7,28
8134778,6,29
8132719,5,40
8132725,2,29
8134780,2,30
8132721,2,7
8132726,7,29
8134781,6,15
8132722,6,9
8142559,2,35
8033726,6,24
8142696,3,12
8041123,3,29
8138004,2,22
8138003,6,31
8033923,4,29
8133980,7,9
8117130,4,19
8117131,4,27
8121336,6,35
8143459,2,25
8143458,6,9
8121333,3,8
8121335,5,12
8029473,5,28
8029476,3,40
8021745,7,20
8117128,6,15
8117129,7,38
8120829,6,16
8139030,2,37
8139029,5,38
8139032,4,40
8111802,7,23
8111801,5,7
8036006,4,36
8036005,7,24
8128770,4,29
8128769,6,22
8123684,4,12
8036002,3,35
8035998,7,19
8003418,7,32
6030962,6,26
8000649,7,17
8112618,3,26
8136192,3,5
8143691,4,34
8112702,7,13
8112725,3,6
8112728,6,21
8112721,5,23
8112724,3,6
8112791,4,29
8112777,5,18
8112780,7,40
8112749,5,9
8112726,6,16
8113369,6,20
8112743,3,38
8112757,2,20
8113385,3,19
8113383,5,37
8112796,7,37
8112795,3,5
8113382,3,9
8112761,5,12
8112733,3,8
8112774,4,33
8113390,5,5
8113388,6,8
8113386,7,19
8113466,2,21
8112778,2,39
8112734,4,14
8112775,6,7
8112751,3,29
8113438,3,35
8112771,5,20
8112798,6,30
8112811,4,27
8113424,5,34
8112815,5,7
8112814,2,25
8113423,5,36
8113418,6,38
8112809,5,37
8112731,6,30
8112742,7,36
8112750,7,22
8112727,7,26
8112801,6,31
8112794,6,18
8112793,6,23
8113396,5,27
8127122,3,19
8112764,3,15
8113361,4,35
8112732,4,14
8113379,3,18
8112730,4,10
8112792,6,7
8127123,3,39
8127133,2,23
8127141,7,25
8112813,6,23
8112802,3,34
8112797,3,20
8127140,4,10
8113463,5,6
8127142,6,9
8112755,7,6
8112781,6,8
8112785,7,26
8112786,3,38
8113461,2,21
8112695,4,38
8113425,6,10
8113427,7,18
8112741,6,22
8127148,2,18
8112766,4,11
8112767,3,24
8127157,3,36
8127160,5,26
8127155,2,17
8112804,6,6
8112807,4,31
8112805,7,29
8127163,4,31
8127161,2,8
8112808,2,25
8112806,2,38
8113435,3,15
8113434,6,25
8113381,4,6
8112799,7,36
8112710,4,40
8112709,2,38
8112708,2,29
8112707,2,37
8112752,7,20
8112745,5,12
8112698,5,15
8113358,6,17
8112810,4,30
8113417,2,11
8113415,3,30
8112800,5,32
8127152,4,34
8112759,3,28
8127153,7,5
8127150,7,30
8112747,6,29
8127143,3,8
8127139,4,37
8127146,5,39
8112729,3,30
8113900,2,5
8127144,6,5
8127151,2,16
8112779,2,9
8113906,7,15
8112782,7,5
8112712,3,30
8113394,2,13
8113359,7,24
8112719,3,31
8112754,3,23
8112720,3,12
8112715,7,24
8112718,4,25
8130456,7,13
8130457,6,24
8130458,7,18
8130459,2,35
8130460,3,31
8130461,7,16
8121704,5,17
8121211,7,28
8129532,2,13
8117049,3,18
8134088,3,12
8134740,4,34
8132400,2,18
8133716,7,16
8133733,7,13
8136862,4,10
8121210,3,34
8039856,5,18
8039857,6,8
8039858,3,20
6297900,6,30
8024477,7,23
8136337,6,14
8020423,3,15
8018796,4,37
8018794,2,10
8018793,4,30
8018795,6,6
8136335,3,6
8024480,6,10
8136336,3,32
8015396,5,36
6302178,7,11
8015408,6,30
8002160,5,38
8015409,5,40
8024478,7,26
6255500,6,12
6300207,6,38
8015401,7,20
8015400,3,27
8120063,7,31
8116903,4,23
6209507,4,10
6220492,6,6
8116902,6,39
8141668,5,25
8139835,4,38
8121668,2,35
8031892,4,36
8031891,3,13
8024479,6,22
8015392,2,13
8024433,5,37
6230801,6,28
8015399,4,17
8015398,2,17
8132103,3,21
8126883,6,15
8128034,4,36
8132210,4,5
8123297,6,15
8132209,4,22
8123295,6,40
8129535,7,11
8140117,3,40
8140154,6,29
8126975,3,33
8134081,4,17
8034545,5,40
6310102,3,26
6310103,3,7
8024354,2,38
8024355,3,25
8038754,4,31
8131308,3,11
8118306,6,40
8131295,2,22
8114814,4,37
8114815,6,31
8114812,6,32
8131310,7,31
8138487,7,19
8138486,2,12
8137718,3,37
8137887,3,29
8137890,6,5
8137889,6,28
8137888,5,19
8137891,4,22
8137719,2,8
8137910,4,29
8137944,2,13
8141252,3,32
8141251,5,34
8141253,6,16
8141254,4,39
8142305,5,33
8137911,7,26
8143970,7,10
8132481,2,5
8132483,6,37
8135214,2,30
8135276,4,27
8113395,7,33
8141698,2,23
8118163,5,33
8129568,4,16
8136818,5,27
8135193,6,40
8134055,5,28
8137150,2,29
8140707,7,15
8140706,5,21
8134301,3,33
8143585,2,28
8131742,2,34
8127112,3,40
8135153,4,34
8130938,3,20
8141697,5,18
8141701,7,8
8131746,5,30
8134302,3,33
8137498,6,25
8137007,7,31
8140715,5,14
8127113,7,23
8130939,3,38
8138976,3,34
8141699,5,21
8113397,6,24
8034854,7,11
8124991,5,17
8135139,6,25
8140314,5,35
8135127,6,36
8140312,6,20
8135142,6,6
8135130,7,28
8135136,3,39
8140319,5,40
8135137,3,38
8135132,4,26
8135135,5,23
8135133,2,9
8135134,5,8
8141389,6,13
8141383,6,11
8141384,2,14
8141382,6,11
8141388,7,13
8141380,5,15
8141394,3,24
8141395,7,36
8141393,6,10
8141386,3,34
8141379,6,15
8141391,4,9
8141392,6,30
8141378,6,16
8141387,4,18
8143047,7,36
8143057,4,38
8143056,5,13
8143058,5,13
8143059,3,28
8143061,5,18
8143060,4,23
8143063,6,7
8143064,6,32
8143065,3,26
8143062,7,13
9990415,4,10
9990414,2,9
8128358,7,11
8034109,6,5
8020898,4,10
8001194,4,14
8001195,3,32
6030339,5,17
8120592,4,12
8120593,6,7
8120597,5,22
8120591,5,9
8120595,5,33
8120596,6,39
8120599,5,30
8120594,2,33
8120598,7,16
8035082,4,34
8035054,7,22
8036927,2,9
8036929,4,8
8007401,3,23
6535991,7,12
6530688,2,20
8024412,2,19
6033998,6,32
6300421,7,31
6033977,3,39
8022194,7,10
8019532,4,32
8011531,3,27
6033970,3,30
8037812,2,12
6301167,4,31
8026925,5,17
8031969,4,17
8140747,4,13
8035673,2,23
6030332,7,5
8017174,2,7
8140745,3,26
8128359,2,16
9999686,2,13
8039775,5,13
8016217,3,31
8142595,2,25
8019529,3,11
8012483,2,30
8140749,3,39
8001092,5,10
8035705,3,6
6030341,6,33
8024507,6,28
8024486,2,31
8024487,6,25
8024488,4,9
8024489,2,11
8024490,4,11
8128370,5,22
8024491,4,30
8024492,4,40
8024494,7,21
8024495,4,34
8128371,4,27
8024496,7,18
8024497,5,5
8027642,6,14
8024498,4,28
8024499,2,35
8024500,4,25
8128372,2,40
8024501,4,16
8027644,6,25
8024502,4,35
8024503,2,27
8024504,5,37
8027645,4,16
8024505,2,27
8024506,2,18
6530615,7,21
6530616,5,29
6530640,5,34
6530614,3,13
8130588,3,24
8130590,4,33
8130591,2,29
8010825,3,18
6530617,5,10
6530619,7,33
6530620,3,31
6530621,4,10
6530611,5,8
8010826,5,29
6301405,4,20
6530623,6,22
6530622,5,21
6530624,2,36
6530625,2,29
6530626,6,22
6301404,6,20
6530627,6,36
6530628,7,32
6310152,2,31
6530629,5,24
6530630,4,9
6530631,6,7
6301406,7,25
6530613,5,12
6530633,6,34
6310160,3,29
6530634,4,11
6530635,3,29
6530636,2,11
6530760,4,8
6310151,3,8
6530637,6,34
6530638,5,29
6530639,3,40
8122450,6,30
8122451,2,22
8122452,5,15
8122449,3,34
8037813,5,15
8127469,2,20
8127464,7,11
8143733,6,12
8143735,5,36
8143734,6,37
8034841,5,18
8134093,7,39
8134283,3,6
8012479,4,40
8021391,4,16
8007701,3,19
8014890,4,17
8137396,2,26
8128368,2,14
6309986,7,22
8030928,3,37
8134280,7,11
8022195,2,35
8128365,5,36
8128367,6,8
8128362,6,24
8128364,2,8
8128366,7,7
8128363,2,25
8018415,3,33
8018416,2,16
8018417,4,12
8018418,7,7
8018420,4,23
8018421,2,37
8018422,7,5
8018423,5,14
8018424,6,11
8018425,6,28
8018427,6,16
8018428,5,16
8018451,5,15
8018452,3,39
8018453,5,7
8018454,6,17
8018455,2,27
8018456,4,11
8018457,3,20
8018458,4,34
8123371,7,10
8125155,7,30
8122447,6,13
8123368,6,21
8123373,2,34
8123375,3,32
8123873,5,32
8123369,3,32
8125156,5,27
8122464,6,37
8128360,4,5
8125157,7,15
8123377,4,32
8128369,4,29
8122446,4,23
8123370,7,6
8134092,7,32
6309989,6,36
6309991,5,38
6309988,5,23
6309990,3,32
8035698,4,14
6030326,3,34
8123372,5,30
8035687,2,26
6030325,6,20
8016219,2,15
8127335,4,13
8026959,4,21
6030338,5,24
6030337,3,6
8121605,7,28
8121604,3,31
8121606,2,13
8125158,3,32
8140750,4,8
8010320,5,22
8037363,3,15
6309999,7,26
8035053,6,23
8035678,5,8
6033987,5,11
8026284,5,37
6030330,7,6
8024166,4,23
6033989,6,19
8018293,2,20
6033991,5,27
6033993,3,10
8035083,7,17
8036926,5,23
8036928,2,34
8013345,2,8
6535989,4,6
6530689,6,33
8031644,5,34
6033997,2,12
6300422,3,38
8036267,2,13
8123374,5,35
8123872,2,25
6309998,6,33
9999453,4,30
6033976,5,34
8014103,7,32
8022193,6,29
6030049,7,8
8019531,6,32
6033969,6,21
8036930,7,18
8037811,2,37
6301166,6,27
6300146,4,28
8031968,2,38
8140746,2,11
6301165,7,20
6530690,2,39
8035695,4,10
6033996,4,17
8140744,5,40
8128361,7,32
9999685,4,36
8020897,7,23
8021390,5,35
8007457,7,13
6535990,7,17
8039774,7,29
8123376,3,14
8034108,6,7
8016216,5,39
8026599,6,12
8012482,5,17
8140748,4,27
8001091,4,23
8134091,3,35
8134090,3,6
8017171,4,24
8008159,2,31
8122448,3,23
8017170,3,37
8120178,6,32
8120177,2,10
8119412,3,9
8113987,2,39
8113988,7,11
8113984,4,6
8113986,3,7
8033357,6,26
8119411,2,20
8033355,6,16
8033356,2,28
8119408,4,9
8119407,7,26
8119406,2,11
8133098,4,7
8018498,4,12
8018499,5,29
8018497,2,22
8143367,3,32
8143361,2,32
8143352,6,13
8143362,4,23
8014301,5,39
8033670,5,7
8014300,3,33
8112048,3,29
8033669,7,38
8033668,6,31
8112047,4,8
8112051,4,25
8112049,5,27
8112050,2,24
8033667,6,20
8033666,4,5
8133333,5,35
8033661,3,7
8014303,2,11
8033662,2,39
8033676,5,20
8033674,7,40
8033675,6,34
8014302,5,6
8033673,5,16
8033671,3,16
8033672,2,27
8133335,2,19
8133331,5,9
8133329,3,27
8112052,2,27
8033677,7,31
8016857,5,27
8016858,5,12
8016856,6,32
8016859,6,30
8132405,6,37
8134079,7,26
8013123,3,19
8024282,5,28
8134080,6,25
8008144,5,18
8021382,5,29
8138119,7,30
8138117,6,16
8043048,7,24
8043049,7,7
8043047,5,9
8017014,5,23
8140350,4,6
8122895,4,24
8140351,2,16
8122896,2,20
8129609,6,33
8110721,4,34
8110720,7,40
8133849,6,13
8110723,5,11
8110722,3,32
8110719,2,12
8110718,5,28
8128954,3,14
8120825,4,27
8141963,2,31
8007763,4,38
8042711,7,22
8043535,6,33
8043536,7,34
8012636,3,30
8138339,4,8
8025882,5,7
8020810,5,31
8002304,7,21
8014836,6,36
8022485,7,39
8022484,4,16
8023845,5,34
8034180,6,33
8018566,5,34
8122236,3,30
8137381,5,21
8002363,7,25
8002362,2,35
8002361,5,28
8002364,5,5
8011946,6,13
8002384,5,5
8025509,6,28
8007444,4,23
8007443,2,24
8007442,7,15
8007445,5,15
8031928,2,31
8017663,6,14
8031929,4,13
8137370,4,32
8137369,5,25
8137368,7,23
8137371,5,31
8137384,4,38
8011947,4,19
8011948,6,23
8002386,6,15
8002306,6,5
8002387,4,7
8002308,4,23
8002307,6,40
8026847,3,25
8020811,6,28
8137387,3,38
8137386,2,28
8011940,6,26
8011941,7,19
8011942,3,23
8020531,3,33
8017666,6,36
8022630,2,8
8007435,6,5
8007434,3,23
8007433,5,14
8007436,3,5
8007437,4,35
8031141,6,25
8031289,6,15
8031142,6,6
8012289,4,36
8012288,3,33
8030080,5,17
8019894,2,6
8030081,6,37
8011957,2,19
8005530,6,7
8005529,2,10
8005528,2,7
8005531,5,25
8005532,7,20
8005535,3,22
8005534,5,15
8005533,7,7
8005536,6,34
8005537,6,22
8029932,6,6
8018735,2,20
8030975,5,31
8030974,3,14
8017664,5,16
8019342,3,9
8020775,4,14
8020774,2,29
8005434,4,18
8005433,3,16
8005432,2,14
8005435,3,11
8002385,2,10
8005438,2,15
8005437,6,26
8005436,5,25
8005439,4,30
8005440,7,7
8005424,2,27
8005423,6,30
8005422,7,26
8005425,7,11
8005426,6,22
8005429,4,6
8005428,2,32
8005427,3,37
8005430,2,26
8005431,6,12
8124753,3,13
8124752,3,7
8011943,2,33
9931770,7,14
9931769,3,19
8012035,6,31
9931771,2,35
9931772,4,37
8005451,5,6
8015851,4,14
8005452,5,36
8038643,5,11
8038646,2,7
8038647,3,17
8038648,6,29
8020864,6,14
8011955,3,35
8011956,6,17
8138865,7,20
8007280,5,32
8007278,2,11
8025530,6,37
8013453,3,13
8029475,6,38
8124302,6,5
8124303,5,39
8124301,2,22
8130038,3,34
8008833,5,17
8023028,4,25
8009075,5,35
8031537,4,16
8031388,4,5
8031389,6,28
8009074,4,40
8017480,6,39
8035732,4,37
8029937,7,9
8005467,4,34
8005466,6,14
8005465,7,32
8038642,5,38
8038641,5,40
8038640,6,31
8002374,3,10
8011949,2,25
8002376,3,39
8019292,4,17
8011950,7,38
8011951,6,12
8005450,6,16
8005449,2,20
8005448,5,36
8007448,7,15
8007447,4,17
8007446,7,28
8007449,3,40
8002393,5,34
8007450,3,8
8002388,5,31
8005447,3,21
8005446,4,32
8005445,4,31
8011983,6,8
8137380,2,22
8137379,2,6
8137378,2,27
8137377,3,7
8137376,2,6
8137374,6,13
8137385,4,26
8038638,6,16
8021220,3,17
8038637,2,33
8038639,7,27
8005411,5,9
8005410,6,16
8005409,7,25
8005412,4,24
8005420,3,16
8005419,6,16
8005418,7,36
8005421,5,20
8029949,5,34
8038650,6,34
8038653,2,22
8009052,5,39
8009053,3,36
8005462,4,33
8005461,6,21
8005460,3,33
8005463,5,33
8005464,7,29
8005415,3,25
8005414,4,32
8005413,4,33
8005470,4,34
8005417,7,18
8007430,4,9
8007429,3,13
8007428,4,17
8007431,2,28
8007432,5,26
8017665,3,17
8019268,5,36
8020530,7,18
8018903,4,8
8021264,4,24
8002310,4,14
8002309,7,14
8005408,4,5
8002311,5,27
8014658,3,16
8137346,7,30
8137345,2,34
8137344,2,15
8137347,3,28
8025529,5,30
8137523,2,29
8024363,3,20
8137524,2,33
8005457,6,12
8005456,2,39
8005455,6,14
8005458,4,12
8005459,6,37
8140082,6,24
8137382,7,12
8034182,2,17
8038634,2,33
8038633,4,28
8038636,4,33
8037511,5,6
8005454,4,16
8002322,7,17
8002321,7,27
8005416,5,6
8002325,3,16
8024267,4,18
8017660,3,40
8015554,4,14
8015553,6,11
8015552,7,9
8007534,3,38
8009054,3,33
8021533,3,34
8030743,3,23
8027939,5,15
8021534,5,30
8021012,2,14
8002359,4,6
8002358,2,5
8012629,2,23
8012630,4,10
8012631,2,25
8007440,3,6
8007439,6,21
8007438,5,12
8007441,7,15
8030082,7,12
8002351,3,18
8005538,2,5
8002349,5,27
8002352,3,32
8137366,3,18
8137365,6,24
8137364,3,17
8137367,2,32
8137355,3,7
8137352,3,36
8137350,2,28
8137358,3,39
8137383,4,22
8005443,4,20
8005442,6,30
8002353,3,10
8005444,6,11
8009639,4,14
8009055,4,37
8009056,7,24
8009057,7,38
8042005,6,28
8042004,5,9
9999514,6,6
9999513,4,30
8121356,3,22
8113600,2,7
8113601,7,25
8021488,3,16
8021633,2,16
8025098,7,26
8025099,4,6
8025097,6,11
8020901,2,28
8020902,4,19
8019588,5,27
8121997,4,34
8022336,3,35
8019589,7,38
8121998,3,13
8022338,3,23
8035508,4,19
8143803,2,23
8136905,2,8
8137606,2,18
8137607,3,25
8141689,3,12
8142399,3,34
8142400,4,30
8142401,2,12
8026986,2,15
8023308,4,16
8143798,4,30
8029084,7,29
8027889,2,12
8143816,5,5
8135026,3,5
8135024,5,30
8135028,5,15
8135030,7,34
8142412,2,23
8142404,6,31
8137208,4,19
8141190,2,30
8136906,2,18
8034574,5,33
8034269,4,7
8142407,5,16
8116211,6,26
8037564,3,10
8143797,2,23
8143795,3,21
8143818,7,18
8143817,7,11
8029085,5,34
8027890,4,21
8031522,7,15
8031683,4,28
8143810,2,11
8133651,7,15
8141187,7,38
8142405,6,35
8116210,6,28
8030052,7,7
8030053,7,40
8142406,2,22
8116212,4,11
8032716,2,6
8141188,5,34
8143809,5,34
8136901,3,35
8040068,7,39
8040069,7,7
8143811,6,6
8133652,7,15
8142402,5,8
8142403,6,28
8026987,4,34
8023311,2,33
8143799,2,11
8133649,6,16
8126401,2,31
8143801,7,8
8118742,7,13
8143804,6,17
8123698,3,39
8123699,2,36
8143800,2,40
8133650,5,23
8021585,4,16
8121999,7,15
8021584,2,27
8122163,2,7
8136175,2,24
8143796,6,10
8143808,5,36
8117485,6,26
8128262,6,29
8117483,7,25
8117484,2,7
8017164,4,37
8132639,7,36
8126180,7,40
8021641,4,20
8021642,5,13
8043712,7,17
8009468,6,23
8135603,2,11
8135604,6,19
8022015,4,27
8043703,7,15
8013349,2,12
8043707,4,10
8009463,3,8
8009465,4,40
8043705,6,7
8034278,6,39
8043709,6,13
8009467,6,40
8135601,5,34
8135602,6,12
8043699,7,15
8043701,4,18
8043698,3,32
8013348,3,9
8009462,6,22
8009464,6,6
8043700,2,15
8009466,4,5
8043702,3,5
8013347,2,40
8013346,2,24
8009461,2,24
8009460,3,21
8039852,6,21
8039853,5,22
8041660,4,37
8120848,6,15
9994732,7,24
8000151,5,14
8027769,6,30
8027768,4,21
8027764,6,37
8027758,5,5
8142514,5,6
8027766,4,10
8136584,3,16
8142515,5,9
8136585,3,19
8027770,7,28
8128258,4,17
8140437,4,5
8120074,4,25
8120082,2,23
8130087,2,16
8126396,5,40
8136129,6,25
8141104,2,36
8136128,6,22
8120081,2,28
8120083,4,31
8128259,3,35
8120077,4,9
8120080,2,12
8120078,7,36
8120088,3,17
8120085,7,13
8120087,3,23
8135260,7,25
8138572,3,27
8138573,6,25
8135268,2,28
8135269,5,15
8130581,5,5
8130454,2,6
8135669,4,14
8142029,7,35
8134037,4,14
8132448,5,36
8128952,3,7
8011934,2,7
8024814,2,19
8115510,4,21
8115509,3,25
8026932,7,12
8004647,5,30
8009633,7,26
8004648,3,40
8128950,6,19
8134878,7,19
8134877,4,32
8001404,5,34
8032497,5,15
8140685,7,40
8001405,4,40
8032498,6,32
8141109,4,10
8001406,5,17
8034496,3,24
8136715,4,29
8136713,5,15
8136711,5,24
8136710,2,7
8009653,5,26
8009650,6,25
8132449,5,12
8019741,6,11
8128953,7,26
8037977,2,24
8128077,7,7
6310071,6,17
8008912,5,26
8128949,3,18
8115512,3,25
8109549,2,35
8109550,6,8
8009656,3,16
8032496,2,30
8142028,5,5
8122604,7,25
8122605,3,36
8037954,4,28
8014110,5,23
9999363,4,33
8141794,5,27
8135626,7,10
8135608,6,8
8117959,5,22
8110749,6,36
8110750,4,13
8140115,2,21
8142371,5,17
8142368,2,37
8142372,7,28
8142369,2,38
8129530,2,39
8122499,5,22
8126989,4,29
8122498,3,32
8122497,5,21
8040744,7,40
8022402,3,19
8019936,4,34
8022615,7,35
8139414,3,14
8124162,4,33
8139413,5,10
8124163,2,31
8134600,5,23
8130972,7,22
8134828,5,30
8111030,6,33
8136767,6,25
8142486,7,7
8134601,6,13
8124925,7,24
8030110,6,31
8142487,7,23
8116968,6,21
8140643,4,40
8140642,6,8
8140641,7,34
8140640,5,7
8123307,3,13
8123309,3,11
8123308,6,32
8142488,4,12
8025561,4,20
8028070,3,34
8019524,7,25
6310878,6,7
8041570,5,18
8016749,7,9
8005300,4,34
8034472,6,26
6310057,7,26
6310063,7,14
8041018,4,30
8034178,2,7
8034177,6,27
6310058,7,34
8038823,6,8
6310059,3,12
6310060,5,5
8018450,4,18
8038824,5,8
8037598,5,20
8034179,2,27
8016750,3,34
8024369,5,30
8024370,6,29
8019120,4,38
8137290,6,32
8033416,5,33
8033417,7,17
8140308,2,25
8140306,4,31
8140309,4,31
8140310,7,38
8140317,7,31
8140304,6,7
8140305,3,11
8140313,3,29
8140311,7,31
8140315,4,18
8140316,4,22
8140303,3,26
8140302,3,17
8140300,3,39
8121599,4,31
8135115,7,9
8135117,6,11
8135116,6,18
8007696,5,13
8004445,7,7
8004446,2,22
8017249,6,5
8004448,6,7
8005120,3,28
8140322,4,25
8140324,5,22
8140323,2,5
8142311,4,25
8142309,5,11
8142310,3,6
8128101,4,15
11145,6,34
8116829,2,18
8139940,2,38
8016741,3,28
8016740,5,27
8017695,3,34
8016699,5,13
6030887,4,18
8027210,3,7
8014430,6,10
8027211,6,38
8027209,4,18
6030888,6,7
8014432,6,33
8027212,4,15
8139019,3,19
8022229,2,34
8119823,3,32
8119824,4,33
8119822,7,17
8128764,7,14
8128763,7,29
8022651,2,8
8014433,2,31
8021672,4,25
8021410,2,39
6032693,2,30
8021730,3,30
8021482,5,30
8021483,6,7
8021681,4,36
8021426,3,17
8021422,6,17
8021430,2,8
8021423,7,31
8021425,4,33
8021486,7,27
8021705,7,27
8021440,2,16
8029019,4,21
8021684,3,31
8021443,2,12
8021704,2,31
8021429,2,21
8021427,6,33
8021428,4,25
8021658,6,12
8021420,4,29
8021703,7,19
8021702,6,24
8021424,4,30
8021409,6,38
8021417,4,34
8021416,6,37
8021419,3,10
8021701,5,23
8021414,6,13
8021413,5,10
8021439,4,30
8027358,7,26
8037803,4,19
8000089,4,11
8135788,6,6
8131369,2,31
8000086,5,40
8002249,5,39
8142784,6,5
8017345,6,28
8129173,4,7
8126169,3,39
8034749,7,14
8129168,3,36
8137514,4,37
6034306,3,30
8115663,4,27
6300426,7,38
8129175,3,26
6300425,5,26
8001130,6,35
8134910,2,36
8123484,6,36
8027312,3,36
8007364,2,5
8123482,5,21
8037805,2,17
8141731,4,16
8000090,3,28
8123442,2,26
8126174,6,32
8126173,3,38
8034750,5,12
8141730,4,6
6310706,3,15
8042106,5,38
8141732,6,24
8133423,5,7
8017347,3,19
8002241,6,27
8043423,2,25
9999510,5,6
8002237,3,39
8137515,5,20
6034311,2,21
8027359,5,14
8135789,4,16
8126176,2,34
8129176,3,5
8017346,4,25
8034751,5,20
8035542,5,19
8123483,7,7
8141729,4,6
8134908,5,35
8016920,2,16
8126175,6,19
6034309,4,15
8134909,5,22
8027357,6,31
8037804,4,26
8123383,7,35
8000088,7,30
6034313,6,22
8135787,2,8
8131368,3,24
8041321,5,6
6533221,2,12
6034110,6,6
9999508,2,29
8142783,6,12
8001131,2,22
8000099,6,40
8017344,4,30
8032012,5,21
8129172,7,32
8126167,4,16
8126168,3,15
8034748,6,18
8010269,6,32
6030746,5,18
6030739,6,35
8129171,4,33
6530745,4,26
8129167,6,5
8129169,5,40
8137513,5,11
8007938,2,10
8129170,4,21
6034300,6,30
9999598,2,5
8115661,5,15
8035543,7,33
6300420,6,38
8129174,7,22
8043422,3,28
8023857,3,12
8023877,3,31
8023878,7,8
8124671,5,33
8023858,4,19
8023859,5,14
8023860,2,24
8023861,6,18
8023879,6,13
8023862,6,22
8023863,3,39
8023864,5,7
8023880,2,22
8023865,3,22
8023866,2,11
8023867,3,13
8023868,6,38
8023869,6,8
8023870,7,23
8023871,7,36
8023872,4,25
8023873,6,13
8023874,7,19
8023875,6,29
8023876,2,16
8136822,7,22
8136823,5,8
8136821,5,22
8136832,2,25
8136833,3,20
8136831,4,21
8136820,3,34
8136819,6,37
8140131,7,8
8138132,3,25
8138131,7,31
8121173,5,17
8121171,6,29
8140602,7,25
8121172,2,28
8121170,4,39
8140601,7,13
8114590,2,7
6034503,5,20
8014088,5,8
8022243,7,18
8022244,6,8
8022245,7,40
8022246,7,33
8005571,5,30
6310403,6,32
6310402,3,27
6300174,6,33
8008436,2,15
8020202,3,12
8135660,5,32
8127875,4,36
8134348,3,26
8135661,3,22
8122926,4,15
8016031,5,21
8118790,5,15
8141292,4,36
8118788,6,11
8118789,6,15
8143101,6,13
8141291,7,29
8139513,2,21
8141293,6,12
8139511,3,14
8139512,5,23
8143102,6,32
8013451,2,32
8013452,6,17
8143100,7,34
8032616,5,36
8029972,6,23
8029914,5,22
8134739,2,28
8030973,6,31
8030846,2,5
8042602,7,10
8111840,6,30
8021717,4,27
8022511,7,16
8021629,6,15
8021711,5,30
8125361,6,6
8110877,7,16
8138739,6,10
8041567,2,34
8127124,2,30
8141058,2,37
8127126,6,7
8140827,3,16
8126397,2,8
8143079,2,39
8126859,4,28
8033344,2,38
8033343,6,14
8130009,3,10
8037969,4,21
8035153,4,8
8114588,2,11
8111896,6,37
8126280,7,15
8039411,4,27
8033345,6,21
8042641,3,25
8037970,6,21
8142444,2,16
8135059,3,21
8130539,3,36
8126950,2,10
8130540,4,29
8130541,4,22
8132208,6,34
8126279,3,9
8121079,5,21
8135058,3,26
8134557,3,23
8138207,2,6
8118717,4,30
8118718,5,13
8129477,6,11
8118716,6,30
8037784,7,27
8119441,5,37
8120033,6,31
8142180,5,7
8126281,5,10
8141207,4,40
8140118,6,8
8140153,7,24
8126976,4,22
8024283,7,16
8110458,5,13
8014976,5,29
8009984,3,33
8008143,5,8
8022641,4,14
8118741,2,27
8039562,6,26
8120756,5,19
8120399,5,38
8039539,7,32
8130221,5,19
8021874,6,35
8128079,4,39
8114022,6,14
8026894,5,28
8142176,6,31
8125583,6,19
8036413,6,24
8134568,7,7
8109483,7,36
8109484,3,13
8120449,2,29
8120758,2,36
8137255,7,40
8031204,2,26
8109475,3,39
8142586,7,29
8117977,7,39
8113299,5,13
8127427,6,23
8021876,2,31
8026897,2,26
8033269,5,10
8141168,2,5
8137256,5,14
8136589,2,24
8040817,2,14
8021877,7,36
8021879,7,39
8117675,4,20
8142175,6,39
8117139,4,20
8021880,2,6
8022613,3,34
8117138,5,21
8031086,2,25
8138833,4,38
8126585,3,32
8120532,2,39
8134602,2,7
8120533,6,16
8111407,7,26
8111031,4,7
8120757,6,30
8026900,5,32
8142177,4,29
8142731,5,11
8143556,5,15
8143103,7,20
8040547,3,6
8040548,7,35
8040545,4,39
8040546,6,38
8039854,7,15
8120846,7,20
8136035,4,17
8043056,2,10
8043055,7,5
8043054,4,12
8138209,3,32
8121257,3,16
8121263,7,36
8137611,4,27
8121258,7,38
8121262,7,21
8135916,3,32
8121254,7,39
8138208,3,22
8135917,3,12
8137610,5,36
8121259,7,17
8135918,2,38
8121253,6,16
8121252,7,22
8136654,7,37
8137609,4,29
8121261,5,30
8135919,2,28
8142671,6,32
8141323,3,27
8137612,5,30
8121255,7,33
8121256,5,31
8143115,6,23
8143116,5,27
8143114,4,19
8143117,3,40
8143118,7,17
8122601,2,15
8024799,2,25
8024800,6,35
8040634,2,13
8033911,2,31
8010441,3,10
8141760,6,37
8018315,3,32
8018314,5,34
8122602,5,22
8009832,4,26
8041313,5,12
8040635,5,5
8119085,2,36
8126066,5,6
8138144,4,28
8136422,4,6
8136421,4,26
8136420,6,7
8143654,2,5
8032038,3,26
8021606,6,16
8033910,7,35
8032039,6,21
8139337,4,17
8126400,6,7
8010460,5,12
8138331,5,9
8135488,5,14
8139745,5,9
8139332,5,25
8131022,7,36
8139336,3,31
8139333,5,8
8010357,7,38
8010358,2,30
8133424,6,9
8143774,4,40
8010459,5,7
8143773,7,31
8137500,2,16
8122599,2,23
8125658,4,9
8122600,3,16
8122598,3,18
8131023,4,7
8041109,2,36
8041110,6,26
8132310,4,10
8123175,2,22
8141761,5,21
8138332,3,31
8138333,2,35
8040302,5,35
8020838,5,22
8138928,2,8
8040349,5,40
8023364,4,25
8007454,7,17
8143513,2,28
8143514,2,8
8143515,4,18
8143516,6,23
8139520,7,7
8139529,6,14
8139522,6,33
8139521,2,28
8139530,6,18
8041165,6,21
8122743,5,18
8110298,2,40
8135140,5,36
8110297,2,18
8110296,7,26
8041166,3,12
8041167,3,38
8133769,2,25
8133768,2,21
8133772,4,36
8133771,6,14
8133773,2,40
8133780,3,40
8133787,2,40
8133798,7,32
8134718,4,15
8134719,6,21
8135732,5,35
8133770,7,19
8135191,7,15
8141702,6,31
8143685,6,26
8134721,3,23
8135736,5,8
8140612,3,13
8134723,2,22
8134722,2,23
8141897,4,16
8135734,7,28
8035213,2,19
8129567,3,7
8035212,5,11
8143687,5,7
8131372,5,18
8132484,7,17
8134307,6,9
8143433,2,7
8140793,4,15
8143432,6,8
8136956,5,36
8136728,4,24
8143431,2,5
8136729,7,20
8143434,6,39
8142453,6,35
8141886,3,12
8135730,6,24
8141703,2,39
8143686,4,39
8136762,4,33
8136763,5,8
8136957,6,39
8136958,6,39
8143690,7,14
8133764,2,37
8140618,6,8
8140619,5,9
8142934,7,11
8142937,3,37
8142936,4,6
8142935,6,8
8140616,7,40
8142939,4,35
8142938,3,18
8134711,6,7
8134712,3,7
8134713,3,11
8134714,7,9
8143274,7,8
8143275,4,18
8143276,7,36
8143277,6,17
8140611,2,26
8133767,4,17
8136959,2,25
8136960,5,8
8143675,2,36
8143676,2,40
8133766,2,16
8143689,6,13
8136963,4,9
8143688,3,6
8143588,6,7
8141682,4,8
8134720,7,31
8142921,4,8
8142924,4,40
8142923,4,23
8142922,3,16
8142925,5,11
8142920,6,8
8142928,2,25
8142930,7,13
8142929,7,26
8142926,4,10
8141892,5,32
8141891,4,36
8141903,5,30
8141898,6,5
8141904,6,20
8141905,3,10
8143674,4,27
8141893,5,17
8141895,3,21
8141894,3,28
8141896,7,26
8142933,7,23
8142932,2,15
8142931,5,17
8129705,7,8
8141887,2,35
8141888,7,18
8141890,2,22
8141889,4,34
8110921,7,33
8133765,6,9
8143279,3,19
8143278,6,32
8113387,4,13
8035292,3,23
8143837,3,15
8035293,7,12
8133796,7,13
8133793,6,16
8133795,5,22
8133789,2,5
8133791,7,7
8133783,4,15
8133784,3,11
8133785,7,31
8133786,2,37
8133801,3,28
8138368,2,6
8137419,6,12
8137422,4,9
8137421,6,13
8137420,4,18
8140791,5,11
8140789,3,25
8142913,4,36
8142914,3,22
8142915,7,8
8143679,4,8
8143678,6,22
8143681,7,34
8140790,4,15
8140788,7,17
8136121,5,26
8136122,2,29
8133800,5,12
8133799,5,24
8143710,2,16
8135862,3,38
8117604,5,40
8117603,5,35
8143711,3,14
8128607,7,25
8128608,2,16
8143708,7,27
8143712,6,37
8138977,7,21
8138979,2,37
8143709,6,37
8140307,5,10
8123446,7,31
8143586,4,36
8143587,2,32
8143707,6,19
8133778,6,38
8133810,3,15
8133774,5,15
8133776,5,26
8133803,7,19
8133805,6,22
8110922,6,14
8040515,6,37
8117606,4,35
8117605,7,38
8134059,4,23
8134061,6,5
6031148,6,21
6031149,7,23
8131331,6,8
6300364,3,16
6031147,4,8
6300365,4,38
8001045,2,5
6031146,5,30
8038725,6,36
8130505,2,39
8134792,2,34
8036039,3,25
8134793,3,40
8036044,4,36
8036045,7,24
8119296,7,30
8119295,4,5
8119299,6,9
8119298,4,35
8120380,7,8
8134794,2,26
8134795,3,9
8134797,6,8
8120379,7,39
8134796,5,28
8036091,4,15
8036093,5,26
8036089,6,25
8036090,5,24
8139482,5,30
8035970,4,22
8036085,5,38
8036086,7,38
8110868,2,10
8110867,7,20
8040182,2,40
8040181,2,18
8040177,3,22
8040178,3,36
8040180,5,24
8040179,3,34
8110619,7,21
8110618,7,24
8110865,2,19
8110864,4,33
8134798,3,18
8036057,7,13
8036058,6,18
8139481,4,10
8139480,4,6
8040164,7,7
8040162,3,23
8040163,3,27
8110880,5,13
8110881,4,12
8035966,5,9
8134804,5,21
8139479,2,24
8119305,3,33
8134800,7,25
8134799,7,24
8134803,4,13
8035969,3,5
8035968,3,16
8040167,5,40
8040166,4,23
8110873,4,5
8110874,2,32
8143084,7,17
8143090,6,12
8143097,4,5
8143094,3,17
8143095,3,27
8143096,4,33
8143091,6,9
8035962,5,20
8110878,6,13
8110879,6,6
8036041,7,21
8036042,5,32
8119301,3,9
8119302,5,28
8119304,7,10
8119303,2,27
8036087,5,18
8110885,4,11
8110884,6,10
8040176,5,18
8040175,2,31
8110631,5,20
8141051,2,12
8134801,3,10
8134802,4,20
8130504,2,35
8143180,6,16
8143181,2,39
8143179,4,30
8143182,5,38
8038940,3,7
8141641,2,23
8133612,2,19
6300383,2,40
6300390,6,9
8128519,6,32
8134923,6,5
8134925,6,35
8135477,7,15
8143943,2,20
8016746,2,38
8016747,6,19
8128521,6,27
8134926,4,28
8016748,3,24
8135478,2,30
8016744,2,22
8016745,2,18
6033117,4,22
6300381,4,7
6300382,7,12
8143947,5,30
8119433,5,14
8134928,5,6
8110400,6,36
8110398,2,19
8110399,6,8
8119436,5,33
8114786,7,20
8114787,2,38
8134927,5,7
8114788,6,34
8114784,4,27
8114785,2,20
8143945,3,37
8143941,6,14
8040220,5,29
8034453,7,39
8034454,2,11
8034455,5,24
8034451,2,18
8034452,6,25
8143944,2,37
8128520,6,40
8010437,5,10
8010438,2,36
8141294,2,29
8010439,7,5
8135479,2,13
8010435,4,30
8010436,5,28
8143942,6,36
8040223,4,7
6300346,5,17
8005501,5,23
8134820,7,10
8134821,4,20
8134823,3,5
8134822,7,19
8134818,2,8
8134819,6,32
8143946,7,20
8143787,2,12
8143788,6,17
8143785,3,32
8143786,4,24
8137713,5,32
8130932,4,12
8130931,4,7
8130930,3,28
8042661,3,28
8042870,7,23
8042864,4,27
8042865,2,39
8042871,5,24
8130940,3,20
8130941,6,22
8130935,7,26
8130929,3,14
8130934,7,9
8130933,3,40
8115825,3,36
8115824,5,35
8134249,5,39
8021502,7,16
8134672,6,5
8004799,5,12
8140276,6,20
8140274,7,17
8143511,6,13
8140273,5,6
8140275,2,8
8143512,6,30
8117942,4,39
8141670,6,36
8141744,5,20
8004250,3,24
8141746,4,12
8141745,4,17
8112003,4,6
8112004,5,22
8141400,2,21
8004804,6,31
8134812,5,16
8134731,3,8
8134810,5,27
8135781,6,26
8135780,2,25
8135782,2,24
8023090,7,26
8033409,5,21
8128091,7,25
8128090,7,33
8128089,3,5
8128088,2,9
8119277,5,36
8009499,5,14
8009498,4,33
8136222,4,31
8139938,6,35
8139939,4,18
8024662,5,9
8024663,2,12
8036784,7,15
8032568,2,14
8134436,7,15
8134440,2,9
6530316,7,35
8001114,2,13
8019442,5,35
8134438,3,38
8134439,6,40
8134437,5,18
8031775,5,31
6310585,2,32
8128633,4,6
8128634,2,26
8111808,6,16
8141939,4,6
8123700,7,27
8031791,6,24
8031792,6,36
8128630,7,27
8128631,5,38
6310583,3,30
8031768,5,29
8031782,5,13
6310584,4,26
8031769,6,5
8031776,2,16
8111807,4,29
8031770,7,32
8031779,3,22
8031771,5,24
8031781,5,26
8143888,4,10
8132862,6,17
8143889,4,9
8143894,4,7
8143893,7,26
8040418,5,19
8143890,4,26
8143891,2,10
8031786,7,38
8022324,5,7
8028230,2,17
8118701,5,9
8027908,6,40
8133708,4,20
8022323,2,6
8027907,7,32
8035937,3,21
6535972,6,36
6535973,5,14
8131332,6,32
6535974,3,6
6535976,5,28
8038724,4,6
6039798,7,11
6039799,7,30
8039017,4,32
8039014,2,38
6039794,3,37
6039770,6,10
6039771,6,12
6039767,4,19
6039766,6,26
6039811,4,21
6039812,7,37
6039808,2,14
8014161,3,14
8014158,2,21
6032669,7,18
6032668,7,17
6032666,5,16
8140036,7,32
8020413,2,8
8025248,6,8
8020017,3,7
8041823,6,27
8041824,7,30
8142755,3,14
8142756,4,35
6533119,3,39
8019984,3,38
8126684,7,13
8029614,4,36
6300503,2,40
8142357,2,13
8117996,3,38
8032465,5,27
8014740,4,11
8141799,3,17
8141631,3,32
8010901,3,17
8132174,2,37
8038698,2,19
8034849,3,36
8141173,4,39
8136351,4,13
8141630,4,37
8124649,7,28
8129449,5,11
8019887,2,6
8034848,6,32
8132173,4,17
8021756,5,27
8032153,2,35
8141796,2,22
8029615,5,32
8001249,2,12
8001250,4,36
8038184,4,17
8026153,5,16
8133036,5,37
8014146,5,5
8029077,2,37
8124652,7,25
8025472,5,14
8135483,5,18
8124653,5,26
8142358,3,33
8113512,7,28
8113511,3,31
8026151,3,5
8031494,7,35
8118467,6,10
8033431,2,20
8143421,6,29
8042442,2,31
8136363,5,37
8141175,2,35
8131717,7,7
8141637,2,11
8040048,4,21
8036587,3,25
8020606,2,39
8020604,3,38
8020605,7,23
8114425,7,5
8034850,2,29
8132042,4,24
8129448,7,29
8135484,5,39
8013459,5,10
8012988,6,21
8113509,5,16
8016938,5,5
8127816,5,18
8127817,5,14
8114974,7,40
8114973,5,36
8038719,7,18
8043405,2,26
8043401,3,32
8143423,4,25
8143136,4,25
8139141,3,16
8139139,7,11
8139140,3,5
8019136,5,34
8032159,7,6
8114423,6,18
8114422,6,7
6300285,6,30
8121131,5,9
8114426,6,34
8138137,2,38
8038862,5,30
8127815,2,25
8127814,3,39
8033811,5,11
8033810,7,5
8114975,4,37
8114976,4,23
8034462,7,10
8138367,7,9
8142437,7,10
8140644,6,26
8029617,6,30
8038860,2,34
8020732,3,9
8010823,2,38
6310149,7,27
8020273,5,15
8123471,7,6
8010431,2,39
8010432,7,14
8141172,2,19
8032152,6,11
8034463,4,22
8021431,7,37
8125501,4,6
8125494,7,13
8125496,5,23
8132740,5,5
8125491,7,40
8125487,3,36
8125488,3,24
8125489,5,17
8134492,3,7
8125492,5,10
8127290,5,31
8127289,7,16
8119132,7,32
6310128,3,37
6033320,7,22
8009617,4,25
6310129,5,20
8009618,6,8
6034341,3,27
8129041,3,16
8028453,3,29
8129042,3,40
8028454,6,18
8136134,7,28
8136135,6,16
9999596,6,11
6031184,4,33
8033861,2,38
9999597,6,26
6030179,4,5
8033844,2,16
8041506,6,20
8033784,4,7
8134833,2,38
8004009,7,20
8007603,7,26
8007211,6,33
8011759,3,18
6530707,6,28
6530706,7,23
8005267,3,6
8005268,3,14
8005269,2,18
8005270,5,26
8005271,4,11
8005272,7,26
8136619,3,19
8018850,3,32
8007212,7,12
8023462,2,17
8004008,4,39
6033321,6,22
8000215,3,14
8139024,5,8
8136618,7,20
8139023,7,32
8136617,4,18
8014822,6,17
8009708,6,13
8013670,4,36
8013671,4,11
8027001,5,33
8013667,6,16
9999515,4,21
8013669,2,30
9999516,2,35
8013666,3,18
8022985,6,16
8024565,5,12
8138103,3,5
8138101,4,9
8138099,6,11
8138098,3,34
8140355,6,20
8140158,4,30
8140157,6,14
8138106,3,22
8138097,4,37
8140156,7,22
8138104,6,26
8136730,7,19
8112944,5,37
8117897,2,17
8117898,4,26
8125565,5,24
8125566,4,23
8115574,6,24
8117896,4,14
8118746,6,32
8117901,6,18
8129377,4,22
8112936,7,24
8117904,5,7
8129371,3,25
8116963,5,33
8136732,2,7
8120587,3,23
8117899,5,39
8116960,5,8
8120585,4,26
8120588,3,30
8129198,4,35
8115573,4,22
8136731,6,26
8136733,6,10
6039772,6,10
6300361,4,19
6031136,4,31
6031137,2,34
8132872,7,30
8132873,6,26
8022317,5,9
8022318,5,34
8125030,3,38
8015735,6,33
8013351,2,37
9993660,3,39
9999130,6,15
8025468,3,13
8024110,2,27
8126230,4,12
8126231,4,24
8122847,2,24
8115260,3,31
9997963,6,15
9993783,4,16
8142620,6,5
8142619,6,32
8032158,3,17
8034210,6,21
8034212,5,36
8034211,3,10
8041657,7,5
8034213,7,31
8034214,6,23
8034215,4,13
8041658,3,18
8034216,2,6
8141526,3,5
8141523,2,16
8139671,3,36
8139349,4,30
8139348,5,32
8139344,2,26
8139346,5,26
8139347,6,10
8139310,4,36
8141524,2,34
8139339,3,24
8139312,3,19
8139329,2,32
8139330,3,32
8139328,5,6
8141525,3,25
8139350,7,6
8139311,5,33
8139672,6,32
8139341,5,26
8139342,3,17
8139343,7,22
8141520,2,40
8139345,2,30
8141521,2,30
8139292,7,18
8141522,3,33
8139293,3,37
8141371,7,33
8141367,3,30
8141369,5,31
8011326,3,37
8139416,5,14
6310629,5,27
8139415,7,6
6310631,7,33
8141352,2,38
8141350,3,34
8039145,4,9
8141349,4,16
8141365,7,37
8141364,2,5
8141355,7,33
8141359,6,21
8141357,3,16
8141362,3,38
8139418,2,21
6310630,5,6
8139417,3,38
6310632,2,24
6039752,4,27
8133076,4,22
8133302,3,17
8133075,5,33
8000176,4,5
8140687,6,34
8140690,7,30
8140691,2,28
8140689,5,18
8140688,5,26
8117074,4,36
8117075,3,39
8113499,2,11
8113498,7,31
8113500,6,31
5101502,5,5
5101504,3,24
8127350,6,34
8127351,2,27
8120422,4,10
8120424,7,20
8125161,3,35
8140283,6,21
8125097,6,15
8138271,4,38
8038888,7,35
8122541,7,35
8128525,6,7
8110861,3,26
8121014,7,28
8110860,3,29
8121011,6,14
8022418,4,31
8007663,5,35
6530740,7,26
8130947,5,8
8116225,2,12
8007664,7,6
6302067,6,24
8142517,3,11
8127528,2,11
8127530,5,21
8119056,5,7
8119055,2,23
8119052,2,8
8119050,4,24
8119074,6,30
8127525,7,38
8119049,7,33
8120631,4,5
8119069,5,11
8120630,2,15
8127526,3,13
8127527,5,23
8119060,2,23
8119075,2,30
8139376,2,37
8139378,4,5
8139379,6,17
8127524,4,33
8119059,3,30
8119071,6,5
8120633,4,24
8119065,4,20
8134487,3,10
8134489,3,23
8134486,6,11
8134485,7,22
8140205,4,39
8140206,2,30
8140207,7,31
8127520,7,14
8127521,7,38
8130640,7,8
8129688,7,14
8131457,4,22
8129687,4,10
8139381,4,17
8142215,6,23
8142217,6,38
8142218,6,13
8142216,3,23
8142219,4,28
8131460,6,29
8039948,3,38
8128589,3,31
8019193,5,11
8019194,6,39
8128590,4,34
8019190,7,10
8019189,4,9
8128588,4,28
8125159,7,9
8125160,5,16
8019192,2,34
8019191,7,10
8137494,6,26
8132409,6,9
8110403,3,28
8110401,7,10
6300385,2,29
8110402,7,21
8031090,3,18
6300384,4,39
8012377,5,27
8123597,2,38
8117533,5,38
8012375,7,26
8012376,5,5
8031091,2,27
8142328,7,5
8137329,6,39
8143176,2,7
8142330,2,39
8133270,3,37
8135147,7,6
8133269,6,7
8142334,6,33
8133271,7,24
8135148,2,6
8143177,3,32
8137328,2,16
8137330,2,24
8004824,3,21
8117504,4,10
8123174,4,39
8123172,4,21
8141671,4,5
8000646,2,22
8126856,6,11
8126857,3,14
8138095,7,5
8126855,7,5
8126854,3,28
8138107,3,37
8138096,3,12
8126852,4,29
6033484,5,34
8008292,7,21
6301092,6,31
8004590,5,15
8142908,5,12
9999306,4,16
8000047,6,27
9999307,4,24
9998848,5,11
8000046,3,7
9997716,2,39
6302052,7,35
6302054,2,16
6302058,4,7
6302051,5,30
6302053,3,38
6030740,2,40
8018711,5,25
6034652,5,37
8118490,3,15
8002565,2,28
8134571,5,12
8134572,7,34
8118493,5,10
8118492,7,29
8002569,5,22
8118496,4,33
8118495,4,28
8118491,3,21
8002567,6,33
8141704,4,11
8118494,3,36
8118498,4,38
8118497,5,39
8118499,6,33
8002588,3,13
9998312,5,5
8004050,4,38
9998311,3,22
8013662,6,10
8123431,4,27
8141755,6,34
8141758,7,12
8141759,7,11
8141754,6,22
8139476,2,6
8141757,3,23
8141756,7,30
8035145,7,16
8018304,3,38
8015418,2,14
8018303,6,34
8026699,2,14
8026702,4,25
8026703,5,13
8009942,7,21
8009943,2,15
8020003,7,27
8126037,6,38
8039614,3,24
8039615,6,22
8043361,4,20
8115536,2,25
8142845,2,30
8121388,4,38
8127632,2,18
8126005,6,39
8142848,5,35
8142849,5,34
8142850,7,13
8141978,6,17
8131202,3,40
8126660,2,31
8132842,5,25
8021883,6,11
8112244,4,39
8112241,3,11
8128058,6,5
8111697,6,33
8111693,5,26
8138182,2,12
8138183,4,25
8138184,4,27
8138180,5,28
8138181,6,21
8011671,5,35
8011675,7,9
8011672,2,34
8011676,6,33
8133913,5,7
8133917,4,19
8133912,2,39
8133914,4,23
8135209,3,8
8135208,5,10
8135210,2,37
8135211,2,32
8011666,5,19
8034941,4,18
8128057,5,11
8128056,4,39
8128055,3,26
8037606,7,15
8037607,3,15
8037608,4,27
8128054,6,38
8037482,4,40
8037483,6,21
8034943,3,24
8011677,2,33
8034942,2,13
8129707,4,33
8130616,7,23
8036598,5,31
8136607,2,22
8136609,7,35
8136608,5,26
8133918,7,23
8119293,4,28
8119289,5,18
8119292,4,30
8138015,6,37
8138016,7,16
8138017,5,20
8119010,4,6
8119011,3,25
8119012,6,31
8119015,7,9
8119016,7,36
8119013,2,16
9991335,4,35
8140326,4,26
8128100,6,33
8128099,2,34
8140325,4,34
8135120,5,23
8135119,3,40
8120797,5,36
8140327,7,16
8010302,2,33
8010300,4,31
8120205,6,36
8126991,3,16
8126992,2,32
8126993,7,16
8114000,3,8
8132672,6,14
8018269,4,20
8028116,7,16
8127001,7,10
8132673,6,23
8127000,4,24
8020676,4,38
8139013,3,30
8139012,4,12
8019059,6,5
8019058,4,19
8019061,4,23
8019060,3,10
8019063,5,40
8019062,2,37
8019065,6,22
8019064,3,22
8018279,3,29
8018282,6,39
8023713,7,35
8038263,6,29
8140967,3,24
8140968,6,8
8135740,2,22
8135737,3,27
8135739,6,6
8018278,5,17
8018277,4,36
8019980,3,9
8019979,5,28
8019978,7,16
8018276,4,35
8122731,5,24
8122732,4,37
8019977,3,17
8018275,4,12
8018268,3,5
8122729,5,37
8019066,3,30
8018267,5,37
8030978,7,28
8030977,6,30
8019057,2,38
8019056,6,19
8132674,7,11
8033153,2,35
8029082,3,16
8029083,2,24
8109297,4,27
8135743,7,12
8021361,3,32
8018271,6,10
8135742,6,11
8135741,7,30
8026254,6,17
8026255,3,27
8020675,3,32
8020674,5,17
8018265,4,22
8122730,6,12
8018266,7,29
8019975,4,6
8001450,6,32
8001451,4,36
8012306,7,30
8012307,6,13
8016131,6,29
8012305,7,32
8021895,4,7
8018597,7,22
8033447,6,11
8006947,7,32
8021896,2,18
8141063,5,21
8136136,2,25
8127802,4,15
8127359,6,23
8136137,7,29
8141064,2,22
8030895,7,39
8034562,2,16
8006789,5,15
8022204,5,30
8022203,4,14
8006788,2,18
8015483,6,22
8023711,4,35
8018357,4,31
8039930,4,6
8037949,2,20
8012313,7,22
8012311,5,23
8012309,5,39
8012310,7,15
8012308,3,37
8038273,7,40
8039929,2,28
8039924,2,36
8039923,5,5
8039922,5,26
8012312,6,25
8025479,7,10
8007986,5,34
8007987,7,26
8025478,2,17
8028541,4,8
8012379,2,9
8134832,6,34
8143273,6,6
8126774,6,17
8126776,6,34
8126775,6,21
8126772,2,40
8126778,5,6
8126773,5,37
8128047,7,32
8129274,6,29
8132109,4,15
8132110,3,26
8128046,3,29
8132106,7,13
8128042,2,22
8128043,6,23
8132107,2,26
8128040,3,16
8132105,7,35
8128045,7,31
8132108,6,20
8128044,4,20
8128041,7,40
8133249,4,19
8128872,5,7
6310524,3,32
8118975,7,12
8014861,5,22
8014866,4,5
8013464,5,37
6310523,6,14
8142604,6,16
8142605,4,16
8042047,3,14
8042048,2,9
8139496,2,25
8040805,2,30
8031364,5,36
8031365,7,11
8126339,3,22
8011705,3,5
8011704,2,33
8019452,5,12
8127949,6,40
8128291,4,13
8141602,4,38
8141603,2,22
8138243,2,22
8138242,2,30
8138241,5,32
8128290,5,10
8132708,6,32
8111457,7,31
8008268,2,32
8036269,3,12
8000319,2,39
8003955,4,30
8118944,2,38
8000318,7,18
8031360,3,20
8137533,3,18
8035743,3,13
8027288,6,5
8027289,6,19
8140500,7,8
8140501,5,33
8027286,2,34
8027285,5,30
8027287,6,18
8027284,2,8
8035746,3,16
8027280,2,33
8027283,2,25
8133254,4,29
8134490,3,21
8035622,3,8
6533111,5,24
8136587,5,13
8136588,5,18
8136586,7,19
8142703,5,36
8142704,4,37
8142705,4,21
8142708,6,36
8142706,6,39
8142710,5,33
8142709,3,29
8142707,6,39
8143143,6,12
8110891,2,27
8110892,2,16
8110890,3,23
8110888,4,33
8110889,3,13
8110887,2,8
8138942,2,31
8138941,7,34
8138939,7,8
8138940,5,39
8142656,3,38
8139883,5,15
8111454,6,12
8111455,2,32
8127435,4,36
8020782,5,16
8031213,2,31
8127434,6,24
8136877,2,20
8014910,2,5
8111456,6,15
6301046,5,25
8026983,6,26
8031214,2,34
8030189,3,26
6034710,7,32
8132294,6,26
8132292,5,35
8121799,3,5
8121800,5,11
8133250,7,22
8131238,6,23
8131242,6,29
8131239,7,23
8131243,3,13
8139499,5,20
8138938,3,10
8138937,6,28
8133251,3,31
8139500,5,36
8139501,5,7
8139502,7,37
8139503,5,10
8036268,4,29
8011713,3,5
8141604,4,29
8011712,2,36
8026978,3,21
8137534,6,22
8003956,5,13
6533142,5,25
8133247,2,9
8143150,7,35
8143151,4,37
8133177,6,17
8133242,2,24
8143082,2,39
8143081,3,14
8143083,5,28
8133246,3,7
8133241,6,34
8133178,4,35
8133243,7,27
8133179,4,27
8133244,6,28
8133240,5,9
8133245,5,28
8019814,2,7
8031371,7,29
8133252,6,12
8133253,5,8
8130946,3,30
8131598,7,16
6310520,6,14
8118977,3,35
8014858,6,19
8014859,2,37
8013471,2,26
6310519,2,7
8142625,5,10
8032576,3,25
8142626,6,31
8042051,7,39
8042052,4,17
8139488,5,19
8139494,6,29
8040806,6,31
8031366,2,39
8031363,3,15
8142531,3,8
8142535,6,24
8138375,3,10
8138377,5,27
8042683,4,23
8140506,2,29
8042957,7,32
8141677,3,19
8129237,2,38
8142065,2,24
8129236,7,26
8138376,6,21
8140505,2,30
8138374,5,34
8141675,2,8
8141676,5,33
8142810,5,21
8142809,4,21
6301211,6,21
6253701,6,8
8017272,5,18
8115159,5,22
8130492,7,12
8043460,4,16
8043467,2,27
8043472,5,26
8043476,6,22
9995592,2,23
8043473,4,21
8130491,7,26
8143032,2,16
9995584,3,20
8143033,2,31
8143034,2,29
8043464,6,35
8013955,2,31
9996074,4,33
8008961,2,18
8008960,5,38
8021909,6,25
8021682,7,16
8002038,5,31
8121183,5,13
8121184,7,19
8121185,3,5
8121186,3,19
8121187,5,22
8002036,5,29
6030908,7,34
6530375,3,39
6030909,2,13
8121188,6,11
8002040,4,24
8002046,4,39
9996106,2,7
8007612,5,17
8136827,3,22
8031065,2,12
8027494,2,29
8027493,2,29
8136496,5,12
8141588,6,20
8020310,3,24
8137716,7,7
8020309,6,38
8126350,3,39
8020311,5,40
8136826,4,40
8122932,7,24
8122933,2,20
8032543,5,6
8032478,2,7
8032749,2,9
8032877,7,40
6030603,2,35
6030604,6,37
8127463,7,21
8127462,7,22
8016171,6,6
8016181,7,25
8116408,4,8
8037139,7,5
8038998,2,14
9994362,4,20
9999562,5,19
8017227,3,37
8029941,4,19
8000927,4,32
8042782,3,31
8137945,2,24
8037980,6,6
8135908,6,11
8138136,2,13
8037986,4,37
8042443,4,28
8136622,2,37
8136364,3,40
8128759,7,23
8137608,6,34
8037983,5,33
8037981,6,21
8037985,3,8
8037982,3,19
8143137,5,8
8128112,3,19
8143003,6,17
8143004,2,8
8143005,3,32
8043674,4,38
8123939,2,21
8018809,2,14
8018810,5,29
8038102,5,20
8038101,3,21
8137694,4,20
8137695,7,5
8137699,4,21
8041890,5,19
8131940,4,35
8131941,3,18
8131942,6,15
8127633,3,23
8127634,5,40
8135879,7,9
8116372,5,7
8116373,2,23
8127974,7,6
8018702,6,30
8033768,7,8
8021078,2,11
8021079,7,32
8021072,7,13
8021073,6,17
8126045,6,27
8018838,5,17
8018839,7,27
8027062,3,34
8027063,2,26
8019881,6,6
8019879,7,13
8019880,3,12
8043676,5,30
8141418,5,21
8141419,3,25
8141420,5,11
8021080,7,19
8033769,5,29
8143007,6,11
8137700,2,10
8131943,4,25
8116375,5,15
8018706,5,10
8009329,2,17
8027067,5,13
8019085,2,26
8141421,2,6
8131944,6,17
8116374,4,35
8143008,2,11
8137701,3,31
8127637,7,35
8126071,6,15
8019119,5,8
8019882,6,29
8038098,4,28
8143009,3,14
8131945,6,9
8143000,6,18
8143001,5,31
8143002,7,17
8043673,3,35
8123938,3,17
8018807,2,23
8018808,2,15
8038103,4,7
8038100,7,30
8137696,3,35
8137697,3,40
8137698,3,6
8041889,5,28
8129123,7,11
8141415,5,34
8141416,7,28
8141417,7,24
8131938,5,26
8131937,6,33
8131939,5,40
8127635,2,33
8127636,2,33
8135880,2,19
8116370,7,23
8116371,3,32
8127975,2,31
8033767,3,21
8021076,3,24
8021077,7,33
8021070,5,32
8021071,2,28
8043713,4,15
8018836,5,5
8018837,5,14
8027059,7,28
8027060,4,20
8019878,5,26
8019876,6,6
8019877,5,37
8018811,4,9
8043675,6,27
8017750,6,8
8121676,7,11
6530489,7,23
8005208,6,40
8012040,2,11
6034656,6,36
8003608,6,34
6034655,5,29
8021261,6,17
8003610,3,18
6030459,3,9
6300056,7,10
6034654,2,17
8003606,7,30
6030741,2,38
8020572,4,20
6034658,6,27
6034659,6,20
8129537,6,27
8132404,6,27
8124621,2,25
8132398,7,19
8126981,5,9
8119586,3,5
8126980,4,25
8119587,6,17
8143368,7,22
8143353,4,30
8143363,6,39
8143369,5,16
8143354,5,18
8014490,5,23
8143370,2,5
8113247,3,27
8043406,2,37
8040288,5,20
8040285,6,8
8131828,3,33
8113248,4,16
8021889,2,33
8021673,7,22
8021736,5,34
8021677,3,24
6295354,6,6
8020905,2,32
8020138,6,37
8041801,2,28
8133695,3,9
8113398,7,32
8018532,2,17
8018533,2,25
8122591,6,37
8122594,4,33
8122590,2,9
8122588,7,39
8122595,4,15
8122592,3,15
8122589,2,7
8122593,6,6
8114239,5,11
8017623,7,24
8114238,4,23
8114237,3,15
8020324,3,11
8114235,7,5
8017622,7,11
8114236,3,8
8017625,5,18
8035109,7,28
8012960,5,10
8012959,2,35
8120826,3,7
8120827,5,12
8120828,4,12
8120830,2,25
8120831,4,19
8120832,4,33
8120833,6,29
8113589,3,16
8113591,2,38
8113592,5,26
8113590,6,34
8112264,2,31
8041057,7,35
8041058,3,32
8041059,5,26
8041060,7,20
8136668,5,9
8041061,7,10
8041062,5,36
8041063,3,27
8112265,4,30
8041064,3,25
8041065,2,10
8041066,2,21
8126720,7,23
8041067,7,29
8041068,7,16
8041070,4,40
8041071,3,36
8041072,3,33
8041073,3,22
8041074,5,32
8126718,3,29
8041075,7,33
8041076,3,9
8041077,7,24
8126719,3,37
8041078,7,38
8041079,5,31
8041080,2,20
8041081,4,6
8041082,2,24
8136670,3,20
8136669,4,28
8041085,4,25
8041088,5,23
8041090,7,16
8126300,5,9
8126295,5,24
8126298,6,22
8126297,2,25
8126299,2,33
8126296,7,12
8126294,6,17
8142567,4,28
8142573,6,37
8142565,6,21
8142571,2,16
8142566,4,26
8142572,2,14
8024167,2,18
8142580,3,18
6039265,6,21
8142579,4,36
8014438,2,19
8014436,7,38
6039266,3,36
6039276,4,8
6039277,5,17
8017457,2,6
8140361,3,36
8140360,5,28
8140362,6,8
8003305,6,37
8036433,5,30
8036432,4,23
8137397,3,30
8116819,7,31
8116820,2,31
8116817,4,15
8136979,5,15
8116818,2,25
8116821,5,27
8116822,2,31
8022321,6,23
6300704,6,11
8140358,5,32
8140357,3,38
8140359,4,36
8121675,7,33
8122177,3,22
8122101,6,21
6300702,7,40
8110162,5,24
8110161,4,11
8110163,2,17
8033110,3,12
8042559,2,25
8042557,6,24
8042558,7,38
8033109,5,5
8042562,4,36
8042563,3,35
8042561,2,5
8033111,2,27
8036430,5,39
8036419,5,9
8036418,2,16
8033107,3,9
8042097,6,31
8110361,3,17
8140420,3,9
8140423,3,21
8140421,2,19
8140422,6,18
8120375,5,39
8028976,6,30
8119643,4,40
8040930,4,22
8028360,2,39
8028363,2,39
8028978,5,36
8038777,4,34
8028979,5,37
6300703,6,24
8043197,4,12
8142564,6,15
8142570,4,17
8142562,7,13
8142568,2,33
8142563,3,23
8142569,2,16
8142581,4,33
8014684,3,39
8010683,6,25
6039338,6,28
6034202,4,27
8010684,2,40
8143040,5,12
8128233,4,14
8123164,2,33
8038901,5,20
8038902,4,19
8038903,3,31
8137603,5,8
8137604,2,11
8123163,5,37
8024180,4,28
8024175,2,10
8036873,2,40
8115899,2,32
8115895,2,36
8010529,7,6
8116546,2,12
8142157,7,28
8111597,2,7
8015912,2,32
8015913,5,29
8019983,4,39
8131391,4,12
8110754,7,19
8013977,2,29
8142674,7,8
8120810,7,23
8134947,6,23
8033868,4,10
8033869,6,19
8033870,3,18
8033871,3,16
8134946,5,13
8131151,6,40
8033872,5,11
8040046,2,26
8027921,3,27
8027923,3,24
8013979,4,17
8036023,2,38
8040775,3,6
8034927,6,29
8112660,4,17
8112661,4,27
8126194,4,40
8140481,6,20
8127332,6,7
8127333,2,40
8110302,6,29
8115898,5,21
8036874,7,40
8115893,2,24
8140482,4,5
8140483,7,38
8038131,3,17
6301013,5,34
8012095,5,7
8024176,3,40
8037465,5,32
8126192,7,16
8032728,7,28
6300034,4,16
6310185,5,17
8001373,4,34
8001374,6,38
8007186,3,37
8018409,4,36
8018410,7,39
8026679,2,36
8039879,6,17
8123083,2,36
8014323,4,34
8010371,2,30
8121178,4,37
8022631,7,6
8022632,4,35
8127334,5,19
8138492,4,29
8138493,5,26
8026681,3,20
8128232,5,21
8010377,2,31
8111406,3,32
8117762,3,8
8117763,3,19
8026682,2,28
8023293,7,10
8014324,3,23
8141862,2,5
8122142,2,10
8038893,6,8
8018847,3,21
8018848,2,10
8018849,3,11
8140815,6,27
8140822,2,32
8140820,5,34
8140318,6,26
8140320,6,29
8141103,6,31
8141102,7,14
8131010,4,11
8136948,3,25
8014661,7,12
8022412,7,15
8131004,5,39
8133603,3,17
8133604,6,21
8022413,5,8
8131008,5,25
8137518,6,20
8143929,5,18
8137517,2,26
8139673,4,17
8013761,2,11
8010452,5,27
8131006,2,30
8022415,2,33
8131002,4,37
8018491,3,11
8140964,6,7
8140610,3,36
8140609,7,5
6031309,2,20
8025244,3,32
8013940,5,7
6031317,6,12
8025245,5,14
6031319,4,8
8138310,6,24
8138308,4,22
8138307,3,37
6031311,7,9
6031320,6,38
8004588,5,23
6031321,7,28
8138309,6,9
8120857,4,34
6031323,7,21
6031316,4,7
6310674,7,20
6300747,7,15
6300748,5,16
8009947,7,8
6031318,6,9
6031325,3,24
6031326,7,21
6031327,6,26
8020858,4,14
6031312,7,17
6031329,4,10
6031330,3,22
6031315,5,32
6031331,5,23
6031332,6,28
6031313,3,13
8029861,2,5
8116785,5,15
8116786,6,8
8129104,7,35
8129105,2,14
8129101,5,33
8129102,7,30
8129103,2,13
8129106,6,11
8129107,4,17
8129099,6,14
8129100,4,39
8020243,3,10
8020417,6,18
8017274,5,20
8017245,2,32
8115766,6,28
8118980,6,7
8038979,5,31
8129360,4,15
8124282,5,21
8041568,2,22
8120667,6,7
8124419,3,22
8123610,4,8
8136872,2,6
8123609,7,6
8119713,4,28
8135907,6,8
8143217,7,9
8113932,7,35
8039424,5,33
8039425,5,10
8110853,7,11
8130891,7,30
8116924,2,13
8110854,5,8
8143218,2,17
8122998,4,38
8135904,4,18
8141120,2,39
8135906,2,35
8135905,7,25
8040269,2,6
8040271,6,33
8040272,7,9
8040270,5,37
8116925,4,29
8113933,3,23
8130181,4,22
8121717,5,8
8038980,6,26
8041569,3,5
8039048,6,18
8126666,5,30
8038978,5,35
8038982,7,30
8139726,5,21
8040821,7,7
8040822,2,33
8135383,4,12
8135990,6,15
8134682,5,27
8112368,5,17
8033072,3,16
8033887,3,25
8125012,4,21
8125011,4,15
8125010,4,31
8009404,5,18
6033152,7,11
6033150,3,21
8007485,6,25
6033164,4,8
8000854,2,10
6033153,3,21
8023670,7,8
8011458,2,26
8009405,4,39
8005294,3,10
8005299,6,27
8005296,4,11
6301940,3,40
6301941,6,24
6301942,4,37
6301943,5,36
6301944,5,11
6301945,6,14
6301946,4,37
8005297,2,9
6301947,3,27
6301948,2,26
6301949,2,6
6301950,2,11
6301951,2,6
6301952,2,26
6301955,4,16
6301953,6,26
6301954,5,15
6301956,6,17
8005298,2,11
8005295,6,5
6301957,3,24
6310180,4,17
8001253,6,11
8010461,4,23
8010462,5,28
8121608,5,39
8109815,3,36
8109837,7,29
8109816,7,37
8109817,4,25
8109818,5,18
8109819,2,13
8109820,6,26
8109822,7,22
8109825,5,7
8109828,3,33
8109829,6,20
8109830,4,12
8109831,6,16
8109832,6,37
8109833,4,24
8109834,7,37
8109835,7,37
8109836,7,11
8121609,5,7
8121607,2,17
8004371,7,16
8004372,4,14
8004373,6,34
6310648,2,40
6310650,2,29
6310651,4,30
6310652,2,40
6310653,3,32
6310654,6,14
6310655,6,35
8007387,3,37
6310656,2,36
6310657,7,8
6310658,5,16
6310659,3,40
6310660,7,35
6310661,7,35
6310662,5,25
6310663,4,38
6310664,3,31
6310665,6,19
8007388,3,19
8007389,4,37
6310649,2,34
8134932,7,5
8134933,6,11
8134934,7,23
8134935,5,39
8134943,6,9
8134936,4,21
8134939,6,7
8134941,7,22
8134937,3,25
8134940,6,22
8134942,3,19
8134938,5,28
8004741,3,31
8039157,7,35
8039154,7,19
8039158,4,9
8039156,7,10
6310181,5,10
8116187,3,6
8116204,5,22
8116188,7,13
8116189,2,36
8116190,4,5
8116191,7,31
8116192,6,19
8116193,2,13
8116194,6,24
8116195,2,29
8116196,6,25
8116197,6,33
8116198,2,10
8116199,6,29
8116200,3,40
8116201,5,32
8116202,3,9
8116203,6,21
8033645,2,39
8034877,6,24
8139914,4,40
8139913,6,20
8142940,6,31
8139909,5,33
8139908,6,16
8139907,3,15
8139904,3,38
8139905,7,25
8139911,2,26
8142454,4,35
8039671,5,6
8034874,4,22
8034876,6,36
8141909,7,16
8034860,7,9
8034870,5,21
8112083,7,38
8139917,2,8
8139919,6,15
8142941,4,9
8139915,5,32
8139918,6,15
8139912,5,7
8033635,7,30
8139921,6,17
8143425,4,15
8139924,7,8
8141911,7,27
8119612,5,33
8118055,7,16
8118791,5,9
8130962,7,20
8130961,3,22
8130963,7,16
6301437,2,22
6301438,7,22
6301439,5,29
8130965,5,13
8130964,4,20
8140808,4,24
8140805,5,7
8140809,6,19
6033532,7,37
8130960,4,26
6030372,3,34
8021433,3,23
8021639,2,19
8040762,7,28
8040763,2,32
8039019,5,30
8031893,5,31
8031894,2,10
8035838,5,40
8031895,4,20
8031896,4,11
8032971,4,12
8127438,6,33
8127454,5,11
8127453,4,21
8003130,7,16
8023136,4,26
6530669,4,37
1160,2,39
1159,7,19
8015076,4,29
8015084,2,38
8030188,3,26
8015085,5,12
8011011,6,37
8022623,7,7
9994894,3,10
8009279,3,19
8011919,4,27
8011920,5,18
8022625,4,28
8022624,3,15
8024336,2,40
8009277,2,36
8021412,4,26
8129640,5,12
8126990,2,37
8124728,3,26
8134083,2,26
8029438,2,18
8126985,2,30
8113505,5,37
8110470,3,18
8140119,2,13
8134699,7,19
8140155,6,39
8041510,5,27
8138125,4,13
8126997,4,40
8041512,4,10
8132406,2,29
8126996,7,40
8140128,5,19
8138115,2,28
8138113,3,33
8138116,3,32
8138112,3,19
8138114,5,22
8119584,2,35
8041511,4,35
8041686,5,20
8126978,5,5
8039656,5,5
8039208,4,15
8039209,6,27
8142511,4,20
8142512,3,5
8031054,3,7
8031055,7,40
8110772,5,16
8110758,3,31
8138710,4,33
8131205,7,22
8110765,2,19
8119021,4,36
8128694,3,38
8128697,7,40
8135017,3,25
8034693,6,29
8035140,4,33
8035141,7,18
8031025,7,40
8031026,7,35
8124056,6,22
8136530,7,5
8136529,4,25
8136533,4,17
8142513,6,24
8114216,2,7
8125079,5,25
8129690,2,11
8125078,5,32
8136528,2,31
8125077,4,10
8031050,2,21
8131206,6,34
8037204,2,36
8041744,4,6
8138709,7,36
8131203,7,38
8037201,3,25
8119020,3,36
8039207,2,33
8039206,6,29
8039204,4,39
8142509,3,19
8142510,6,22
8031052,7,29
8031053,6,14
8110769,6,8
8110757,2,10
8138711,5,6
8110755,5,40
8122506,3,40
8131204,2,10
8110764,3,31
8119019,6,30
8128696,2,39
8128695,2,34
8135018,2,17
8034692,7,11
8035139,5,20
8035142,3,29
8031022,7,33
8031023,2,22
8136531,5,21
8136331,7,19
8136532,4,7
8143634,7,10
8002736,6,23
6030823,6,30
6530447,4,19
6030820,5,12
6530440,3,35
6530442,6,25
6530422,3,28
6530429,2,34
6530441,5,9
6530450,7,13
8019333,4,22
8032696,4,38
8008206,2,36
8032695,7,18
8032694,4,15
8032699,3,40
6530432,7,30
8032692,3,10
6530437,2,30
8032697,6,15
6530430,4,13
8032693,6,35
8032698,6,13
6530438,2,20
6530443,6,28
6530423,5,40
6530424,4,29
6530425,5,35
6530428,4,9
8016604,3,23
8015294,7,11
8015290,2,24
8016602,7,29
8015292,2,21
8015293,7,38
8015297,4,20
8015299,3,14
8129675,3,28
8015295,4,25
8015298,5,19
8129674,4,10
8129676,6,6
8015296,7,29
8015305,3,24
8015304,6,21
8028113,2,9
8015308,7,25
8017300,3,25
8133723,5,28
8015306,5,17
8017299,2,14
8133721,3,35
8123517,7,40
8133724,7,28
8015307,4,11
6530421,3,10
6530414,2,22
6530416,7,28
6530412,3,9
6030805,6,27
6300896,7,20
6300898,5,14
8123952,7,5
8017013,6,6
8017012,3,27
8129629,5,21
8135552,6,15
9991084,3,8
5993,6,5
8017296,6,38
8039969,7,14
8138861,4,37
8138862,4,6
8121047,2,25
8138860,2,40
8138863,3,15
8138859,5,13
8039961,2,12
6302066,5,7
8138849,5,39
8138846,6,18
8138847,3,37
8111425,7,27
8138848,6,16
8039964,3,14
8138845,6,18
8138850,5,9
8138851,5,24
8138852,5,25
8140143,2,27
8138855,6,39
8138854,4,14
8138853,7,15
8109485,4,13
8138857,4,31
8138858,7,22
8138856,2,15
8138864,3,18
8028184,5,34
6296200,3,28
8038732,3,40
8142633,5,17
8142632,7,40
8142631,6,6
8139365,5,33
8139364,3,26
8139363,6,16
8117786,3,35
8111852,3,25
8128506,7,10
8037235,5,6
8128507,7,25
8136040,7,24
8136041,4,10
8131870,6,30
8131869,5,27
8133441,6,8
8037244,4,27
8040150,2,19
8040151,3,20
8141422,4,5
8128508,4,11
8121638,2,40
8142379,6,15
8021446,3,15
8021448,2,11
8021657,4,12
8121352,4,40
8121353,4,28
8121350,2,20
8121351,2,40
8121355,5,40
8121354,6,33
8020821,2,22
8010986,7,34
8010987,6,25
8018718,3,11
8010988,3,14
8010989,2,17
8013369,7,25
8010969,7,13
8010970,4,21
8010971,2,24
8010963,4,15
8010964,3,16
8034271,7,26
8026109,4,19
8010994,5,7
8010993,2,8
8010981,5,21
8010982,7,12
8010983,6,5
8010992,2,11
8010990,2,17
8010991,5,24
8010960,5,22
8010962,4,31
8015846,3,35
8015847,4,36
8010984,4,39
8010985,4,6
8018924,5,36
8011004,4,20
8011005,7,34
8011006,3,39
8011007,2,18
8010975,5,33
8010976,4,6
8010977,3,20
8010972,6,30
8010973,5,34
8010974,2,18
8010978,5,17
8010979,6,33
8010980,3,19
8010995,6,9
8010997,2,33
8010996,6,12
8010998,4,33
8011000,4,7
8010999,3,38
8011001,5,32
8011003,5,23
8011002,4,31
8010966,2,21
8010967,7,26
8010968,2,17
8010957,4,12
8037075,7,27
8112234,6,24
8118070,2,19
8133943,6,19
8114518,4,25
8034413,7,15
8126725,6,21
8028679,5,5
8131172,2,22
8131136,5,25
8131137,3,24
8131731,7,9
8135128,5,36
8131134,3,5
8131135,3,12
8143982,7,33
8142958,4,24
8142957,4,15
8028709,7,27
8133696,2,13
8118300,7,27
8020538,6,30
8028675,6,14
8020537,7,22
8024468,2,10
8143981,2,32
8118696,5,15
8118697,3,9
8118699,3,20
8021001,4,16
8123635,6,12
8038371,3,38
8020046,4,14
8032286,7,10
8139585,3,11
8038373,3,16
8020043,5,23
8038372,4,24
8139593,6,27
8041169,2,38
8041168,5,22
8129247,2,8
8126088,5,6
8126089,4,23
8125753,3,33
8140965,4,11
8011414,5,12
8011412,3,15
8011416,2,34
6034531,6,20
8011413,2,24
8019429,3,15
8031907,7,15
8016945,5,35
8016943,7,31
8127377,5,20
8127255,2,12
8127254,3,34
8024682,5,18
6533126,6,15
6533128,6,12
8009700,6,36
8010797,3,31
8013427,7,21
8013428,2,40
8013484,3,33
8013426,5,26
6039226,4,9
8125754,5,6
8016951,7,8
8129245,6,19
8129244,5,37
8126080,7,40
8126081,3,34
8019430,2,6
8131738,5,17
8016952,3,35
8016950,5,20
8138906,2,29
8016948,2,15
8016949,3,11
8142811,3,10
8142812,2,5
8041010,5,11
8041011,2,30
8134552,2,18
8021374,6,35
8021373,6,15
8140354,7,37
8011046,3,11
8016099,2,32
8016097,4,38
8011043,3,36
8016101,4,6
8016100,3,40
8043389,4,30
8043387,6,24
8031374,5,13
8031373,5,6
8120432,5,40
8109262,6,24
8128420,3,18
8138832,6,39
8128418,7,35
8017037,3,27
8017038,7,35
8128419,6,10
8138274,6,9
8128421,7,40
8017036,7,13
8128417,6,15
8009104,5,13
8129914,6,14
8129915,7,30
8133417,7,35
8129920,2,16
8138276,6,28
8140352,4,37
8117181,3,9
8017015,5,16
8129913,5,37
8138275,6,33
8003426,7,15
8131660,7,28
8131658,6,35
8111593,5,27
8131656,5,9
8111592,6,9
8131657,4,26
8131655,4,14
8131659,4,26
8017052,7,27
8017053,2,32
8043098,7,9
8043097,4,37
8043095,5,10
8043100,4,8
8131670,3,15
8131661,4,39
8131662,4,6
8017055,7,13
8131671,4,12
6302023,5,36
9998758,5,34
9998528,7,7
8141924,3,27
8141925,5,34
8141926,2,18
8141934,6,36
8141935,5,34
8141930,3,31
8141936,3,5
8141921,3,28
8141922,5,25
8141923,5,14
8141937,4,36
8142943,6,33
8141938,5,31
8001461,5,31
8021808,3,35
8001463,3,31
8021807,5,20
8136709,5,33
8001462,3,18
8021809,4,16
8136708,7,21
8002123,5,23
8002122,7,10
8040691,7,8
8040704,4,22
6298019,6,11
9997142,5,12
8137403,7,38
8137405,7,37
8137398,2,30
8137399,4,11
8137402,2,19
8137406,2,31
8137401,3,12
8137400,3,5
8111768,7,16
8111773,6,33
8111771,2,26
8115953,7,5
6223603,6,14
6223601,6,17
6223602,6,37
8002838,6,34
6231635,2,10
6223606,6,7
6231633,6,14
6223604,2,32
6231634,6,40
6223605,6,13
8139944,3,32
8139943,2,32
8139941,7,14
8126016,5,22
8126019,4,35
8135714,7,21
8132325,2,29
8139507,6,39
8004609,6,28
8040816,2,6
8004610,5,5
8034137,4,7
8141787,6,31
8004612,4,32
8034138,6,19
8004611,2,35
8139509,5,32
8004616,6,11
8141786,4,10
8019667,5,36
8004629,2,6
8011211,2,16
8030377,5,5
8025593,7,5
8130971,4,36
8129795,4,26
8130975,2,30
8130976,6,35
8130977,4,14
8142880,4,38
8142881,3,26
8004615,6,26
8011209,6,15
8136564,7,7
8038944,7,25
8038943,4,27
8004617,3,24
8139508,7,15
8027652,4,13
8005333,4,5
8115583,6,29
8017424,7,40
8039806,7,32
8039805,6,27
8038941,6,24
8004619,2,18
8041926,4,11
8041928,6,12
8133568,5,25
8013025,4,16
8013026,6,28
8126316,6,14
8026845,3,8
8038945,2,5
8041929,5,37
8129796,7,16
8029098,2,25
8113610,4,5
8135712,6,12
8135713,7,24
8135709,4,18
8135710,6,32
8135708,5,26
8133566,6,27
8142882,6,7
8133567,6,29
8139510,4,40
8009755,5,29
8027650,7,37
8004634,7,16
8025264,7,23
8137835,7,39
8137834,6,30
8128396,5,12
8117360,3,36
8004630,5,18
8038942,3,20
8020597,5,6
8015038,4,31
8015037,7,7
8019665,5,35
8004624,7,29
8004626,7,8
8028083,7,5
8026846,5,22
8143035,2,12
8004627,7,13
8005524,2,8
8012581,5,24
8027647,5,35
8027648,2,32
8131956,2,34
8038946,6,16
8007604,6,20
8008288,6,7
8007296,2,9
8131233,3,5
8020656,3,5
8140741,4,17
8140739,6,33
8140740,4,25
8140742,7,35
8140738,5,33
8140743,7,37
8134086,7,24
9999348,3,16
9998705,6,8
9998711,2,19
8016599,2,8
9998717,5,27
8133891,6,32
8133893,4,28
8014560,5,29
8026726,5,22
8035977,7,30
9998702,3,39
8031273,5,39
8016594,4,15
8026718,5,32
8031274,2,23
8042435,2,19
8116572,4,22
8126492,4,30
8041354,2,8
8041350,5,11
8133298,2,34
8133299,6,5
8136518,7,40
8136517,4,12
8136516,5,16
8039051,6,28
8039050,3,13
8042433,3,19
8042432,2,10
8037132,7,38
8037116,3,28
8119333,5,11
8119334,2,13
8116571,5,15
8116570,5,32
8126082,7,30
8126083,6,28
8037117,3,33
8037114,7,21
8037109,2,6
8037110,2,11
8037106,6,14
8037105,6,10
8142049,5,38
8142052,2,20
8142053,6,9
8139711,6,19
8139712,4,31
8139713,4,10
8139715,4,37
8140035,3,16
8139716,2,36
8139717,3,13
8143355,7,11
8143364,7,40
8143371,2,40
8143365,5,30
8143356,6,14
8143372,6,31
8143366,4,8
8029418,6,20
8029419,5,31
8039647,3,10
8142698,4,36
8132117,2,11
8121246,3,14
8028594,3,7
8028473,4,34
8141342,2,24
8141340,7,34
8141339,4,40
8141336,7,21
8034852,5,17
8034851,2,22
8034853,3,24
8024464,6,10
8024465,3,27
8024466,3,28
8116154,7,10
6034514,7,17
8016373,7,33
6300513,2,29
6034511,3,23
6030340,5,19
8041362,4,9
8139619,4,11
8139615,2,28
8139620,6,33
8033822,2,30
8033824,4,6
8036383,4,12
8033817,2,12
8139600,7,39
8041366,5,21
8142055,3,32
8111719,4,12
8139617,2,20
8139598,6,29
8142054,6,30
8116581,5,14
8139621,4,25
8139618,6,13
8139623,6,39
8033821,7,19
8033823,5,40
8036382,5,12
8033816,4,18
8119206,7,37
11148,5,25
8140974,5,8
8140973,4,32
8140972,3,27
8140978,3,28
8140979,5,40
8140975,2,30
8140976,6,21
8140980,5,18
8140981,5,23
8140977,7,30
9994545,6,5
8008308,5,26
9991495,2,40
9998618,5,15
9998617,3,21
9991049,4,27
9991047,2,31
8136305,7,38
9991172,4,39
9991180,2,32
8016870,3,32
8137946,5,39
8137947,5,15
6270010,4,23
8123115,4,26
8123117,2,25
8123116,2,10
8123107,3,10
8123108,6,34
8123119,5,33
8123118,4,11
8124764,3,23
8016930,2,10
8020923,4,21
6032585,5,12
8020456,7,14
8019122,5,32
8121443,7,33
8121444,4,28
8121445,4,28
8120868,2,15
8120869,3,20
8120870,4,17
8120867,2,27
8034217,4,12
8039804,4,23
8016023,6,33
8002138,3,7
8118808,6,36
8142000,5,20
8139858,2,6
8143682,2,33
8143680,3,10
8141999,2,8
8139855,4,29
8139859,3,22
8143677,3,15
8139860,3,27
8139857,5,22
8141998,7,5
8142174,4,31
8139856,2,7
8139537,6,11
8143456,4,36
8143457,6,10
8136795,2,27
8007806,5,29
8143198,4,11
8009719,3,28
8136567,5,5
8136794,7,18
8143194,2,32
8130810,2,25
8136566,2,30
8139391,5,25
8143202,7,33
8143203,2,5
8136796,3,39
8007807,4,30
8143199,7,14
8130811,2,33
8136797,4,9
8136568,7,38
8130809,5,17
8143200,2,35
8136798,3,13
8136569,2,25
8135400,6,23
8143201,2,5
8136799,2,19
8121266,5,10
8136098,5,15
8136097,7,37
8142116,4,40
8138807,3,34
8142117,3,13
8136099,3,14
8042550,6,9
8112967,7,5
8112961,4,11
8038967,6,38
8042761,2,15
8116747,3,39
8042540,6,33
8116887,2,11
8042551,2,21
8112968,2,18
8112964,4,11
8042552,2,6
8112969,4,32
8112965,6,38
8122281,2,8
8136804,5,18
8121265,6,11
8006945,4,6
8124185,5,24
8112970,6,26
8010537,4,29
8027677,3,20
8135398,6,15
8127860,3,7
8127864,6,6
8127859,6,26
8127863,4,34
8127856,4,28
8127855,2,24
8127858,5,30
8127861,6,17
8127865,7,15
8127862,4,24
8127866,7,18
8143193,2,36
8127867,2,34
8142745,6,21
8142750,6,8
8116295,4,31
8142744,4,14
8116763,4,9
8142749,2,23
8116294,4,26
8116759,6,12
8116757,7,33
8142743,7,24
8116756,4,38
8142746,4,39
8142751,5,31
8116296,4,21
8142747,3,28
8123569,3,29
8142752,5,33
8116299,2,13
8142748,7,32
8142753,4,39
8122282,6,36
8015066,5,6
8136803,3,21
9999480,6,6
8116755,3,35
8143272,6,32
8130469,5,23
8136096,4,15
8040471,3,37
8040472,2,35
8024105,7,31
8024106,3,28
8116791,6,23
8116753,5,28
8000861,5,10
8112196,3,18
8112197,5,17
8141673,3,36
8010799,2,18
8133416,2,30
8133415,6,33
8123080,3,17
8141672,7,19
8120521,4,40
8133272,2,12
8132850,6,30
8132851,5,10
8131024,2,26
8138057,4,10
8132025,6,34
8132015,4,18
8132018,6,28
8132022,3,15
8132026,4,30
8132016,4,16
8132020,4,38
8132027,7,23
8132017,7,19
8109469,5,37
8137894,7,10
8143980,2,18
8137893,2,9
8037826,6,27
8139681,3,33
8037830,7,32
8126285,4,26
8037828,7,11
8041794,3,37
8136745,4,21
8119279,6,28
8002900,6,17
6300187,4,35
6300186,5,16
8139677,4,21
6033476,4,24
6033477,5,12
8119278,5,30
8119280,7,18
8119281,7,25
8139675,6,40
8139674,7,25
8139676,4,11
8038050,5,32
6033474,2,8
8139683,4,21
8037840,7,17
8139684,4,36
8037838,2,37
8139685,3,30
8037841,2,11
8037842,3,40
8119275,2,10
8119271,4,17
8119273,4,37
8119276,2,37
8119274,4,13
8119270,4,23
8119272,7,26
6033398,7,7
6033397,5,16
6033399,3,37
6033400,6,15
6033401,6,19
6033423,3,11
6033402,6,21
6033407,6,20
6033408,4,22
6033429,3,38
6033413,7,17
6033415,2,12
6530464,7,20
6033403,7,20
6033409,7,39
6033430,2,9
6033416,2,7
6030468,3,11
6033404,6,32
6033419,6,38
6033431,2,26
6033405,2,34
6033410,5,24
6530465,3,13
8002904,7,11
8002896,7,39
8024812,6,36
8109916,5,11
8109915,3,37
8032145,2,40
8112037,4,11
8014271,5,34
6033480,2,9
8139678,3,15
8037835,2,22
8037836,6,29
8139682,4,18
8037825,2,30
8037829,2,35
8126284,3,32
8037827,4,5
8136744,6,25
6033483,3,29
8031461,4,13
8134734,3,9
8132411,5,32
8134735,5,26
8132410,3,38
8134745,4,10
6298039,2,31
8133175,7,40
8139383,2,23
8133174,2,34
8124235,6,5
8134273,4,9
8134274,6,12
8132272,6,6
8138814,7,39
8128094,3,24
8030761,3,22
8025534,3,29
8126952,4,30
8009395,6,38
8000998,6,16
8010170,6,12
8010729,4,16
8133176,5,14
8031620,3,26
8141079,4,22
8142680,3,35
8142681,3,37
8142682,3,10
8142683,7,38
8142684,6,13
8025012,5,28
8138934,3,12
8017393,4,17
8143672,2,11
8143750,4,18
8141899,7,25
8014640,3,13
8139412,4,19
8019648,6,9
8024187,6,35
8024188,2,34
8017391,6,15
8014825,6,31
8139384,6,28
8143751,3,10
8124237,5,6
8124236,2,18
8037151,6,18
8129023,5,7
8135861,6,26
8140077,6,38
8133500,6,33
8138893,5,23
8138894,4,25
8140563,2,27
8111011,4,27
8036019,3,19
8039130,2,32
8031622,7,23
8039998,3,31
8134837,3,37
8041982,7,34
8143748,2,40
8036951,2,21
8036022,6,7
8138812,2,36
8138811,2,34
8031103,5,39
8036110,2,32
8120343,3,33
8036107,3,16
8133501,6,10
8139400,4,24
8138813,6,11
8133502,3,38
8019649,4,37
8036020,2,27
8129337,3,35
9999569,2,32
9999566,5,38
8009773,3,16
8009774,6,29
8009775,6,36
8031105,6,19
8031104,4,12
8117446,3,12
8036941,4,18
8110265,7,16
8115206,6,8
8025011,3,24
8025010,2,34
8041164,3,24
8025533,6,19
8120531,2,31
8137532,7,29
8137530,7,31
8137531,6,18
8042622,7,13
8010351,7,23
8138778,6,28
8025532,5,22
8020871,5,26
8003935,2,24
8043438,5,27
9999565,5,17
8032276,6,33
8034569,7,12
8017389,4,29
8017390,4,15
8138810,2,6
8038996,7,31
8122717,6,21
8032275,2,25
8042495,2,27
8121843,2,30
8139557,7,15
8139556,3,18
8039039,3,8
8039044,7,19
8039041,4,36
8110313,3,5
8115209,4,6
8134542,7,26
8130614,4,34
8128215,4,26
8128216,3,28
8130615,7,24
8128217,3,23
8128218,2,11
8041340,4,32
8041341,6,23
8041339,2,16
8133173,3,6
8133172,2,5
8122715,6,39
8122716,7,20
8139382,6,13
8129722,3,18
8134543,7,33
8119703,3,21
8137721,7,9
8137720,6,13
8137723,4,16
8143973,6,10
8143974,6,12
8143975,2,15
8137725,4,40
8143972,5,30
8137727,3,32
8137896,3,33
8143971,2,30
8137728,3,40
8116691,4,32
8124837,4,6
8124839,2,12
8122840,3,27
8115093,4,27
8021038,4,18
8122897,5,34
8040641,5,16
8002220,2,6
8002229,4,29
8031202,7,21
8038593,2,15
8031203,2,5
8016040,2,35
8112591,6,12
8016063,2,15
8016041,4,13
8016042,7,10
8016043,2,13
8016044,7,25
8016046,6,10
8016048,7,18
8016049,4,25
8016050,7,10
8016051,5,32
8016052,2,21
8016053,3,17
8016054,6,19
8016056,6,19
8016057,7,36
8016058,2,29
8016059,7,30
8112590,2,33
8016061,5,26
8016062,4,6
6033432,4,31
8001158,4,33
6033458,3,31
6033448,5,23
6033433,7,17
6033434,4,21
6033435,4,24
6033443,5,36
8000165,4,23
6033449,4,38
6033454,4,29
6033436,7,39
6033444,7,27
6536005,7,12
8000166,5,14
6033437,4,18
6033445,6,40
6033450,4,17
8001162,4,40
6033438,3,36
6033446,7,19
6033451,6,12
8000167,7,21
6033439,2,25
6033447,2,19
8040432,3,5
8040447,7,29
8040433,4,20
8040434,2,36
8040435,6,14
8040436,2,19
8040437,6,13
8040438,2,28
8040439,5,20
8040440,5,16
8040445,2,6
8040442,7,19
8040441,5,35
8040443,3,7
8040444,3,24
8040446,4,31
8123400,5,8
8119199,3,31
8011610,7,15
6033472,3,37
6033473,4,36
8135387,6,18
8129055,6,16
8129053,6,8
8135388,7,32
8129054,7,35
8135386,6,25
8123231,5,23
8123234,4,39
8123230,7,35
8123232,4,10
8123233,7,11
8130512,3,30
8130518,2,37
8130513,4,11
8130524,6,36
8130514,7,16
8130519,6,5
8130525,3,26
8130520,2,9
8130515,6,24
8130526,4,10
8130522,3,13
8130516,6,28
8130527,3,33
8130523,7,21
8130517,2,16
8135658,6,16
8135659,4,27
6295355,4,10
8114611,4,20
8035394,7,26
8029380,4,32
8029381,2,18
8029382,5,38
8127567,6,13
8127568,3,19
8127569,2,32
8127570,5,29
8029377,7,27
8029378,2,19
8029379,5,7
8136839,2,35
8132422,2,21
8115504,3,19
8115503,4,27
8038830,3,29
8132424,6,8
8038825,4,8
8132426,4,36
8038826,6,24
8038832,7,36
8038831,5,38
8132435,6,25
8132437,5,38
8132436,5,35
8124622,7,12
8038692,6,34
8041492,5,12
8113566,7,21
8113567,4,32
8113585,5,37
8122496,6,9
8122494,2,14
8122495,6,39
8029384,6,24
8029383,2,21
8029385,4,24
8029387,2,37
8029386,4,8
8029388,4,11
8136837,3,21
8136838,4,40
8136836,4,25
8127002,7,25
8127004,2,38
8127003,2,23
8126999,3,13
8029343,4,14
8029346,4,37
8029344,5,36
8132421,7,33
8029345,5,12
8038693,4,13
8029336,3,33
8029337,4,28
8029339,7,16
8029338,2,31
8113552,3,35
8029202,5,26
8122548,5,20
8122554,6,37
8122550,7,16
8122547,7,30
8041518,4,9
8041517,7,16
8122546,7,15
8122553,2,10
8029203,3,40
8029330,5,12
8029331,5,21
8113548,4,35
8113547,2,14
8113554,5,33
8113555,6,24
8113550,7,35
8113553,3,13
8113557,3,12
8115450,2,5
8113556,3,11
8113549,5,34
8113551,3,15
8115455,3,20
8115452,4,25
8113546,3,37
8029201,7,20
8029323,4,30
8029322,4,13
8029319,3,29
8029204,7,23
8029205,7,16
8029206,5,38
8029320,6,22
8029321,2,32
8029329,5,35
8029327,2,30
8029328,5,39
8029326,4,38
8029324,6,10
8029325,7,17
8041513,2,27
8041514,5,27
8029332,4,30
8029334,4,31
8029335,5,16
8029022,6,15
8115461,3,34
8115462,4,15
8115463,3,11
8115466,7,31
8029020,4,11
8029024,2,12
8115465,3,11
8115464,5,32
8115460,7,7
8115467,6,16
8029017,4,6
8113540,2,14
8113536,6,37
8113538,2,18
8113537,6,16
8113539,7,36
8113541,2,37
8132418,5,5
8132419,5,35
8132417,7,6
8132420,3,20
8132416,3,21
8041495,4,5
8029333,3,17
8127563,2,20
8124624,7,30
8124623,7,20
8132438,7,34
8134095,7,23
8132412,6,40
8136834,4,18
8136835,2,17
8132413,3,11
8132415,3,38
8132414,2,31
8129540,4,34
8121822,5,19
8121823,3,39
8029360,6,27
8031809,6,28
8029359,3,35
8029358,6,12
8029357,2,39
8029355,2,23
8031806,4,22
8029356,2,25
8031808,3,19
8122492,6,14
8127565,2,14
8121824,4,28
8121825,6,11
8113560,4,18
8113561,6,10
8113559,6,38
8121820,7,13
8031817,4,18
8031814,5,10
8031813,6,28
8031810,6,8
8031816,6,11
8136843,5,32
8136844,4,39
8113563,3,38
8113565,5,17
8113564,7,38
8113562,4,15
8115495,3,26
8033707,4,19
8033705,5,24
8033708,3,20
8033704,6,23
8029347,4,12
8138867,6,37
8127566,6,19
8127006,6,7
8029348,5,17
8121174,4,24
8132443,5,6
8132440,7,10
8132439,3,13
8132442,5,40
8132441,6,36
8121202,2,21
8121200,5,9
8121205,3,15
8121203,7,13
8121201,2,15
8121204,3,7
8121192,2,36
8121195,6,13
8121193,3,19
8121197,6,7
8121194,7,24
8127007,7,13
8132431,2,31
8132432,2,26
8132433,4,22
8132434,2,21
8132430,6,9
8132429,7,12
8132428,4,7
8132427,2,10
8136840,4,31
8136841,5,18
8136842,4,39
8127564,7,9
8027929,3,13
8027928,5,19
8040582,7,14
8027932,3,22
8040585,5,28
8029026,6,5
8040583,4,28
8029027,6,11
8121176,4,7
8127349,7,9
8013262,3,34
8110468,7,21
8123616,4,29
8140338,7,26
8131339,4,7
8123612,2,10
8131335,6,25
8140334,3,23
8131337,6,33
8121743,4,31
8121742,5,33
8140333,7,29
8131336,2,14
8121744,3,21
8121745,2,36
8121746,6,38
8121750,2,31
8121748,4,31
8140331,5,24
8140335,5,8
8131334,5,37
8131341,3,25
8140337,7,23
8136557,6,34
8136558,7,33
8136559,2,32
8136560,4,38
8136561,7,18
8136562,5,5
8131346,5,12
8131345,5,8
8136917,5,25
8136916,5,17
8136918,4,8
8136910,6,12
8136911,7,24
8136913,5,28
8136912,6,13
8136915,4,40
8136914,6,29
8140285,3,35
8140287,6,32
8140289,5,27
8140293,7,12
8140291,6,32
8140296,6,36
8140284,6,15
8140286,6,30
8140288,4,26
8140292,5,36
8140290,3,6
8140295,7,23
8016966,7,27
8022814,6,23
8022815,3,18
8028074,4,20
6039949,4,33
6039950,6,10
8024895,2,12
8024894,2,13
8115304,2,8
8143085,6,30
6030923,3,11
6030924,3,23
8141303,2,23
6533230,4,34
8141302,6,23
8022083,5,22
8139420,4,25
6030925,2,38
6030926,3,23
8022084,6,20
8126923,3,29
8026641,3,8
8137217,4,30
8137216,3,39
8009439,6,19
8023196,7,28
8009440,4,5
8030084,4,39
8139422,6,23
8019048,7,22
8016965,3,21
8022811,6,40
8022812,2,25
8009481,6,29
8116166,2,27
6039951,7,9
6039952,5,33
6309925,3,39
8139421,7,11
6030930,3,23
6030943,7,39
6309926,7,11
8018894,3,40
8022816,6,38
6301006,7,30
8001392,4,7
8042088,3,24
8020632,6,9
8020951,6,17
6301005,5,28
8020631,4,32
8039640,4,35
6535941,3,24
8135314,6,9
6030941,4,22
6530397,2,33
8005306,7,10
8124604,2,28
8031391,5,22
8132563,7,18
8132558,6,15
9997344,4,20
9997347,3,27
9991298,4,28
8117562,4,33
8117554,3,18
8117558,4,40
8117561,5,16
8037194,5,21
8037192,7,25
8037193,3,24
8117553,7,11
8117557,6,37
8013489,7,14
8011642,7,18
8011643,5,22
8011644,6,12
8011646,2,29
8011645,2,10
8117563,7,17
8016274,6,14
8010560,6,34
8039980,3,11
8010561,5,21
8117555,7,38
8010558,6,29
8010557,5,8
8010556,7,16
8117559,5,40
8039982,6,19
8024772,6,20
8039983,4,7
8010559,4,28
8040261,7,40
8040259,3,32
8040260,5,6
8117560,2,15
8117552,6,10
8117556,2,7
8010141,6,13
8010140,7,19
8010142,2,28
8010139,2,8
8010138,4,9
8139087,2,27
8139085,7,14
8139086,3,24
8139089,4,24
8139090,3,9
8139088,6,22
8133674,5,34
8133673,7,21
8142442,4,20
8142443,5,25
8133675,2,5
8139095,2,22
8133672,7,31
8133670,2,17
8133671,4,18
8009691,2,34
8012663,7,16
8013678,6,33
8137212,3,27
8009696,5,10
8009690,6,8
8026804,2,17
8115568,6,17
8010131,3,10
8132454,2,17
8132452,3,33
8012431,4,39
8010753,4,37
8132450,3,6
8009695,3,19
8132451,5,20
8139104,6,33
8139103,4,40
8133683,5,12
8133681,3,35
8133684,3,30
8133685,4,33
8133686,7,37
8139102,5,38
8133682,4,10
8143912,5,25
8143916,7,15
8012875,7,27
8140589,2,35
8111369,2,27
8111367,7,6
8111368,6,21
8119469,6,40
8119472,6,14
8119473,4,24
8119468,4,35
8119470,7,26
8119471,4,13
8133679,4,18
8133678,2,21
8133680,3,16
8143909,4,36
8140586,7,33
8137213,2,39
8139096,4,24
8139097,3,26
8143910,7,11
8139098,2,29
8139099,5,29
8139100,5,29
8139101,3,23
8143911,5,25
8010146,3,39
8010148,3,37
8013756,2,28
8012625,5,39
8012874,5,26
8139092,6,32
8139091,5,5
8139093,2,19
8143913,4,5
8143915,5,28
8143914,6,17
8015088,7,21
8136611,4,25
8136612,2,8
8136610,7,21
8008293,6,33
8019249,4,38
8019250,4,18
8131326,6,30
8019252,2,17
8019251,6,17
8128522,5,32
8007770,7,24
8007771,7,28
8023137,3,23
8131328,4,9
8007768,2,30
8007767,6,24
8131325,6,34
8142361,2,13
8142362,5,24
8142359,3,40
8142360,3,27
8029531,3,27
8029532,7,9
8029529,7,37
8121165,4,32
8121166,3,26
8121164,4,31
8121162,4,33
8042768,5,23
8042769,5,16
8042767,3,17
8042766,2,8
6300874,5,20
6300875,3,6
8011552,7,26
8003115,5,6
6300873,7,8
6300872,5,21
6300871,6,39
6530660,5,9
6530661,4,37
6530657,2,30
8022270,3,6
8022272,6,25
8022268,2,29
8131094,2,37
8131095,3,33
8131330,5,12
8131093,7,36
8131092,5,37
8142129,2,32
8012660,2,5
8012661,2,36
8012658,5,37
8012657,7,5
8038723,6,39
8034955,6,11
8034956,5,20
8034544,2,40
8025825,5,22
8025827,3,31
8122009,2,27
8122007,6,8
8122008,4,11
8034957,7,7
8025828,5,19
8007783,6,6
8007784,2,8
8007785,3,40
8025434,4,11
8113891,3,25
8004783,5,20
8025433,4,9
8137336,6,11
8126876,6,26
8143443,2,34
8004784,3,31
8034414,6,37
8025438,6,35
8113892,4,39
8014666,4,6
8025437,2,10
8143442,2,9
8014667,6,31
8031093,3,20
8034377,5,10
8021795,4,36
8011790,5,39
8028685,7,28
8013597,7,27
8011791,5,15
8028689,7,24
8039150,2,26
8011770,6,35
8031094,7,27
8011771,4,13
8018360,6,23
8018361,3,11
8126870,3,14
8126871,4,23
8126728,4,8
8138809,6,23
8137335,3,39
8137211,5,5
8127905,4,23
8034416,3,40
8125071,5,23
8018386,5,13
8034415,5,40
8126729,2,8
8033829,4,21
8034837,2,35
8032733,6,29
8034406,4,32
8032734,2,9
8032735,3,30
8033830,3,35
8033831,2,27
8034839,4,24
8033832,4,12
8034468,2,15
8034405,3,35
8034838,5,6
8034493,6,34
8034176,6,38
8033988,7,9
8034132,6,31
8032739,7,14
8032740,7,20
8034469,2,26
8033986,5,30
8033833,5,18
8033834,5,20
8032736,3,22
8033835,5,22
8034470,4,16
8032741,6,35
8034404,6,17
8033836,5,29
8033837,7,12
8032737,2,31
8033838,5,34
8034492,5,26
8034379,7,38
8032742,5,26
8033839,4,35
8033987,7,20
8033840,2,30
6310462,3,19
6310496,3,26
6310497,6,20
6310463,2,14
6310488,3,5
6310464,6,10
6310478,2,5
6310491,4,11
6310470,6,19
6310489,7,10
6310466,3,33
6310479,7,37
6310471,3,7
6310486,6,34
6310490,6,19
6310480,3,16
6310493,3,39
6310483,7,12
6310472,7,9
6310475,6,33
6310487,7,8
6310484,6,12
6310473,6,38
6310476,2,32
6310477,5,21
6310468,5,13
6310482,3,18
6310495,3,30
6310474,7,14
6310469,7,14
8012463,2,35
8012458,7,18
8021941,4,37
8021960,6,28
8021961,3,26
8021946,5,39
8021963,6,21
8142373,4,13
8131494,6,12
8132852,5,38
8120969,7,9
8043445,7,17
8043590,7,28
8043591,2,11
8141914,4,11
8143031,3,14
9997507,6,18
8015446,3,30
9997404,3,20
8015440,6,32
9997401,2,23
8043441,4,31
8112031,4,6
9997586,4,30
8043589,3,27
8120968,7,8
8120967,2,5
8120966,5,26
9997510,5,22
8043587,6,28
8143030,7,21
8002137,3,18
8135313,5,7
8033410,2,31
8135312,5,20
8033411,2,23
8119002,7,12
6300535,7,38
6300515,5,19
8119001,5,12
6300516,7,28
6300517,3,36
8130509,2,8
8122934,5,20
6300536,5,20
6300518,3,11
8130511,3,36
8122935,2,26
6300537,7,28
6300519,2,22
8119004,5,24
8000732,6,34
6300521,5,30
8122936,4,23
6300522,7,33
6300523,3,10
8135685,2,38
8024910,7,15
6300524,3,31
6300525,7,20
6300526,2,30
8130508,7,31
6300528,3,11
6300529,5,29
8000292,6,6
6300530,5,28
6300531,6,13
8130510,4,32
8135686,2,31
6300533,6,28
6300534,5,40
6300564,7,33
6300565,5,13
8141855,6,37
8141846,3,11
8141848,2,9
8141849,2,35
8141850,5,27
8141851,6,39
8141852,7,16
8141853,3,15
8141854,7,30
8024980,7,28
6300566,6,18
6300567,5,11
6300568,7,24
6031055,7,6
8021051,6,40
8021052,2,16
6031063,2,19
9999531,3,35
6031062,2,14
6031061,6,33
8000815,5,34
6031060,2,27
6031059,6,16
6031050,7,16
8021054,6,18
6031037,4,38
6031058,5,7
6031049,6,29
6031043,6,25
6302220,4,7
6031057,7,17
6031048,6,34
6031056,2,11
6031047,5,18
8129363,7,14
8113516,2,25
8113513,4,10
8113515,3,35
8112918,7,33
8112920,3,21
8112907,3,34
8112908,6,6
8112917,2,17
8112910,6,16
8143635,6,15
8143646,3,29
8143644,3,14
8143643,5,13
8143645,5,34
8143638,2,23
8143637,7,6
8143636,7,33
8143641,7,17
8143640,2,34
8143642,4,37
8143639,3,36
8134993,7,27
8016454,4,23
8016455,7,17
8016459,3,16
8016457,3,29
8016458,4,20
8118132,5,5
8118131,3,12
8131846,4,9
8120614,5,17
8122268,4,12
8122267,3,26
8122266,5,22
8120615,3,35
8022383,4,40
8016451,7,19
8139868,6,6
8136805,4,37
8016446,5,29
8016448,4,29
8042396,2,34
8042398,3,8
8140136,5,31
8140139,5,10
8140137,5,27
8140135,3,23
8140138,6,36
6309921,3,35
8035936,7,9
8013792,4,37
8013840,6,21
8143713,7,9
8143715,7,29
8141247,2,20
8143714,7,27
8143716,3,38
8141248,7,20
8141250,5,15
8141249,2,33
8031599,7,27
8031601,6,10
8031600,7,11
8127203,6,8
8127202,6,20
8128183,6,14
8128182,7,40
8127205,7,38
8127204,3,35
8128181,4,21
8128180,4,29
8141385,6,11
8141381,5,19
8141373,4,13
8141363,7,26
8141351,7,16
8141374,2,7
8141366,7,7
8141353,6,10
8141375,5,25
8141368,3,26
8141356,7,8
8141376,3,18
8141370,6,28
8141358,7,36
8141377,2,36
8141372,2,32
8141360,6,23
8112615,7,5
8112612,2,39
8124512,7,34
8132805,5,15
8125096,3,38
8136575,7,17
8132803,5,40
8124516,6,38
8126055,5,22
8129785,5,8
8112608,5,36
8136573,5,19
8136571,3,16
8112617,4,24
8136574,5,9
8141088,6,40
8134053,6,8
8125095,2,15
8131150,3,30
8112594,7,31
8124505,7,15
8112603,5,12
8112600,5,30
8112611,4,25
8112589,6,12
8124502,2,29
8112614,7,26
8112622,7,5
8136572,4,5
8129771,6,6
8124513,2,13
8126052,2,33
8112598,3,16
8129783,4,8
8112629,2,36
8141089,7,29
8112609,5,22
8112595,4,31
8124520,2,39
8124521,4,36
8124522,6,11
8141083,6,33
8112626,6,20
8112631,7,35
8112630,5,34
8112632,2,9
8124515,4,26
8124517,7,10
8124518,7,27
8124519,4,21
8131148,4,29
8112616,5,38
8124506,7,25
8112593,4,35
8125093,6,28
8112601,2,10
8112606,3,28
8124503,4,35
8112588,3,18
8112613,5,9
8136570,3,19
8129769,4,27
8112625,4,24
8125092,7,10
8112602,3,6
8136576,2,22
8124511,7,7
8126051,3,12
8124508,7,6
8112597,3,25
8129781,2,15
8112627,2,35
8141090,5,33
8137637,5,26
8137636,4,8
8132802,5,12
8132804,3,36
8124514,6,6
8136577,2,35
8129784,4,27
8141081,7,18
8141082,5,7
8141087,3,7
8141086,7,19
8131149,5,22
8112592,3,29
8124507,4,34
8125094,3,18
8124504,6,33
8112587,2,17
8112607,2,15
8129782,2,21
8112628,7,32
8141084,6,8
8141085,3,23
8029175,6,9
8037233,5,13
8007877,7,7
9998228,3,38
8013631,6,40
8009286,7,11
8142352,5,40
8142353,5,17
8142355,3,28
8142354,6,32
8142356,5,38
8140111,4,28
8140110,6,36
8140112,5,5
8140113,5,13
8009433,4,34
8127421,6,34
8141348,5,10
8134349,6,23
8016913,4,27
8127420,6,23
8129762,7,29
8027204,4,36
8021214,5,38
8021215,3,37
8134777,5,18
6310274,3,38
8021315,7,10
6310272,7,16
6310275,4,5
8021316,3,12
6310273,5,25
8139419,3,40
6530373,3,10
6530374,3,38
8003857,4,35
8038973,5,27
6032755,2,19
8026625,5,36
8115416,5,28
8115415,6,12
8028102,2,7
8034898,5,5
8034897,3,17
8117931,6,27
8143111,2,13
8019055,6,34
8143113,6,12
8012604,6,27
8010528,2,16
8136653,5,10
8031294,7,15
8117930,4,35
8132849,3,21
8132848,3,20
8121570,3,35
8142670,3,38
8141917,4,19
8141918,2,17
8025201,2,37
8141916,5,38
8138569,5,31
8143109,3,34
8143112,7,31
6301939,7,30
8020882,5,10
8128786,7,35
8016376,4,5
9999576,2,12
8022133,4,20
8022132,4,28
8016377,3,21
8028628,7,25
8115108,2,7
8038575,6,28
8038576,7,22
8137613,7,14
8138608,5,26
8133239,5,32
8142303,2,5
8115413,5,14
8115414,2,6
8137103,5,23
8013658,6,36
8009737,4,38
8143110,7,36
8143964,3,28
8139679,2,30
8140943,6,20
8139269,7,20
8139268,2,38
8038173,4,39
8141316,7,27
8136168,4,17
8033689,2,10
8139612,3,26
8133186,2,24
6301877,5,11
8142666,4,23
8117254,5,33
8142665,2,7
8117255,3,31
8141648,7,40
8141649,7,34
8141640,4,21
8123024,4,27
8138609,5,23
8029493,4,20
8125898,5,16
8004017,5,22
6536013,4,23
8126075,7,20
8131880,3,16
8142669,4,38
8133184,3,5
8142668,2,8
8142667,2,6
8139611,3,32
8139614,2,16
8020308,3,19
8018396,4,33
8018398,4,20
8138203,4,27
8004028,7,31
8018400,6,21
8043697,6,25
8012334,5,13
8007524,6,34
8120272,2,15
8120271,7,19
8120273,4,30
8035148,3,31
6030904,7,32
8143965,5,9
8134917,4,24
8134916,4,36
8115728,6,24
8115726,7,36
8115729,3,31
8115727,5,12
8008861,5,21
8008862,2,7
8008871,5,28
8008863,5,40
8008864,6,37
8008874,4,19
8008872,6,10
8008869,5,34
8008870,2,6
8008873,4,31
8008865,2,16
8008867,3,14
8138092,6,38
8137154,5,10
8140144,2,8
8138076,6,35
8140142,7,31
8138090,6,40
8137156,5,24
8139580,3,13
8137158,2,22
8140145,2,34
8137159,3,32
8139579,7,35
8140056,5,38
8137155,3,20
8139581,7,9
8140636,4,39
8141097,4,8
8141099,7,18
8141096,7,33
8141101,2,32
8141098,7,23
8139578,7,39
8140146,6,35
8140638,4,11
8137152,6,32
8137157,6,27
8138094,4,5
8138091,6,16
8138074,3,36
8140637,2,13
8137151,6,10
8140147,6,31
8138079,3,16
8140148,7,14
8141095,7,23
8141093,5,39
8141094,5,13
8140149,7,23
8137153,5,7
8114279,6,20
8114277,2,35
8110983,4,20
8030116,2,7
8030125,7,21
8030120,5,33
8030064,4,33
8030065,6,12
8030126,7,16
8030127,5,34
8030066,7,14
8030129,7,35
8132304,3,6
8030067,2,34
8030130,2,9
8132305,7,40
8030117,5,35
8030122,3,39
8030134,5,26
8132306,4,40
8030118,3,23
8030123,4,7
8030136,3,10
8030119,4,31
8030137,4,12
8022743,2,8
8022741,5,15
8022744,6,16
8021864,7,39
8021850,5,37
8021848,3,27
8021849,5,21
8021851,7,34
8021853,2,17
8021852,7,40
8021854,6,20
8040987,4,8
8040988,5,15
8021839,4,19
8021841,5,40
8021840,2,21
8021843,7,10
8021846,6,21
8021844,7,24
8021847,2,12
8021988,6,37
8040990,5,13
8021845,5,14
8022734,2,14
8021835,4,28
8021866,2,11
8021867,3,40
8021868,3,7
8021978,6,27
8021838,2,18
8021842,6,14
8021831,7,8
8021833,2,31
8021832,7,11
8022739,6,19
8022742,3,29
8022735,5,5
8040983,6,22
8022737,7,15
8022740,4,6
8022736,2,35
8021857,5,9
8021856,6,34
8021858,3,31
8021861,3,40
8021860,2,9
8021862,6,28
8022747,3,35
8022746,4,31
6300350,4,39
6039486,2,30
8117051,4,12
8117050,5,33
8140103,5,38
8140101,6,39
8140102,6,20
8140100,2,12
8140084,2,37
8140104,2,37
8140105,2,14
8034219,6,16
8120834,6,12
8001993,3,33
8001994,6,16
8009518,3,29
8001995,2,11
8120835,6,5
8120837,7,26
8041659,4,7
8136858,7,38
8120841,4,5
8120849,5,38
6300462,4,21
8134994,3,23
8130594,6,10
8130593,6,34
8043324,5,18
8016226,6,36
8016228,5,35
8016227,4,14
8009446,4,16
8009445,4,23
8036693,2,27
8036692,3,38
8022362,3,14
9993367,4,20
8022247,5,30
8022551,4,35
8143841,2,36
8143842,3,21
8143839,4,12
8143840,7,20
9995523,2,27
9995522,5,20
8011284,2,24
8011285,7,17
8138450,7,16
8138451,2,32
8015923,7,28
8015016,5,23
8031385,5,19
8031386,7,12
8022384,5,12
8016382,7,18
8028056,2,30
8028057,4,34
8040843,7,11
8040847,4,38
8129522,3,38
8129536,2,33
8110552,6,27
8119585,4,38
8126998,5,23
8113533,5,11
8113507,5,14
8126979,5,5
8136599,2,14
8136595,7,5
8136596,6,25
8136597,7,13
8136600,4,17
8136593,5,20
8136591,6,34
8136602,5,29
8142070,5,30
8142071,7,40
8142072,5,10
8142073,4,30
8136592,5,21
8136598,6,21
8136601,4,33
8136594,5,5
8140116,7,8
8130936,7,26
8130937,6,34
8141655,4,17
8141656,4,12
8141652,6,40
8141657,2,32
8141658,4,36
8141653,4,11
8110031,2,16
8110034,4,30
8139818,5,40
8139817,6,29
8139816,2,32
8139815,6,28
8139814,7,11
8110022,3,18
8110026,5,14
8121761,2,14
8110025,7,18
8110023,6,29
8121763,2,28
8121766,4,13
8109987,3,39
8109991,6,13
8109974,2,38
8121770,6,5
8109985,2,11
8121778,4,26
8109984,7,11
8109989,5,12
8121777,6,37
8121769,3,23
8121780,2,21
8109990,3,11
8133442,2,10
8110003,7,16
8110002,2,36
8110001,7,40
8120855,4,15
8133448,3,24
8133449,2,9
8133447,6,35
8133446,2,11
8133445,6,18
8133444,3,17
8139362,4,21
8129593,4,14
8124321,5,7
8129594,6,18
8117793,3,7
8143612,7,39
8143613,3,13
8141967,5,30
8141968,2,31
8141966,3,22
8143236,5,19
8143237,5,33
8143241,6,26
8143239,6,36
8143238,4,27
8138716,7,12
8138717,5,36
8138712,6,26
8138715,7,20
8138713,4,36
8123287,2,12
8109958,3,17
8121772,6,20
8134610,2,34
8134611,7,10
8137186,6,20
8134612,6,30
8143633,4,33
8143226,6,17
8137185,4,25
8136068,3,33
8136067,2,11
8136066,7,31
8136064,2,25
8138340,6,11
8138338,4,24
8138336,4,31
8138341,2,5
8127227,7,13
8127225,5,23
8127226,5,40
8127228,3,7
8127224,4,24
8128690,3,11
8128689,2,39
8128691,7,29
8128688,2,8
8128692,5,19
8142869,5,35
8142865,2,20
8142866,4,11
8142868,3,33
8142867,3,21
8143230,2,26
8143231,7,20
8139303,5,23
8143232,5,14
8143233,5,9
8139302,2,32
8139301,3,23
8143234,5,11
8139305,6,35
8143235,2,30
8139304,4,10
8130595,6,39
8130596,7,18
8130599,5,7
8130602,5,18
8130603,5,11
8135891,4,37
8135893,2,26
8135894,3,16
8135895,3,31
8135896,5,12
8135901,2,15
8138723,3,25
8138719,5,32
8138721,6,12
8142861,2,14
8142863,7,32
8142864,5,23
8142862,6,26
8138720,6,33
8138722,2,27
8126215,5,23
8126214,2,23
8126216,2,36
8126217,4,20
8126213,5,25
8134617,4,34
8134614,6,16
8134615,7,22
8126210,6,11
8126211,7,36
8109946,4,34
8140697,7,32
8132806,3,34
8132813,5,16
8141965,4,39
8137710,4,34
8137709,5,23
8109994,4,21
8109996,4,10
8129211,2,14
8129212,5,5
8112258,6,20
8110018,2,28
8110000,3,7
8109995,5,25
8120859,7,21
8121786,2,17
8121787,2,26
8121788,2,20
8121789,6,35
8121790,7,16
8127644,5,22
8136073,2,22
8136069,5,40
8136071,2,6
8136072,5,10
8136070,6,18
8126661,6,16
8120850,2,20
8120851,5,32
8120852,2,15
8120853,4,19
8129581,3,32
8129582,4,19
8143614,4,16
8143615,3,25
8143616,3,32
8143617,7,20
8134967,4,27
8134968,3,16
8134970,7,27
8134966,6,14
8134969,6,17
8134971,5,32
8035101,3,29
9993811,4,15
9998529,5,7
8005292,6,29
8008814,4,7
8131601,7,13
8132749,7,11
8138704,5,10
8138705,4,37
8131617,4,19
8132748,2,11
8036832,7,9
8036833,4,33
8036830,2,19
8036811,7,28
8036831,5,34
8036825,6,7
8131582,5,9
8131621,7,26
8131620,7,13
8138707,7,39
8138706,4,22
8131618,2,23
8131623,2,10
8131622,2,19
8131583,3,15
8131588,5,38
8131584,4,40
8131585,6,14
8131590,7,27
8131586,3,11
8131591,5,38
8131587,6,30
8043108,4,24
8020532,6,26
6030051,7,25
6301110,4,25
8000749,3,27
8138272,2,40
8138273,2,5
8037703,7,31
8134826,2,6
8013980,4,27
8131654,7,30
8134537,2,10
8037700,5,18
8134825,3,22
6039424,5,15
8043107,5,38
8043152,5,11
8043087,5,20
8043085,5,12
8043086,4,40
8131653,7,36
8043084,5,11
8138830,5,10
8138829,2,40
8120755,2,28
8117640,2,33
8117637,5,40
8122651,5,10
8117639,6,33
8138828,3,17
8117635,5,7
8117638,7,37
8043104,4,17
8043103,4,28
8016936,4,11
8112200,5,32
8116297,5,29
8116298,7,37
11338,7,10
8138872,5,37
8138871,6,20
8121988,2,35
8123728,6,14
8123727,2,30
8130942,7,8
8130944,7,18
8130943,4,27
8130945,6,21
8032528,3,5
8032531,5,31
8032527,6,14
8032529,7,33
8032530,2,14
6220481,4,27
6220480,2,37
8029554,4,8
8122011,5,9
8139937,5,34
8113730,4,39
8113732,3,19
8022255,6,26
8113733,4,6
8113734,3,20
8038460,4,27
8033621,2,10
8130256,5,7
8018733,6,30
8132496,3,32
8132495,3,33
9994242,2,34
8027639,3,7
9998908,4,39
8034220,6,25
8138398,5,36
8116742,5,35
8138401,6,27
8116741,2,18
8116739,6,15
8138400,5,39
8138399,6,33
8116738,2,10
8131440,3,27
8138397,6,25
8113279,5,38
8133862,6,31
8129622,3,39
8129625,7,40
8138406,4,33
8141696,4,27
8143037,7,27
8141693,5,15
8141694,5,25
8143036,6,9
8141691,2,38
8143039,5,27
8141695,6,10
8143038,5,25
8141692,7,15
6300962,3,26
6030837,3,16
6030836,4,20
6030835,3,22
6302129,7,33
6302130,3,25
6031168,4,19
6030966,4,36
6030967,6,28
6031167,7,8
6031170,3,5
6031171,3,8
6031172,7,23
9999690,7,39
6031173,2,16
6302131,4,36
6031174,7,15
6031175,6,24
6031177,5,26
6031464,3,15
6031465,2,9
6031467,3,20
6031490,4,19
6031468,5,16
6300837,3,32
6030968,7,10
6030969,4,11
6033503,7,31
8141561,4,5
6033502,5,35
6031178,6,28
6031179,2,7
6300847,4,38
9999692,3,8
9999693,4,23
6031480,4,20
6031365,5,23
6302133,5,35
6302136,2,25
8141559,5,12
6031367,6,22
6031368,7,40
6300836,2,28
6031369,6,34
6031370,6,22
6030970,2,37
6031371,2,28
6031372,6,12
6031481,7,28
6302138,3,29
6031377,5,21
6031379,2,21
6300851,7,32
6031380,6,16
6302139,5,16
8016633,4,20
8016626,7,8
8016632,2,25
6302140,7,26
6030971,5,21
6302147,3,22
9999695,3,5
6031341,3,18
6031383,4,12
6302146,3,7
6030972,4,23
8009361,2,19
6031386,4,25
8009363,3,29
6031388,5,11
8009362,7,40
6031387,3,19
8009364,5,31
6031389,2,14
8007595,6,20
6030973,5,32
8005205,2,19
8009373,4,15
6302141,2,16
8005206,5,8
6031158,6,5
9999696,7,37
6302142,4,22
6031390,7,30
6301012,3,18
6031393,4,6
6031392,6,9
6031491,7,24
6300845,6,27
6031591,3,37
8012996,3,34
6031396,7,32
6031592,5,32
6031397,7,34
6031398,4,10
6300843,3,39
6031513,7,27
6031400,6,13
8009358,5,12
6031482,4,11
8009359,3,34
6031483,4,11
6302151,4,39
6302148,3,33
6031337,4,32
6302152,2,28
8016630,7,20
8141560,2,17
6302153,6,38
8009360,4,12
6300848,3,7
8015068,3,29
6030974,7,38
6031484,2,27
6031471,4,24
6031498,5,15
6031512,6,30
6031470,5,39
6031472,2,20
6031473,5,37
6031485,6,23
6300849,3,25
6031339,6,21
6300850,7,25
6030978,3,22
8030162,5,32
6031406,2,13
6301026,7,24
6031408,2,34
6031410,7,29
6031409,3,26
6031411,7,7
8009371,5,37
6031488,5,10
8009370,2,19
6031487,6,27
6302154,7,31
6302155,7,16
6302156,4,14
6031417,4,10
6031420,7,35
8009372,3,5
6031416,2,7
9999701,2,33
9999702,7,35
6031424,5,26
9999703,3,35
6033504,3,16
8015067,7,10
6031596,6,8
6031426,6,5
6031428,3,35
6031425,6,34
6031598,3,19
6302158,6,9
6302160,5,11
6031477,5,23
6031150,7,5
6031151,7,28
6031478,4,25
6031153,4,38
6030980,4,22
8009365,3,34
8141567,4,27
8141565,6,26
8141566,2,9
6031601,4,17
6300834,2,36
6031602,4,30
6031430,5,35
9999705,2,28
6031431,4,29
6031432,2,19
8030156,5,23
8009366,2,25
6031447,2,10
6302161,4,5
6030981,4,32
6031448,3,23
6031474,6,8
6030991,3,7
6031475,3,23
6031449,2,8
8009367,5,35
6031450,5,14
6031338,6,26
6302162,5,39
6031452,4,40
6031454,3,35
6031489,7,15
6302163,4,34
8009368,2,9
8009369,2,7
6031453,7,23
6302164,4,25
8141558,7,13
8141557,3,28
6031427,7,7
8141556,6,14
9999706,3,18
8015072,2,21
8030144,6,39
9999710,2,9
6031476,4,39
6030996,7,5
6030997,5,13
6031462,2,24
6031335,7,7
8030164,6,29
8030157,7,18
8005207,3,38
9999712,2,20
6033506,6,13
6033507,2,37
6302167,6,18
6302165,4,32
6302166,6,36
8007596,3,34
6031463,6,24
8009374,2,15
8016624,2,35
8121357,6,29
8121358,3,7
8011556,6,18
6039649,7,20
8131794,5,15
8131790,6,32
8131806,2,37
8131802,4,28
8131798,3,39
8128556,2,5
8127398,7,10
8042289,6,35
8042294,6,16
8042360,7,9
8042364,4,31
8042209,2,26
8042235,3,5
8042199,3,5
8122581,7,22
8122582,3,16
8122584,4,40
8122583,6,16
8122585,6,8
8124074,3,17
8124075,4,18
8124076,2,37
8124077,4,22
8128210,3,27
8038994,4,39
8118396,6,17
8128208,4,28
8039024,5,15
8118179,7,39
8039020,6,21
8118395,2,31
8039027,6,11
8039021,5,35
8118393,6,12
8039026,7,35
8039022,2,38
8118397,7,8
8135943,6,33
8039023,5,26
8118394,7,19
8039025,4,18
8128207,2,34
8132830,5,5
8127984,4,23
8127985,4,28
8127990,5,7
8127991,4,8
8127986,6,14
8127987,3,11
8127989,6,26
8132837,4,11
8132838,6,37
8132839,5,25
8132832,7,20
8132834,4,38
8041211,5,28
8121754,2,19
8040133,3,37
8121488,6,5
8041214,5,12
8040131,4,7
8036903,7,29
8121484,6,34
8041215,2,35
8036896,5,23
8041218,4,8
8121486,6,8
8121487,2,10
8121489,4,18
8124888,6,7
8124889,3,12
8124890,6,27
8124891,5,27
8124892,3,25
8141969,5,6
8141970,4,22
8141971,3,10
8141972,7,25
8141975,5,6
8133909,2,23
8133908,2,28
8139804,4,11
8133907,7,37
8133906,7,34
8133905,7,17
8133904,6,22
8139803,7,13
8139802,2,22
8133903,7,24
8133902,7,14
8133901,4,26
8139801,6,27
8139800,6,5
8133886,7,11
8139805,4,7
8118064,3,26
8118063,2,16
8014221,2,5
8014220,4,13
8014219,7,37
8143624,2,13
8143625,3,7
8143626,5,20
8143627,4,26
8143628,6,39
8123946,4,28
8040853,4,39
8040855,6,5
8016424,3,13
8137171,3,16
8115566,2,16
8016425,4,15
8016426,5,28
8016427,6,12
8115567,3,17
8137178,7,26
8137183,7,33
8137180,3,34
8137184,7,5
8137179,5,26
8137182,4,38
8012325,7,27
8119167,7,8
8143622,2,26
8143621,6,27
8143620,4,9
8143623,3,40
8134992,4,39
8134991,5,6
8134990,4,39
8134987,6,33
8134989,7,12
8134988,5,14
8119157,6,34
8130782,2,21
8130783,5,33
8130784,6,31
8129226,2,12
8139811,6,23
8010259,6,19
6301465,3,11
8040856,4,12
6301469,6,14
8014059,7,40
6301478,2,31
8012243,3,14
8012242,6,32
8014121,7,11
8031689,2,33
8109468,6,11
8131194,6,39
8131193,6,26
8141438,4,28
8141435,4,11
8141441,5,35
8141440,6,17
8141439,7,13
8141436,7,22
8141437,7,18
8121394,5,8
8132821,3,15
8132826,4,29
8141959,4,31
8141954,5,15
8141956,2,16
8141958,5,31
8141955,2,19
8121395,5,34
8121391,4,33
8132822,2,31
8132817,4,21
8121396,2,27
8137172,2,6
8137176,7,6
8137173,5,21
8137175,4,32
8137177,5,19
8137174,6,33
8121393,7,39
8132818,5,20
8121392,2,29
8132819,4,16
8036777,6,24
8036778,6,16
8036779,2,25
8036782,2,26
8037747,2,9
8139300,6,32
8139299,7,17
8139297,6,27
8139295,6,6
8139294,4,27
8038165,6,23
8038168,3,33
8041219,4,26
8039175,6,9
8041225,2,33
8041228,3,14
8041226,3,35
8137702,3,34
8137703,6,5
8137704,3,14
8137705,2,20
8137706,5,16
8137707,2,11
8137708,5,32
8142506,6,31
8142505,7,30
8142508,2,7
8142503,5,25
8142507,4,34
8142504,6,28
8136059,4,38
8136060,3,28
8126667,5,36
8126663,7,7
8126662,2,28
8136061,2,36
8128912,4,15
8128913,7,20
8136063,2,24
8126665,4,32
8126668,6,34
8136062,2,16
8140159,6,10
8140160,2,21
8140161,7,34
8140162,5,6
8140163,3,9
8140164,4,9
8140165,3,23
8140166,2,15
8140167,5,25
8119159,2,17
8041746,5,29
8111827,2,39
8131819,7,9
8014137,6,19
8000339,4,21
8143619,2,34
8143618,7,26
8136505,6,32
8136504,6,13
8139807,6,6
8126218,2,17
8121647,5,21
8121648,2,21
8141651,6,9
8141650,7,39
8020748,5,28
8020749,3,22
8013691,7,37
8013689,5,6
8143221,4,15
8143219,4,7
8143224,3,26
8143223,6,8
8143225,5,16
8143220,7,30
8129229,4,20
8033921,6,5
8135873,5,22
8129227,4,27
8118056,7,35
8118057,2,5
8036894,4,6
8036895,3,33
8029045,3,32
8029046,7,18
8029047,6,8
8029048,7,16
8036899,6,34
8036898,7,36
8136048,7,37
8136047,2,24
8136045,5,28
8136044,3,29
8136043,5,24
8136042,6,9
8138327,7,12
8138326,6,21
8138325,3,24
8138324,5,39
8138323,6,17
8138322,2,33
8138321,5,18
8138320,3,36
8035118,3,22
8035117,2,7
8110789,3,17
8035119,2,35
8110790,6,33
8110791,4,25
8110787,6,20
8035143,3,32
8039194,6,27
8130006,6,35
8130007,7,16
8139291,3,24
8139282,5,29
8139277,5,29
8139276,6,35
8139288,4,29
8139280,5,18
8139275,6,37
8139290,5,5
8139281,7,24
8139289,6,39
8139274,7,39
8139286,3,33
8139283,6,16
8139278,6,8
8139287,2,7
8139284,6,23
8139279,4,20
8139285,7,28
6220482,4,30
6220477,6,8
8126345,2,37
8136983,5,9
8136984,7,36
8136982,4,39
8136981,2,21
8139849,6,12
8123202,6,25
8123203,7,27
8136986,6,35
8123204,4,10
8136985,6,27
8130774,7,23
8119383,6,37
8126343,4,8
8126342,4,20
8126344,6,29
8123205,7,7
8140339,2,35
8140341,2,7
8140340,5,31
8135121,7,21
8131227,4,23
8135126,5,10
8119729,4,36
8119727,6,6
8135122,4,23
8131231,6,30
8135123,3,8
8038288,7,16
8038294,2,35
8038289,7,11
8038390,4,24
8040078,7,31
8040079,5,17
8040080,3,20
8040082,6,27
8040083,6,38
8038295,5,17
8111767,4,16
8040076,3,12
8040077,7,12
8038392,3,8
8038393,4,22
8038385,7,6
8038298,7,12
8110331,6,20
8038388,2,39
8038300,4,29
8038303,4,34
8038302,3,29
8038301,3,35
8038387,5,35
8038307,2,19
8038306,7,25
8038305,6,24
8038304,2,12
8038400,6,9
8038396,3,31
8038402,3,21
8038401,5,19
8038404,6,5
8038412,6,9
8038413,2,9
8038403,4,37
8120371,2,14
8038406,2,23
8038407,6,24
8111766,2,6
8038408,6,9
8041128,4,36
8041127,3,14
8038395,3,38
8038394,4,20
8038266,3,10
8038267,6,26
8038287,3,37
8110332,3,10
8038422,2,29
8131960,6,19
8131958,2,12
8038423,4,5
8131957,7,19
8038425,2,22
8038424,7,36
8131959,5,19
8131961,6,17
8038420,4,37
8038416,5,27
8038414,2,30
8038417,6,25
8038419,5,30
8038421,5,9
8038431,3,10
8131600,2,40
8138126,7,13
8134082,5,17
8132396,7,13
8018616,7,16
8124744,7,24
8126987,7,29
8029970,3,29
8134704,5,15
8127516,2,39
8138127,4,18
8140125,5,14
8140132,2,36
8134737,5,8
8134695,4,18
8119591,3,35
8121207,7,40
8035175,2,19
9997284,5,31
9997285,4,16
8143949,6,14
8143950,4,36
8128728,7,20
8002506,5,32
8137717,6,6
8140353,4,17
8129029,3,20
8129079,4,19
8129080,3,16
8032423,7,10
8134140,7,36
9999867,2,8
8012619,4,26
8130129,5,13
8021143,5,6
9998864,5,21
8029223,3,28
8021144,6,29
8021145,7,31
8125768,7,6
8125554,3,38
8135389,6,36
8125537,7,15
8125561,7,19
8114002,3,23
8125555,6,39
8114005,2,31
8135390,7,19
8123591,7,7
8135106,7,30
8135097,7,35
8131352,3,10
8131351,5,30
8131353,3,13
8131354,5,6
8131347,3,35
8131355,3,40
8131350,2,29
8131356,6,22
8131348,5,23
8135108,4,20
8137729,3,32
8137897,4,26
8137730,7,37
8137899,5,9
8137898,4,15
8137904,3,13
8137731,4,23
8137901,3,23
8132446,2,11
8009660,6,19
8132447,7,35
8016509,4,35
8039641,5,35
8037080,4,8
8018617,7,32
8140120,2,34
8140085,2,39
8140086,6,6
8140088,5,27
8029971,7,38
8140133,6,36
8129647,6,11
8135444,2,11
8135442,7,9
8135441,3,35
8132408,7,6
8135443,5,38
8113497,4,23
8135445,6,8
8138128,4,26
8134736,4,6
8138129,6,39
8035174,2,28
8114698,6,25
8140122,4,34
8140151,7,25
8134691,5,35
8132524,4,36
8132521,2,23
8027852,3,22
8027888,5,20
8134670,2,18
8132507,4,30
8134671,6,36
8132510,2,16
8134676,5,14
8132523,5,34
8027881,3,20
8027883,6,6
8027882,4,37
8027880,7,18
8134683,6,14
8134684,6,24
8134693,6,31
8132520,4,34
8132517,3,30
8132506,7,29
8132508,3,16
8134687,7,22
8134688,5,30
8134675,7,23
8134673,6,5
8134681,5,20
8134680,2,37
8134678,2,32
8132505,6,22
8132504,2,12
8027853,2,37
8027869,7,9
8027870,6,29
8027871,5,17
8027856,4,12
8134692,6,11
8027867,3,26
8132516,4,34
8027866,2,24
8043134,6,24
8043135,7,20
8043118,3,31
8043127,3,6
8043126,4,16
8043142,7,18
8134824,7,27
8043145,6,36
8043138,2,17
8043141,3,40
8043122,7,10
8125047,5,22
8127185,5,19
8125044,6,40
8127811,5,32
8125048,6,33
8127184,6,30
8125045,4,36
8127812,6,15
8125049,3,14
8127186,3,35
8125046,4,33
8127813,6,36
8129533,7,6
8117073,4,31
8117072,2,18
8121813,5,25
6034129,6,7
6039773,3,12
6032702,2,12
8010128,6,14
8010126,3,22
8115141,7,14
8115140,7,13
8115139,3,7
8115138,5,35
8010127,3,28
8010125,2,23
8010129,3,30
8113508,5,11
8110485,4,34
6220470,3,33
6220469,2,9
6220468,5,33
6220467,5,34
8134674,3,13
8109920,2,21
6220466,3,28
6220465,4,33
6220464,3,20
8119589,4,5
8126994,5,7
8119588,4,26
8136975,3,16
8136919,3,34
8136921,7,30
8136920,5,34
8136922,7,15
8141208,2,34
8141210,6,31
8141212,6,25
8141209,3,15
8137912,4,23
8137907,3,6
8137732,7,38
8137906,7,13
8137905,6,27
8140859,4,13
8140856,2,14
8140870,6,27
8140893,4,28
8140897,7,37
8140896,2,18
8140900,5,30
8140901,7,5
8140894,4,33
8140899,5,35
8140898,5,19
8140895,6,15
8140892,4,8
8140858,6,29
8140874,4,19
8140853,6,10
8140860,3,33
8140857,3,13
8140861,2,8
8140875,3,36
8140871,6,13
8140854,3,30
8140872,3,32
8140855,2,22
8140873,3,17
6206027,2,29
6206024,3,25
6206025,4,30
8033313,3,16
8040815,6,17
8033315,2,18
8027536,7,19
8027532,7,6
8119991,5,40
8119990,3,6
8040370,2,6
8142516,4,9
8117957,5,24
8033319,7,17
8131386,6,40
8039873,3,19
8116651,4,8
8027527,7,6
8122586,5,39
8134144,4,33
8134145,3,33
8134143,4,29
8031477,3,37
8031482,5,14
8031481,4,29
8134146,4,39
8031478,2,14
8035151,5,35
8028752,7,33
8028753,2,39
8028773,3,11
8028776,4,33
8028763,4,9
8028767,4,28
8035150,3,33
8141919,6,11
8109618,7,18
8112118,3,9
8138086,3,28
8041777,5,35
8138089,6,14
8127340,6,34
8127439,4,24
8141950,2,23
8041775,2,27
8138077,4,27
8139561,2,39
8112117,2,8
8041771,3,36
8041772,3,5
8138084,4,23
8041779,3,15
8134920,5,34
8141949,4,20
8041778,5,35
8122927,3,38
8122928,7,40
8134921,4,9
8138081,4,34
8143499,3,15
8142332,2,30
8131530,4,35
8141748,5,24
8141749,3,29
8141680,6,39
8138879,5,9
8138881,4,40
8141681,6,36
8137252,5,40
8141679,2,9
8138880,2,37
8138882,6,29
8142331,4,13
8131531,5,32
8139854,2,25
8141747,2,14
8136615,5,30
8137881,3,5
8137882,6,8
8137878,7,38
8137875,4,11
8137877,6,7
8137883,5,40
8137880,3,10
8000050,3,7
8137994,2,32
8137995,4,13
8137992,5,34
8137993,3,29
8143460,6,35
8143461,5,38
8143462,2,27
8121349,5,10
8028916,6,27
8131701,4,15
8008040,4,18
8012418,5,25
8025348,3,18
8121348,4,13
8126523,5,24
8126524,5,25
8126526,4,26
8139945,3,32
8126522,5,18
8143373,7,24
8143357,4,36
8143359,6,15
8034726,5,39
8118134,6,13
8118135,6,16
8118130,4,37
8118133,7,26
8118129,5,26
8118703,3,26
8122025,7,23
8122029,3,36
8015639,6,40
6300794,5,6
6310105,6,25
8116044,6,36
8039480,7,16
8030088,7,6
8129020,7,36
8030089,3,9
8139375,7,34
8116061,7,27
8118463,7,7
8116209,6,8
8136553,6,27
8126353,6,16
8139180,4,20
8139179,3,8
8133467,3,37
8133468,4,38
8133469,7,39
8012536,5,15
8035350,5,12
8116206,3,32
8037935,5,6
8037936,4,38
8139873,3,16
8139872,5,38
8021029,7,40
8023163,6,7
8016122,5,6
8011313,5,12
8023197,4,27
8118854,5,35
8118851,2,14
8118853,7,22
8118850,5,37
8128622,2,26
8118855,3,19
8118852,5,12
8117865,3,30
8117864,4,22
8117867,3,26
8117866,7,15
8128051,6,25
8117576,2,17
8124631,7,21
8129367,7,18
8117579,7,32
8141055,5,34
8135189,7,23
8128048,7,23
8134132,7,9
8117578,6,32
8125643,4,12
8139641,5,29
8139640,4,36
8139639,5,31
8117575,4,14
8141728,2,26
8134977,5,14
8134976,4,34
8134978,7,21
8134979,3,7
8124247,4,7
8117577,3,10
8127028,6,29
8122070,3,12
8141960,4,13
8141961,3,17
9992652,6,34
9998127,5,37
8031395,6,32
8119217,3,11
8119218,4,35
8140055,5,26
8009906,3,22
8009905,7,37
8009904,4,10
8110392,5,25
8130218,4,37
8130219,3,6
8130220,6,12
8022518,4,32
8128760,4,5
8009911,7,38
8009910,5,6
8139891,7,9
8009902,3,9
8009901,4,23
8031394,7,10
6030202,7,12
6039003,2,20
8027490,7,19
8013521,6,18
8118089,5,27
8022168,3,19
8118112,6,37
8139733,3,18
8139753,5,11
8118100,2,40
6301106,3,7
8118099,7,11
8013522,5,26
8139752,2,36
6310405,6,6
6301105,5,36
8118092,7,20
8140734,3,31
8127798,7,32
8000988,2,18
8143045,4,8
6300593,2,12
8033880,5,16
8013523,3,37
8000598,4,27
6300594,2,38
8013520,2,30
8001186,4,24
8022166,4,25
8143046,4,40
8133413,7,31
8133414,4,27
8132497,4,37
8134300,7,22
8127022,7,19
8109584,6,31
8124188,5,28
8033875,5,32
8114707,5,8
8122791,5,14
8122143,3,36
8122144,5,6
8110625,4,17
8140731,5,21
8136694,6,17
8025636,7,38
8013304,4,37
8126225,3,36
6030355,2,40
6030354,7,39
6030351,7,24
6533140,3,24
6300304,7,20
6300320,3,18
8118507,6,21
8118511,6,38
8118509,7,23
8118510,7,19
8138899,4,28
8118512,6,32
8141795,4,11
8031392,3,28
6310541,7,15
8110943,2,26
8129332,2,13
8021400,5,12
8113208,5,17
8129392,2,5
8129394,4,30
8129389,5,12
8024909,2,32
8122045,6,23
8141622,7,14
8141623,3,18
8141621,2,21
8141624,2,18
6300299,3,26
8130252,7,34
6039010,5,17
6530722,5,32
6530723,3,29
8142060,7,38
8122046,2,23
8141625,4,16
8121527,7,36
8121526,6,21
8130776,6,23
8130777,3,24
8121524,6,15
8040778,4,7
6309975,3,21
6309969,2,7
8116235,4,12
8122539,4,15
8141629,6,19
8019917,3,15
8022186,3,19
8012265,3,24
6530721,6,31
6309977,6,40
8129252,3,32
8012595,7,39
8136507,4,28
8036024,2,12
8133053,7,37
8129253,7,17
8138808,4,8
8138013,6,23
8138014,5,23
8143454,2,40
8133052,4,16
8016541,3,30
8123532,2,28
8123531,6,28
8143455,7,33
8129251,2,32
8129250,7,9
8129254,2,9
8139882,3,24
8139885,2,24
8038020,5,18
8006949,4,18
8021892,5,35
8006946,7,23
8029490,2,24
8003961,2,24
8039919,6,17
8039917,5,33
8039920,2,34
8039918,3,18
8016129,7,12
8018740,6,20
8016130,4,11
8024266,2,40
8039109,7,11
8002492,2,36
8002493,3,11
8031445,3,20
8031402,2,16
8022522,7,36
8002489,5,31
8002490,7,36
8032575,6,39
8039916,3,7
8019163,4,36
8022523,3,5
8012315,4,11
8012314,2,18
8033350,4,30
8033352,4,12
8021894,6,13
8021893,7,7
8142541,4,29
8142546,6,23
8016221,4,34
8118074,6,31
8014426,3,13
8141793,5,10
8140797,3,35
8142206,6,12
8030610,4,33
8030611,7,7
8032259,4,30
8021267,5,38
8021266,3,30
8113043,2,25
8113045,2,20
8014423,5,12
8138973,7,7
8014425,7,39
8014424,3,19
8139020,2,21
8035430,4,8
8041314,2,11
8035431,4,24
8041315,7,39
8035432,4,17
8137510,3,6
8138071,4,16
8020833,5,27
8019580,7,29
8137511,7,13
8137512,3,31
8021966,3,29
8030612,4,30
8139021,6,31
8128535,4,22
8137804,2,11
8014422,4,6
8014417,4,14
8118073,7,24
8014416,4,7
8014419,6,30
8014418,2,23
8118072,6,22
8118071,5,13
8014420,7,39
8111595,3,23
8111594,7,33
8014421,3,13
6310781,4,10
6310782,2,21
6310794,3,30
6310793,2,11
6310784,2,26
6310787,4,27
6310788,3,27
6310797,2,21
6310789,3,32
6310790,3,37
6310785,5,36
6310791,7,29
6310796,6,24
6310792,5,19
6310795,4,33
6030833,7,37
8009682,5,12
6030831,4,33
8035457,3,21
8026296,2,38
8035492,5,10
8035491,4,5
8026300,3,20
8026292,6,31
8026295,5,33
8035452,4,31
8030458,2,28
8026290,5,28
8026294,6,19
8027664,2,23
8033267,3,37
8035453,6,9
8026312,2,32
8026313,5,36
8026315,2,12
8026309,3,19
8125123,3,21
8035451,7,17
8127436,5,22
8030389,2,14
8026319,3,26
8026317,6,6
8030459,7,16
8035590,6,25
8035589,4,29
8035459,6,23
8035588,2,30
8125124,3,8
8026301,3,39
8026298,7,22
8026297,7,30
8035455,5,29
8026307,3,31
8026327,2,19
8026330,7,32
8035454,4,15
8114240,2,26
8030390,5,22
8027667,6,12
8027668,6,6
8026337,6,23
8026340,7,30
8030460,2,20
8026339,3,21
8033268,4,29
8026336,2,11
8026338,7,35
8027669,3,20
8031961,6,36
8127437,4,26
8035489,2,14
8026335,2,35
8030391,3,6
8035460,7,31
8125122,6,32
8028518,4,27
8028484,3,24
8112179,6,37
8112178,7,31
8132856,4,28
8130574,4,36
8130573,6,5
8130577,2,39
8130578,2,27
8130579,2,39
8130580,7,25
8112180,7,22
8124305,2,25
8122708,3,12
8124304,5,32
8134911,6,36
8135748,7,20
8134538,3,30
8137872,2,9
8137873,5,22
8112125,2,22
8112164,6,21
8112177,4,13
8143778,2,40
8112151,6,24
8137874,4,12
8124307,2,37
8118929,3,14
8118930,2,13
8134544,4,33
8134540,6,40
8124980,3,36
8124981,6,5
8124979,3,19
8135504,5,11
8135503,4,21
8135502,6,7
8135489,2,20
8135500,4,7
8135499,3,38
8135497,5,27
6530522,6,9
8122859,7,35
6530525,3,18
6530527,3,14
8125306,5,35
8007035,3,11
6530529,5,28
8110786,4,8
8122858,7,29
6530530,5,33
6300993,7,25
6530533,2,38
6530534,4,29
6310304,7,39
6530537,3,37
8022417,5,35
6530538,7,38
6530539,5,12
6530540,5,12
6530542,5,17
6530543,3,10
6530544,6,5
6530545,5,20
6301263,4,40
8040004,6,9
8011597,4,8
8122852,5,28
8011600,6,11
8018430,5,12
8018429,3,20
8018447,3,14
8018446,7,19
8018444,5,10
8018443,6,25
8018442,6,13
8018441,4,21
8020245,3,13
8018440,2,19
8018439,2,40
8110773,6,19
8018437,2,6
8018436,4,30
8018435,5,24
8134613,4,30
8020418,4,21
8020005,3,11
8018434,3,6
8018433,2,39
8110778,7,34
8021222,6,32
8018432,2,9
8137458,6,36
8142851,7,5
8142852,3,30
8142853,4,20
8142854,6,11
8142855,4,30
8142856,2,26
8142857,4,29
8142858,4,31
8142859,5,37
8142860,7,40
8026737,7,29
8026732,4,14
8026733,4,20
8039834,7,16
8039988,6,39
8039989,4,38
8039787,3,28
8039987,4,18
8114421,3,18
8114419,5,7
8114420,2,19
8126264,5,10
8141170,3,36
8141169,5,28
8141171,6,17
8117607,6,10
8123192,7,37
6033636,2,16
8117609,2,21
8037690,4,19
8037689,3,11
8037691,3,29
8117608,6,19
8130575,5,6
8130215,6,35
8123194,4,17
8124291,6,12
8123195,4,23
8039845,7,32
8039847,7,27
8141952,2,16
8039843,5,19
8039849,7,33
8121709,3,26
8039851,2,6
8139560,5,38
8128943,4,10
8119413,3,10
8141957,5,32
8119415,3,36
8141953,5,15
8119417,6,20
8039844,3,29
8141951,4,11
8039842,5,30
8039848,4,9
8121708,5,8
8039850,7,30
8128947,3,29
8139559,6,32
8139558,6,11
8021060,6,20
8139625,3,8
8041171,3,23
8038370,4,7
8139627,4,19
6033609,5,17
8025269,5,25
8041172,7,8
8139628,5,33
8136500,3,25
8136501,3,11
8140263,5,27
8140265,2,9
8140264,3,11
8122336,7,28
8130618,6,27
8136499,7,26
8127489,2,13
8122335,6,14
8141259,3,29
8137913,7,6
8142436,6,12
8137909,6,17
8137733,4,11
8141257,5,16
8141258,7,10
8137940,3,29
8143976,4,30
8143977,4,14
8141256,2,35
8142435,4,10
8141255,3,36
8137734,6,16
8141260,5,17
8121343,4,34
8139861,3,8
8139862,4,25
8139863,6,24
8139864,7,26
8133325,7,29
8026817,5,40
8141547,4,30
8031908,6,32
8009712,6,23
8123630,2,29
8141674,2,29
8127376,2,36
8009723,6,30
8029127,3,33
8116568,3,23
8116554,5,39
8123586,4,38
8123588,7,13
8022177,7,22
8039688,6,34
8123585,7,40
8123587,2,31
8012730,3,37
8022818,4,33
8130723,2,25
8112999,5,19
8024549,3,18
8019417,7,25
8019416,3,13
8116566,7,5
8126085,3,36
8139194,5,32
8139193,4,8
8136075,3,37
8119208,3,32
8024552,2,22
8000739,2,16
8033618,3,32
8133321,7,36
8142877,7,23
8022183,2,24
8142919,5,16
8142918,2,28
8143684,6,33
8143698,4,37
8143701,3,34
8142917,2,15
8143696,6,8
8143699,7,37
8142916,4,19
8143697,6,27
8143700,7,27
8143683,4,34
8021713,4,12
6211702,6,34
6211703,2,23
6211701,5,30
8028180,7,33
8134640,7,35
8134645,5,37
8134647,7,10
8134646,4,31
8134643,5,25
8134644,5,31
8134641,6,12
8134654,2,20
8134648,2,6
8134655,6,6
8134649,7,35
8134651,6,22
8134650,7,23
8134652,3,39
8134653,2,37
8134656,5,14
8134657,6,34
8139359,6,15
8134642,7,39
8134633,6,24
8134634,7,31
8139357,5,23
8134638,3,27
8134639,5,11
8134637,3,8
8139358,4,11
9995637,4,5
8141145,7,23
8030202,7,39
8141144,3,9
8138051,4,32
8131316,3,5
6300360,6,26
6032701,4,23
6031142,5,12
8010898,7,5
8003156,7,39
8027782,7,26
8122676,6,31
6536071,7,17
8136691,3,38
8136692,5,22
8143424,4,36
8143138,3,16
8113518,7,31
8136352,7,40
8131114,3,20
8001083,2,14
8137668,4,36
8114979,5,25
8114980,7,5
8129550,4,31
8124166,7,38
8119062,3,32
8136178,2,14
8124165,3,7
8136180,6,40
8119068,3,40
8136181,4,9
8136693,4,25
8131103,7,37
8032470,7,34
8126683,6,8
8113767,3,17
8018493,6,39
6300505,7,19
8126924,3,17
8114978,6,10
8114977,5,24
8143967,3,11
8143966,2,30
8031377,7,19
8031376,5,31
8031375,4,12
8124243,7,6
8124242,4,18
8124241,6,9
8128762,3,30
8143591,7,8
8143589,6,23
8143590,2,32
8143592,7,11
8115136,3,23
8115134,2,5
8115135,6,33
8005526,7,16
8131511,3,10
8126510,6,40
8131693,7,29
8142061,7,13
8131510,5,21
8126509,6,8
8131505,4,12
8142058,5,31
8131507,4,18
8126508,3,37
8142057,3,11
8126901,6,20
8131508,7,7
8126507,7,12
8131694,7,36
8142062,5,10
8131509,6,9
8126506,6,21
8131695,6,22
8142063,4,5
8126504,3,17
8126501,7,22
8126500,3,33
8126505,7,18
8126499,4,26
8126902,5,7
8126503,3,8
8126498,2,8
8126502,2,20
8126497,7,17
8135821,4,11
8135822,7,18
8135823,4,10
8028334,6,18
8140508,3,12
8140509,4,24
8130173,5,31
8131690,7,8
8130172,6,15
8131691,3,27
8130171,3,8
8130528,4,18
8130167,4,16
8130168,5,10
8130170,7,28
8131692,2,10
8130169,5,14
8131689,4,33
8114684,6,38
8114683,5,6
8114685,4,16
8114686,2,28
8140507,4,34
8112091,6,37
8112090,3,5
8112092,4,29
8120408,5,32
8137121,4,9
8025215,5,36
8115837,3,33
8115838,7,25
8038534,5,26
8025912,6,35
8025909,3,20
8123102,4,30
8139629,5,27
8139630,4,8
8124230,7,25
8137040,2,31
8137039,6,20
8123103,2,8
8000772,7,25
8020762,5,33
8011144,7,24
8011145,7,5
8014678,4,20
8137105,4,13
8124234,4,32
8022174,7,38
8124238,3,35
8136511,7,6
8136515,4,15
8129166,2,8
8129181,4,24
8129179,2,27
8129186,3,38
8129183,6,17
8129182,6,31
8127370,7,34
8127373,3,21
8127371,3,16
8131517,6,39
8137045,6,24
8137041,3,35
8130198,3,19
8130197,6,37
8114657,5,14
8130202,5,37
8130201,4,17
8130196,5,26
8130195,7,14
8131518,4,6
8131522,5,29
8131521,5,27
8131520,6,25
8131519,7,37
8136514,7,14
8136512,6,38
8129178,6,29
8129177,7,14
8129180,4,15
8129185,4,25
8129184,6,27
8129187,6,26
8127369,2,30
8127372,7,34
8127368,4,24
8131516,3,16
8137044,4,30
8137042,4,9
8131514,3,40
8130200,7,30
8130199,5,31
8130204,5,23
8130203,5,36
8130194,3,29
8130193,3,30
8138695,3,14
8139202,6,6
8124239,6,15
8112056,5,33
8112057,5,28
8124229,2,37
8137037,7,23
8137038,6,38
8019433,7,35
8020761,4,15
8011146,2,5
8011147,7,38
8137046,3,10
8142694,4,21
8142695,4,18
8016482,5,25
8022059,7,35
8041573,4,31
8017719,5,8
8017720,2,40
8119285,5,13
8119286,2,19
8119288,4,13
8119290,6,37
8034200,3,16
8039165,6,31
8138515,4,25
8032155,2,15
8021371,7,37
8021370,6,23
8041111,2,29
8032156,3,24
8114407,6,23
8032157,3,37
8138516,3,6
8041112,5,11
8136247,5,17
8136255,4,21
8110733,7,17
8112818,4,30
8131675,6,24
8131674,2,37
8043120,6,37
8131678,7,28
8131677,5,12
8131672,7,11
8110735,7,39
8122893,3,14
8043125,6,29
8043109,6,9
8137735,5,30
8137943,6,5
8133418,5,15
8133419,7,34
8043123,3,19
8110734,6,8
8043111,5,8
8043116,3,12
8043121,5,24
8129118,7,21
8032572,3,28
8032571,5,12
8041103,7,24
8032574,6,9
8001066,2,27
8001067,4,35
8001068,7,40
8119633,4,31
8119632,7,15
8119631,4,20
8128761,5,29
8021131,7,8
8021129,4,36
8008707,6,5
8008705,6,23
8023143,4,29
8142365,2,30
8142364,3,35
8142363,2,20
8142366,3,30
8143078,6,33
8016928,3,33
8016927,3,9
8014520,6,25
8014519,2,33
8011041,4,23
8011036,6,27
8010794,3,19
8016926,7,27
8132859,4,14
8140087,2,23
8133582,5,39
8133584,3,6
8132861,5,24
8132860,7,33
8133583,6,18
8133586,7,11
8021024,5,35
8033858,7,32
8022476,2,10
8022477,5,33
8022478,6,36
8022479,4,29
8022480,5,33
8022469,6,35
8115353,4,14
8022481,5,31
8022471,2,38
8022473,3,14
8022482,5,26
8115355,4,6
8022470,6,26
8022472,4,15
8022474,6,34
8022475,6,5
8115354,3,7
8022483,6,36
6039446,6,15
6206016,7,36
8001303,3,31
8013177,3,7
8002715,5,32
6253702,3,24
6253703,5,26
8035981,7,39
8031545,5,29
8141838,6,17
8032489,5,23
8028028,5,32
8009001,7,32
8127397,6,15
8009000,2,40
8032490,4,31
8140342,6,8
8140343,6,5
8042035,7,36
8141555,2,20
8141553,2,8
8141554,6,7
8141552,5,24
8135071,5,7
8135078,3,24
8129534,6,19
8132402,5,13
8039519,2,12
8037073,2,17
8127512,5,15
8119599,7,12
8027823,5,8
8027821,2,14
8039518,2,21
8024271,6,5
8124620,4,10
8037072,2,32
8027822,4,26
8039517,6,13
8127517,3,40
8134733,6,13
8134732,6,38
8140134,7,26
8132399,5,9
8024269,4,12
8119583,5,27
8129637,3,35
8027824,5,27
8124733,3,13
8024288,6,26
8029974,2,11
8000557,7,26
8000556,4,17
466939,2,18
9995000,2,35
8039099,5,6
8003163,6,15
8008711,6,9
8003168,3,14
8039102,6,24
8039103,3,23
8014180,3,16
8039100,3,13
8039101,6,7
8003164,6,24
8003161,7,16
8138970,4,36
8140003,5,33
6300083,3,15
6300081,6,40
6033106,5,28
6033111,3,23
6300085,4,29
6300075,6,32
8039084,6,37
6300078,7,5
8001017,6,34
8001018,4,36
6300077,2,15
8011251,6,11
8138972,5,7
6033112,3,35
8021923,3,35
8039082,2,19
8039081,6,34
8039083,5,35
8039098,6,17
6033263,7,38
6300086,3,26
8005262,2,36
8003175,4,21
6300079,5,13
8140005,7,17
8014184,6,34
6300076,4,8
8127425,6,12
8128790,7,9
8140007,7,30
6033262,7,5
8003169,3,25
6300080,3,13
6033109,5,20
8140001,3,10
6300084,4,15
6300082,6,27
8138971,4,9
8007404,2,30
8003162,6,10
8139109,3,40
8139110,4,36
8142878,2,35
8139111,2,40
8142879,6,27
8139107,6,21
8139106,7,38
8139108,3,17
8139112,2,8
8114511,7,9
8042814,5,36
8141709,3,30
8136620,5,40
8141713,3,38
8109554,3,40
8042812,2,14
8121374,6,23
8141710,6,28
8141712,2,24
8140192,3,15
8121372,2,10
8137813,4,9
8137814,5,6
8137815,6,29
8127014,2,22
8127015,4,36
8127016,5,33
8137253,7,16
8042809,2,30
8137254,3,27
8042810,2,8
8109556,6,38
8109553,6,37
8141711,3,18
8116940,3,13
8121371,4,15
8109558,6,29
8109559,4,13
8114514,2,30
8133591,5,25
8133593,6,28
8133590,6,21
9999863,4,21
8133595,6,9
8133594,7,35
8133598,2,17
8133596,6,11
8139526,4,38
8139524,2,9
6039774,3,10
8136990,6,29
8136987,3,39
8136989,3,28
8136988,3,33
6218600,5,19
8138056,5,39
8122905,3,34
8122904,5,28
8122907,4,30
8122908,2,27
6298008,7,11
8039855,7,38
8034221,3,17
8034222,4,5
8034223,6,40
8034224,6,21
8034374,3,23
8136859,7,17
8034225,3,20
8034226,2,19
8122012,6,12
8042474,3,16
8132477,6,13
8132479,4,26
8135277,6,28
8132476,7,10
8132478,6,30
8121342,7,30
8121341,6,17
8039626,6,36
8035227,5,22
8035231,7,26
6034201,5,8
8001080,7,37
8126248,3,31
8031502,6,36
8132172,4,33
8126251,7,30
8026154,7,30
8015557,5,13
8015558,2,17
8126277,5,33
8126278,7,31
9931907,4,32
8026005,6,13
8017451,4,37
8017452,2,17
8039210,2,34
8125470,2,9
8135930,2,19
6300455,6,23
6300454,6,39
8110716,2,38
8135931,7,24
8117773,6,24
8130592,4,36
8008339,3,34
8130587,6,17
8020228,5,33
8026357,5,20
8026358,2,26
8124698,3,36
8130582,5,15
8138365,5,30
8127608,6,24
8127607,5,11
8016429,2,28
8007415,4,17
8016428,2,26
8019282,5,20
8019281,5,22
8020376,5,12
8028150,2,24
8028151,4,18
8117288,4,22
8117290,2,27
8039608,3,32
8039609,3,6
8036580,7,26
8036581,7,8
8041743,7,26
8021529,5,22
8124948,2,27
8124946,5,6
8136874,2,27
8136871,2,34
8136876,3,40
8021530,3,24
8128767,5,38
8109493,7,25
8109494,2,13
8021532,2,10
8038586,6,10
8021531,4,12
8121119,7,40
8122276,3,16
8122275,7,7
8122277,4,36
8116128,5,29
8136881,4,28
8116130,5,28
8116129,2,38
8116117,4,9
8128768,3,15
8116122,4,16
8116118,7,19
8043163,2,31
8025759,7,39
8138423,5,19
8138429,7,31
8138425,3,18
8138430,4,20
8037770,4,6
8025760,3,19
8138427,5,38
8138422,2,33
8138428,2,9
8138426,7,10
8025762,2,34
8037767,2,37
8122278,2,14
8122279,7,8
8043332,6,17
8007836,4,11
8124943,2,9
8124942,2,19
8136873,6,24
8136870,4,19
8136875,7,19
8021526,5,5
8109488,2,9
8109490,2,15
8021528,5,14
8038587,2,7
8021527,7,40
8121117,6,16
8119741,6,17
8119742,3,34
8143919,6,40
8143923,2,32
8143921,4,30
8143925,6,12
8143928,7,25
8143926,3,23
8143922,6,15
8143924,7,36
8143927,2,9
8143920,4,22
6301903,2,22
6301902,7,10
6030057,2,22
8028832,5,23
8022108,3,40
6310247,4,21
8007188,2,13
8000573,4,28
8037340,4,32
8037341,4,24
8115630,4,28
8032713,2,18
8016410,4,7
8023177,2,27
8016408,3,7
8016409,3,29
8016412,4,21
8016411,4,31
8024366,6,15
8024367,4,22
8023106,4,35
8034218,3,26
8007822,6,38
8035108,5,20
8037063,5,28
8007828,6,38
8007827,3,36
8007826,6,8
8021068,6,34
8021069,3,18
8021067,7,16
6030660,7,17
8007823,7,6
6301228,5,34
8007824,5,27
6030659,2,34
6301227,6,27
8139113,3,25
8038283,4,12
8038284,3,18
8141901,3,16
8030057,5,25
8030055,6,36
8030054,3,39
8138606,5,34
8127822,3,8
8114282,2,19
8014201,5,25
8136522,4,14
8136523,5,28
8136524,3,5
9932001,5,9
8010382,6,29
8010383,3,38
8038798,4,9
9932002,6,8
8022118,2,8
8022119,6,32
9931999,3,38
9932000,4,37
8120639,5,20
8001150,5,16
8143584,3,18
6033203,4,19
6309906,7,20
8136908,6,16
8135706,5,15
8135705,2,14
8135704,2,24
8038679,2,16
8138163,3,11
8140021,5,10
8126769,2,11
8126770,3,10
8132676,7,26
8132685,5,33
8128206,5,11
8132684,2,39
8126771,6,8
8021785,2,29
8021784,3,23
8021787,7,12
8021783,6,38
8126768,3,5
8021786,6,16
8021782,2,37
8126767,7,34
8123874,3,19
8126766,4,18
8018543,6,28
8020203,5,20
8020470,6,38
6242317,2,12
8021013,7,24
6242318,7,16
8018893,3,26
8039874,6,11
8019981,5,24
8141466,7,39
8035176,4,12
8018518,2,19
8016561,6,6
8039028,5,8
8039034,3,35
8142525,4,5
8128204,4,14
8128205,7,27
8039031,5,16
8039032,5,40
8039030,6,36
8039029,2,25
8039033,7,20
8038215,2,35
8030011,5,30
8030013,3,37
8033115,2,7
6242319,3,9
6203582,6,7
8003056,3,23
8016511,3,10
6242320,3,13
8028590,3,36
8028591,3,14
8010487,6,20
8010488,3,17
8010485,7,40
8010486,5,28
8124078,6,19
8124081,4,7
8143779,5,33
8143815,2,15
8132686,2,7
8131066,2,40
8131041,7,10
8131047,5,9
8131046,4,11
8131077,2,15
8131089,2,11
8131065,5,10
8131088,3,11
8131072,2,33
8131061,4,30
8131083,6,29
8131073,2,21
8131062,6,26
8131084,2,14
8131075,5,10
8134134,3,29
8131098,5,21
8131087,3,34
8131074,4,33
8131063,4,36
8131085,5,13
8131071,2,12
8131040,4,5
8131060,4,15
8131079,4,11
8131058,6,7
8131070,3,6
8131059,7,38
8131081,7,16
8131056,4,31
8131057,4,35
8131055,3,19
8137779,5,5
8137777,3,19
8137778,7,19
8137780,7,36
8131048,2,35
8131044,5,7
8131043,3,38
8131039,4,12
8131042,5,14
8131080,2,23
8137784,7,19
8137785,4,22
8137782,5,29
8137781,3,33
8137783,7,22
8137786,2,26
8134084,5,10
8017216,5,21
8138124,2,27
9931813,3,37
8009987,4,39
8126961,3,25
8035110,6,10
8008142,2,14
8129521,3,11
8129519,4,16
8032622,3,9
8035180,7,18
8024290,6,39
8041707,5,28
8126960,6,34
8129520,4,33
8024795,3,23
8121475,6,5
8018327,2,34
8119465,2,33
8008107,2,37
8012042,6,37
8012041,7,14
8012366,7,38
8010206,5,39
8141797,4,7
8012365,6,15
8005358,6,19
8141798,5,23
8131104,3,9
8131105,4,10
8012861,2,35
8020935,5,33
8016547,4,16
8011917,5,8
8011918,4,23
8142757,2,35
8026008,3,27
8026007,7,18
8130790,5,29
8019972,6,27
8043407,7,35
8040969,7,34
8121105,6,20
8008702,2,11
8008699,7,30
8039644,7,35
8039643,2,9
8008703,5,6
8008700,2,34
8008704,7,35
8008701,3,29
8019948,2,17
8023141,7,33
8017645,5,17
8013450,4,6
8021644,5,30
8021714,6,14
8025844,4,38
8024728,2,29
8024727,7,23
8024726,5,20
8040880,4,22
8025293,4,39
8024740,7,14
8024736,4,28
8024737,4,37
8024738,7,19
8024739,7,32
8117222,7,23
8024706,4,5
8024701,6,14
6300945,6,36
8024700,5,37
6300944,7,21
8024699,5,5
6300943,5,29
8024702,5,12
6300946,2,10
8024703,6,11
6300947,5,8
6301836,3,8
8024693,5,10
8024692,2,39
8024691,5,22
8024746,5,22
8024745,3,40
8024744,6,23
8024759,6,36
8024758,3,33
8024757,3,29
8024734,3,14
8024732,7,13
8024735,5,35
8141027,5,27
8141026,4,29
8141050,6,27
8117215,7,25
8117216,4,33
8117217,5,25
8118560,6,34
8038907,5,26
8038906,5,29
8038905,2,5
8133111,7,38
8133128,5,25
8118561,5,20
8126129,5,35
8126130,7,28
8126116,2,8
8126117,4,13
8126113,6,7
8126120,3,29
8126119,3,19
8126121,6,31
8038915,4,8
8038914,5,40
8038913,4,8
8038916,2,12
8118562,5,38
8126111,7,5
8126110,2,10
8126108,3,23
8126112,4,7
8126105,2,15
8126106,4,38
8038911,5,24
8038910,3,10
8038909,5,22
8038912,4,19
8024697,7,13
8024696,4,28
8024695,4,28
8024698,7,29
8133129,3,30
8133130,5,21
8133131,5,33
8041132,2,19
8041133,3,37
8025831,6,22
8024712,3,40
8024711,4,15
8024710,2,25
8024713,4,28
8024724,6,15
8024723,2,23
8024725,6,36
8024754,5,28
8024753,4,7
8024752,4,18
8024755,3,15
8024756,6,6
6300950,3,32
6300948,4,9
8024716,7,29
8024715,7,30
8024717,4,11
8024748,7,36
8024747,4,6
8024750,2,25
8024751,5,36
8032366,2,11
8024704,4,40
8024705,6,10
8024694,6,10
8030141,2,11
8030148,6,23
8030143,7,19
8030149,3,10
8030154,4,21
8030145,2,37
8030151,3,20
8030155,3,27
8030146,7,30
8030152,5,19
8030158,7,13
8024730,2,24
8024729,4,29
8126154,2,37
8133146,2,25
8133140,6,5
8133141,2,15
8133142,4,15
8117210,7,6
8126889,5,40
9999138,3,37
9995411,4,14
8025274,7,5
9995476,4,20
8004175,6,18
8012101,6,5
9998744,4,18
8127788,5,24
8127806,6,18
8138840,4,25
9999781,2,32
9999779,4,36
8012474,6,21
8138841,2,29
8143669,2,36
8042714,2,8
8040942,7,40
8030209,6,7
8143668,7,40
8026951,3,6
8128990,3,6
8015927,2,31
8128357,6,11
8127617,4,22
8128989,6,12
8015745,4,21
8015928,5,20
8130727,3,32
8143667,4,22
8119251,7,12
8141008,6,26
8141007,3,36
8141006,3,17
8141020,5,30
8141019,3,27
8141018,2,22
8141009,4,16
8141023,7,20
8141022,4,40
8141021,6,17
8141015,2,39
8141017,4,19
8141014,7,10
8141016,7,36
8141011,3,32
8141013,6,6
8141010,5,12
8141012,2,14
8141002,3,11
8141001,7,6
8141000,7,32
8141024,7,15
8141005,3,14
8141004,4,21
8141003,7,39
8118475,2,14
6300887,7,39
8128415,4,29
8117990,7,30
8128414,7,36
8123439,4,37
8123438,7,34
8128411,5,18
8133602,4,38
8122889,7,15
8017062,4,27
8128413,5,19
8138818,2,39
8118839,4,27
8128412,2,23
6300903,2,36
6300886,6,27
8131673,6,19
8123440,3,25
6300894,2,34
6300882,7,27
8024093,4,39
8139707,5,10
8139708,5,8
8117182,7,33
6300890,6,40
8113894,2,8
8023086,2,9
8119335,4,13
8119339,3,38
8119336,6,25
8119338,5,36
8119340,6,29
8119337,3,13
8022700,2,20
8119284,2,29
8119283,4,18
8140152,5,17
8110453,7,31
8143719,6,30
8026692,7,7
8021251,3,29
6301864,3,7
8021252,7,19
9931766,7,9
8012791,6,23
6301848,3,32
8021240,5,29
6301857,4,30
8014701,4,20
8036601,5,8
8118144,3,39
8021234,3,14
6301862,7,40
8033450,4,32
8014702,2,19
8123496,7,21
8031516,5,16
8031514,3,17
8123497,6,22
8012788,6,28
8023280,5,36
8021249,7,13
8003312,7,31
8017072,6,8
6301844,3,9
8023275,2,12
8022223,7,13
8033433,2,39
8021243,5,15
8021244,7,9
8023278,2,35
8017073,2,12
8019242,3,27
8134902,3,8
8134903,6,10
8140571,5,7
8123498,3,20
8118142,3,17
8021237,7,36
8021238,4,34
8140498,7,25
8021239,7,9
8021247,4,28
8120416,6,17
8026690,4,31
8026691,2,40
8143718,2,25
8010861,6,32
8021250,7,37
8023152,6,37
9992818,6,27
8142711,3,25
8142712,5,13
8142714,4,34
8142715,7,6
8142716,6,39
8142717,7,9
8142718,7,37
8124474,4,19
8124477,2,10
8124475,7,5
8124478,2,24
8124476,5,8
8124479,3,34
8009483,6,33
8010862,3,28
8023214,5,38
8139687,4,30
8139688,6,39
8139686,2,15
6530369,7,28
8003906,6,37
8021607,3,18
9996210,4,11
9992934,3,16
8113482,7,27
8113483,4,29
8113484,5,16
8109806,7,10
8109804,2,20
8124425,3,16
8136860,3,11
8135292,2,33
8138925,7,23
8138923,5,21
8138922,6,10
8138924,2,9
8141789,4,38
8141788,6,14
8141792,6,10
8141791,4,12
8141790,5,8
8121506,6,10
8121507,7,25
8009917,3,8
8009918,4,17
8009919,6,10
8012573,7,10
8009920,5,28
8012574,7,19
8009923,4,7
8013947,6,37
8009924,4,32
8009925,4,9
8012576,3,40
8009926,4,14
8009927,2,16
8009928,3,23
8009929,7,22
8009930,7,12
8009932,6,20
8009933,2,36
8009934,3,8
8121509,3,11
8009935,4,34
8009939,6,40
8128087,7,18
8033381,5,6
8110082,4,16
8110085,5,40
8110080,6,40
8110083,4,25
8110039,7,18
8032353,7,26
8032351,6,21
8032352,3,16
8110074,6,25
8110079,7,39
8110071,5,21
8110072,2,16
8123451,7,39
8123449,2,11
8123450,6,24
8123448,7,6
8130666,5,38
8130667,4,27
8130670,4,32
8118226,7,16
8118231,5,39
8118227,6,16
8118232,6,31
8118228,4,28
8118229,7,36
8118230,5,16
8130983,2,36
8130984,2,29
8130982,7,21
8110100,2,35
8110104,3,29
8110106,7,31
8121728,5,18
8110044,7,19
8140212,5,18
8140213,2,36
8140214,2,15
8115711,5,33
8115710,4,10
8033168,4,9
8143130,4,8
8110141,3,40
8110126,3,24
8110142,5,13
8032355,4,38
8135860,2,19
8131461,2,22
8131465,5,31
8131463,7,14
8131462,4,9
8131466,7,25
8118221,3,13
8124700,5,10
8119047,6,17
8119038,3,23
8119034,5,35
8124701,7,26
8119048,2,18
8124705,3,36
8119044,2,14
8119040,3,12
8141618,5,30
8138140,2,17
8138139,3,28
8138141,7,30
8135228,7,40
8135229,3,32
8135226,7,28
8135227,5,24
8133759,4,37
8133760,5,29
8133763,7,11
8133761,6,23
8133762,3,7
8140211,7,30
8140210,2,12
8140209,2,32
8142198,5,35
8140200,7,38
8140202,7,25
8140201,4,34
8142196,6,23
8142201,2,22
8132079,7,19
8132088,2,12
8132085,3,19
8132086,4,34
8132082,7,12
8132080,5,27
8132087,7,5
8132083,7,25
8132084,6,37
8132081,4,28
8124225,4,13
8124226,3,36
8124223,6,34
8124216,3,11
8128577,2,9
8128569,5,7
8128573,3,17
8128570,6,24
8128586,3,16
8128572,4,20
8128587,4,37
8128582,4,32
8128585,7,14
8128571,3,31
8142909,3,5
8142910,4,10
8142912,3,28
8142911,6,16
8110051,5,40
8110052,5,25
8110049,4,5
8110047,7,20
8110050,5,28
8113112,3,17
8113104,3,28
8113110,6,16
8143761,4,29
8143760,4,9
8143759,6,9
8143762,7,6
8136829,7,30
8136828,5,28
8136830,2,31
8115713,6,34
8115712,6,28
8110084,2,37
8032362,4,5
8032363,7,18
8110115,6,24
8033780,7,30
8110099,6,26
8110093,2,20
8110091,4,23
8110092,5,32
8110090,7,40
8115707,4,24
8143139,3,27
8143140,3,5
8143141,5,24
8143142,3,5
8111974,4,24
8118048,5,21
8110063,2,38
8121718,6,22
8121719,5,21
8110062,4,20
8137299,3,20
8134295,3,36
8110060,6,16
8110061,4,24
8131473,5,34
8034938,2,32
8131478,3,29
8131477,6,37
8142210,6,37
8142212,5,6
8142211,5,19
8142214,5,29
8142213,7,18
8139016,3,17
8139014,6,13
8139017,6,19
8139015,5,8
8139018,7,40
8134333,7,15
8134336,7,25
8134340,2,12
8134341,4,36
8134334,4,26
8134338,3,38
8021045,2,8
8118979,7,6
8127947,2,15
8020464,5,11
8014876,7,7
8027038,2,16
8127946,5,22
8118978,7,28
8127945,4,27
8142478,3,39
8142477,7,6
8127943,6,25
8142446,6,35
8012109,3,38
8025592,7,13
6030214,3,15
8008483,5,28
6300998,6,21
8118957,4,31
8003947,5,16
8128870,5,6
8118945,3,34
8027033,2,18
8032484,3,38
8022602,2,7
8142481,6,19
8142480,6,36
8142479,7,7
8127948,5,26
8022603,7,37
8127944,6,24
8142445,7,18
8012108,4,30
8128871,5,34
8027036,4,33
8042278,3,9
8027037,2,29
8027035,6,13
8003949,3,22
8135384,2,16
8135385,5,28
8138933,2,18
8138932,7,11
8138935,7,30
8138931,5,6
8138930,2,37
8138936,3,38
8131625,3,13
8036787,2,22
8036793,2,11
8032475,4,10
8032476,7,12
8036788,4,5
8037397,4,33
8036791,4,29
8036789,3,33
8032479,6,22
8032477,7,14
8036792,7,30
8036790,6,24
8132070,2,18
8132074,7,35
8132071,2,39
8132075,6,23
8131624,5,40
8039167,6,12
8039170,2,22
8039172,4,8
8039169,3,12
8132076,2,29
8132072,5,27
8132069,5,8
8132073,3,13
6030553,6,14
8140959,6,20
8142078,4,39
8142076,6,5
8142077,3,38
8134442,3,29
8008484,3,36
8003948,2,30
8022607,7,28
8022608,7,18
8134441,4,26
8007752,3,37
8141304,4,27
8141305,2,28
8141306,4,24
8141307,2,32
8141308,2,20
8141309,6,5
8142188,4,28
8142189,3,9
8142190,7,35
8142191,5,38
8142184,5,9
8142185,4,20
8142187,6,17
8142186,7,34
8120919,2,34
8120921,5,21
8121863,4,38
8023330,6,13
8121902,3,34
8132583,3,11
8140029,4,19
8132590,7,10
8132584,3,27
8132588,2,40
8132585,7,31
8132589,6,14
8132586,6,17
8140030,4,38
8140031,2,24
8132587,4,29
8140028,7,31
8122625,2,7
8128627,6,12
8023336,7,11
8122627,4,21
8023337,6,20
8023339,7,6
8122628,5,27
8023340,4,8
8134511,5,22
8134512,4,8
8134513,7,36
8134514,2,14
8134515,2,7
8141313,7,16
8141311,7,25
8141312,5,24
8142192,2,27
8023354,3,17
8008569,6,21
8008570,4,35
8033336,5,5
8120925,7,9
8120926,4,40
8120927,4,14
8121862,3,31
8121864,5,23
8121865,3,20
8121866,6,14
8127440,2,28
8132591,5,28
8132592,3,29
8132593,6,19
8127441,6,9
8127442,7,37
8025623,5,19
8128334,5,37
8128337,3,36
8121875,7,33
8121876,7,23
8023329,7,9
8023328,7,13
8025621,2,16
8142779,4,15
8142780,6,24
8142782,7,14
8142781,7,35
8121894,2,26
8121897,6,19
8121898,6,9
8121899,3,10
8122610,3,16
8122612,4,29
8122611,7,23
8032940,7,31
8008565,5,26
8121908,3,32
8138874,3,10
8138875,4,16
8138878,4,39
8138876,4,24
8138877,2,6
8121880,7,18
8127551,5,6
8032319,7,6
8033338,2,35
8140267,3,30
8140268,4,22
8140269,4,32
8140270,7,23
8140271,4,26
8140272,6,30
8135831,4,36
8135832,3,23
8135838,2,36
8135833,4,21
8135839,4,29
8135834,2,36
8135835,7,5
8135836,7,17
8135837,7,36
8135840,7,33
8135841,5,36
8133873,2,15
8133874,6,14
8133875,5,36
8133876,4,24
8141315,6,32
8141317,5,26
8141318,2,29
8141319,6,31
8122614,5,33
8122613,6,20
8121887,7,12
8121888,4,25
8121889,6,29
8121890,6,5
8122615,2,10
8121891,4,32
8121892,2,27
8041284,7,22
8126599,4,11
8126600,6,7
8126601,5,14
8126602,6,36
8126603,2,18
8126604,7,7
8126605,6,38
8126606,5,32
8129290,2,11
8129291,3,20
8126608,3,16
8126609,4,16
8126615,4,35
8126607,3,18
8129293,5,19
8129292,4,40
8041303,4,18
8041304,6,22
8041305,4,7
8033332,6,5
8023315,3,35
8025607,7,11
8123114,2,14
8121879,2,27
8023319,7,29
8033331,5,28
8041232,4,38
8141750,7,20
8141751,2,10
8132739,6,16
8138873,2,37
8121857,2,15
8121859,3,19
8125944,5,17
8131699,6,21
8131700,7,17
8023321,4,39
8121860,3,29
8025639,4,33
8121871,6,10
8121872,5,24
8121873,7,6
8120924,3,27
8121861,6,27
8122618,2,26
8127446,4,23
8121870,6,24
8121867,5,20
8121868,7,23
8121869,5,21
8023360,3,28
8023361,2,10
8023362,6,32
8141485,7,26
8141486,5,12
8141487,6,37
8141488,2,13
8141489,3,10
8141490,5,15
8122630,7,6
8143500,2,18
8143501,5,9
8111640,5,26
8041240,7,9
8041235,3,25
8041238,7,13
8041239,6,19
8142193,2,27
8133850,4,11
8140297,2,7
8140298,3,26
8033217,2,23
8135855,7,31
8033243,2,30
8126586,6,14
8126594,7,26
8126590,3,37
8138890,6,10
8033207,6,23
8033240,7,13
8138889,6,28
8033245,4,25
8143508,2,36
8143507,2,40
8033234,2,16
8143509,6,14
8033229,3,13
8124286,3,21
8033210,2,38
8033222,4,19
8135857,7,15
8033242,4,6
8033202,7,37
8135859,6,18
8129299,6,25
8033253,3,18
8033218,7,35
8135858,5,15
8135856,7,37
8140301,2,26
8033250,2,18
8124963,6,35
8138891,6,17
8122701,3,33
8122694,4,34
8122705,7,5
8122706,7,23
8135851,7,12
8122695,4,13
8122707,5,17
8135854,3,29
8122696,3,31
8122697,2,39
8135853,2,21
8135852,3,40
8122692,4,28
8122699,4,10
8122700,6,19
8033213,2,18
8033263,3,16
8124962,4,18
8138887,4,32
8138888,4,32
8129297,7,34
8143510,3,34
8033204,5,21
8140294,6,19
8033200,7,29
8033216,2,15
8033201,5,7
8033220,7,31
8033199,2,24
8033215,6,38
8133402,3,30
8033191,4,19
8033190,6,23
8141964,3,26
8130259,3,8
8039985,7,35
8039984,4,14
8031197,3,16
8135406,5,10
8124346,2,22
8124345,3,10
8130257,2,35
8130258,4,35
8113841,6,25
8113848,3,39
8113844,6,20
8113846,4,26
8015762,4,29
8134679,3,21
8109923,3,20
6220476,4,24
6220475,2,26
6220474,3,12
6220473,7,12
6220472,4,10
6220471,5,26
8140195,5,18
8133926,3,18
8140199,7,21
8133930,4,28
8133919,2,34
8140196,2,14
8133920,6,22
8136509,4,37
8133927,6,36
8140198,5,31
8133925,7,20
8133922,6,10
8133921,6,16
8133923,4,39
8133924,2,17
8140194,7,25
8133928,7,17
8133932,6,25
8133931,3,21
8133929,6,38
8139946,5,5
8136861,5,34
8122098,4,29
8039646,5,6
9999386,2,28
8023269,3,21
8023307,6,25
8034167,4,8
8023291,2,23
8141779,3,15
8141778,2,24
8141777,5,9
8141780,4,40
8141781,3,35
8141782,7,39
8141783,7,26
8141784,4,33
8141785,5,17
8032456,3,19
8121850,5,39
8023222,5,38
8121827,7,32
8121841,5,6
8121991,2,10
8034163,7,7
8143502,5,15
8024857,7,17
8032444,2,8
8023255,4,17
8023256,4,12
8121834,5,32
8024851,3,8
8121992,2,28
8143504,5,18
8024854,6,6
8143505,6,13
8143503,6,15
8121994,2,13
8128349,5,9
8128347,6,16
8143506,2,25
8121826,3,28
8143517,5,18
8121838,5,33
8025570,6,29
8128348,4,34
8041280,5,16
8120913,4,13
8111968,6,25
8111960,4,27
8111961,6,37
8111948,7,8
8132747,7,5
8120915,2,15
8126612,6,18
8123704,7,24
8126610,6,13
8132742,2,9
8111959,2,39
8126614,6,20
8135843,5,16
8135845,2,19
8135844,3,6
8123707,4,29
8132743,3,39
8035504,2,31
8122095,6,19
8122668,6,18
8036403,2,10
8121953,3,6
8122949,3,6
8121952,4,27
8121947,5,35
8036384,7,38
8036398,6,14
8122097,2,17
8036391,2,13
8135847,5,27
8133866,3,17
8135848,5,19
8135849,7,37
8133403,4,21
8122665,7,11
8133405,4,17
8135850,5,34
8122951,6,18
8023309,6,39
8122166,5,19
8035659,2,40
8023289,4,8
8132707,7,28
8007969,4,16
8039664,3,6
8126064,7,26
8020295,7,30
8133237,2,13
8135863,2,40
8133230,5,11
8133234,6,32
8133232,6,25
8133233,5,28
8135864,7,30
8133231,6,8
8135865,2,8
8133235,3,33
8003313,2,5
8141861,6,20
8143703,4,34
8143938,2,21
8143939,2,12
8132567,6,20
8132569,5,37
8140708,4,13
8140784,2,12
8143702,4,27
8136078,4,30
8136079,2,26
8140785,6,10
8140709,3,21
8140711,6,25
8140710,4,8
8134482,7,8
8140712,7,31
8129333,2,35
8129334,4,16
8138369,7,35
8140787,2,24
8140716,2,14
8143704,4,12
8134056,5,11
8140786,3,32
8143706,7,32
8141226,3,38
8141246,6,33
8034590,5,10
8034593,3,14
8034589,6,13
8034592,2,31
9996048,5,30
9996047,7,28
8038492,2,31
8041382,2,32
8041383,3,40
8022072,2,32
8009227,5,38
8041384,6,28
8016464,2,11
4884042,6,19
8141643,2,7
8030253,4,36
8015666,4,39
8138054,6,39
8039622,5,15
8039621,4,31
8039623,2,14
8134342,2,20
8121340,6,17
8039620,7,38
8121339,3,23
8139637,7,14
8139638,5,21
8038652,6,19
8139631,7,28
8139632,4,10
8139633,2,9
8139634,7,33
8139635,7,40
8139636,7,25
8113596,5,32
8025418,3,10
8025429,6,10
8025417,7,24
8025428,3,28
8115681,5,11
8115684,2,40
8115680,3,29
8115683,7,39
8025415,6,14
8025426,3,40
8139042,5,39
8136448,6,31
8136449,7,32
8142701,6,38
8128984,5,31
8128985,3,12
8025421,4,22
8025440,2,20
8025416,5,12
8025427,4,32
8018337,5,37
8115685,3,37
8012070,2,5
8025453,4,15
8136450,2,36
8138943,6,14
8128883,5,15
8128887,2,9
8136451,2,9
8138701,5,30
8138702,5,37
8142702,5,33
8136452,6,8
8138703,6,34
8025396,2,5
8025407,3,9
8025414,2,11
8025395,3,12
8025406,3,30
8115678,5,9
8115679,6,20
8115675,3,12
8115677,7,32
8025382,5,39
8025404,3,34
8139043,4,22
8136446,2,32
8136447,3,31
8142700,5,34
8128982,6,25
8128983,5,22
8025399,3,40
8025410,5,23
8025394,6,37
8025405,2,24
8141295,2,20
8126845,3,5
8123572,6,24
8126850,2,25
8130254,2,26
8126847,3,26
8123574,2,27
8126848,2,33
8123575,4,20
8126846,5,8
8123573,5,37
8126849,4,27
8123576,6,37
8128517,6,21
8025375,4,37
8140438,2,8
8014115,7,12
8133611,5,30
8141646,5,27
8030429,6,9
8041385,6,29
8041386,5,32
8026696,5,10
8141654,6,9
9999864,2,11
8132373,3,38
8009276,5,19
8015318,2,16
8121579,5,30
8121580,4,19
8031005,5,32
8021812,4,13
8021811,5,7
8132363,4,24
8121578,7,16
8121581,5,34
8135962,4,13
8141110,7,15
8125665,4,6
8132374,5,28
8132375,5,34
8020020,2,36
9996288,5,39
9997435,2,10
8033953,7,19
8113609,3,37
9996828,4,5
9997436,2,28
8014141,3,14
8039420,6,31
8010498,3,23
8038494,4,9
8013101,7,31
8018841,2,29
8015989,3,9
8128504,6,24
8128505,3,28
8116825,2,7
8039859,2,15
8039860,5,21
8034228,6,38
8021716,5,25
8123917,2,28
8123918,2,37
8123919,7,27
8123916,4,15
8123920,5,7
8142813,4,7
8032493,3,31
8027479,4,35
8110946,5,38
8122325,2,13
8122324,3,28
8116977,7,21
8116978,2,18
8012579,6,31
8012578,7,9
8014919,7,21
8014920,5,9
8133268,7,17
8133267,6,10
8022262,2,31
8128782,2,40
8128781,6,17
8020603,3,28
8020601,6,26
6300171,5,9
6309931,4,35
8021925,7,31
8123033,5,39
8020602,4,12
8040094,3,23
9999673,4,15
9999676,7,32
9999675,4,35
8021967,3,11
6032604,7,14
8021969,7,12
8021968,7,8
8123031,6,17
8040092,5,40
6030872,4,11
8143495,5,6
8143496,7,32
8143497,3,8
8143498,5,37
8003769,7,14
9931820,3,9
8003768,3,31
8003762,7,13
9931822,6,35
8003759,5,24
8003763,4,31
8003807,2,30
8003772,5,6
8003774,7,10
8003773,5,21
8003765,2,5
8003771,2,13
8003767,4,28
8003776,6,16
8003778,3,7
8003758,4,22
8003770,4,10
8003757,7,25
8003779,3,19
8003761,2,22
8003780,7,35
8003781,4,22
8003760,4,25
8003783,6,39
8003764,7,9
8003784,7,35
8003808,4,16
8003766,7,32
8003756,6,19
8003785,6,11
8003809,5,23
9931825,4,22
8003810,2,36
8016538,3,21
8016535,6,16
8016539,2,8
8016536,2,13
8016540,5,22
8016537,5,21
8032936,4,24
8032928,7,5
8132472,3,37
8112552,4,35
8112555,4,6
8112556,7,26
8112558,6,11
8112564,2,32
8112561,3,12
8112562,3,19
8112563,7,31
8021627,5,19
8133637,4,40
8133638,2,20
8133639,7,40
8142181,7,5
8131562,7,31
8131573,4,21
8142169,7,16
8142183,7,11
8131561,3,35
8131564,2,13
8131565,6,12
8131567,7,5
8135543,4,9
8135515,6,38
8135514,3,31
8137794,2,18
8137793,5,29
8131560,7,34
8137795,3,20
8131570,6,8
8131574,6,12
8142182,6,32
8142170,3,22
8131563,5,29
8131572,6,40
8138260,5,20
8137797,5,10
8131568,2,9
8138945,2,11
8138950,5,16
8135029,2,34
8133633,2,36
8142904,6,10
8133635,2,12
8142905,2,24
8133632,5,22
8142903,3,18
8133636,3,36
8142906,6,17
8142899,4,25
8142900,3,32
8142902,7,33
8142901,3,11
8135516,4,21
8135517,4,40
8135518,6,27
8135520,3,30
8135519,4,11
8133631,7,20
8142898,4,33
8138903,2,39
8138904,4,13
8138902,2,19
8136647,7,22
8136648,7,12
8139244,2,11
8139243,2,24
8139245,3,25
8134584,3,12
8134586,6,25
8134588,4,9
8134599,4,38
8134592,7,24
8134590,3,20
8134594,5,12
8134593,6,28
8134583,6,8
8139239,4,39
8134596,6,10
8134605,6,9
8134603,7,10
8134604,2,5
8134587,2,29
8134597,5,8
8134598,3,34
8134585,5,38
8134595,6,26
8134589,4,33
8136646,3,15
8136645,3,40
8139240,2,39
8139241,2,6
8139242,7,7
8136649,3,40
8132853,4,7
8141467,3,35
8139039,4,12
8139040,4,40
8139041,2,11
8138134,3,18
8138135,6,11
8138133,4,30
8132746,7,23
8132745,4,11
8110785,3,36
8110784,4,12
8042653,6,31
8039042,3,15
8126102,5,8
8126101,2,21
8126131,5,35
6300000,7,6
8024982,2,15
6031229,4,23
6031227,4,39
8024984,2,36
6031226,3,18
8002977,4,38
6031221,4,31
6031225,5,18
6030914,5,37
6530767,5,17
6031217,4,32
8118998,3,13
6031228,4,20
8118999,2,29
8002978,7,25
8135309,5,24
8119000,4,13
8135310,4,20
8034554,5,20
8024981,2,14
8135311,5,9
8123613,4,18
8125318,3,5
8125320,3,7
8125321,5,36
8140097,7,38
8127519,6,8
8039661,5,9
8110220,4,36
8110232,3,7
8130918,5,28
8110205,7,29
8130919,6,5
8110222,6,14
8110218,4,16
8110216,6,27
8110219,3,39
8110209,4,16
8110223,4,34
8110237,7,6
8110211,5,32
8110201,5,39
8110198,3,34
8110199,6,34
8110197,4,30
8136151,3,38
8110215,6,18
8136152,4,37
8136153,6,32
8110214,6,31
8110213,7,26
8136154,5,37
8110202,5,29
8110203,6,31
8110204,5,15
8110224,4,11
8110231,7,7
8110225,7,31
8110235,7,35
8110238,6,35
8140052,3,32
8133625,2,38
8133618,3,13
8127321,4,28
8133615,4,8
8140053,5,22
8140054,6,16
8014762,6,17
8015613,4,16
8014761,5,23
8015614,3,18
8020344,5,13
8020340,5,21
8001509,2,12
8020343,6,25
8020341,2,34
8020342,6,8
8139786,6,36
8139769,7,20
8142051,7,34
8139782,7,26
8139793,6,24
8139783,2,23
8139784,6,29
8139785,7,16
8139787,3,24
8139760,7,12
8139765,7,32
8139780,5,30
8139789,3,27
8139777,4,5
8139790,4,33
8139778,2,21
8139791,6,28
8139779,7,15
8139788,6,12
8139776,2,34
8142050,6,7
8139770,6,36
8142048,4,19
8139763,5,6
8139775,6,35
8139772,7,19
8139773,3,37
8139774,2,12
8139771,2,12
8139781,2,21
8117177,3,37
8117178,3,24
8142075,3,28
8142074,5,31
8140130,4,11
8140129,3,27
8126983,6,22
8140121,5,32
8126988,7,33
8129526,7,9
8119580,3,5
8138123,2,7
8132407,6,7
8132401,5,12
8119578,2,28
8140126,7,22
8134738,2,32
8132397,2,10
8119579,6,7
8134743,5,33
8126982,3,29
8119581,5,40
9931781,7,32
8002291,7,36
8009745,3,30
9931780,6,17
8002290,2,19
8009744,3,14
8137640,5,8
8116927,4,18
8119231,4,35
8020444,4,26
8020443,3,10
6310826,2,29
6310825,4,28
8011332,2,20
6310824,6,25
8016800,6,12
8129119,5,13
8129120,5,37
8128889,4,11
8128891,2,12
8036321,2,5
8016802,6,25
8016803,5,17
8110245,6,10
8110244,7,30
8110243,7,37
8110246,2,32
8136155,2,8
8127311,4,30
8136160,7,12
8140049,5,10
8136161,5,31
8136158,6,13
8140050,5,39
8136159,6,19
8127310,7,34
8110233,6,11
8110234,6,25
8110236,3,7
8136156,7,12
8140051,7,20
8136157,2,28
8112890,6,12
8113519,2,21
8113517,4,27
8137711,2,25
8137712,2,25
8129531,6,27
8117077,3,20
8132403,2,7
8134087,2,19
8134742,5,19
8117076,3,24
8021729,5,18
8137948,4,19
8021471,3,25
8034230,3,15
8134564,4,21
8134565,7,36
8131133,2,20
8131132,2,21
8142422,4,38
8137210,3,29
8032725,7,12
8030276,3,33
8142417,7,31
8113525,4,7
8041508,6,17
8041507,7,40
8142419,4,6
8113527,7,22
8121598,4,20
8034477,5,32
8142418,3,7
8113526,3,14
8132500,5,9
8022397,2,10
8022398,7,32
8021505,6,39
8009555,6,16
8139954,7,34
8140010,7,14
8140011,7,37
8141396,3,22
8141397,5,37
8141399,4,23
8141398,6,29
8140012,7,10
8140013,4,38
8140014,6,34
8140015,3,38
8140016,5,11
8140017,7,21
8134710,6,20
8134709,4,33
8134708,6,24
8134707,7,36
8139022,6,9
8132456,2,25
8132457,4,28
8116667,4,8
8116663,5,19
8034130,2,23
8040955,6,5
8132458,4,13
8132459,7,28
8034131,3,31
8040956,2,29
8125668,2,17
8037062,3,7
8125667,5,16
8137808,7,15
8142547,7,11
8142548,4,29
8142549,3,36
8142550,2,9
8141265,6,17
8140802,7,17
8132453,2,36
8141264,3,39
8140799,2,9
8128537,4,36
8137809,4,32
8128536,6,32
8137799,5,33
8040950,5,23
8034125,3,12
8040949,5,23
8034124,5,22
8139969,5,33
8139971,2,15
8139967,5,27
8139970,7,34
8139968,2,39
6310049,3,5
8121407,4,7
8117127,5,31
8034270,5,33
8039132,7,10
8121346,2,8
8121347,5,16
6310134,6,35
8126293,4,9
8126292,6,24
8126291,3,27
8126290,3,15
8041676,3,39
8126287,2,31
8139947,5,19
8133097,6,10
8041678,3,22
8005404,4,5
8005403,7,6
8138002,6,16
8138000,4,24
8143098,7,27
8138001,2,9
8121345,5,15
8121344,5,8
8043742,3,13
8138059,6,7
8139948,3,26
8136954,6,14
8141147,2,15
8127622,3,13
8141157,4,30
8127629,4,39
8135025,5,39
8127631,4,40
8143228,4,23
8127628,4,35
8134328,7,19
8137134,5,28
8127625,5,40
8127627,7,34
8131367,2,37
8143227,7,5
8130498,6,9
8127626,6,23
8143229,6,8
8137747,7,12
8137742,6,9
8137738,7,32
8137737,5,39
8137788,6,14
8137787,2,35
8137791,5,25
8137790,5,8
8137789,5,36
8137745,2,13
8137977,6,11
8137750,4,39
8137741,2,14
8137751,6,35
8137756,2,10
8137754,2,28
8137736,2,11
8137975,6,36
8137748,4,24
8137746,5,30
8137740,6,40
8137743,5,34
8137744,6,9
8034229,6,18
8136863,6,16
8134677,7,32
6220411,5,13
6220412,5,33
6220413,2,12
6220414,7,13
6220415,2,39
6220416,3,10
8139563,7,10
8139568,3,26
8139562,6,34
8139567,4,35
8139566,5,21
8139564,7,37
8139569,4,18
8139565,7,28
8139570,6,28
8137006,7,17
8137005,6,25
8012621,4,21
9999260,5,22
8008336,4,30
8010496,4,21
8008335,6,33
8008334,2,15
9993316,6,7
5002055,5,39
8039452,5,14
6300968,4,9
6300971,5,35
6300964,4,31
8037199,4,35
8127396,6,16
6300967,7,30
8039451,4,22
6300966,5,21
6300970,3,14
8039453,4,17
6310243,7,8
8020573,7,36
6033226,6,6
6310240,4,15
8014500,3,37
8016235,7,29
8015187,6,18
6300965,4,25
8120895,3,38
8142343,2,34
8142347,3,15
6300960,4,19
6300959,6,32
8040627,4,28
8039513,2,39
8040626,5,32
8039516,4,10
8039515,6,13
8140124,5,26
8140123,2,25
8021687,2,29
8021667,6,15
8129539,2,27
8127452,6,19
8134089,4,34
8132395,3,14
8127451,2,16
8124606,7,19
8129420,3,37
8129419,7,33
8124989,6,18
8124933,7,13
8124939,5,15
8143657,5,11
8124992,4,18
8124932,7,11
8124935,2,28
8124940,7,9
8124937,4,27
8131750,7,20
8134491,6,24
8131218,3,17
8143658,3,27
8124951,5,14
8136854,6,12
8124953,5,6
8124955,3,18
8129422,3,33
8129421,4,5
8143659,3,24
8129424,4,17
8129423,4,32
8125001,4,29
8124966,5,33
8124969,7,18
8143656,5,40
8124999,6,8
8124965,6,31
8124967,2,14
8124970,3,8
8124968,3,33
8136853,3,33
8124941,4,36
8124954,7,20
8124964,4,15
6203626,5,16
8122789,5,40
8121227,2,6
8135357,6,25
6203612,7,38
8140247,2,21
8036963,4,7
8121229,4,23
8136846,2,30
6232267,3,10
8008678,6,5
6203613,6,24
6296303,2,23
8131000,4,22
8008996,3,32
8000680,3,8
8122179,7,8
8008997,6,7
8033652,7,15
8131001,4,25
6296306,6,6
6203629,7,10
8033653,3,22
8135356,3,9
6232264,3,7
8118289,3,20
8002076,2,33
8009760,6,30
8033654,5,39
8041720,5,16
8009761,5,36
8122788,2,32
8008998,7,29
6232263,6,19
8007588,3,16
8122787,3,24
6296307,3,17
8121228,5,31
8122790,7,21
8136850,3,31
8118294,4,34
8121226,7,5
8033650,6,9
8009762,5,32
8136849,3,25
8136848,5,14
8118296,2,32
8136847,7,24
8131003,3,27
8015492,5,27
8008197,5,8
8136845,7,28
8133083,2,31
8002064,5,29
8008196,7,35
8034202,7,24
8021692,7,27
8021460,4,29
8021472,5,39
8021461,6,38
8021734,4,32
8021473,3,34
6220424,5,23
8021476,6,11
8021458,3,37
8128014,6,7
8140713,6,16
8143717,4,5
8141546,2,15
8130620,6,31
8136497,7,40
8130621,4,19
8128015,2,19
8140714,3,27
8134067,7,24
8140783,2,29
8140114,2,27
8119791,4,6
8123046,6,13
8119790,3,31
8119796,3,5
8123047,7,9
8119797,5,7
8119788,6,24
8119787,5,12
8021890,4,16
8117176,4,29
8117179,7,8
8135129,3,18
8028702,2,40
8133701,6,7
8036971,4,34
8136623,2,36
8136624,5,25
8139571,4,28
8002133,4,12
8009486,5,10
8002134,3,34
8002135,5,23
8118595,4,12
8128513,7,23
8128514,7,6
8142964,4,37
8142980,3,15
8142985,7,19
8142982,3,22
8142959,2,12
8142961,2,23
8142963,4,27
8142966,7,20
8142971,2,36
8142967,6,30
8142965,7,8
8142973,4,37
8142978,7,29
8142974,7,12
8142988,4,30
8142992,7,38
8142991,6,22
8021660,4,32
8016088,3,36
8133828,4,39
8133826,2,18
8133829,5,33
8133825,3,17
8133824,7,36
8133827,6,40
8133822,4,28
8143738,7,26
8143739,5,18
8143740,2,39
8143741,6,18
8143746,3,40
8143742,3,13
8143743,4,29
8143745,7,16
8143737,2,8
8143744,6,25
8128807,3,33
8128806,3,39
8128805,3,11
8139516,6,29
8139515,4,36
8139514,5,29
8007153,2,22
8037371,4,30
9996418,4,14
9996419,4,9
8112692,2,9
9997310,5,40
8039430,2,11
8142584,7,10
8121282,4,13
8000787,5,21
9997475,3,36
8000313,4,24
8142617,5,40
8000786,4,23
8023715,4,23
8023716,4,19
8040404,7,34
8134186,2,30
8134187,7,5
8129606,5,22
8023714,5,35
6298034,6,8
9995983,5,32
9995984,3,13
9995529,3,10
9991183,3,30
9995528,6,40
9995527,4,12
3348,7,38
3347,7,37
3349,2,22
3350,4,25
3195,6,14
8141032,4,33
8141030,7,21
8141031,2,8
8141046,3,6
8141047,5,26
8141041,6,5
8141039,7,25
8141040,2,10
8141048,7,20
8141044,3,8
8141045,2,20
8141042,2,6
8141043,3,40
8137522,6,26
8132993,4,22
8141049,3,40
8137521,6,26
8132991,6,12
8137520,4,24
8132992,3,23
8139653,3,40
8141752,4,21
8141061,5,39
8141062,6,11
8021781,2,28
8009204,2,32
8019383,2,14
8019499,3,11
8021780,7,35
8119387,6,20
8009208,4,18
8009206,2,20
8128293,4,27
8123189,2,34
8123187,7,21
8117627,2,24
8122538,4,32
8122537,3,37
8136191,7,37
8117620,2,21
8117623,3,36
8117621,4,27
8117622,3,13
8126893,7,19
8117618,7,15
8117617,2,26
8117619,6,31
8130244,6,31
8130243,4,5
8122535,3,28
8122534,3,39
8122536,5,27
8117614,2,9
8117612,3,31
8117616,4,34
8117613,5,33
8122533,2,9
8117610,7,13
8117615,7,24
8117611,5,17
8136188,2,22
8136187,4,7
8123191,6,34
8136183,4,7
8136184,4,33
8136186,3,37
8136185,7,5
8123109,3,40
8136189,3,6
8126892,6,25
8117625,4,36
8117624,5,28
8121070,4,32
8121071,3,26
8136190,3,21
8123188,4,36
8123186,7,38
8117626,6,8
8121073,6,10
8121072,3,20
8021489,2,27
8021671,4,19
8140019,6,26
8139956,5,39
8140018,6,15
8021706,6,12
8021490,7,9
8021478,4,15
8021479,4,28
8021480,2,36
8021477,5,37
8021731,7,38
8021820,3,20
8032758,2,5
8032727,7,22
8032754,5,10
8032757,6,36
8032755,6,17
8032756,5,24
8011464,3,19
8011463,3,9
8011462,6,31
8011460,5,22
8011461,5,40
8011459,2,27
8011465,4,10
6033597,7,18
8009403,3,36
8032762,3,21
8032759,4,24
8018245,6,17
8018246,2,14
8023207,6,15
8023210,3,39
8023208,2,10
8023205,3,5
8023206,5,17
8023209,3,8
8018964,3,17
8018965,4,36
8119997,5,12
8119998,6,32
8006699,2,28
6301934,5,30
6033599,6,29
9931816,3,33
8007245,6,27
8007243,7,18
8011641,3,36
8011639,5,26
8011640,2,28
8011638,7,14
9931817,7,28
8007246,6,40
8007248,3,22
8007247,6,38
8022002,2,24
8021999,2,39
8032764,3,40
8032763,6,39
8025005,5,15
8025004,5,10
8022001,3,16
8021998,3,16
8011456,4,9
8018954,5,14
8018958,3,28
8019402,6,24
8018957,2,9
8018961,3,27
8018956,7,11
8018960,5,15
8018955,3,33
8018959,7,7
8018962,7,28
8018963,7,8
8012424,6,29
8012423,5,27
8012422,6,36
8012420,7,18
8012421,7,32
8012419,2,9
8012425,7,6
8116697,2,30
8119330,6,18
8043390,2,7
8043391,2,39
8043392,4,10
8121926,6,21
8043413,3,35
8043414,2,27
8043412,3,19
8039086,2,16
8039085,7,29
8039089,7,15
8039088,7,13
8039090,6,29
8141322,5,13
8029227,6,34
8126074,6,30
8111383,5,8
8111384,6,14
8138570,2,32
8117932,6,37
8123562,7,11
8123561,7,35
8123560,5,24
8136353,2,21
8136354,6,15
8115553,6,31
8029300,7,9
8143121,4,37
8143122,5,13
8143123,4,12
8143119,6,40
8143120,7,7
8029236,2,26
8033736,3,31
8121268,3,21
8139680,2,27
8036326,5,35
8029262,7,32
8029263,2,36
8029264,7,27
8029265,3,33
8036325,4,18
8029259,7,34
8029260,4,24
8029261,3,10
8029416,2,36
8039841,7,35
8029267,7,38
8035930,6,14
8029299,3,36
8029296,6,11
8029278,4,31
8029280,6,25
8029288,6,8
8029256,3,24
8029257,4,11
8038579,3,5
8029274,6,21
8133185,2,40
8141542,6,10
8141541,7,19
8136578,5,34
8137614,3,31
8137615,7,19
8121577,6,12
8115109,5,32
8029268,2,23
8121169,3,7
8041525,5,37
8135920,4,25
8127808,6,23
8127807,4,11
8142304,7,6
8142440,7,11
8032886,6,36
8116953,4,30
8039809,3,31
8029289,2,22
8122744,2,19
8122745,3,19
8122747,7,34
8122749,4,28
8122750,4,23
8122751,5,13
8041257,3,24
8041250,7,21
8141321,6,33
8041265,5,17
8029218,5,36
8029209,2,36
8142737,2,19
8138665,3,17
8136356,7,24
8029314,6,21
8029308,6,36
8138664,7,32
8136355,5,14
8141320,6,37
8033699,4,20
8029305,3,9
8041524,7,11
8131879,7,36
8029313,2,38
8029312,4,10
8119768,7,23
8030078,2,20
8005265,7,40
6301220,5,26
6301216,4,26
6301219,7,23
8021991,2,30
8015322,2,36
8030077,6,9
8021990,5,25
8037737,6,40
8037738,2,11
8026953,5,7
6301217,5,35
6033193,5,19
6033194,6,24
8021063,4,18
8015321,5,40
6301218,6,22
6033195,6,11
8018870,7,13
8018871,3,18
8026483,7,28
8028476,5,10
8010530,6,35
8020240,5,5
8020241,2,10
8111813,6,16
8133362,3,7
8133361,3,39
8135454,6,32
8135455,6,12
8117316,6,22
8117317,5,22
8117318,5,30
8125165,7,11
8138380,5,10
8138381,7,15
8125166,2,28
8125770,7,21
8141753,5,28
8135580,6,25
8135581,2,37
8143983,5,34
8133705,3,35
8038948,7,12
8132737,4,39
8135452,3,10
8135453,2,17
8130047,5,14
8130045,7,14
8130048,2,8
8130044,7,35
8130046,7,11
8130049,2,11
8135451,7,26
8133063,2,25
8133057,6,32
8133074,7,35
8133060,7,29
8133068,4,18
8133058,6,6
8133072,2,31
8133059,6,35
8128327,5,10
8128324,2,12
8128318,2,25
8128319,2,28
8133409,6,27
8133412,2,36
8133411,3,22
8133410,3,38
8128307,7,12
8128311,4,39
8128310,3,5
8128312,5,19
8128313,7,26
8128315,2,13
8128314,5,19
8128316,3,14
8128320,5,35
8128321,6,38
8128322,4,20
8128323,7,35
8128326,4,15
8009411,3,24
6302206,6,11
8031235,7,10
8003573,3,20
8031232,3,23
6302205,3,20
9999434,5,17
8003578,3,31
8003579,6,10
8025594,2,32
8006729,4,6
8119993,4,11
8119992,7,34
8119994,4,20
8119995,3,35
8119996,5,35
8003582,4,7
8031228,3,28
6302213,7,24
8003585,4,5
8031227,3,28
6302212,3,38
8031229,6,31
9999433,2,33
8143629,6,34
8143630,5,22
8143632,4,40
8126672,5,17
8126673,6,5
8126674,3,24
8126671,3,21
8126669,7,16
8126670,4,9
8143631,7,5
8138317,7,9
8138319,5,8
8138318,6,17
8120815,2,7
8120816,5,10
8040146,4,14
8040142,4,12
8040144,7,31
8120814,5,13
8040141,5,11
8040145,2,25
8131191,3,36
8131184,3,5
8131192,5,22
8131182,3,6
8131190,2,38
8029691,7,6
8029690,6,11
8040149,3,21
8040148,7,13
8138314,4,6
8138311,6,20
8138312,5,12
8040147,3,22
8035114,6,12
8121755,6,18
8112248,6,40
8115556,6,33
8127235,7,19
8134985,2,34
8127998,2,37
8134982,7,6
8126040,3,24
8127994,4,7
8127993,7,40
8032419,6,29
8137193,6,32
8133454,3,32
8032401,5,27
8032422,3,10
8142497,5,24
8136052,2,25
8133451,4,6
8136055,6,33
8126039,5,34
8043203,3,16
8115167,4,17
8126041,4,5
8127995,5,11
8133456,2,26
8134983,6,38
8134984,7,11
8133452,6,37
8136050,4,40
8121652,6,21
8137191,6,34
8134974,4,23
8121655,4,15
8136058,2,9
8142500,5,22
8142498,7,37
8142495,3,24
8142501,7,27
8142502,6,9
8142499,5,38
8142494,2,15
8142496,3,37
8032420,5,24
8126038,3,33
8115166,4,40
8121649,2,23
8119024,3,32
8133450,2,36
8136057,7,25
8134972,3,37
8032421,6,7
8134973,5,39
8127992,3,31
8115168,7,31
8115170,7,21
8136056,2,23
8119026,3,16
8119027,5,19
8134986,3,23
8114219,5,19
8114220,4,9
8114221,6,16
8114223,7,19
8029646,3,6
8029717,5,14
8122869,4,7
8140704,4,14
8029648,5,7
8140699,3,18
8029652,2,33
8029684,5,39
8140698,3,29
8029645,3,22
8041455,3,15
8140705,6,27
8140700,4,26
8129573,3,29
8029687,2,40
8029736,3,6
8029667,2,29
8029668,5,29
8029671,4,5
8041457,2,13
8029700,7,35
8129575,6,18
8029693,7,32
8029676,2,29
8140701,5,27
8141424,2,29
8141428,4,26
8141423,6,29
8141434,6,26
8141431,4,27
8141426,6,6
8141425,4,9
8141433,2,36
8141429,6,38
8141427,4,34
8141430,2,27
8141432,5,26
8029829,4,7
8029828,2,13
8034682,4,25
8141337,7,21
8141344,4,14
8141343,3,15
8141338,2,32
8141341,2,6
8123281,2,9
8035877,7,11
8035870,2,6
8133463,2,18
8126220,5,11
8126219,2,28
8138726,7,17
8138725,3,33
8126222,7,34
8126223,3,30
8138724,2,38
8138727,2,7
8126221,3,36
8138731,3,15
8138730,7,39
8138729,7,21
8138728,5,15
8133462,3,18
8123282,6,40
8133461,4,8
8133466,3,29
8133465,7,27
8137168,2,33
8111842,5,35
8137169,3,25
8111848,7,31
8111847,7,20
8142872,6,25
8142873,6,7
8142875,2,26
8142876,5,36
8142870,3,5
8142871,6,18
8142874,3,20
8118067,5,19
8133458,4,13
8136537,6,12
8133460,2,29
8118066,4,33
8041752,7,29
8133457,4,5
8114711,3,39
8114710,4,35
8136536,4,24
8041751,2,39
8041749,6,21
8118068,2,14
8133459,2,34
8136535,4,14
8118065,7,19
8136534,7,22
8110799,4,26
8143242,2,5
8143243,4,17
8139810,6,5
8123947,4,31
8038171,4,37
8139809,2,9
8118442,7,12
8132843,4,36
8029670,5,23
8029666,5,38
8029663,4,28
8120813,4,40
8126676,5,36
8029643,6,5
8029642,4,12
8126677,2,38
8040138,4,20
8118069,4,7
8136527,4,7
8115558,6,12
8136526,2,7
8136525,6,27
8143248,2,33
8143245,5,36
8143244,3,14
8143246,3,20
8029777,5,7
8112250,5,21
8112249,5,12
8125007,3,40
8132391,6,11
8132392,6,35
8125004,3,7
8125006,3,27
8125073,2,39
8125005,5,16
8121360,3,28
8002961,7,5
6300290,5,29
6300769,5,15
8002962,4,18
6300293,3,30
6300768,4,21
8002970,6,24
6300292,2,30
6300767,6,14
8002967,5,38
8022039,7,18
6300291,3,18
6300766,3,32
8032492,3,8
8136754,5,29
8136757,3,32
8043509,2,39
8142415,2,38
8043508,2,14
8142416,4,13
8032491,2,28
8136756,2,38
8136759,2,14
8133653,4,38
8039388,6,25
8039355,6,23
8136902,2,27
8137209,4,28
8115910,5,7
8115909,4,10
8122003,7,32
8136755,3,25
8136758,7,38
8035045,2,37
8035044,4,5
8122000,4,9
8032722,2,40
8143821,7,39
8140193,5,8
8130764,7,11
8130746,6,23
8143822,7,39
8141687,7,16
8138160,3,8
8143820,7,27
8134141,2,36
8134142,7,36
8136904,5,13
8136903,2,9
8143819,6,14
8025096,7,21
8010877,3,20
8126722,4,18
8126721,2,23
8010878,6,10
8010876,4,35
8010875,2,39
8123843,3,12
8001360,6,25
8026858,7,12
8026861,4,5
8001359,5,13
8001358,4,18
8123841,2,34
6030311,6,28
8123842,6,22
6030312,5,39
8026859,3,14
8023886,3,39
8126995,2,29
8120476,4,32
8140345,5,34
8140346,3,10
8140348,5,25
8140347,4,21
8119734,5,20
8119736,5,12
8119737,6,35
8133297,3,17
8119733,4,39
8119738,6,40
8040743,5,36
8140961,5,37
8130474,5,25
8130477,5,8
8130471,7,11
8130476,6,26
8130478,2,18
8130472,2,13
8130480,6,19
8130479,2,13
8134495,7,19
8134494,2,34
8134496,3,22
8134497,3,34
8021718,4,38
9993667,5,19
8142527,4,38
8142529,5,31
8132687,3,34
8132689,7,38
8132688,7,26
8143979,7,19
8143978,5,11
8139309,7,5
8134235,2,16
8134243,4,7
8139648,7,24
8134234,7,34
8134242,2,35
8139308,3,15
8134236,5,38
8139649,4,27
8139650,3,31
8139651,4,38
8134244,4,11
8134238,7,40
8134237,2,13
8134239,4,40
8134247,6,11
8139306,6,9
8134248,5,9
8134241,5,11
8134245,7,15
8034227,3,26
8043156,6,10
8043157,3,12
8043159,4,37
8038350,3,22
8038349,2,28
8043154,7,26
8038351,2,38
8038352,4,18
8017005,5,32
8041105,5,6
8019645,7,28
8129075,6,20
8129096,2,30
8022793,5,28
8037122,5,20
8134857,3,24
8021665,6,30
8017004,5,24
8019489,5,35
8135526,4,6
8135527,7,39
8021438,6,9
8133899,7,37
8123693,2,22
8133898,2,27
8139036,4,7
8133900,4,33
8139034,5,30
8123687,5,22
8123688,7,30
8123689,4,39
8123690,3,15
8123691,2,18
8123692,4,11
8139033,4,18
8139035,7,39
8133897,2,39
8128803,7,28
8133896,2,20
8133895,5,7
8133894,7,23
8140141,3,18
