product_id,days,units_sold,period_end
8021821,30,56,2026-08-25
8135329,30,293,2026-08-25
8021462,30,28,2026-08-25
8021631,30,234,2026-08-25
8135307,30,279,2026-08-25
8141600,30,269,2026-08-25
8141599,30,236,2026-08-25
8141598,30,145,2026-08-25
8143529,30,147,2026-08-25
8143527,30,44,2026-08-25
8143526,30,174,2026-08-25
8143528,30,50,2026-08-25
8143535,30,262,2026-08-25
8143536,30,44,2026-08-25
8143538,30,127,2026-08-25
8143546,30,27,2026-08-25
8143545,30,214,2026-08-25
8143537,30,191,2026-08-25
8143543,30,110,2026-08-25
8143540,30,75,2026-08-25
8143539,30,267,2026-08-25
8143523,30,55,2026-08-25
8143541,30,53,2026-08-25
8143520,30,167,2026-08-25
8143521,30,55,2026-08-25
8143547,30,234,2026-08-25
8143522,30,58,2026-08-25
8143524,30,162,2026-08-25
8143544,30,168,2026-08-25
8143542,30,84,2026-08-25
8143525,30,165,2026-08-25
8143531,30,166,2026-08-25
8143533,30,294,2026-08-25
8143534,30,37,2026-08-25
8143532,30,62,2026-08-25
8143530,30,262,2026-08-25
8001501,30,220,2026-08-25
6301977,30,287,2026-08-25
6301980,30,199,2026-08-25
6301981,30,118,2026-08-25
6301984,30,127,2026-08-25
6301985,30,46,2026-08-25
6301986,30,232,2026-08-25
6301993,30,180,2026-08-25
6302000,30,247,2026-08-25
6302001,30,287,2026-08-25
6302004,30,27,2026-08-25
6302005,30,24,2026-08-25
6302007,30,162,2026-08-25
6302008,30,266,2026-08-25
6302009,30,298,2026-08-25
6301978,30,200,2026-08-25
8140041,30,194,2026-08-25
8140039,30,93,2026-08-25
8140037,30,51,2026-08-25
8140038,30,221,2026-08-25
8140040,30,145,2026-08-25
9996435,30,252,2026-08-25
8127378,30,182,2026-08-25
8127379,30,47,2026-08-25
8127382,30,179,2026-08-25
8117581,30,136,2026-08-25
8141053,30,145,2026-08-25
8142150,30,85,2026-08-25
8142149,30,68,2026-08-25
8142151,30,241,2026-08-25
8142148,30,44,2026-08-25
8127345,30,250,2026-08-25
8143917,30,144,2026-08-25
8123799,30,88,2026-08-25
8129066,30,297,2026-08-25
8125771,30,61,2026-08-25
8139643,30,54,2026-08-25
8132961,30,160,2026-08-25
8132960,30,226,2026-08-25
8117584,30,68,2026-08-25
8139646,30,129,2026-08-25
8143427,30,185,2026-08-25
8139647,30,169,2026-08-25
8127653,30,50,2026-08-25
8139851,30,170,2026-08-25
8139852,30,174,2026-08-25
8127302,30,109,2026-08-25
8135525,30,41,2026-08-25
8125017,30,49,2026-08-25
8117582,30,102,2026-08-25
8119171,30,264,2026-08-25
8119173,30,201,2026-08-25
8119169,30,32,2026-08-25
8125469,30,254,2026-08-25
8119158,30,242,2026-08-25
8126574,30,210,2026-08-25
8125767,30,260,2026-08-25
8122071,30,285,2026-08-25
8139850,30,33,2026-08-25
8125726,30,261,2026-08-25
8123005,30,37,2026-08-25
8132963,30,163,2026-08-25
8132962,30,205,2026-08-25
8131668,30,114,2026-08-25
8131667,30,211,2026-08-25
8119178,30,132,2026-08-25
8119175,30,171,2026-08-25
8119176,30,192,2026-08-25
8143076,30,230,2026-08-25
8139642,30,148,2026-08-25
8117580,30,279,2026-08-25
8139848,30,221,2026-08-25
8121215,30,287,2026-08-25
8117583,30,285,2026-08-25
8141054,30,157,2026-08-25
8143077,30,28,2026-08-25
8143428,30,113,2026-08-25
8131411,30,132,2026-08-25
8131417,30,86,2026-08-25
8131410,30,106,2026-08-25
8125375,30,99,2026-08-25
8117567,30,71,2026-08-25
8040341,30,116,2026-08-25
8033185,30,134,2026-08-25
8117569,30,44,2026-08-25
8117571,30,20,2026-08-25
4268,30,216,2026-08-25
9990984,30,42,2026-08-25
8128066,30,177,2026-08-25
8129708,30,257,2026-08-25
8129710,30,260,2026-08-25
8135204,30,158,2026-08-25
8130740,30,88,2026-08-25
8129718,30,87,2026-08-25
8128070,30,59,2026-08-25
8128071,30,145,2026-08-25
8129719,30,284,2026-08-25
8128068,30,286,2026-08-25
8128067,30,37,2026-08-25
8130737,30,85,2026-08-25
8128065,30,166,2026-08-25
8130742,30,273,2026-08-25
8130744,30,48,2026-08-25
8128063,30,150,2026-08-25
8130729,30,29,2026-08-25
8130731,30,292,2026-08-25
6310019,30,168,2026-08-25
8128818,30,135,2026-08-25
8128817,30,87,2026-08-25
8135201,30,98,2026-08-25
8128820,30,25,2026-08-25
8135202,30,37,2026-08-25
8128819,30,21,2026-08-25
8130734,30,198,2026-08-25
6310023,30,73,2026-08-25
6310020,30,101,2026-08-25
8130735,30,101,2026-08-25
8128060,30,243,2026-08-25
8130732,30,176,2026-08-25
8129714,30,149,2026-08-25
8128062,30,263,2026-08-25
8130736,30,57,2026-08-25
8130730,30,253,2026-08-25
8128061,30,219,2026-08-25
8129721,30,153,2026-08-25
8128064,30,254,2026-08-25
6310021,30,160,2026-08-25
6310022,30,103,2026-08-25
8129711,30,83,2026-08-25
6310018,30,196,2026-08-25
8130733,30,89,2026-08-25
8129717,30,142,2026-08-25
6310024,30,68,2026-08-25
8131467,30,264,2026-08-25
8131470,30,74,2026-08-25
8131471,30,175,2026-08-25
9994883,30,257,2026-08-25
8043483,30,261,2026-08-25
8141915,30,157,2026-08-25
8043658,30,273,2026-08-25
8043479,30,225,2026-08-25
8131472,30,141,2026-08-25
8043478,30,164,2026-08-25
8038567,30,257,2026-08-25
8043420,30,131,2026-08-25
8141860,30,219,2026-08-25
8043480,30,257,2026-08-25
8043482,30,180,2026-08-25
8135878,30,253,2026-08-25
8135881,30,89,2026-08-25
8139959,30,60,2026-08-25
8139958,30,28,2026-08-25
8139961,30,283,2026-08-25
8139960,30,76,2026-08-25
8139962,30,216,2026-08-25
8135876,30,54,2026-08-25
8135883,30,95,2026-08-25
8135882,30,58,2026-08-25
8135884,30,77,2026-08-25
8141638,30,50,2026-08-25
8141639,30,175,2026-08-25
8024375,30,131,2026-08-25
8024376,30,88,2026-08-25
8132635,30,99,2026-08-25
8031310,30,299,2026-08-25
8115722,30,48,2026-08-25
8039474,30,214,2026-08-25
8039477,30,89,2026-08-25
8039476,30,275,2026-08-25
8131317,30,195,2026-08-25
8018369,30,247,2026-08-25
8122322,30,195,2026-08-25
8110940,30,163,2026-08-25
8131289,30,191,2026-08-25
8131291,30,129,2026-08-25
8131292,30,139,2026-08-25
8118282,30,32,2026-08-25
8118283,30,80,2026-08-25
8141347,30,162,2026-08-25
8141346,30,207,2026-08-25
8141345,30,100,2026-08-25
8136100,30,26,2026-08-25
8136054,30,203,2026-08-25
8136053,30,270,2026-08-25
8136046,30,241,2026-08-25
8136051,30,293,2026-08-25
8136049,30,36,2026-08-25
8133087,30,175,2026-08-25
8133086,30,251,2026-08-25
8134607,30,102,2026-08-25
8134606,30,277,2026-08-25
6309864,30,229,2026-08-25
8139935,30,135,2026-08-25
8139933,30,273,2026-08-25
8139934,30,31,2026-08-25
8023033,30,42,2026-08-25
8023035,30,221,2026-08-25
8023034,30,77,2026-08-25
8021735,30,150,2026-08-25
8134609,30,70,2026-08-25
8139519,30,263,2026-08-25
8139518,30,106,2026-08-25
8139517,30,187,2026-08-25
8134608,30,47,2026-08-25
8020142,30,49,2026-08-25
8021415,30,55,2026-08-25
8020141,30,60,2026-08-25
8020140,30,275,2026-08-25
8020139,30,193,2026-08-25
8139589,30,189,2026-08-25
8139586,30,239,2026-08-25
8139588,30,118,2026-08-25
8139587,30,296,2026-08-25
8139590,30,20,2026-08-25
8139592,30,108,2026-08-25
8139591,30,79,2026-08-25
8005617,30,224,2026-08-25
8138483,30,296,2026-08-25
8013721,30,244,2026-08-25
8115723,30,174,2026-08-25
8125431,30,52,2026-08-25
8015970,30,218,2026-08-25
8141962,30,286,2026-08-25
8141193,30,122,2026-08-25
8141196,30,266,2026-08-25
8141194,30,118,2026-08-25
8141192,30,177,2026-08-25
8141195,30,68,2026-08-25
8141191,30,261,2026-08-25
8141686,30,65,2026-08-25
8143693,30,32,2026-08-25
8141684,30,241,2026-08-25
8143695,30,31,2026-08-25
8141688,30,100,2026-08-25
8141685,30,171,2026-08-25
8141690,30,87,2026-08-25
8143694,30,131,2026-08-25
8143692,30,44,2026-08-25
8141683,30,72,2026-08-25
8139594,30,99,2026-08-25
8140780,30,108,2026-08-25
8137162,30,279,2026-08-25
8139595,30,81,2026-08-25
8139596,30,193,2026-08-25
8140778,30,102,2026-08-25
8137163,30,192,2026-08-25
8140777,30,111,2026-08-25
8137161,30,26,2026-08-25
8139597,30,241,2026-08-25
8140781,30,181,2026-08-25
8140776,30,49,2026-08-25
8137160,30,180,2026-08-25
8140779,30,66,2026-08-25
8042649,30,138,2026-08-25
8132750,30,138,2026-08-25
8132744,30,288,2026-08-25
8110783,30,61,2026-08-25
8010099,30,36,2026-08-25
8140852,30,225,2026-08-25
8140851,30,110,2026-08-25
8140850,30,164,2026-08-25
8140841,30,223,2026-08-25
8140849,30,69,2026-08-25
8140842,30,130,2026-08-25
8140839,30,173,2026-08-25
8140845,30,200,2026-08-25
8140829,30,171,2026-08-25
8140838,30,270,2026-08-25
8140837,30,36,2026-08-25
8140836,30,158,2026-08-25
8140835,30,280,2026-08-25
8140833,30,138,2026-08-25
8140834,30,256,2026-08-25
8140848,30,240,2026-08-25
8140846,30,169,2026-08-25
8042827,30,235,2026-08-25
8117390,30,44,2026-08-25
8117392,30,141,2026-08-25
8117393,30,107,2026-08-25
8025922,30,70,2026-08-25
8025913,30,134,2026-08-25
8025914,30,97,2026-08-25
8025944,30,132,2026-08-25
8025945,30,282,2026-08-25
8025946,30,293,2026-08-25
8115410,30,121,2026-08-25
8025947,30,299,2026-08-25
8034949,30,145,2026-08-25
8039700,30,162,2026-08-25
8115409,30,167,2026-08-25
8025915,30,289,2026-08-25
8025918,30,229,2026-08-25
8025920,30,195,2026-08-25
8025921,30,73,2026-08-25
8117357,30,265,2026-08-25
8029040,30,277,2026-08-25
8025924,30,115,2026-08-25
8025925,30,283,2026-08-25
8039698,30,241,2026-08-25
8122910,30,176,2026-08-25
8025927,30,261,2026-08-25
8025930,30,129,2026-08-25
8029041,30,99,2026-08-25
8025931,30,215,2026-08-25
8025932,30,284,2026-08-25
8039699,30,59,2026-08-25
8122911,30,268,2026-08-25
8037774,30,20,2026-08-25
8025933,30,31,2026-08-25
8025934,30,66,2026-08-25
8117358,30,249,2026-08-25
8029042,30,186,2026-08-25
8025935,30,97,2026-08-25
8025936,30,144,2026-08-25
8037775,30,182,2026-08-25
8025937,30,120,2026-08-25
8134805,30,265,2026-08-25
8025938,30,114,2026-08-25
8025940,30,203,2026-08-25
8037776,30,84,2026-08-25
8025942,30,244,2026-08-25
8134806,30,190,2026-08-25
8025948,30,287,2026-08-25
8035938,30,122,2026-08-25
8035939,30,201,2026-08-25
8035940,30,203,2026-08-25
8035941,30,229,2026-08-25
8035942,30,129,2026-08-25
8124985,30,163,2026-08-25
8124984,30,161,2026-08-25
8035944,30,84,2026-08-25
8035945,30,157,2026-08-25
8035948,30,92,2026-08-25
8124983,30,36,2026-08-25
8035949,30,181,2026-08-25
8124097,30,137,2026-08-25
8035950,30,216,2026-08-25
8035951,30,64,2026-08-25
8035952,30,223,2026-08-25
8035953,30,197,2026-08-25
8035954,30,22,2026-08-25
8035955,30,102,2026-08-25
8035956,30,253,2026-08-25
8035957,30,284,2026-08-25
8035958,30,29,2026-08-25
8035959,30,264,2026-08-25
8124098,30,277,2026-08-25
8035960,30,69,2026-08-25
8111430,30,186,2026-08-25
8025952,30,289,2026-08-25
8136673,30,149,2026-08-25
8136674,30,196,2026-08-25
8136676,30,127,2026-08-25
8136678,30,135,2026-08-25
8136685,30,288,2026-08-25
8136680,30,42,2026-08-25
8136684,30,225,2026-08-25
8136682,30,299,2026-08-25
8136683,30,285,2026-08-25
8136686,30,240,2026-08-25
8137585,30,96,2026-08-25
8137589,30,198,2026-08-25
8137587,30,116,2026-08-25
8137536,30,30,2026-08-25
8137549,30,40,2026-08-25
8137550,30,123,2026-08-25
8142451,30,79,2026-08-25
6310590,30,221,2026-08-25
8039645,30,47,2026-08-25
8126466,30,129,2026-08-25
8137537,30,154,2026-08-25
8126063,30,121,2026-08-25
8137555,30,74,2026-08-25
8137556,30,258,2026-08-25
8119388,30,260,2026-08-25
6310595,30,211,2026-08-25
8137544,30,152,2026-08-25
8129210,30,113,2026-08-25
8137539,30,58,2026-08-25
8137547,30,35,2026-08-25
8137552,30,288,2026-08-25
8137553,30,44,2026-08-25
8137554,30,246,2026-08-25
8114314,30,145,2026-08-25
8033610,30,157,2026-08-25
8033611,30,104,2026-08-25
8033612,30,30,2026-08-25
8140935,30,177,2026-08-25
8140936,30,73,2026-08-25
8140933,30,272,2026-08-25
8140934,30,47,2026-08-25
8140937,30,45,2026-08-25
8140938,30,204,2026-08-25
8029397,30,53,2026-08-25
8140942,30,252,2026-08-25
8029396,30,136,2026-08-25
8119719,30,144,2026-08-25
8140941,30,271,2026-08-25
8137593,30,31,2026-08-25
8137596,30,270,2026-08-25
8137591,30,60,2026-08-25
8137594,30,127,2026-08-25
8137592,30,51,2026-08-25
8137595,30,279,2026-08-25
8137590,30,39,2026-08-25
8039651,30,84,2026-08-25
8039649,30,278,2026-08-25
8039653,30,131,2026-08-25
8039654,30,211,2026-08-25
8039652,30,127,2026-08-25
8039650,30,80,2026-08-25
8137580,30,279,2026-08-25
8137581,30,130,2026-08-25
8137582,30,94,2026-08-25
8137583,30,103,2026-08-25
8140931,30,141,2026-08-25
8140932,30,252,2026-08-25
8137572,30,43,2026-08-25
8137573,30,184,2026-08-25
8137569,30,131,2026-08-25
8137570,30,299,2026-08-25
8137597,30,262,2026-08-25
8137598,30,142,2026-08-25
8137575,30,80,2026-08-25
8137577,30,280,2026-08-25
8137574,30,248,2026-08-25
8137576,30,24,2026-08-25
8040307,30,290,2026-08-25
8116613,30,123,2026-08-25
8029412,30,250,2026-08-25
8029411,30,90,2026-08-25
8029413,30,205,2026-08-25
8007977,30,93,2026-08-25
8029414,30,182,2026-08-25
8007978,30,34,2026-08-25
8140928,30,235,2026-08-25
8140929,30,30,2026-08-25
8137579,30,129,2026-08-25
8031442,30,21,2026-08-25
8137578,30,296,2026-08-25
8031443,30,271,2026-08-25
8141947,30,266,2026-08-25
8141946,30,176,2026-08-25
8141945,30,101,2026-08-25
8141944,30,236,2026-08-25
8035107,30,230,2026-08-25
8032487,30,80,2026-08-25
8007980,30,123,2026-08-25
8036932,30,274,2026-08-25
8029402,30,289,2026-08-25
8029398,30,239,2026-08-25
8029399,30,30,2026-08-25
8038375,30,153,2026-08-25
8029400,30,219,2026-08-25
8113612,30,271,2026-08-25
8029401,30,136,2026-08-25
8007981,30,266,2026-08-25
8007979,30,76,2026-08-25
8133991,30,274,2026-08-25
8142672,30,152,2026-08-25
8125921,30,281,2026-08-25
8142673,30,136,2026-08-25
8137560,30,150,2026-08-25
8137564,30,250,2026-08-25
8126065,30,25,2026-08-25
8126070,30,249,2026-08-25
8125919,30,107,2026-08-25
8132858,30,232,2026-08-25
8125920,30,119,2026-08-25
8137557,30,214,2026-08-25
8137561,30,70,2026-08-25
8137558,30,226,2026-08-25
8029417,30,272,2026-08-25
8137563,30,267,2026-08-25
8125923,30,51,2026-08-25
8125922,30,219,2026-08-25
8137565,30,235,2026-08-25
8137566,30,240,2026-08-25
8137568,30,41,2026-08-25
8137567,30,48,2026-08-25
8037815,30,276,2026-08-25
8039648,30,273,2026-08-25
8037318,30,190,2026-08-25
8037314,30,58,2026-08-25
8037319,30,275,2026-08-25
8037315,30,160,2026-08-25
8037320,30,174,2026-08-25
8037316,30,103,2026-08-25
8140930,30,86,2026-08-25
8140939,30,164,2026-08-25
8140940,30,269,2026-08-25
8137584,30,177,2026-08-25
8137588,30,26,2026-08-25
8137586,30,58,2026-08-25
8141941,30,201,2026-08-25
8141943,30,234,2026-08-25
8141940,30,288,2026-08-25
8141942,30,279,2026-08-25
8109763,30,63,2026-08-25
8037322,30,181,2026-08-25
8037323,30,142,2026-08-25
8029407,30,170,2026-08-25
8029403,30,59,2026-08-25
8041520,30,140,2026-08-25
8041519,30,252,2026-08-25
8007985,30,275,2026-08-25
8008157,30,295,2026-08-25
8029404,30,184,2026-08-25
8023704,30,37,2026-08-25
8021646,30,300,2026-08-25
8021707,30,273,2026-08-25
8034204,30,107,2026-08-25
8034205,30,290,2026-08-25
8034206,30,192,2026-08-25
8120824,30,58,2026-08-25
8120843,30,207,2026-08-25
8017146,30,148,2026-08-25
8003112,30,31,2026-08-25
8115650,30,287,2026-08-25
8137997,30,178,2026-08-25
8117125,30,261,2026-08-25
8117126,30,44,2026-08-25
8116809,30,129,2026-08-25
8127300,30,80,2026-08-25
8116497,30,96,2026-08-25
8135826,30,151,2026-08-25
8135813,30,237,2026-08-25
8135814,30,48,2026-08-25
8141159,30,263,2026-08-25
8131413,30,244,2026-08-25
8131420,30,236,2026-08-25
8131408,30,267,2026-08-25
8143768,30,39,2026-08-25
8143770,30,163,2026-08-25
8143769,30,238,2026-08-25
8131415,30,74,2026-08-25
8131421,30,115,2026-08-25
8131416,30,245,2026-08-25
8131412,30,73,2026-08-25
8131409,30,189,2026-08-25
8131430,30,151,2026-08-25
8131431,30,144,2026-08-25
8131432,30,209,2026-08-25
8131427,30,284,2026-08-25
8131428,30,298,2026-08-25
8131429,30,51,2026-08-25
8131422,30,279,2026-08-25
8143765,30,252,2026-08-25
8143766,30,201,2026-08-25
8131425,30,151,2026-08-25
8143767,30,297,2026-08-25
8131433,30,34,2026-08-25
8131434,30,29,2026-08-25
8131426,30,269,2026-08-25
8131424,30,121,2026-08-25
8131423,30,70,2026-08-25
8131436,30,177,2026-08-25
8131435,30,128,2026-08-25
8131400,30,122,2026-08-25
8131404,30,181,2026-08-25
8131402,30,204,2026-08-25
8131397,30,250,2026-08-25
8143763,30,72,2026-08-25
8143764,30,131,2026-08-25
8131401,30,138,2026-08-25
8131407,30,245,2026-08-25
8131403,30,154,2026-08-25
8131399,30,291,2026-08-25
8131398,30,165,2026-08-25
8129343,30,90,2026-08-25
8129341,30,132,2026-08-25
8129264,30,122,2026-08-25
8129342,30,240,2026-08-25
8129344,30,165,2026-08-25
8033311,30,246,2026-08-25
8136851,30,240,2026-08-25
8136852,30,234,2026-08-25
8126905,30,273,2026-08-25
8126906,30,192,2026-08-25
8126903,30,196,2026-08-25
8126904,30,31,2026-08-25
8129380,30,250,2026-08-25
8129381,30,83,2026-08-25
8129382,30,107,2026-08-25
8129263,30,54,2026-08-25
8129379,30,285,2026-08-25
8129378,30,97,2026-08-25
8129266,30,70,2026-08-25
8129265,30,22,2026-08-25
8038728,30,36,2026-08-25
8134919,30,165,2026-08-25
8134918,30,162,2026-08-25
8128516,30,82,2026-08-25
8128515,30,169,2026-08-25
8133294,30,171,2026-08-25
8006954,30,110,2026-08-25
8031839,30,250,2026-08-25
8006955,30,105,2026-08-25
6301457,30,22,2026-08-25
8023426,30,105,2026-08-25
8023427,30,217,2026-08-25
8021367,30,147,2026-08-25
8021368,30,151,2026-08-25
8034947,30,164,2026-08-25
8121537,30,112,2026-08-25
8034948,30,163,2026-08-25
8013023,30,275,2026-08-25
8013024,30,37,2026-08-25
8014921,30,151,2026-08-25
8014922,30,217,2026-08-25
8010837,30,260,2026-08-25
8137310,30,198,2026-08-25
8137247,30,208,2026-08-25
8116391,30,189,2026-08-25
8116392,30,219,2026-08-25
8127024,30,175,2026-08-25
8127023,30,70,2026-08-25
8137293,30,140,2026-08-25
8137292,30,24,2026-08-25
8008441,30,88,2026-08-25
8027015,30,178,2026-08-25
8038520,30,195,2026-08-25
8038519,30,298,2026-08-25
8138484,30,103,2026-08-25
8138485,30,220,2026-08-25
8030072,30,171,2026-08-25
8030073,30,77,2026-08-25
8026618,30,227,2026-08-25
8141721,30,206,2026-08-25
8141720,30,170,2026-08-25
8128403,30,241,2026-08-25
8128404,30,200,2026-08-25
8131286,30,210,2026-08-25
8131287,30,281,2026-08-25
8136416,30,48,2026-08-25
8136415,30,137,2026-08-25
8137263,30,202,2026-08-25
8137288,30,39,2026-08-25
8137260,30,31,2026-08-25
8137261,30,132,2026-08-25
8137282,30,180,2026-08-25
8137285,30,247,2026-08-25
8139249,30,103,2026-08-25
8137284,30,230,2026-08-25
8137280,30,65,2026-08-25
8137281,30,46,2026-08-25
8137286,30,62,2026-08-25
8139248,30,109,2026-08-25
8137262,30,204,2026-08-25
8137257,30,185,2026-08-25
8137259,30,41,2026-08-25
8139247,30,246,2026-08-25
8139246,30,166,2026-08-25
8137289,30,190,2026-08-25
8137287,30,288,2026-08-25
8137197,30,263,2026-08-25
8137198,30,169,2026-08-25
8021952,30,106,2026-08-25
8021500,30,278,2026-08-25
8021499,30,197,2026-08-25
8021491,30,56,2026-08-25
8142690,30,57,2026-08-25
8142691,30,39,2026-08-25
8142692,30,35,2026-08-25
8142693,30,73,2026-08-25
8142688,30,142,2026-08-25
8142689,30,47,2026-08-25
8015505,30,119,2026-08-25
8117307,30,257,2026-08-25
8117296,30,218,2026-08-25
8015507,30,280,2026-08-25
8117301,30,79,2026-08-25
8015504,30,160,2026-08-25
8131018,30,164,2026-08-25
8135378,30,36,2026-08-25
8135377,30,113,2026-08-25
8031136,30,270,2026-08-25
8031133,30,144,2026-08-25
8031134,30,228,2026-08-25
8140764,30,86,2026-08-25
8117303,30,229,2026-08-25
8135362,30,202,2026-08-25
8131014,30,230,2026-08-25
8015500,30,196,2026-08-25
8113934,30,23,2026-08-25
8135363,30,26,2026-08-25
8031137,30,130,2026-08-25
8135361,30,235,2026-08-25
8031135,30,276,2026-08-25
8040609,30,104,2026-08-25
8140762,30,29,2026-08-25
8140763,30,41,2026-08-25
8124913,30,129,2026-08-25
8124912,30,163,2026-08-25
8131012,30,152,2026-08-25
8135376,30,221,2026-08-25
8135375,30,244,2026-08-25
8131013,30,77,2026-08-25
8117302,30,254,2026-08-25
8036946,30,92,2026-08-25
8015495,30,245,2026-08-25
8015497,30,82,2026-08-25
8015496,30,290,2026-08-25
8026184,30,49,2026-08-25
8135360,30,258,2026-08-25
8036942,30,66,2026-08-25
8026183,30,247,2026-08-25
8026185,30,105,2026-08-25
8140756,30,203,2026-08-25
8140757,30,24,2026-08-25
8140761,30,117,2026-08-25
8040613,30,258,2026-08-25
8040610,30,100,2026-08-25
8040612,30,77,2026-08-25
8040614,30,91,2026-08-25
8140758,30,297,2026-08-25
8117299,30,264,2026-08-25
8015508,30,33,2026-08-25
8135373,30,51,2026-08-25
8135365,30,21,2026-08-25
8135370,30,60,2026-08-25
8135369,30,31,2026-08-25
8135374,30,234,2026-08-25
8135371,30,201,2026-08-25
8135366,30,195,2026-08-25
8135368,30,240,2026-08-25
8135367,30,78,2026-08-25
8135372,30,299,2026-08-25
8036944,30,99,2026-08-25
8036943,30,200,2026-08-25
8140754,30,290,2026-08-25
8140769,30,171,2026-08-25
8121230,30,170,2026-08-25
8135379,30,254,2026-08-25
8033660,30,90,2026-08-25
8033659,30,123,2026-08-25
8131007,30,144,2026-08-25
8040617,30,258,2026-08-25
8040618,30,109,2026-08-25
8131005,30,33,2026-08-25
8015501,30,131,2026-08-25
8117300,30,28,2026-08-25
8015502,30,133,2026-08-25
8140755,30,223,2026-08-25
8036945,30,186,2026-08-25
8036948,30,137,2026-08-25
8036950,30,207,2026-08-25
8131016,30,227,2026-08-25
8140767,30,112,2026-08-25
8140765,30,272,2026-08-25
8140766,30,249,2026-08-25
8131011,30,46,2026-08-25
8040616,30,33,2026-08-25
8015498,30,169,2026-08-25
8124910,30,184,2026-08-25
8015499,30,254,2026-08-25
8124908,30,167,2026-08-25
8124907,30,139,2026-08-25
8124909,30,227,2026-08-25
8131015,30,219,2026-08-25
8135359,30,255,2026-08-25
8135364,30,35,2026-08-25
8036947,30,148,2026-08-25
8040615,30,41,2026-08-25
8117305,30,30,2026-08-25
8117306,30,22,2026-08-25
8140760,30,138,2026-08-25
8140759,30,191,2026-08-25
8140770,30,187,2026-08-25
8140768,30,300,2026-08-25
8140771,30,81,2026-08-25
8140753,30,32,2026-08-25
8140752,30,170,2026-08-25
8140751,30,173,2026-08-25
8015506,30,55,2026-08-25
8131017,30,94,2026-08-25
8117295,30,192,2026-08-25
8135358,30,179,2026-08-25
8140439,30,114,2026-08-25
8004227,30,183,2026-08-25
8127357,30,224,2026-08-25
8139573,30,187,2026-08-25
8011354,30,84,2026-08-25
8004788,30,111,2026-08-25
8127354,30,249,2026-08-25
11246,30,281,2026-08-25
8004791,30,225,2026-08-25
8004792,30,138,2026-08-25
8004232,30,99,2026-08-25
8139577,30,96,2026-08-25
8139575,30,220,2026-08-25
8120431,30,227,2026-08-25
8139576,30,39,2026-08-25
11420,30,108,2026-08-25
8139572,30,110,2026-08-25
8122972,30,90,2026-08-25
8129525,30,106,2026-08-25
8140150,30,186,2026-08-25
8126977,30,274,2026-08-25
8140127,30,55,2026-08-25
8110455,30,48,2026-08-25
5737,30,151,2026-08-25
9990897,30,196,2026-08-25
9996382,30,200,2026-08-25
8135324,30,107,2026-08-25
8135325,30,294,2026-08-25
8135323,30,133,2026-08-25
8135321,30,277,2026-08-25
8135322,30,79,2026-08-25
8135317,30,79,2026-08-25
8135315,30,191,2026-08-25
8135316,30,180,2026-08-25
8132564,30,293,2026-08-25
8135320,30,228,2026-08-25
8135319,30,148,2026-08-25
8135318,30,132,2026-08-25
8139584,30,207,2026-08-25
8139582,30,71,2026-08-25
8143550,30,178,2026-08-25
8139583,30,61,2026-08-25
8034207,30,43,2026-08-25
8140944,30,56,2026-08-25
8140947,30,137,2026-08-25
8140945,30,108,2026-08-25
8140946,30,264,2026-08-25
8141948,30,36,2026-08-25
8110842,30,53,2026-08-25
8110845,30,200,2026-08-25
8110846,30,253,2026-08-25
8142221,30,219,2026-08-25
8143838,30,188,2026-08-25
8110847,30,259,2026-08-25
8111372,30,50,2026-08-25
8110841,30,29,2026-08-25
8110840,30,46,2026-08-25
8120573,30,24,2026-08-25
8113350,30,215,2026-08-25
8113800,30,244,2026-08-25
8119235,30,268,2026-08-25
8038240,30,51,2026-08-25
8139890,30,277,2026-08-25
8013079,30,128,2026-08-25
8014164,30,231,2026-08-25
9931875,30,178,2026-08-25
8017120,30,165,2026-08-25
8010881,30,115,2026-08-25
8013971,30,194,2026-08-25
8009385,30,42,2026-08-25
8137437,30,235,2026-08-25
8133613,30,52,2026-08-25
8131551,30,289,2026-08-25
8024933,30,141,2026-08-25
8037152,30,156,2026-08-25
8026125,30,233,2026-08-25
8043274,30,173,2026-08-25
8016517,30,150,2026-08-25
6031106,30,287,2026-08-25
8042702,30,270,2026-08-25
8137988,30,137,2026-08-25
6302177,30,115,2026-08-25
8142459,30,296,2026-08-25
8142474,30,217,2026-08-25
8142475,30,108,2026-08-25
8142471,30,91,2026-08-25
8142464,30,170,2026-08-25
8142466,30,265,2026-08-25
8142460,30,208,2026-08-25
8142465,30,99,2026-08-25
8142467,30,234,2026-08-25
8142462,30,175,2026-08-25
8142470,30,109,2026-08-25
8142463,30,158,2026-08-25
8142472,30,125,2026-08-25
8024281,30,119,2026-08-25
8026638,30,219,2026-08-25
8129027,30,258,2026-08-25
8129033,30,178,2026-08-25
8129035,30,263,2026-08-25
8129030,30,135,2026-08-25
8026649,30,156,2026-08-25
9993437,30,24,2026-08-25
9993446,30,61,2026-08-25
8043436,30,24,2026-08-25
8122212,30,271,2026-08-25
8141913,30,89,2026-08-25
8115381,30,38,2026-08-25
8143417,30,269,2026-08-25
8112015,30,215,2026-08-25
8122218,30,100,2026-08-25
8141912,30,151,2026-08-25
8043663,30,158,2026-08-25
8142168,30,79,2026-08-25
9993734,30,127,2026-08-25
8142583,30,154,2026-08-25
8043427,30,29,2026-08-25
8141859,30,57,2026-08-25
8141858,30,154,2026-08-25
8141857,30,46,2026-08-25
8141856,30,111,2026-08-25
8043426,30,160,2026-08-25
8131474,30,61,2026-08-25
8115835,30,94,2026-08-25
8015384,30,147,2026-08-25
8141714,30,174,2026-08-25
9993976,30,119,2026-08-25
8017154,30,57,2026-08-25
8122219,30,21,2026-08-25
9999296,30,239,2026-08-25
8015452,30,257,2026-08-25
8043439,30,176,2026-08-25
8133096,30,276,2026-08-25
8109892,30,139,2026-08-25
8031973,30,80,2026-08-25
8015453,30,138,2026-08-25
8016714,30,154,2026-08-25
8140774,30,92,2026-08-25
8140775,30,116,2026-08-25
8121550,30,52,2026-08-25
8121549,30,256,2026-08-25
8029428,30,276,2026-08-25
8029427,30,153,2026-08-25
8029429,30,125,2026-08-25
8033599,30,261,2026-08-25
8134746,30,139,2026-08-25
8134701,30,64,2026-08-25
8039662,30,153,2026-08-25
8039658,30,65,2026-08-25
9994138,30,193,2026-08-25
9994369,30,296,2026-08-25
9995733,30,238,2026-08-25
8026731,30,49,2026-08-25
8026730,30,32,2026-08-25
1556,30,74,2026-08-25
8126441,30,40,2026-08-25
8126658,30,87,2026-08-25
8126659,30,162,2026-08-25
9994139,30,246,2026-08-25
8029015,30,184,2026-08-25
8025261,30,166,2026-08-25
8025262,30,73,2026-08-25
8023420,30,100,2026-08-25
8023421,30,117,2026-08-25
8029016,30,192,2026-08-25
8118125,30,285,2026-08-25
8023103,30,45,2026-08-25
8123257,30,299,2026-08-25
8123258,30,262,2026-08-25
8137816,30,280,2026-08-25
8137817,30,38,2026-08-25
8136022,30,45,2026-08-25
8136023,30,212,2026-08-25
8133156,30,215,2026-08-25
8133153,30,139,2026-08-25
8133158,30,71,2026-08-25
8133157,30,51,2026-08-25
8136028,30,115,2026-08-25
8136029,30,57,2026-08-25
8136030,30,299,2026-08-25
8136025,30,226,2026-08-25
8136024,30,237,2026-08-25
8133159,30,171,2026-08-25
8133160,30,89,2026-08-25
8133165,30,164,2026-08-25
8136031,30,146,2026-08-25
8136033,30,120,2026-08-25
8136032,30,45,2026-08-25
8136034,30,67,2026-08-25
8011524,30,232,2026-08-25
8023098,30,114,2026-08-25
8023097,30,121,2026-08-25
8133166,30,69,2026-08-25
8136019,30,29,2026-08-25
8034400,30,268,2026-08-25
8010573,30,197,2026-08-25
8010574,30,231,2026-08-25
8010572,30,66,2026-08-25
8023423,30,51,2026-08-25
8023422,30,95,2026-08-25
8023424,30,261,2026-08-25
8131669,30,130,2026-08-25
8010575,30,110,2026-08-25
8035072,30,76,2026-08-25
8035074,30,220,2026-08-25
8035073,30,149,2026-08-25
8035075,30,249,2026-08-25
8035077,30,290,2026-08-25
8035079,30,296,2026-08-25
8035076,30,135,2026-08-25
8035078,30,235,2026-08-25
8022217,30,95,2026-08-25
8022221,30,237,2026-08-25
8136453,30,190,2026-08-25
8022215,30,50,2026-08-25
8034929,30,121,2026-08-25
8129415,30,274,2026-08-25
8022213,30,220,2026-08-25
8129418,30,72,2026-08-25
8022212,30,273,2026-08-25
8136454,30,92,2026-08-25
8131214,30,153,2026-08-25
8131215,30,101,2026-08-25
8131216,30,100,2026-08-25
8141224,30,48,2026-08-25
8141225,30,66,2026-08-25
8141222,30,99,2026-08-25
8141223,30,96,2026-08-25
8127430,30,291,2026-08-25
8122209,30,188,2026-08-25
8122210,30,273,2026-08-25
8004273,30,81,2026-08-25
8009168,30,274,2026-08-25
8004275,30,78,2026-08-25
8014581,30,90,2026-08-25
8033370,30,226,2026-08-25
8033375,30,178,2026-08-25
8033366,30,93,2026-08-25
8033367,30,230,2026-08-25
8033369,30,255,2026-08-25
8033389,30,71,2026-08-25
8033391,30,220,2026-08-25
8033390,30,117,2026-08-25
8033392,30,211,2026-08-25
8035000,30,189,2026-08-25
8034999,30,114,2026-08-25
8033393,30,226,2026-08-25
8034555,30,191,2026-08-25
8033394,30,112,2026-08-25
8033395,30,209,2026-08-25
8035013,30,232,2026-08-25
8035007,30,178,2026-08-25
8035010,30,259,2026-08-25
8035011,30,154,2026-08-25
8035001,30,105,2026-08-25
8035008,30,276,2026-08-25
8035012,30,102,2026-08-25
8035006,30,193,2026-08-25
8035009,30,217,2026-08-25
8033377,30,92,2026-08-25
8033371,30,79,2026-08-25
8014578,30,175,2026-08-25
8033388,30,24,2026-08-25
8033376,30,182,2026-08-25
8033387,30,44,2026-08-25
8033368,30,242,2026-08-25
8014586,30,167,2026-08-25
8033374,30,145,2026-08-25
8033378,30,235,2026-08-25
8014587,30,169,2026-08-25
8033372,30,199,2026-08-25
8014584,30,180,2026-08-25
8135654,30,262,2026-08-25
8135656,30,84,2026-08-25
8135657,30,136,2026-08-25
8132727,30,20,2026-08-25
8136555,30,37,2026-08-25
8134783,30,163,2026-08-25
8132729,30,74,2026-08-25
8132728,30,275,2026-08-25
8134787,30,235,2026-08-25
8132730,30,245,2026-08-25
8134788,30,297,2026-08-25
8132731,30,192,2026-08-25
8132734,30,41,2026-08-25
8132733,30,248,2026-08-25
8132732,30,241,2026-08-25
8134782,30,282,2026-08-25
8132735,30,151,2026-08-25
8132736,30,203,2026-08-25
8134791,30,212,2026-08-25
8134790,30,204,2026-08-25
8134789,30,105,2026-08-25
8132718,30,218,2026-08-25
8136554,30,115,2026-08-25
8132724,30,159,2026-08-25
8134779,30,104,2026-08-25
8132720,30,188,2026-08-25
8132723,30,279,2026-08-25
8134778,30,21,2026-08-25
8132719,30,154,2026-08-25
8132725,30,242,2026-08-25
8134780,30,79,2026-08-25
8132721,30,35,2026-08-25
8132726,30,291,2026-08-25
8134781,30,223,2026-08-25
8132722,30,168,2026-08-25
8142559,30,274,2026-08-25
8033726,30,292,2026-08-25
8142696,30,85,2026-08-25
8041123,30,32,2026-08-25
8138004,30,222,2026-08-25
8138003,30,128,2026-08-25
8033923,30,53,2026-08-25
8133980,30,30,2026-08-25
8117130,30,105,2026-08-25
8117131,30,87,2026-08-25
8121336,30,290,2026-08-25
8143459,30,92,2026-08-25
8143458,30,149,2026-08-25
8121333,30,252,2026-08-25
8121335,30,211,2026-08-25
8029473,30,73,2026-08-25
8029476,30,99,2026-08-25
8021745,30,187,2026-08-25
8117128,30,160,2026-08-25
8117129,30,131,2026-08-25
8120829,30,23,2026-08-25
8139030,30,216,2026-08-25
8139029,30,160,2026-08-25
8139032,30,189,2026-08-25
8111802,30,262,2026-08-25
8111801,30,150,2026-08-25
8036006,30,282,2026-08-25
8036005,30,195,2026-08-25
8128770,30,285,2026-08-25
8128769,30,277,2026-08-25
8123684,30,219,2026-08-25
8036002,30,69,2026-08-25
8035998,30,264,2026-08-25
8003418,30,175,2026-08-25
6030962,30,70,2026-08-25
8000649,30,105,2026-08-25
8112618,30,234,2026-08-25
8136192,30,180,2026-08-25
8143691,30,176,2026-08-25
8112702,30,34,2026-08-25
8112725,30,60,2026-08-25
8112728,30,78,2026-08-25
8112721,30,217,2026-08-25
8112724,30,49,2026-08-25
8112791,30,54,2026-08-25
8112777,30,64,2026-08-25
8112780,30,228,2026-08-25
8112749,30,253,2026-08-25
8112726,30,65,2026-08-25
8113369,30,109,2026-08-25
8112743,30,280,2026-08-25
8112757,30,44,2026-08-25
8113385,30,223,2026-08-25
8113383,30,147,2026-08-25
8112796,30,231,2026-08-25
8112795,30,142,2026-08-25
8113382,30,200,2026-08-25
8112761,30,43,2026-08-25
8112733,30,30,2026-08-25
8112774,30,123,2026-08-25
8113390,30,69,2026-08-25
8113388,30,92,2026-08-25
8113386,30,268,2026-08-25
8113466,30,119,2026-08-25
8112778,30,149,2026-08-25
8112734,30,32,2026-08-25
8112775,30,59,2026-08-25
8112751,30,196,2026-08-25
8113438,30,114,2026-08-25
8112771,30,136,2026-08-25
8112798,30,84,2026-08-25
8112811,30,70,2026-08-25
8113424,30,215,2026-08-25
8112815,30,267,2026-08-25
8112814,30,81,2026-08-25
8113423,30,245,2026-08-25
8113418,30,273,2026-08-25
8112809,30,91,2026-08-25
8112731,30,29,2026-08-25
8112742,30,163,2026-08-25
8112750,30,81,2026-08-25
8112727,30,77,2026-08-25
8112801,30,191,2026-08-25
8112794,30,169,2026-08-25
8112793,30,209,2026-08-25
8113396,30,236,2026-08-25
8127122,30,47,2026-08-25
8112764,30,125,2026-08-25
8113361,30,74,2026-08-25
8112732,30,298,2026-08-25
8113379,30,222,2026-08-25
8112730,30,298,2026-08-25
8112792,30,241,2026-08-25
8127123,30,46,2026-08-25
8127133,30,73,2026-08-25
8127141,30,188,2026-08-25
8112813,30,253,2026-08-25
8112802,30,72,2026-08-25
8112797,30,211,2026-08-25
8127140,30,296,2026-08-25
8113463,30,291,2026-08-25
8127142,30,196,2026-08-25
8112755,30,92,2026-08-25
8112781,30,126,2026-08-25
8112785,30,188,2026-08-25
8112786,30,134,2026-08-25
8113461,30,193,2026-08-25
8112695,30,195,2026-08-25
8113425,30,68,2026-08-25
8113427,30,20,2026-08-25
8112741,30,72,2026-08-25
8127148,30,176,2026-08-25
8112766,30,207,2026-08-25
8112767,30,34,2026-08-25
8127157,30,122,2026-08-25
8127160,30,267,2026-08-25
8127155,30,200,2026-08-25
8112804,30,20,2026-08-25
8112807,30,169,2026-08-25
8112805,30,69,2026-08-25
8127163,30,91,2026-08-25
8127161,30,157,2026-08-25
8112808,30,116,2026-08-25
8112806,30,169,2026-08-25
8113435,30,30,2026-08-25
8113434,30,48,2026-08-25
8113381,30,47,2026-08-25
8112799,30,73,2026-08-25
8112710,30,272,2026-08-25
8112709,30,97,2026-08-25
8112708,30,33,2026-08-25
8112707,30,75,2026-08-25
8112752,30,62,2026-08-25
8112745,30,116,2026-08-25
8112698,30,215,2026-08-25
8113358,30,69,2026-08-25
8112810,30,248,2026-08-25
8113417,30,84,2026-08-25
8113415,30,273,2026-08-25
8112800,30,47,2026-08-25
8127152,30,223,2026-08-25
8112759,30,287,2026-08-25
8127153,30,173,2026-08-25
8127150,30,241,2026-08-25
8112747,30,294,2026-08-25
8127143,30,110,2026-08-25
8127139,30,44,2026-08-25
8127146,30,86,2026-08-25
8112729,30,251,2026-08-25
8113900,30,87,2026-08-25
8127144,30,269,2026-08-25
8127151,30,206,2026-08-25
8112779,30,293,2026-08-25
8113906,30,272,2026-08-25
8112782,30,72,2026-08-25
8112712,30,62,2026-08-25
8113394,30,208,2026-08-25
8113359,30,150,2026-08-25
8112719,30,172,2026-08-25
8112754,30,70,2026-08-25
8112720,30,94,2026-08-25
8112715,30,69,2026-08-25
8112718,30,115,2026-08-25
8130456,30,34,2026-08-25
8130457,30,283,2026-08-25
8130458,30,165,2026-08-25
8130459,30,268,2026-08-25
8130460,30,140,2026-08-25
8130461,30,118,2026-08-25
8121704,30,207,2026-08-25
8121211,30,250,2026-08-25
8129532,30,268,2026-08-25
8117049,30,63,2026-08-25
8134088,30,111,2026-08-25
8134740,30,65,2026-08-25
8132400,30,231,2026-08-25
8133716,30,290,2026-08-25
8133733,30,277,2026-08-25
8136862,30,71,2026-08-25
8121210,30,126,2026-08-25
8039856,30,37,2026-08-25
8039857,30,229,2026-08-25
8039858,30,167,2026-08-25
6297900,30,49,2026-08-25
8024477,30,246,2026-08-25
8136337,30,66,2026-08-25
8020423,30,91,2026-08-25
8018796,30,20,2026-08-25
8018794,30,221,2026-08-25
8018793,30,194,2026-08-25
8018795,30,208,2026-08-25
8136335,30,125,2026-08-25
8024480,30,195,2026-08-25
8136336,30,57,2026-08-25
8015396,30,120,2026-08-25
6302178,30,100,2026-08-25
8015408,30,59,2026-08-25
8002160,30,277,2026-08-25
8015409,30,100,2026-08-25
8024478,30,263,2026-08-25
6255500,30,153,2026-08-25
6300207,30,292,2026-08-25
8015401,30,226,2026-08-25
8015400,30,198,2026-08-25
8120063,30,155,2026-08-25
8116903,30,51,2026-08-25
6209507,30,264,2026-08-25
6220492,30,110,2026-08-25
8116902,30,175,2026-08-25
8141668,30,21,2026-08-25
8139835,30,236,2026-08-25
8121668,30,290,2026-08-25
8031892,30,49,2026-08-25
8031891,30,208,2026-08-25
8024479,30,246,2026-08-25
8015392,30,224,2026-08-25
8024433,30,93,2026-08-25
6230801,30,239,2026-08-25
8015399,30,95,2026-08-25
8015398,30,26,2026-08-25
8132103,30,126,2026-08-25
8126883,30,162,2026-08-25
8128034,30,188,2026-08-25
8132210,30,276,2026-08-25
8123297,30,167,2026-08-25
8132209,30,39,2026-08-25
8123295,30,207,2026-08-25
8129535,30,137,2026-08-25
8140117,30,288,2026-08-25
8140154,30,273,2026-08-25
8126975,30,157,2026-08-25
8134081,30,298,2026-08-25
8034545,30,164,2026-08-25
6310102,30,247,2026-08-25
6310103,30,235,2026-08-25
8024354,30,262,2026-08-25
8024355,30,170,2026-08-25
8038754,30,107,2026-08-25
8131308,30,20,2026-08-25
8118306,30,125,2026-08-25
8131295,30,254,2026-08-25
8114814,30,274,2026-08-25
8114815,30,112,2026-08-25
8114812,30,234,2026-08-25
8131310,30,141,2026-08-25
8138487,30,208,2026-08-25
8138486,30,225,2026-08-25
8137718,30,213,2026-08-25
8137887,30,245,2026-08-25
8137890,30,110,2026-08-25
8137889,30,29,2026-08-25
8137888,30,122,2026-08-25
8137891,30,290,2026-08-25
8137719,30,210,2026-08-25
8137910,30,147,2026-08-25
8137944,30,129,2026-08-25
8141252,30,207,2026-08-25
8141251,30,25,2026-08-25
8141253,30,273,2026-08-25
8141254,30,271,2026-08-25
8142305,30,35,2026-08-25
8137911,30,78,2026-08-25
8143970,30,280,2026-08-25
8132481,30,116,2026-08-25
8132483,30,186,2026-08-25
8135214,30,265,2026-08-25
8135276,30,156,2026-08-25
8113395,30,130,2026-08-25
8141698,30,86,2026-08-25
8118163,30,27,2026-08-25
8129568,30,72,2026-08-25
8136818,30,178,2026-08-25
8135193,30,289,2026-08-25
8134055,30,68,2026-08-25
8137150,30,53,2026-08-25
8140707,30,57,2026-08-25
8140706,30,292,2026-08-25
8134301,30,106,2026-08-25
8143585,30,222,2026-08-25
8131742,30,253,2026-08-25
8127112,30,80,2026-08-25
8135153,30,162,2026-08-25
8130938,30,295,2026-08-25
8141697,30,91,2026-08-25
8141701,30,267,2026-08-25
8131746,30,130,2026-08-25
8134302,30,21,2026-08-25
8137498,30,292,2026-08-25
8137007,30,275,2026-08-25
8140715,30,198,2026-08-25
8127113,30,126,2026-08-25
8130939,30,210,2026-08-25
8138976,30,205,2026-08-25
8141699,30,234,2026-08-25
8113397,30,201,2026-08-25
8034854,30,237,2026-08-25
8124991,30,54,2026-08-25
8135139,30,111,2026-08-25
8140314,30,68,2026-08-25
8135127,30,42,2026-08-25
8140312,30,65,2026-08-25
8135142,30,74,2026-08-25
8135130,30,193,2026-08-25
8135136,30,72,2026-08-25
8140319,30,294,2026-08-25
8135137,30,107,2026-08-25
8135132,30,245,2026-08-25
8135135,30,153,2026-08-25
8135133,30,274,2026-08-25
8135134,30,61,2026-08-25
8141389,30,71,2026-08-25
8141383,30,137,2026-08-25
8141384,30,194,2026-08-25
8141382,30,222,2026-08-25
8141388,30,196,2026-08-25
8141380,30,125,2026-08-25
8141394,30,244,2026-08-25
8141395,30,166,2026-08-25
8141393,30,43,2026-08-25
8141386,30,122,2026-08-25
8141379,30,46,2026-08-25
8141391,30,226,2026-08-25
8141392,30,251,2026-08-25
8141378,30,286,2026-08-25
8141387,30,265,2026-08-25
8143047,30,55,2026-08-25
8143057,30,177,2026-08-25
8143056,30,49,2026-08-25
8143058,30,184,2026-08-25
8143059,30,281,2026-08-25
8143061,30,154,2026-08-25
8143060,30,187,2026-08-25
8143063,30,166,2026-08-25
8143064,30,109,2026-08-25
8143065,30,158,2026-08-25
8143062,30,177,2026-08-25
9990415,30,58,2026-08-25
9990414,30,155,2026-08-25
8128358,30,256,2026-08-25
8034109,30,178,2026-08-25
8020898,30,294,2026-08-25
8001194,30,108,2026-08-25
8001195,30,185,2026-08-25
6030339,30,221,2026-08-25
8120592,30,41,2026-08-25
8120593,30,130,2026-08-25
8120597,30,259,2026-08-25
8120591,30,174,2026-08-25
8120595,30,152,2026-08-25
8120596,30,144,2026-08-25
8120599,30,129,2026-08-25
8120594,30,75,2026-08-25
8120598,30,136,2026-08-25
8035082,30,127,2026-08-25
8035054,30,23,2026-08-25
8036927,30,40,2026-08-25
8036929,30,117,2026-08-25
8007401,30,200,2026-08-25
6535991,30,61,2026-08-25
6530688,30,226,2026-08-25
8024412,30,137,2026-08-25
6033998,30,179,2026-08-25
6300421,30,60,2026-08-25
6033977,30,59,2026-08-25
8022194,30,74,2026-08-25
8019532,30,284,2026-08-25
8011531,30,145,2026-08-25
6033970,30,110,2026-08-25
8037812,30,207,2026-08-25
6301167,30,288,2026-08-25
8026925,30,199,2026-08-25
8031969,30,200,2026-08-25
8140747,30,152,2026-08-25
8035673,30,61,2026-08-25
6030332,30,189,2026-08-25
8017174,30,259,2026-08-25
8140745,30,100,2026-08-25
8128359,30,103,2026-08-25
9999686,30,190,2026-08-25
8039775,30,204,2026-08-25
8016217,30,179,2026-08-25
8142595,30,26,2026-08-25
8019529,30,31,2026-08-25
8012483,30,138,2026-08-25
8140749,30,209,2026-08-25
8001092,30,135,2026-08-25
8035705,30,264,2026-08-25
6030341,30,280,2026-08-25
8024507,30,144,2026-08-25
8024486,30,49,2026-08-25
8024487,30,26,2026-08-25
8024488,30,160,2026-08-25
8024489,30,179,2026-08-25
8024490,30,259,2026-08-25
8128370,30,286,2026-08-25
8024491,30,104,2026-08-25
8024492,30,122,2026-08-25
8024494,30,37,2026-08-25
8024495,30,110,2026-08-25
8128371,30,20,2026-08-25
8024496,30,248,2026-08-25
8024497,30,32,2026-08-25
8027642,30,43,2026-08-25
8024498,30,33,2026-08-25
8024499,30,282,2026-08-25
8024500,30,260,2026-08-25
8128372,30,282,2026-08-25
8024501,30,179,2026-08-25
8027644,30,160,2026-08-25
8024502,30,259,2026-08-25
8024503,30,189,2026-08-25
8024504,30,198,2026-08-25
8027645,30,160,2026-08-25
8024505,30,203,2026-08-25
8024506,30,38,2026-08-25
6530615,30,171,2026-08-25
6530616,30,179,2026-08-25
6530640,30,197,2026-08-25
6530614,30,255,2026-08-25
8130588,30,188,2026-08-25
8130590,30,276,2026-08-25
8130591,30,274,2026-08-25
8010825,30,83,2026-08-25
6530617,30,285,2026-08-25
6530619,30,245,2026-08-25
6530620,30,258,2026-08-25
6530621,30,259,2026-08-25
6530611,30,132,2026-08-25
8010826,30,83,2026-08-25
6301405,30,271,2026-08-25
6530623,30,24,2026-08-25
6530622,30,131,2026-08-25
6530624,30,69,2026-08-25
6530625,30,122,2026-08-25
6530626,30,256,2026-08-25
6301404,30,124,2026-08-25
6530627,30,229,2026-08-25
6530628,30,130,2026-08-25
6310152,30,112,2026-08-25
6530629,30,189,2026-08-25
6530630,30,290,2026-08-25
6530631,30,65,2026-08-25
6301406,30,67,2026-08-25
6530613,30,180,2026-08-25
6530633,30,174,2026-08-25
6310160,30,266,2026-08-25
6530634,30,264,2026-08-25
6530635,30,121,2026-08-25
6530636,30,56,2026-08-25
6530760,30,70,2026-08-25
6310151,30,46,2026-08-25
6530637,30,186,2026-08-25
6530638,30,80,2026-08-25
6530639,30,130,2026-08-25
8122450,30,142,2026-08-25
8122451,30,80,2026-08-25
8122452,30,76,2026-08-25
8122449,30,70,2026-08-25
8037813,30,264,2026-08-25
8127469,30,193,2026-08-25
8127464,30,220,2026-08-25
8143733,30,285,2026-08-25
8143735,30,84,2026-08-25
8143734,30,47,2026-08-25
8034841,30,21,2026-08-25
8134093,30,31,2026-08-25
8134283,30,283,2026-08-25
8012479,30,158,2026-08-25
8021391,30,110,2026-08-25
8007701,30,58,2026-08-25
8014890,30,56,2026-08-25
8137396,30,170,2026-08-25
8128368,30,23,2026-08-25
6309986,30,180,2026-08-25
8030928,30,188,2026-08-25
8134280,30,232,2026-08-25
8022195,30,201,2026-08-25
8128365,30,283,2026-08-25
8128367,30,228,2026-08-25
8128362,30,78,2026-08-25
8128364,30,28,2026-08-25
8128366,30,171,2026-08-25
8128363,30,209,2026-08-25
8018415,30,270,2026-08-25
8018416,30,55,2026-08-25
8018417,30,139,2026-08-25
8018418,30,175,2026-08-25
8018420,30,70,2026-08-25
8018421,30,174,2026-08-25
8018422,30,216,2026-08-25
8018423,30,86,2026-08-25
8018424,30,77,2026-08-25
8018425,30,97,2026-08-25
8018427,30,67,2026-08-25
8018428,30,130,2026-08-25
8018451,30,121,2026-08-25
8018452,30,47,2026-08-25
8018453,30,93,2026-08-25
8018454,30,54,2026-08-25
8018455,30,114,2026-08-25
8018456,30,155,2026-08-25
8018457,30,300,2026-08-25
8018458,30,159,2026-08-25
8123371,30,125,2026-08-25
8125155,30,180,2026-08-25
8122447,30,27,2026-08-25
8123368,30,130,2026-08-25
8123373,30,250,2026-08-25
8123375,30,34,2026-08-25
8123873,30,211,2026-08-25
8123369,30,256,2026-08-25
8125156,30,224,2026-08-25
8122464,30,296,2026-08-25
8128360,30,151,2026-08-25
8125157,30,196,2026-08-25
8123377,30,161,2026-08-25
8128369,30,125,2026-08-25
8122446,30,28,2026-08-25
8123370,30,52,2026-08-25
8134092,30,72,2026-08-25
6309989,30,103,2026-08-25
6309991,30,41,2026-08-25
6309988,30,99,2026-08-25
6309990,30,260,2026-08-25
8035698,30,294,2026-08-25
6030326,30,270,2026-08-25
8123372,30,189,2026-08-25
8035687,30,130,2026-08-25
6030325,30,123,2026-08-25
8016219,30,64,2026-08-25
8127335,30,121,2026-08-25
8026959,30,153,2026-08-25
6030338,30,58,2026-08-25
6030337,30,125,2026-08-25
8121605,30,55,2026-08-25
8121604,30,200,2026-08-25
8121606,30,191,2026-08-25
8125158,30,56,2026-08-25
8140750,30,204,2026-08-25
8010320,30,240,2026-08-25
8037363,30,94,2026-08-25
6309999,30,109,2026-08-25
8035053,30,136,2026-08-25
8035678,30,112,2026-08-25
6033987,30,251,2026-08-25
8026284,30,49,2026-08-25
6030330,30,213,2026-08-25
8024166,30,146,2026-08-25
6033989,30,208,2026-08-25
8018293,30,84,2026-08-25
6033991,30,62,2026-08-25
6033993,30,241,2026-08-25
8035083,30,44,2026-08-25
8036926,30,287,2026-08-25
8036928,30,144,2026-08-25
8013345,30,254,2026-08-25
6535989,30,31,2026-08-25
6530689,30,170,2026-08-25
8031644,30,236,2026-08-25
6033997,30,225,2026-08-25
6300422,30,242,2026-08-25
8036267,30,32,2026-08-25
8123374,30,57,2026-08-25
8123872,30,155,2026-08-25
6309998,30,232,2026-08-25
9999453,30,25,2026-08-25
6033976,30,270,2026-08-25
8014103,30,263,2026-08-25
8022193,30,131,2026-08-25
6030049,30,197,2026-08-25
8019531,30,74,2026-08-25
6033969,30,261,2026-08-25
8036930,30,75,2026-08-25
8037811,30,232,2026-08-25
6301166,30,288,2026-08-25
6300146,30,210,2026-08-25
8031968,30,273,2026-08-25
8140746,30,244,2026-08-25
6301165,30,186,2026-08-25
6530690,30,228,2026-08-25
8035695,30,201,2026-08-25
6033996,30,266,2026-08-25
8140744,30,249,2026-08-25
8128361,30,100,2026-08-25
9999685,30,193,2026-08-25
8020897,30,187,2026-08-25
8021390,30,51,2026-08-25
8007457,30,226,2026-08-25
6535990,30,260,2026-08-25
8039774,30,145,2026-08-25
8123376,30,156,2026-08-25
8034108,30,202,2026-08-25
8016216,30,73,2026-08-25
8026599,30,77,2026-08-25
8012482,30,39,2026-08-25
8140748,30,168,2026-08-25
8001091,30,33,2026-08-25
8134091,30,71,2026-08-25
8134090,30,266,2026-08-25
8017171,30,52,2026-08-25
8008159,30,129,2026-08-25
8122448,30,240,2026-08-25
8017170,30,158,2026-08-25
8120178,30,223,2026-08-25
8120177,30,178,2026-08-25
8119412,30,98,2026-08-25
8113987,30,190,2026-08-25
8113988,30,56,2026-08-25
8113984,30,56,2026-08-25
8113986,30,63,2026-08-25
8033357,30,199,2026-08-25
8119411,30,39,2026-08-25
8033355,30,260,2026-08-25
8033356,30,237,2026-08-25
8119408,30,181,2026-08-25
8119407,30,123,2026-08-25
8119406,30,66,2026-08-25
8133098,30,299,2026-08-25
8018498,30,66,2026-08-25
8018499,30,49,2026-08-25
8018497,30,21,2026-08-25
8143367,30,285,2026-08-25
8143361,30,288,2026-08-25
8143352,30,125,2026-08-25
8143362,30,292,2026-08-25
8014301,30,267,2026-08-25
8033670,30,185,2026-08-25
8014300,30,51,2026-08-25
8112048,30,105,2026-08-25
8033669,30,264,2026-08-25
8033668,30,151,2026-08-25
8112047,30,203,2026-08-25
8112051,30,128,2026-08-25
8112049,30,209,2026-08-25
8112050,30,41,2026-08-25
8033667,30,296,2026-08-25
8033666,30,289,2026-08-25
8133333,30,28,2026-08-25
8033661,30,248,2026-08-25
8014303,30,24,2026-08-25
8033662,30,110,2026-08-25
8033676,30,197,2026-08-25
8033674,30,157,2026-08-25
8033675,30,135,2026-08-25
8014302,30,127,2026-08-25
8033673,30,204,2026-08-25
8033671,30,94,2026-08-25
8033672,30,131,2026-08-25
8133335,30,300,2026-08-25
8133331,30,189,2026-08-25
8133329,30,68,2026-08-25
8112052,30,182,2026-08-25
8033677,30,84,2026-08-25
8016857,30,287,2026-08-25
8016858,30,53,2026-08-25
8016856,30,37,2026-08-25
8016859,30,22,2026-08-25
8132405,30,102,2026-08-25
8134079,30,70,2026-08-25
8013123,30,229,2026-08-25
8024282,30,224,2026-08-25
8134080,30,152,2026-08-25
8008144,30,97,2026-08-25
8021382,30,141,2026-08-25
8138119,30,297,2026-08-25
8138117,30,133,2026-08-25
8043048,30,268,2026-08-25
8043049,30,194,2026-08-25
8043047,30,108,2026-08-25
8017014,30,94,2026-08-25
8140350,30,185,2026-08-25
8122895,30,180,2026-08-25
8140351,30,132,2026-08-25
8122896,30,73,2026-08-25
8129609,30,37,2026-08-25
8110721,30,197,2026-08-25
8110720,30,273,2026-08-25
8133849,30,158,2026-08-25
8110723,30,128,2026-08-25
8110722,30,113,2026-08-25
8110719,30,277,2026-08-25
8110718,30,56,2026-08-25
8128954,30,79,2026-08-25
8120825,30,63,2026-08-25
8141963,30,143,2026-08-25
8007763,30,195,2026-08-25
8042711,30,40,2026-08-25
8043535,30,257,2026-08-25
8043536,30,22,2026-08-25
8012636,30,76,2026-08-25
8138339,30,155,2026-08-25
8025882,30,74,2026-08-25
8020810,30,293,2026-08-25
8002304,30,220,2026-08-25
8014836,30,43,2026-08-25
8022485,30,127,2026-08-25
8022484,30,178,2026-08-25
8023845,30,33,2026-08-25
8034180,30,105,2026-08-25
8018566,30,244,2026-08-25
8122236,30,211,2026-08-25
8137381,30,106,2026-08-25
8002363,30,157,2026-08-25
8002362,30,45,2026-08-25
8002361,30,182,2026-08-25
8002364,30,145,2026-08-25
8011946,30,174,2026-08-25
8002384,30,87,2026-08-25
8025509,30,44,2026-08-25
8007444,30,23,2026-08-25
8007443,30,149,2026-08-25
8007442,30,26,2026-08-25
8007445,30,133,2026-08-25
8031928,30,272,2026-08-25
8017663,30,193,2026-08-25
8031929,30,158,2026-08-25
8137370,30,224,2026-08-25
8137369,30,98,2026-08-25
8137368,30,243,2026-08-25
8137371,30,232,2026-08-25
8137384,30,205,2026-08-25
8011947,30,259,2026-08-25
8011948,30,75,2026-08-25
8002386,30,46,2026-08-25
8002306,30,262,2026-08-25
8002387,30,37,2026-08-25
8002308,30,179,2026-08-25
8002307,30,60,2026-08-25
8026847,30,292,2026-08-25
8020811,30,86,2026-08-25
8137387,30,30,2026-08-25
8137386,30,87,2026-08-25
8011940,30,93,2026-08-25
8011941,30,69,2026-08-25
8011942,30,294,2026-08-25
8020531,30,186,2026-08-25
8017666,30,42,2026-08-25
8022630,30,163,2026-08-25
8007435,30,206,2026-08-25
8007434,30,289,2026-08-25
8007433,30,192,2026-08-25
8007436,30,278,2026-08-25
8007437,30,73,2026-08-25
8031141,30,20,2026-08-25
8031289,30,248,2026-08-25
8031142,30,112,2026-08-25
8012289,30,205,2026-08-25
8012288,30,210,2026-08-25
8030080,30,170,2026-08-25
8019894,30,214,2026-08-25
8030081,30,242,2026-08-25
8011957,30,101,2026-08-25
8005530,30,229,2026-08-25
8005529,30,44,2026-08-25
8005528,30,76,2026-08-25
8005531,30,95,2026-08-25
8005532,30,118,2026-08-25
8005535,30,59,2026-08-25
8005534,30,130,2026-08-25
8005533,30,273,2026-08-25
8005536,30,294,2026-08-25
8005537,30,274,2026-08-25
8029932,30,32,2026-08-25
8018735,30,28,2026-08-25
8030975,30,240,2026-08-25
8030974,30,177,2026-08-25
8017664,30,117,2026-08-25
8019342,30,29,2026-08-25
8020775,30,223,2026-08-25
8020774,30,89,2026-08-25
8005434,30,248,2026-08-25
8005433,30,286,2026-08-25
8005432,30,295,2026-08-25
8005435,30,102,2026-08-25
8002385,30,106,2026-08-25
8005438,30,53,2026-08-25
8005437,30,139,2026-08-25
8005436,30,55,2026-08-25
8005439,30,103,2026-08-25
8005440,30,287,2026-08-25
8005424,30,261,2026-08-25
8005423,30,79,2026-08-25
8005422,30,89,2026-08-25
8005425,30,166,2026-08-25
8005426,30,263,2026-08-25
8005429,30,57,2026-08-25
8005428,30,148,2026-08-25
8005427,30,106,2026-08-25
8005430,30,174,2026-08-25
8005431,30,273,2026-08-25
8124753,30,296,2026-08-25
8124752,30,271,2026-08-25
8011943,30,56,2026-08-25
9931770,30,23,2026-08-25
9931769,30,216,2026-08-25
8012035,30,30,2026-08-25
9931771,30,155,2026-08-25
9931772,30,144,2026-08-25
8005451,30,162,2026-08-25
8015851,30,133,2026-08-25
8005452,30,52,2026-08-25
8038643,30,123,2026-08-25
8038646,30,292,2026-08-25
8038647,30,144,2026-08-25
8038648,30,176,2026-08-25
8020864,30,22,2026-08-25
8011955,30,228,2026-08-25
8011956,30,45,2026-08-25
8138865,30,250,2026-08-25
8007280,30,226,2026-08-25
8007278,30,277,2026-08-25
8025530,30,53,2026-08-25
8013453,30,162,2026-08-25
8029475,30,59,2026-08-25
8124302,30,188,2026-08-25
8124303,30,281,2026-08-25
8124301,30,185,2026-08-25
8130038,30,257,2026-08-25
8008833,30,175,2026-08-25
8023028,30,256,2026-08-25
8009075,30,44,2026-08-25
8031537,30,274,2026-08-25
8031388,30,284,2026-08-25
8031389,30,139,2026-08-25
8009074,30,131,2026-08-25
8017480,30,186,2026-08-25
8035732,30,260,2026-08-25
8029937,30,136,2026-08-25
8005467,30,270,2026-08-25
8005466,30,177,2026-08-25
8005465,30,27,2026-08-25
8038642,30,200,2026-08-25
8038641,30,32,2026-08-25
8038640,30,38,2026-08-25
8002374,30,44,2026-08-25
8011949,30,66,2026-08-25
8002376,30,61,2026-08-25
8019292,30,224,2026-08-25
8011950,30,107,2026-08-25
8011951,30,48,2026-08-25
8005450,30,36,2026-08-25
8005449,30,251,2026-08-25
8005448,30,219,2026-08-25
8007448,30,111,2026-08-25
8007447,30,97,2026-08-25
8007446,30,116,2026-08-25
8007449,30,148,2026-08-25
8002393,30,227,2026-08-25
8007450,30,136,2026-08-25
8002388,30,248,2026-08-25
8005447,30,252,2026-08-25
8005446,30,204,2026-08-25
8005445,30,174,2026-08-25
8011983,30,222,2026-08-25
8137380,30,269,2026-08-25
8137379,30,154,2026-08-25
8137378,30,298,2026-08-25
8137377,30,205,2026-08-25
8137376,30,262,2026-08-25
8137374,30,169,2026-08-25
8137385,30,102,2026-08-25
8038638,30,271,2026-08-25
8021220,30,243,2026-08-25
8038637,30,175,2026-08-25
8038639,30,38,2026-08-25
8005411,30,159,2026-08-25
8005410,30,169,2026-08-25
8005409,30,78,2026-08-25
8005412,30,256,2026-08-25
8005420,30,243,2026-08-25
8005419,30,264,2026-08-25
8005418,30,296,2026-08-25
8005421,30,289,2026-08-25
8029949,30,82,2026-08-25
8038650,30,265,2026-08-25
8038653,30,211,2026-08-25
8009052,30,158,2026-08-25
8009053,30,227,2026-08-25
8005462,30,78,2026-08-25
8005461,30,232,2026-08-25
8005460,30,60,2026-08-25
8005463,30,131,2026-08-25
8005464,30,80,2026-08-25
8005415,30,223,2026-08-25
8005414,30,110,2026-08-25
8005413,30,154,2026-08-25
8005470,30,296,2026-08-25
8005417,30,288,2026-08-25
8007430,30,216,2026-08-25
8007429,30,130,2026-08-25
8007428,30,155,2026-08-25
8007431,30,165,2026-08-25
8007432,30,88,2026-08-25
8017665,30,68,2026-08-25
8019268,30,77,2026-08-25
8020530,30,84,2026-08-25
8018903,30,241,2026-08-25
8021264,30,51,2026-08-25
8002310,30,23,2026-08-25
8002309,30,159,2026-08-25
8005408,30,223,2026-08-25
8002311,30,88,2026-08-25
8014658,30,237,2026-08-25
8137346,30,63,2026-08-25
8137345,30,119,2026-08-25
8137344,30,48,2026-08-25
8137347,30,86,2026-08-25
8025529,30,74,2026-08-25
8137523,30,90,2026-08-25
8024363,30,30,2026-08-25
8137524,30,94,2026-08-25
8005457,30,211,2026-08-25
8005456,30,295,2026-08-25
8005455,30,185,2026-08-25
8005458,30,33,2026-08-25
8005459,30,221,2026-08-25
8140082,30,241,2026-08-25
8137382,30,34,2026-08-25
8034182,30,269,2026-08-25
8038634,30,275,2026-08-25
8038633,30,64,2026-08-25
8038636,30,105,2026-08-25
8037511,30,140,2026-08-25
8005454,30,264,2026-08-25
8002322,30,150,2026-08-25
8002321,30,169,2026-08-25
8005416,30,50,2026-08-25
8002325,30,183,2026-08-25
8024267,30,253,2026-08-25
8017660,30,260,2026-08-25
8015554,30,201,2026-08-25
8015553,30,235,2026-08-25
8015552,30,183,2026-08-25
8007534,30,124,2026-08-25
8009054,30,237,2026-08-25
8021533,30,39,2026-08-25
8030743,30,236,2026-08-25
8027939,30,186,2026-08-25
8021534,30,196,2026-08-25
8021012,30,63,2026-08-25
8002359,30,248,2026-08-25
8002358,30,116,2026-08-25
8012629,30,116,2026-08-25
8012630,30,134,2026-08-25
8012631,30,86,2026-08-25
8007440,30,98,2026-08-25
8007439,30,117,2026-08-25
8007438,30,193,2026-08-25
8007441,30,91,2026-08-25
8030082,30,267,2026-08-25
8002351,30,188,2026-08-25
8005538,30,291,2026-08-25
8002349,30,237,2026-08-25
8002352,30,144,2026-08-25
8137366,30,235,2026-08-25
8137365,30,72,2026-08-25
8137364,30,188,2026-08-25
8137367,30,56,2026-08-25
8137355,30,286,2026-08-25
8137352,30,251,2026-08-25
8137350,30,235,2026-08-25
8137358,30,213,2026-08-25
8137383,30,263,2026-08-25
8005443,30,240,2026-08-25
8005442,30,26,2026-08-25
8002353,30,249,2026-08-25
8005444,30,34,2026-08-25
8009639,30,166,2026-08-25
8009055,30,98,2026-08-25
8009056,30,226,2026-08-25
8009057,30,145,2026-08-25
8042005,30,145,2026-08-25
8042004,30,29,2026-08-25
9999514,30,155,2026-08-25
9999513,30,100,2026-08-25
8121356,30,72,2026-08-25
8113600,30,88,2026-08-25
8113601,30,184,2026-08-25
8021488,30,152,2026-08-25
8021633,30,89,2026-08-25
8025098,30,138,2026-08-25
8025099,30,170,2026-08-25
8025097,30,88,2026-08-25
8020901,30,233,2026-08-25
8020902,30,71,2026-08-25
8019588,30,294,2026-08-25
8121997,30,102,2026-08-25
8022336,30,72,2026-08-25
8019589,30,275,2026-08-25
8121998,30,262,2026-08-25
8022338,30,246,2026-08-25
8035508,30,269,2026-08-25
8143803,30,142,2026-08-25
8136905,30,57,2026-08-25
8137606,30,197,2026-08-25
8137607,30,147,2026-08-25
8141689,30,295,2026-08-25
8142399,30,195,2026-08-25
8142400,30,299,2026-08-25
8142401,30,264,2026-08-25
8026986,30,103,2026-08-25
8023308,30,208,2026-08-25
8143798,30,218,2026-08-25
8029084,30,274,2026-08-25
8027889,30,229,2026-08-25
8143816,30,268,2026-08-25
8135026,30,92,2026-08-25
8135024,30,25,2026-08-25
8135028,30,154,2026-08-25
8135030,30,253,2026-08-25
8142412,30,64,2026-08-25
8142404,30,231,2026-08-25
8137208,30,134,2026-08-25
8141190,30,118,2026-08-25
8136906,30,269,2026-08-25
8034574,30,192,2026-08-25
8034269,30,154,2026-08-25
8142407,30,68,2026-08-25
8116211,30,77,2026-08-25
8037564,30,183,2026-08-25
8143797,30,94,2026-08-25
8143795,30,115,2026-08-25
8143818,30,156,2026-08-25
8143817,30,162,2026-08-25
8029085,30,131,2026-08-25
8027890,30,145,2026-08-25
8031522,30,221,2026-08-25
8031683,30,276,2026-08-25
8143810,30,251,2026-08-25
8133651,30,227,2026-08-25
8141187,30,93,2026-08-25
8142405,30,155,2026-08-25
8116210,30,185,2026-08-25
8030052,30,217,2026-08-25
8030053,30,293,2026-08-25
8142406,30,86,2026-08-25
8116212,30,296,2026-08-25
8032716,30,216,2026-08-25
8141188,30,265,2026-08-25
8143809,30,237,2026-08-25
8136901,30,246,2026-08-25
8040068,30,265,2026-08-25
8040069,30,228,2026-08-25
8143811,30,143,2026-08-25
8133652,30,263,2026-08-25
8142402,30,181,2026-08-25
8142403,30,280,2026-08-25
8026987,30,72,2026-08-25
8023311,30,203,2026-08-25
8143799,30,235,2026-08-25
8133649,30,284,2026-08-25
8126401,30,298,2026-08-25
8143801,30,293,2026-08-25
8118742,30,226,2026-08-25
8143804,30,258,2026-08-25
8123698,30,237,2026-08-25
8123699,30,154,2026-08-25
8143800,30,41,2026-08-25
8133650,30,204,2026-08-25
8021585,30,36,2026-08-25
8121999,30,170,2026-08-25
8021584,30,187,2026-08-25
8122163,30,234,2026-08-25
8136175,30,134,2026-08-25
8143796,30,179,2026-08-25
8143808,30,49,2026-08-25
8117485,30,255,2026-08-25
8128262,30,137,2026-08-25
8117483,30,203,2026-08-25
8117484,30,297,2026-08-25
8017164,30,208,2026-08-25
8132639,30,268,2026-08-25
8126180,30,120,2026-08-25
8021641,30,244,2026-08-25
8021642,30,126,2026-08-25
8043712,30,264,2026-08-25
8009468,30,283,2026-08-25
8135603,30,212,2026-08-25
8135604,30,200,2026-08-25
8022015,30,135,2026-08-25
8043703,30,190,2026-08-25
8013349,30,78,2026-08-25
8043707,30,158,2026-08-25
8009463,30,238,2026-08-25
8009465,30,48,2026-08-25
8043705,30,24,2026-08-25
8034278,30,146,2026-08-25
8043709,30,210,2026-08-25
8009467,30,216,2026-08-25
8135601,30,73,2026-08-25
8135602,30,236,2026-08-25
8043699,30,88,2026-08-25
8043701,30,21,2026-08-25
8043698,30,103,2026-08-25
8013348,30,192,2026-08-25
8009462,30,271,2026-08-25
8009464,30,177,2026-08-25
8043700,30,274,2026-08-25
8009466,30,213,2026-08-25
8043702,30,248,2026-08-25
8013347,30,265,2026-08-25
8013346,30,174,2026-08-25
8009461,30,52,2026-08-25
8009460,30,219,2026-08-25
8039852,30,252,2026-08-25
8039853,30,73,2026-08-25
8041660,30,95,2026-08-25
8120848,30,234,2026-08-25
9994732,30,254,2026-08-25
8000151,30,285,2026-08-25
8027769,30,67,2026-08-25
8027768,30,202,2026-08-25
8027764,30,36,2026-08-25
8027758,30,154,2026-08-25
8142514,30,148,2026-08-25
8027766,30,262,2026-08-25
8136584,30,184,2026-08-25
8142515,30,273,2026-08-25
8136585,30,139,2026-08-25
8027770,30,113,2026-08-25
8128258,30,197,2026-08-25
8140437,30,209,2026-08-25
8120074,30,208,2026-08-25
8120082,30,64,2026-08-25
8130087,30,253,2026-08-25
8126396,30,43,2026-08-25
8136129,30,30,2026-08-25
8141104,30,89,2026-08-25
8136128,30,64,2026-08-25
8120081,30,109,2026-08-25
8120083,30,256,2026-08-25
8128259,30,22,2026-08-25
8120077,30,212,2026-08-25
8120080,30,61,2026-08-25
8120078,30,201,2026-08-25
8120088,30,133,2026-08-25
8120085,30,118,2026-08-25
8120087,30,49,2026-08-25
8135260,30,269,2026-08-25
8138572,30,93,2026-08-25
8138573,30,272,2026-08-25
8135268,30,300,2026-08-25
8135269,30,221,2026-08-25
8130581,30,188,2026-08-25
8130454,30,256,2026-08-25
8135669,30,236,2026-08-25
8142029,30,183,2026-08-25
8134037,30,132,2026-08-25
8132448,30,203,2026-08-25
8128952,30,165,2026-08-25
8011934,30,143,2026-08-25
8024814,30,255,2026-08-25
8115510,30,290,2026-08-25
8115509,30,204,2026-08-25
8026932,30,141,2026-08-25
8004647,30,249,2026-08-25
8009633,30,116,2026-08-25
8004648,30,215,2026-08-25
8128950,30,270,2026-08-25
8134878,30,157,2026-08-25
8134877,30,272,2026-08-25
8001404,30,48,2026-08-25
8032497,30,20,2026-08-25
8140685,30,254,2026-08-25
8001405,30,79,2026-08-25
8032498,30,75,2026-08-25
8141109,30,27,2026-08-25
8001406,30,110,2026-08-25
8034496,30,239,2026-08-25
8136715,30,63,2026-08-25
8136713,30,76,2026-08-25
8136711,30,191,2026-08-25
8136710,30,129,2026-08-25
8009653,30,223,2026-08-25
8009650,30,231,2026-08-25
8132449,30,114,2026-08-25
8019741,30,214,2026-08-25
8128953,30,260,2026-08-25
8037977,30,132,2026-08-25
8128077,30,144,2026-08-25
6310071,30,95,2026-08-25
8008912,30,281,2026-08-25
8128949,30,115,2026-08-25
8115512,30,104,2026-08-25
8109549,30,271,2026-08-25
8109550,30,290,2026-08-25
8009656,30,240,2026-08-25
8032496,30,280,2026-08-25
8142028,30,285,2026-08-25
8122604,30,178,2026-08-25
8122605,30,271,2026-08-25
8037954,30,97,2026-08-25
8014110,30,166,2026-08-25
9999363,30,277,2026-08-25
8141794,30,149,2026-08-25
8135626,30,30,2026-08-25
8135608,30,284,2026-08-25
8117959,30,37,2026-08-25
8110749,30,254,2026-08-25
8110750,30,68,2026-08-25
8140115,30,205,2026-08-25
8142371,30,47,2026-08-25
8142368,30,46,2026-08-25
8142372,30,143,2026-08-25
8142369,30,235,2026-08-25
8129530,30,183,2026-08-25
8122499,30,73,2026-08-25
8126989,30,171,2026-08-25
8122498,30,229,2026-08-25
8122497,30,24,2026-08-25
8040744,30,261,2026-08-25
8022402,30,195,2026-08-25
8019936,30,73,2026-08-25
8022615,30,198,2026-08-25
8139414,30,215,2026-08-25
8124162,30,166,2026-08-25
8139413,30,280,2026-08-25
8124163,30,138,2026-08-25
8134600,30,36,2026-08-25
8130972,30,282,2026-08-25
8134828,30,20,2026-08-25
8111030,30,166,2026-08-25
8136767,30,160,2026-08-25
8142486,30,191,2026-08-25
8134601,30,291,2026-08-25
8124925,30,262,2026-08-25
8030110,30,246,2026-08-25
8142487,30,164,2026-08-25
8116968,30,213,2026-08-25
8140643,30,82,2026-08-25
8140642,30,88,2026-08-25
8140641,30,121,2026-08-25
8140640,30,22,2026-08-25
8123307,30,222,2026-08-25
8123309,30,146,2026-08-25
8123308,30,264,2026-08-25
8142488,30,220,2026-08-25
8025561,30,226,2026-08-25
8028070,30,207,2026-08-25
8019524,30,237,2026-08-25
6310878,30,140,2026-08-25
8041570,30,254,2026-08-25
8016749,30,250,2026-08-25
8005300,30,242,2026-08-25
8034472,30,175,2026-08-25
6310057,30,253,2026-08-25
6310063,30,185,2026-08-25
8041018,30,129,2026-08-25
8034178,30,220,2026-08-25
8034177,30,260,2026-08-25
6310058,30,277,2026-08-25
8038823,30,226,2026-08-25
6310059,30,210,2026-08-25
6310060,30,53,2026-08-25
8018450,30,100,2026-08-25
8038824,30,45,2026-08-25
8037598,30,28,2026-08-25
8034179,30,276,2026-08-25
8016750,30,205,2026-08-25
8024369,30,190,2026-08-25
8024370,30,293,2026-08-25
8019120,30,300,2026-08-25
8137290,30,155,2026-08-25
8033416,30,254,2026-08-25
8033417,30,176,2026-08-25
8140308,30,48,2026-08-25
8140306,30,150,2026-08-25
8140309,30,31,2026-08-25
8140310,30,91,2026-08-25
8140317,30,274,2026-08-25
8140304,30,95,2026-08-25
8140305,30,240,2026-08-25
8140313,30,32,2026-08-25
8140311,30,40,2026-08-25
8140315,30,298,2026-08-25
8140316,30,36,2026-08-25
8140303,30,41,2026-08-25
8140302,30,80,2026-08-25
8140300,30,286,2026-08-25
8121599,30,174,2026-08-25
8135115,30,109,2026-08-25
8135117,30,138,2026-08-25
8135116,30,94,2026-08-25
8007696,30,22,2026-08-25
8004445,30,85,2026-08-25
8004446,30,91,2026-08-25
8017249,30,249,2026-08-25
8004448,30,70,2026-08-25
8005120,30,89,2026-08-25
8140322,30,199,2026-08-25
8140324,30,113,2026-08-25
8140323,30,266,2026-08-25
8142311,30,145,2026-08-25
8142309,30,89,2026-08-25
8142310,30,80,2026-08-25
8128101,30,131,2026-08-25
11145,30,189,2026-08-25
8116829,30,200,2026-08-25
8139940,30,264,2026-08-25
8016741,30,203,2026-08-25
8016740,30,25,2026-08-25
8017695,30,41,2026-08-25
8016699,30,235,2026-08-25
6030887,30,157,2026-08-25
8027210,30,160,2026-08-25
8014430,30,192,2026-08-25
8027211,30,184,2026-08-25
8027209,30,192,2026-08-25
6030888,30,243,2026-08-25
8014432,30,245,2026-08-25
8027212,30,276,2026-08-25
8139019,30,168,2026-08-25
8022229,30,236,2026-08-25
8119823,30,251,2026-08-25
8119824,30,295,2026-08-25
8119822,30,213,2026-08-25
8128764,30,61,2026-08-25
8128763,30,224,2026-08-25
8022651,30,41,2026-08-25
8014433,30,93,2026-08-25
8021672,30,215,2026-08-25
8021410,30,164,2026-08-25
6032693,30,23,2026-08-25
8021730,30,155,2026-08-25
8021482,30,236,2026-08-25
8021483,30,152,2026-08-25
8021681,30,249,2026-08-25
8021426,30,288,2026-08-25
8021422,30,38,2026-08-25
8021430,30,51,2026-08-25
8021423,30,87,2026-08-25
8021425,30,262,2026-08-25
8021486,30,58,2026-08-25
8021705,30,208,2026-08-25
8021440,30,47,2026-08-25
8029019,30,203,2026-08-25
8021684,30,110,2026-08-25
8021443,30,204,2026-08-25
8021704,30,270,2026-08-25
8021429,30,113,2026-08-25
8021427,30,239,2026-08-25
8021428,30,277,2026-08-25
8021658,30,168,2026-08-25
8021420,30,164,2026-08-25
8021703,30,178,2026-08-25
8021702,30,228,2026-08-25
8021424,30,34,2026-08-25
8021409,30,102,2026-08-25
8021417,30,231,2026-08-25
8021416,30,134,2026-08-25
8021419,30,148,2026-08-25
8021701,30,270,2026-08-25
8021414,30,290,2026-08-25
8021413,30,149,2026-08-25
8021439,30,292,2026-08-25
8027358,30,176,2026-08-25
8037803,30,299,2026-08-25
8000089,30,34,2026-08-25
8135788,30,232,2026-08-25
8131369,30,38,2026-08-25
8000086,30,222,2026-08-25
8002249,30,31,2026-08-25
8142784,30,203,2026-08-25
8017345,30,288,2026-08-25
8129173,30,200,2026-08-25
8126169,30,160,2026-08-25
8034749,30,277,2026-08-25
8129168,30,166,2026-08-25
8137514,30,226,2026-08-25
6034306,30,143,2026-08-25
8115663,30,73,2026-08-25
6300426,30,39,2026-08-25
8129175,30,195,2026-08-25
6300425,30,208,2026-08-25
8001130,30,173,2026-08-25
8134910,30,249,2026-08-25
8123484,30,262,2026-08-25
8027312,30,162,2026-08-25
8007364,30,95,2026-08-25
8123482,30,122,2026-08-25
8037805,30,21,2026-08-25
8141731,30,73,2026-08-25
8000090,30,287,2026-08-25
8123442,30,234,2026-08-25
8126174,30,281,2026-08-25
8126173,30,45,2026-08-25
8034750,30,41,2026-08-25
8141730,30,38,2026-08-25
6310706,30,93,2026-08-25
8042106,30,82,2026-08-25
8141732,30,210,2026-08-25
8133423,30,112,2026-08-25
8017347,30,87,2026-08-25
8002241,30,207,2026-08-25
8043423,30,203,2026-08-25
9999510,30,233,2026-08-25
8002237,30,164,2026-08-25
8137515,30,280,2026-08-25
6034311,30,269,2026-08-25
8027359,30,194,2026-08-25
8135789,30,116,2026-08-25
8126176,30,72,2026-08-25
8129176,30,80,2026-08-25
8017346,30,79,2026-08-25
8034751,30,51,2026-08-25
8035542,30,60,2026-08-25
8123483,30,200,2026-08-25
8141729,30,190,2026-08-25
8134908,30,208,2026-08-25
8016920,30,208,2026-08-25
8126175,30,167,2026-08-25
6034309,30,107,2026-08-25
8134909,30,153,2026-08-25
8027357,30,101,2026-08-25
8037804,30,179,2026-08-25
8123383,30,54,2026-08-25
8000088,30,214,2026-08-25
6034313,30,127,2026-08-25
8135787,30,112,2026-08-25
8131368,30,193,2026-08-25
8041321,30,170,2026-08-25
6533221,30,238,2026-08-25
6034110,30,230,2026-08-25
9999508,30,166,2026-08-25
8142783,30,261,2026-08-25
8001131,30,39,2026-08-25
8000099,30,89,2026-08-25
8017344,30,127,2026-08-25
8032012,30,40,2026-08-25
8129172,30,53,2026-08-25
8126167,30,78,2026-08-25
8126168,30,157,2026-08-25
8034748,30,23,2026-08-25
8010269,30,207,2026-08-25
6030746,30,125,2026-08-25
6030739,30,234,2026-08-25
8129171,30,299,2026-08-25
6530745,30,59,2026-08-25
8129167,30,273,2026-08-25
8129169,30,246,2026-08-25
8137513,30,221,2026-08-25
8007938,30,278,2026-08-25
8129170,30,221,2026-08-25
6034300,30,152,2026-08-25
9999598,30,99,2026-08-25
8115661,30,24,2026-08-25
8035543,30,135,2026-08-25
6300420,30,186,2026-08-25
8129174,30,140,2026-08-25
8043422,30,300,2026-08-25
8023857,30,194,2026-08-25
8023877,30,164,2026-08-25
8023878,30,236,2026-08-25
8124671,30,194,2026-08-25
8023858,30,283,2026-08-25
8023859,30,235,2026-08-25
8023860,30,283,2026-08-25
8023861,30,60,2026-08-25
8023879,30,50,2026-08-25
8023862,30,292,2026-08-25
8023863,30,80,2026-08-25
8023864,30,290,2026-08-25
8023880,30,275,2026-08-25
8023865,30,112,2026-08-25
8023866,30,273,2026-08-25
8023867,30,80,2026-08-25
8023868,30,299,2026-08-25
8023869,30,289,2026-08-25
8023870,30,204,2026-08-25
8023871,30,80,2026-08-25
8023872,30,249,2026-08-25
8023873,30,226,2026-08-25
8023874,30,121,2026-08-25
8023875,30,32,2026-08-25
8023876,30,77,2026-08-25
8136822,30,263,2026-08-25
8136823,30,225,2026-08-25
8136821,30,107,2026-08-25
8136832,30,91,2026-08-25
8136833,30,236,2026-08-25
8136831,30,140,2026-08-25
8136820,30,300,2026-08-25
8136819,30,21,2026-08-25
8140131,30,215,2026-08-25
8138132,30,169,2026-08-25
8138131,30,136,2026-08-25
8121173,30,100,2026-08-25
8121171,30,33,2026-08-25
8140602,30,213,2026-08-25
8121172,30,142,2026-08-25
8121170,30,251,2026-08-25
8140601,30,23,2026-08-25
8114590,30,174,2026-08-25
6034503,30,39,2026-08-25
8014088,30,236,2026-08-25
8022243,30,110,2026-08-25
8022244,30,46,2026-08-25
8022245,30,206,2026-08-25
8022246,30,275,2026-08-25
8005571,30,141,2026-08-25
6310403,30,247,2026-08-25
6310402,30,256,2026-08-25
6300174,30,139,2026-08-25
8008436,30,72,2026-08-25
8020202,30,50,2026-08-25
8135660,30,208,2026-08-25
8127875,30,121,2026-08-25
8134348,30,125,2026-08-25
8135661,30,237,2026-08-25
8122926,30,64,2026-08-25
8016031,30,56,2026-08-25
8118790,30,20,2026-08-25
8141292,30,67,2026-08-25
8118788,30,84,2026-08-25
8118789,30,34,2026-08-25
8143101,30,207,2026-08-25
8141291,30,175,2026-08-25
8139513,30,285,2026-08-25
8141293,30,273,2026-08-25
8139511,30,74,2026-08-25
8139512,30,68,2026-08-25
8143102,30,98,2026-08-25
8013451,30,153,2026-08-25
8013452,30,278,2026-08-25
8143100,30,170,2026-08-25
8032616,30,64,2026-08-25
8029972,30,217,2026-08-25
8029914,30,127,2026-08-25
8134739,30,219,2026-08-25
8030973,30,28,2026-08-25
8030846,30,299,2026-08-25
8042602,30,170,2026-08-25
8111840,30,107,2026-08-25
8021717,30,158,2026-08-25
8022511,30,155,2026-08-25
8021629,30,102,2026-08-25
8021711,30,163,2026-08-25
8125361,30,240,2026-08-25
8110877,30,228,2026-08-25
8138739,30,201,2026-08-25
8041567,30,116,2026-08-25
8127124,30,135,2026-08-25
8141058,30,173,2026-08-25
8127126,30,146,2026-08-25
8140827,30,267,2026-08-25
8126397,30,23,2026-08-25
8143079,30,38,2026-08-25
8126859,30,181,2026-08-25
8033344,30,218,2026-08-25
8033343,30,39,2026-08-25
8130009,30,175,2026-08-25
8037969,30,170,2026-08-25
8035153,30,143,2026-08-25
8114588,30,92,2026-08-25
8111896,30,282,2026-08-25
8126280,30,111,2026-08-25
8039411,30,88,2026-08-25
8033345,30,25,2026-08-25
8042641,30,269,2026-08-25
8037970,30,276,2026-08-25
8142444,30,231,2026-08-25
8135059,30,66,2026-08-25
8130539,30,201,2026-08-25
8126950,30,247,2026-08-25
8130540,30,209,2026-08-25
8130541,30,224,2026-08-25
8132208,30,59,2026-08-25
8126279,30,122,2026-08-25
8121079,30,144,2026-08-25
8135058,30,96,2026-08-25
8134557,30,269,2026-08-25
8138207,30,138,2026-08-25
8118717,30,25,2026-08-25
8118718,30,57,2026-08-25
8129477,30,150,2026-08-25
8118716,30,217,2026-08-25
8037784,30,231,2026-08-25
8119441,30,177,2026-08-25
8120033,30,237,2026-08-25
8142180,30,77,2026-08-25
8126281,30,72,2026-08-25
8141207,30,250,2026-08-25
8140118,30,289,2026-08-25
8140153,30,38,2026-08-25
8126976,30,70,2026-08-25
8024283,30,42,2026-08-25
8110458,30,187,2026-08-25
8014976,30,199,2026-08-25
8009984,30,92,2026-08-25
8008143,30,128,2026-08-25
8022641,30,47,2026-08-25
8118741,30,37,2026-08-25
8039562,30,63,2026-08-25
8120756,30,53,2026-08-25
8120399,30,187,2026-08-25
8039539,30,84,2026-08-25
8130221,30,215,2026-08-25
8021874,30,51,2026-08-25
8128079,30,104,2026-08-25
8114022,30,213,2026-08-25
8026894,30,230,2026-08-25
8142176,30,261,2026-08-25
8125583,30,208,2026-08-25
8036413,30,209,2026-08-25
8134568,30,159,2026-08-25
8109483,30,299,2026-08-25
8109484,30,61,2026-08-25
8120449,30,183,2026-08-25
8120758,30,115,2026-08-25
8137255,30,143,2026-08-25
8031204,30,140,2026-08-25
8109475,30,137,2026-08-25
8142586,30,58,2026-08-25
8117977,30,160,2026-08-25
8113299,30,257,2026-08-25
8127427,30,246,2026-08-25
8021876,30,101,2026-08-25
8026897,30,125,2026-08-25
8033269,30,298,2026-08-25
8141168,30,260,2026-08-25
8137256,30,98,2026-08-25
8136589,30,189,2026-08-25
8040817,30,94,2026-08-25
8021877,30,127,2026-08-25
8021879,30,75,2026-08-25
8117675,30,275,2026-08-25
8142175,30,133,2026-08-25
8117139,30,63,2026-08-25
8021880,30,71,2026-08-25
8022613,30,292,2026-08-25
8117138,30,289,2026-08-25
8031086,30,142,2026-08-25
8138833,30,187,2026-08-25
8126585,30,294,2026-08-25
8120532,30,201,2026-08-25
8134602,30,155,2026-08-25
8120533,30,53,2026-08-25
8111407,30,183,2026-08-25
8111031,30,219,2026-08-25
8120757,30,132,2026-08-25
8026900,30,280,2026-08-25
8142177,30,226,2026-08-25
8142731,30,57,2026-08-25
8143556,30,73,2026-08-25
8143103,30,176,2026-08-25
8040547,30,166,2026-08-25
8040548,30,269,2026-08-25
8040545,30,230,2026-08-25
8040546,30,236,2026-08-25
8039854,30,240,2026-08-25
8120846,30,98,2026-08-25
8136035,30,64,2026-08-25
8043056,30,49,2026-08-25
8043055,30,67,2026-08-25
8043054,30,138,2026-08-25
8138209,30,278,2026-08-25
8121257,30,136,2026-08-25
8121263,30,206,2026-08-25
8137611,30,48,2026-08-25
8121258,30,198,2026-08-25
8121262,30,25,2026-08-25
8135916,30,202,2026-08-25
8121254,30,275,2026-08-25
8138208,30,59,2026-08-25
8135917,30,69,2026-08-25
8137610,30,87,2026-08-25
8121259,30,158,2026-08-25
8135918,30,187,2026-08-25
8121253,30,73,2026-08-25
8121252,30,124,2026-08-25
8136654,30,127,2026-08-25
8137609,30,194,2026-08-25
8121261,30,195,2026-08-25
8135919,30,33,2026-08-25
8142671,30,245,2026-08-25
8141323,30,157,2026-08-25
8137612,30,99,2026-08-25
8121255,30,153,2026-08-25
8121256,30,32,2026-08-25
8143115,30,202,2026-08-25
8143116,30,166,2026-08-25
8143114,30,102,2026-08-25
8143117,30,245,2026-08-25
8143118,30,296,2026-08-25
8122601,30,184,2026-08-25
8024799,30,61,2026-08-25
8024800,30,68,2026-08-25
8040634,30,241,2026-08-25
8033911,30,62,2026-08-25
8010441,30,119,2026-08-25
8141760,30,249,2026-08-25
8018315,30,165,2026-08-25
8018314,30,121,2026-08-25
8122602,30,240,2026-08-25
8009832,30,153,2026-08-25
8041313,30,106,2026-08-25
8040635,30,181,2026-08-25
8119085,30,295,2026-08-25
8126066,30,256,2026-08-25
8138144,30,88,2026-08-25
8136422,30,40,2026-08-25
8136421,30,189,2026-08-25
8136420,30,232,2026-08-25
8143654,30,239,2026-08-25
8032038,30,99,2026-08-25
8021606,30,215,2026-08-25
8033910,30,265,2026-08-25
8032039,30,165,2026-08-25
8139337,30,237,2026-08-25
8126400,30,103,2026-08-25
8010460,30,105,2026-08-25
8138331,30,23,2026-08-25
8135488,30,79,2026-08-25
8139745,30,148,2026-08-25
8139332,30,220,2026-08-25
8131022,30,108,2026-08-25
8139336,30,110,2026-08-25
8139333,30,42,2026-08-25
8010357,30,264,2026-08-25
8010358,30,53,2026-08-25
8133424,30,101,2026-08-25
8143774,30,296,2026-08-25
8010459,30,71,2026-08-25
8143773,30,229,2026-08-25
8137500,30,192,2026-08-25
8122599,30,227,2026-08-25
8125658,30,122,2026-08-25
8122600,30,58,2026-08-25
8122598,30,242,2026-08-25
8131023,30,25,2026-08-25
8041109,30,158,2026-08-25
8041110,30,185,2026-08-25
8132310,30,209,2026-08-25
8123175,30,232,2026-08-25
8141761,30,253,2026-08-25
8138332,30,47,2026-08-25
8138333,30,162,2026-08-25
8040302,30,189,2026-08-25
8020838,30,156,2026-08-25
8138928,30,139,2026-08-25
8040349,30,167,2026-08-25
8023364,30,39,2026-08-25
8007454,30,258,2026-08-25
8143513,30,150,2026-08-25
8143514,30,247,2026-08-25
8143515,30,139,2026-08-25
8143516,30,111,2026-08-25
8139520,30,241,2026-08-25
8139529,30,132,2026-08-25
8139522,30,230,2026-08-25
8139521,30,106,2026-08-25
8139530,30,171,2026-08-25
8041165,30,209,2026-08-25
8122743,30,61,2026-08-25
8110298,30,171,2026-08-25
8135140,30,46,2026-08-25
8110297,30,24,2026-08-25
8110296,30,119,2026-08-25
8041166,30,32,2026-08-25
8041167,30,183,2026-08-25
8133769,30,137,2026-08-25
8133768,30,111,2026-08-25
8133772,30,100,2026-08-25
8133771,30,146,2026-08-25
8133773,30,73,2026-08-25
8133780,30,20,2026-08-25
8133787,30,240,2026-08-25
8133798,30,110,2026-08-25
8134718,30,244,2026-08-25
8134719,30,169,2026-08-25
8135732,30,227,2026-08-25
8133770,30,270,2026-08-25
8135191,30,277,2026-08-25
8141702,30,276,2026-08-25
8143685,30,226,2026-08-25
8134721,30,46,2026-08-25
8135736,30,80,2026-08-25
8140612,30,205,2026-08-25
8134723,30,77,2026-08-25
8134722,30,176,2026-08-25
8141897,30,21,2026-08-25
8135734,30,216,2026-08-25
8035213,30,120,2026-08-25
8129567,30,233,2026-08-25
8035212,30,249,2026-08-25
8143687,30,85,2026-08-25
8131372,30,70,2026-08-25
8132484,30,86,2026-08-25
8134307,30,282,2026-08-25
8143433,30,297,2026-08-25
8140793,30,223,2026-08-25
8143432,30,176,2026-08-25
8136956,30,255,2026-08-25
8136728,30,142,2026-08-25
8143431,30,36,2026-08-25
8136729,30,287,2026-08-25
8143434,30,225,2026-08-25
8142453,30,174,2026-08-25
8141886,30,227,2026-08-25
8135730,30,187,2026-08-25
8141703,30,57,2026-08-25
8143686,30,279,2026-08-25
8136762,30,31,2026-08-25
8136763,30,190,2026-08-25
8136957,30,21,2026-08-25
8136958,30,236,2026-08-25
8143690,30,49,2026-08-25
8133764,30,118,2026-08-25
8140618,30,71,2026-08-25
8140619,30,202,2026-08-25
8142934,30,230,2026-08-25
8142937,30,106,2026-08-25
8142936,30,147,2026-08-25
8142935,30,22,2026-08-25
8140616,30,123,2026-08-25
8142939,30,292,2026-08-25
8142938,30,156,2026-08-25
8134711,30,173,2026-08-25
8134712,30,74,2026-08-25
8134713,30,178,2026-08-25
8134714,30,97,2026-08-25
8143274,30,141,2026-08-25
8143275,30,133,2026-08-25
8143276,30,87,2026-08-25
8143277,30,262,2026-08-25
8140611,30,30,2026-08-25
8133767,30,33,2026-08-25
8136959,30,134,2026-08-25
8136960,30,129,2026-08-25
8143675,30,114,2026-08-25
8143676,30,176,2026-08-25
8133766,30,287,2026-08-25
8143689,30,199,2026-08-25
8136963,30,38,2026-08-25
8143688,30,113,2026-08-25
8143588,30,257,2026-08-25
8141682,30,34,2026-08-25
8134720,30,249,2026-08-25
8142921,30,32,2026-08-25
8142924,30,264,2026-08-25
8142923,30,208,2026-08-25
8142922,30,54,2026-08-25
8142925,30,82,2026-08-25
8142920,30,191,2026-08-25
8142928,30,143,2026-08-25
8142930,30,47,2026-08-25
8142929,30,266,2026-08-25
8142926,30,69,2026-08-25
8141892,30,202,2026-08-25
8141891,30,278,2026-08-25
8141903,30,102,2026-08-25
8141898,30,63,2026-08-25
8141904,30,152,2026-08-25
8141905,30,22,2026-08-25
8143674,30,177,2026-08-25
8141893,30,182,2026-08-25
8141895,30,230,2026-08-25
8141894,30,35,2026-08-25
8141896,30,235,2026-08-25
8142933,30,148,2026-08-25
8142932,30,250,2026-08-25
8142931,30,201,2026-08-25
8129705,30,176,2026-08-25
8141887,30,155,2026-08-25
8141888,30,283,2026-08-25
8141890,30,184,2026-08-25
8141889,30,99,2026-08-25
8110921,30,81,2026-08-25
8133765,30,56,2026-08-25
8143279,30,110,2026-08-25
8143278,30,212,2026-08-25
8113387,30,282,2026-08-25
8035292,30,96,2026-08-25
8143837,30,217,2026-08-25
8035293,30,54,2026-08-25
8133796,30,53,2026-08-25
8133793,30,64,2026-08-25
8133795,30,139,2026-08-25
8133789,30,133,2026-08-25
8133791,30,97,2026-08-25
8133783,30,283,2026-08-25
8133784,30,147,2026-08-25
8133785,30,299,2026-08-25
8133786,30,113,2026-08-25
8133801,30,229,2026-08-25
8138368,30,103,2026-08-25
8137419,30,197,2026-08-25
8137422,30,202,2026-08-25
8137421,30,40,2026-08-25
8137420,30,268,2026-08-25
8140791,30,220,2026-08-25
8140789,30,67,2026-08-25
8142913,30,133,2026-08-25
8142914,30,104,2026-08-25
8142915,30,271,2026-08-25
8143679,30,135,2026-08-25
8143678,30,170,2026-08-25
8143681,30,243,2026-08-25
8140790,30,32,2026-08-25
8140788,30,102,2026-08-25
8136121,30,281,2026-08-25
8136122,30,228,2026-08-25
8133800,30,95,2026-08-25
8133799,30,117,2026-08-25
8143710,30,260,2026-08-25
8135862,30,55,2026-08-25
8117604,30,37,2026-08-25
8117603,30,183,2026-08-25
8143711,30,151,2026-08-25
8128607,30,299,2026-08-25
8128608,30,222,2026-08-25
8143708,30,260,2026-08-25
8143712,30,216,2026-08-25
8138977,30,64,2026-08-25
8138979,30,125,2026-08-25
8143709,30,128,2026-08-25
8140307,30,247,2026-08-25
8123446,30,208,2026-08-25
8143586,30,40,2026-08-25
8143587,30,214,2026-08-25
8143707,30,129,2026-08-25
8133778,30,121,2026-08-25
8133810,30,67,2026-08-25
8133774,30,179,2026-08-25
8133776,30,131,2026-08-25
8133803,30,243,2026-08-25
8133805,30,121,2026-08-25
8110922,30,171,2026-08-25
8040515,30,137,2026-08-25
8117606,30,72,2026-08-25
8117605,30,261,2026-08-25
8134059,30,159,2026-08-25
8134061,30,132,2026-08-25
6031148,30,82,2026-08-25
6031149,30,297,2026-08-25
8131331,30,221,2026-08-25
6300364,30,98,2026-08-25
6031147,30,294,2026-08-25
6300365,30,250,2026-08-25
8001045,30,193,2026-08-25
6031146,30,291,2026-08-25
8038725,30,292,2026-08-25
8130505,30,130,2026-08-25
8134792,30,110,2026-08-25
8036039,30,49,2026-08-25
8134793,30,290,2026-08-25
8036044,30,111,2026-08-25
8036045,30,49,2026-08-25
8119296,30,65,2026-08-25
8119295,30,107,2026-08-25
8119299,30,166,2026-08-25
8119298,30,279,2026-08-25
8120380,30,86,2026-08-25
8134794,30,245,2026-08-25
8134795,30,64,2026-08-25
8134797,30,299,2026-08-25
8120379,30,193,2026-08-25
8134796,30,273,2026-08-25
8036091,30,217,2026-08-25
8036093,30,24,2026-08-25
8036089,30,207,2026-08-25
8036090,30,106,2026-08-25
8139482,30,226,2026-08-25
8035970,30,193,2026-08-25
8036085,30,296,2026-08-25
8036086,30,27,2026-08-25
8110868,30,283,2026-08-25
8110867,30,263,2026-08-25
8040182,30,23,2026-08-25
8040181,30,39,2026-08-25
8040177,30,159,2026-08-25
8040178,30,151,2026-08-25
8040180,30,240,2026-08-25
8040179,30,294,2026-08-25
8110619,30,26,2026-08-25
8110618,30,176,2026-08-25
8110865,30,170,2026-08-25
8110864,30,179,2026-08-25
8134798,30,129,2026-08-25
8036057,30,194,2026-08-25
8036058,30,113,2026-08-25
8139481,30,274,2026-08-25
8139480,30,39,2026-08-25
8040164,30,114,2026-08-25
8040162,30,114,2026-08-25
8040163,30,89,2026-08-25
8110880,30,171,2026-08-25
8110881,30,160,2026-08-25
8035966,30,272,2026-08-25
8134804,30,154,2026-08-25
8139479,30,187,2026-08-25
8119305,30,234,2026-08-25
8134800,30,126,2026-08-25
8134799,30,107,2026-08-25
8134803,30,67,2026-08-25
8035969,30,289,2026-08-25
8035968,30,251,2026-08-25
8040167,30,246,2026-08-25
8040166,30,156,2026-08-25
8110873,30,59,2026-08-25
8110874,30,285,2026-08-25
8143084,30,189,2026-08-25
8143090,30,62,2026-08-25
8143097,30,128,2026-08-25
8143094,30,97,2026-08-25
8143095,30,100,2026-08-25
8143096,30,133,2026-08-25
8143091,30,254,2026-08-25
8035962,30,210,2026-08-25
8110878,30,197,2026-08-25
8110879,30,82,2026-08-25
8036041,30,276,2026-08-25
8036042,30,257,2026-08-25
8119301,30,179,2026-08-25
8119302,30,127,2026-08-25
8119304,30,113,2026-08-25
8119303,30,41,2026-08-25
8036087,30,300,2026-08-25
8110885,30,293,2026-08-25
8110884,30,141,2026-08-25
8040176,30,62,2026-08-25
8040175,30,122,2026-08-25
8110631,30,110,2026-08-25
8141051,30,277,2026-08-25
8134801,30,197,2026-08-25
8134802,30,58,2026-08-25
8130504,30,34,2026-08-25
8143180,30,26,2026-08-25
8143181,30,260,2026-08-25
8143179,30,278,2026-08-25
8143182,30,273,2026-08-25
8038940,30,53,2026-08-25
8141641,30,115,2026-08-25
8133612,30,202,2026-08-25
6300383,30,107,2026-08-25
6300390,30,281,2026-08-25
8128519,30,269,2026-08-25
8134923,30,72,2026-08-25
8134925,30,256,2026-08-25
8135477,30,142,2026-08-25
8143943,30,67,2026-08-25
8016746,30,172,2026-08-25
8016747,30,276,2026-08-25
8128521,30,283,2026-08-25
8134926,30,168,2026-08-25
8016748,30,156,2026-08-25
8135478,30,76,2026-08-25
8016744,30,231,2026-08-25
8016745,30,250,2026-08-25
6033117,30,92,2026-08-25
6300381,30,124,2026-08-25
6300382,30,117,2026-08-25
8143947,30,197,2026-08-25
8119433,30,177,2026-08-25
8134928,30,62,2026-08-25
8110400,30,182,2026-08-25
8110398,30,132,2026-08-25
8110399,30,182,2026-08-25
8119436,30,149,2026-08-25
8114786,30,112,2026-08-25
8114787,30,94,2026-08-25
8134927,30,164,2026-08-25
8114788,30,173,2026-08-25
8114784,30,231,2026-08-25
8114785,30,158,2026-08-25
8143945,30,107,2026-08-25
8143941,30,199,2026-08-25
8040220,30,269,2026-08-25
8034453,30,35,2026-08-25
8034454,30,131,2026-08-25
8034455,30,70,2026-08-25
8034451,30,157,2026-08-25
8034452,30,263,2026-08-25
8143944,30,196,2026-08-25
8128520,30,295,2026-08-25
8010437,30,270,2026-08-25
8010438,30,51,2026-08-25
8141294,30,291,2026-08-25
8010439,30,298,2026-08-25
8135479,30,170,2026-08-25
8010435,30,109,2026-08-25
8010436,30,200,2026-08-25
8143942,30,122,2026-08-25
8040223,30,256,2026-08-25
6300346,30,147,2026-08-25
8005501,30,180,2026-08-25
8134820,30,183,2026-08-25
8134821,30,201,2026-08-25
8134823,30,213,2026-08-25
8134822,30,274,2026-08-25
8134818,30,105,2026-08-25
8134819,30,58,2026-08-25
8143946,30,227,2026-08-25
8143787,30,23,2026-08-25
8143788,30,46,2026-08-25
8143785,30,35,2026-08-25
8143786,30,56,2026-08-25
8137713,30,241,2026-08-25
8130932,30,291,2026-08-25
8130931,30,102,2026-08-25
8130930,30,180,2026-08-25
8042661,30,260,2026-08-25
8042870,30,119,2026-08-25
8042864,30,196,2026-08-25
8042865,30,103,2026-08-25
8042871,30,73,2026-08-25
8130940,30,35,2026-08-25
8130941,30,245,2026-08-25
8130935,30,55,2026-08-25
8130929,30,246,2026-08-25
8130934,30,46,2026-08-25
8130933,30,212,2026-08-25
8115825,30,111,2026-08-25
8115824,30,33,2026-08-25
8134249,30,282,2026-08-25
8021502,30,269,2026-08-25
8134672,30,29,2026-08-25
8004799,30,157,2026-08-25
8140276,30,144,2026-08-25
8140274,30,169,2026-08-25
8143511,30,163,2026-08-25
8140273,30,289,2026-08-25
8140275,30,99,2026-08-25
8143512,30,182,2026-08-25
8117942,30,227,2026-08-25
8141670,30,181,2026-08-25
8141744,30,116,2026-08-25
8004250,30,267,2026-08-25
8141746,30,225,2026-08-25
8141745,30,273,2026-08-25
8112003,30,201,2026-08-25
8112004,30,117,2026-08-25
8141400,30,174,2026-08-25
8004804,30,50,2026-08-25
8134812,30,226,2026-08-25
8134731,30,295,2026-08-25
8134810,30,178,2026-08-25
8135781,30,145,2026-08-25
8135780,30,286,2026-08-25
8135782,30,94,2026-08-25
8023090,30,170,2026-08-25
8033409,30,31,2026-08-25
8128091,30,299,2026-08-25
8128090,30,59,2026-08-25
8128089,30,195,2026-08-25
8128088,30,123,2026-08-25
8119277,30,177,2026-08-25
8009499,30,162,2026-08-25
8009498,30,73,2026-08-25
8136222,30,252,2026-08-25
8139938,30,138,2026-08-25
8139939,30,260,2026-08-25
8024662,30,46,2026-08-25
8024663,30,33,2026-08-25
8036784,30,240,2026-08-25
8032568,30,232,2026-08-25
8134436,30,67,2026-08-25
8134440,30,90,2026-08-25
6530316,30,293,2026-08-25
8001114,30,39,2026-08-25
8019442,30,52,2026-08-25
8134438,30,70,2026-08-25
8134439,30,134,2026-08-25
8134437,30,283,2026-08-25
8031775,30,87,2026-08-25
6310585,30,201,2026-08-25
8128633,30,227,2026-08-25
8128634,30,261,2026-08-25
8111808,30,249,2026-08-25
8141939,30,86,2026-08-25
8123700,30,279,2026-08-25
8031791,30,240,2026-08-25
8031792,30,206,2026-08-25
8128630,30,252,2026-08-25
8128631,30,184,2026-08-25
6310583,30,81,2026-08-25
8031768,30,189,2026-08-25
8031782,30,281,2026-08-25
6310584,30,160,2026-08-25
8031769,30,67,2026-08-25
8031776,30,110,2026-08-25
8111807,30,82,2026-08-25
8031770,30,60,2026-08-25
8031779,30,128,2026-08-25
8031771,30,38,2026-08-25
8031781,30,55,2026-08-25
8143888,30,174,2026-08-25
8132862,30,165,2026-08-25
8143889,30,183,2026-08-25
8143894,30,216,2026-08-25
8143893,30,129,2026-08-25
8040418,30,120,2026-08-25
8143890,30,62,2026-08-25
8143891,30,144,2026-08-25
8031786,30,215,2026-08-25
8022324,30,146,2026-08-25
8028230,30,179,2026-08-25
8118701,30,237,2026-08-25
8027908,30,222,2026-08-25
8133708,30,84,2026-08-25
8022323,30,271,2026-08-25
8027907,30,229,2026-08-25
8035937,30,63,2026-08-25
6535972,30,219,2026-08-25
6535973,30,46,2026-08-25
8131332,30,240,2026-08-25
6535974,30,274,2026-08-25
6535976,30,116,2026-08-25
8038724,30,147,2026-08-25
6039798,30,290,2026-08-25
6039799,30,200,2026-08-25
8039017,30,186,2026-08-25
8039014,30,82,2026-08-25
6039794,30,50,2026-08-25
6039770,30,82,2026-08-25
6039771,30,171,2026-08-25
6039767,30,139,2026-08-25
6039766,30,22,2026-08-25
6039811,30,55,2026-08-25
6039812,30,100,2026-08-25
6039808,30,237,2026-08-25
8014161,30,189,2026-08-25
8014158,30,137,2026-08-25
6032669,30,97,2026-08-25
6032668,30,252,2026-08-25
6032666,30,138,2026-08-25
8140036,30,273,2026-08-25
8020413,30,221,2026-08-25
8025248,30,60,2026-08-25
8020017,30,254,2026-08-25
8041823,30,114,2026-08-25
8041824,30,38,2026-08-25
8142755,30,140,2026-08-25
8142756,30,214,2026-08-25
6533119,30,265,2026-08-25
8019984,30,209,2026-08-25
8126684,30,149,2026-08-25
8029614,30,219,2026-08-25
6300503,30,91,2026-08-25
8142357,30,108,2026-08-25
8117996,30,58,2026-08-25
8032465,30,52,2026-08-25
8014740,30,173,2026-08-25
8141799,30,197,2026-08-25
8141631,30,173,2026-08-25
8010901,30,112,2026-08-25
8132174,30,186,2026-08-25
8038698,30,106,2026-08-25
8034849,30,204,2026-08-25
8141173,30,136,2026-08-25
8136351,30,105,2026-08-25
8141630,30,55,2026-08-25
8124649,30,218,2026-08-25
8129449,30,92,2026-08-25
8019887,30,201,2026-08-25
8034848,30,247,2026-08-25
8132173,30,142,2026-08-25
8021756,30,162,2026-08-25
8032153,30,255,2026-08-25
8141796,30,248,2026-08-25
8029615,30,106,2026-08-25
8001249,30,299,2026-08-25
8001250,30,32,2026-08-25
8038184,30,135,2026-08-25
8026153,30,248,2026-08-25
8133036,30,232,2026-08-25
8014146,30,34,2026-08-25
8029077,30,189,2026-08-25
8124652,30,96,2026-08-25
8025472,30,222,2026-08-25
8135483,30,192,2026-08-25
8124653,30,237,2026-08-25
8142358,30,251,2026-08-25
8113512,30,216,2026-08-25
8113511,30,237,2026-08-25
8026151,30,194,2026-08-25
8031494,30,162,2026-08-25
8118467,30,229,2026-08-25
8033431,30,270,2026-08-25
8143421,30,97,2026-08-25
8042442,30,272,2026-08-25
8136363,30,219,2026-08-25
8141175,30,219,2026-08-25
8131717,30,136,2026-08-25
8141637,30,294,2026-08-25
8040048,30,84,2026-08-25
8036587,30,209,2026-08-25
8020606,30,116,2026-08-25
8020604,30,124,2026-08-25
8020605,30,34,2026-08-25
8114425,30,109,2026-08-25
8034850,30,132,2026-08-25
8132042,30,134,2026-08-25
8129448,30,215,2026-08-25
8135484,30,56,2026-08-25
8013459,30,28,2026-08-25
8012988,30,170,2026-08-25
8113509,30,128,2026-08-25
8016938,30,260,2026-08-25
8127816,30,62,2026-08-25
8127817,30,286,2026-08-25
8114974,30,280,2026-08-25
8114973,30,234,2026-08-25
8038719,30,194,2026-08-25
8043405,30,280,2026-08-25
8043401,30,133,2026-08-25
8143423,30,53,2026-08-25
8143136,30,121,2026-08-25
8139141,30,205,2026-08-25
8139139,30,70,2026-08-25
8139140,30,126,2026-08-25
8019136,30,111,2026-08-25
8032159,30,74,2026-08-25
8114423,30,51,2026-08-25
8114422,30,159,2026-08-25
6300285,30,221,2026-08-25
8121131,30,109,2026-08-25
8114426,30,270,2026-08-25
8138137,30,39,2026-08-25
8038862,30,83,2026-08-25
8127815,30,110,2026-08-25
8127814,30,109,2026-08-25
8033811,30,253,2026-08-25
8033810,30,293,2026-08-25
8114975,30,127,2026-08-25
8114976,30,132,2026-08-25
8034462,30,155,2026-08-25
8138367,30,137,2026-08-25
8142437,30,173,2026-08-25
8140644,30,270,2026-08-25
8029617,30,195,2026-08-25
8038860,30,275,2026-08-25
8020732,30,188,2026-08-25
8010823,30,224,2026-08-25
6310149,30,66,2026-08-25
8020273,30,280,2026-08-25
8123471,30,83,2026-08-25
8010431,30,289,2026-08-25
8010432,30,233,2026-08-25
8141172,30,250,2026-08-25
8032152,30,130,2026-08-25
8034463,30,131,2026-08-25
8021431,30,227,2026-08-25
8125501,30,106,2026-08-25
8125494,30,134,2026-08-25
8125496,30,125,2026-08-25
8132740,30,282,2026-08-25
8125491,30,149,2026-08-25
8125487,30,107,2026-08-25
8125488,30,38,2026-08-25
8125489,30,216,2026-08-25
8134492,30,79,2026-08-25
8125492,30,140,2026-08-25
8127290,30,63,2026-08-25
8127289,30,119,2026-08-25
8119132,30,177,2026-08-25
6310128,30,65,2026-08-25
6033320,30,134,2026-08-25
8009617,30,272,2026-08-25
6310129,30,149,2026-08-25
8009618,30,174,2026-08-25
6034341,30,113,2026-08-25
8129041,30,101,2026-08-25
8028453,30,297,2026-08-25
8129042,30,207,2026-08-25
8028454,30,157,2026-08-25
8136134,30,21,2026-08-25
8136135,30,142,2026-08-25
9999596,30,88,2026-08-25
6031184,30,192,2026-08-25
8033861,30,90,2026-08-25
9999597,30,38,2026-08-25
6030179,30,245,2026-08-25
8033844,30,47,2026-08-25
8041506,30,108,2026-08-25
8033784,30,255,2026-08-25
8134833,30,167,2026-08-25
8004009,30,207,2026-08-25
8007603,30,84,2026-08-25
8007211,30,184,2026-08-25
8011759,30,264,2026-08-25
6530707,30,207,2026-08-25
6530706,30,73,2026-08-25
8005267,30,186,2026-08-25
8005268,30,133,2026-08-25
8005269,30,114,2026-08-25
8005270,30,44,2026-08-25
8005271,30,51,2026-08-25
8005272,30,36,2026-08-25
8136619,30,91,2026-08-25
8018850,30,267,2026-08-25
8007212,30,227,2026-08-25
8023462,30,295,2026-08-25
8004008,30,137,2026-08-25
6033321,30,196,2026-08-25
8000215,30,198,2026-08-25
8139024,30,250,2026-08-25
8136618,30,208,2026-08-25
8139023,30,216,2026-08-25
8136617,30,190,2026-08-25
8014822,30,227,2026-08-25
8009708,30,132,2026-08-25
8013670,30,222,2026-08-25
8013671,30,86,2026-08-25
8027001,30,77,2026-08-25
8013667,30,67,2026-08-25
9999515,30,46,2026-08-25
8013669,30,265,2026-08-25
9999516,30,209,2026-08-25
8013666,30,192,2026-08-25
8022985,30,86,2026-08-25
8024565,30,97,2026-08-25
8138103,30,255,2026-08-25
8138101,30,298,2026-08-25
8138099,30,100,2026-08-25
8138098,30,34,2026-08-25
8140355,30,150,2026-08-25
8140158,30,267,2026-08-25
8140157,30,122,2026-08-25
8138106,30,37,2026-08-25
8138097,30,57,2026-08-25
8140156,30,57,2026-08-25
8138104,30,137,2026-08-25
8136730,30,281,2026-08-25
8112944,30,142,2026-08-25
8117897,30,184,2026-08-25
8117898,30,68,2026-08-25
8125565,30,34,2026-08-25
8125566,30,57,2026-08-25
8115574,30,257,2026-08-25
8117896,30,137,2026-08-25
8118746,30,76,2026-08-25
8117901,30,267,2026-08-25
8129377,30,118,2026-08-25
8112936,30,196,2026-08-25
8117904,30,71,2026-08-25
8129371,30,298,2026-08-25
8116963,30,74,2026-08-25
8136732,30,286,2026-08-25
8120587,30,180,2026-08-25
8117899,30,75,2026-08-25
8116960,30,210,2026-08-25
8120585,30,56,2026-08-25
8120588,30,134,2026-08-25
8129198,30,233,2026-08-25
8115573,30,120,2026-08-25
8136731,30,66,2026-08-25
8136733,30,287,2026-08-25
6039772,30,21,2026-08-25
6300361,30,124,2026-08-25
6031136,30,221,2026-08-25
6031137,30,226,2026-08-25
8132872,30,136,2026-08-25
8132873,30,252,2026-08-25
8022317,30,238,2026-08-25
8022318,30,156,2026-08-25
8125030,30,104,2026-08-25
8015735,30,153,2026-08-25
8013351,30,185,2026-08-25
9993660,30,192,2026-08-25
9999130,30,291,2026-08-25
8025468,30,238,2026-08-25
8024110,30,100,2026-08-25
8126230,30,154,2026-08-25
8126231,30,218,2026-08-25
8122847,30,235,2026-08-25
8115260,30,139,2026-08-25
9997963,30,188,2026-08-25
9993783,30,288,2026-08-25
8142620,30,293,2026-08-25
8142619,30,95,2026-08-25
8032158,30,193,2026-08-25
8034210,30,115,2026-08-25
8034212,30,213,2026-08-25
8034211,30,164,2026-08-25
8041657,30,109,2026-08-25
8034213,30,280,2026-08-25
8034214,30,22,2026-08-25
8034215,30,182,2026-08-25
8041658,30,187,2026-08-25
8034216,30,221,2026-08-25
8141526,30,147,2026-08-25
8141523,30,108,2026-08-25
8139671,30,279,2026-08-25
8139349,30,144,2026-08-25
8139348,30,182,2026-08-25
8139344,30,271,2026-08-25
8139346,30,234,2026-08-25
8139347,30,128,2026-08-25
8139310,30,193,2026-08-25
8141524,30,55,2026-08-25
8139339,30,223,2026-08-25
8139312,30,277,2026-08-25
8139329,30,164,2026-08-25
8139330,30,212,2026-08-25
8139328,30,107,2026-08-25
8141525,30,40,2026-08-25
8139350,30,79,2026-08-25
8139311,30,174,2026-08-25
8139672,30,162,2026-08-25
8139341,30,211,2026-08-25
8139342,30,219,2026-08-25
8139343,30,261,2026-08-25
8141520,30,191,2026-08-25
8139345,30,99,2026-08-25
8141521,30,57,2026-08-25
8139292,30,136,2026-08-25
8141522,30,106,2026-08-25
8139293,30,193,2026-08-25
8141371,30,137,2026-08-25
8141367,30,138,2026-08-25
8141369,30,202,2026-08-25
8011326,30,235,2026-08-25
8139416,30,37,2026-08-25
6310629,30,176,2026-08-25
8139415,30,241,2026-08-25
6310631,30,213,2026-08-25
8141352,30,139,2026-08-25
8141350,30,181,2026-08-25
8039145,30,278,2026-08-25
8141349,30,119,2026-08-25
8141365,30,234,2026-08-25
8141364,30,262,2026-08-25
8141355,30,39,2026-08-25
8141359,30,176,2026-08-25
8141357,30,253,2026-08-25
8141362,30,116,2026-08-25
8139418,30,185,2026-08-25
6310630,30,171,2026-08-25
8139417,30,269,2026-08-25
6310632,30,72,2026-08-25
6039752,30,61,2026-08-25
8133076,30,96,2026-08-25
8133302,30,157,2026-08-25
8133075,30,176,2026-08-25
8000176,30,149,2026-08-25
8140687,30,40,2026-08-25
8140690,30,283,2026-08-25
8140691,30,136,2026-08-25
8140689,30,222,2026-08-25
8140688,30,184,2026-08-25
8117074,30,238,2026-08-25
8117075,30,140,2026-08-25
8113499,30,261,2026-08-25
8113498,30,58,2026-08-25
8113500,30,200,2026-08-25
5101502,30,78,2026-08-25
5101504,30,21,2026-08-25
8127350,30,180,2026-08-25
8127351,30,296,2026-08-25
8120422,30,65,2026-08-25
8120424,30,160,2026-08-25
8125161,30,259,2026-08-25
8140283,30,197,2026-08-25
8125097,30,57,2026-08-25
8138271,30,150,2026-08-25
8038888,30,179,2026-08-25
8122541,30,39,2026-08-25
8128525,30,201,2026-08-25
8110861,30,48,2026-08-25
8121014,30,185,2026-08-25
8110860,30,285,2026-08-25
8121011,30,221,2026-08-25
8022418,30,264,2026-08-25
8007663,30,79,2026-08-25
6530740,30,220,2026-08-25
8130947,30,217,2026-08-25
8116225,30,245,2026-08-25
8007664,30,260,2026-08-25
6302067,30,212,2026-08-25
8142517,30,81,2026-08-25
8127528,30,272,2026-08-25
8127530,30,69,2026-08-25
8119056,30,120,2026-08-25
8119055,30,156,2026-08-25
8119052,30,102,2026-08-25
8119050,30,151,2026-08-25
8119074,30,279,2026-08-25
8127525,30,240,2026-08-25
8119049,30,240,2026-08-25
8120631,30,264,2026-08-25
8119069,30,226,2026-08-25
8120630,30,141,2026-08-25
8127526,30,270,2026-08-25
8127527,30,57,2026-08-25
8119060,30,104,2026-08-25
8119075,30,67,2026-08-25
8139376,30,269,2026-08-25
8139378,30,34,2026-08-25
8139379,30,75,2026-08-25
8127524,30,90,2026-08-25
8119059,30,171,2026-08-25
8119071,30,200,2026-08-25
8120633,30,196,2026-08-25
8119065,30,45,2026-08-25
8134487,30,91,2026-08-25
8134489,30,137,2026-08-25
8134486,30,151,2026-08-25
8134485,30,169,2026-08-25
8140205,30,98,2026-08-25
8140206,30,292,2026-08-25
8140207,30,70,2026-08-25
8127520,30,67,2026-08-25
8127521,30,66,2026-08-25
8130640,30,288,2026-08-25
8129688,30,176,2026-08-25
8131457,30,155,2026-08-25
8129687,30,177,2026-08-25
8139381,30,255,2026-08-25
8142215,30,152,2026-08-25
8142217,30,71,2026-08-25
8142218,30,179,2026-08-25
8142216,30,42,2026-08-25
8142219,30,261,2026-08-25
8131460,30,89,2026-08-25
8039948,30,157,2026-08-25
8128589,30,208,2026-08-25
8019193,30,197,2026-08-25
8019194,30,242,2026-08-25
8128590,30,204,2026-08-25
8019190,30,147,2026-08-25
8019189,30,133,2026-08-25
8128588,30,194,2026-08-25
8125159,30,164,2026-08-25
8125160,30,170,2026-08-25
8019192,30,106,2026-08-25
8019191,30,180,2026-08-25
8137494,30,35,2026-08-25
8132409,30,114,2026-08-25
8110403,30,48,2026-08-25
8110401,30,91,2026-08-25
6300385,30,249,2026-08-25
8110402,30,280,2026-08-25
8031090,30,160,2026-08-25
6300384,30,60,2026-08-25
8012377,30,142,2026-08-25
8123597,30,76,2026-08-25
8117533,30,35,2026-08-25
8012375,30,272,2026-08-25
8012376,30,214,2026-08-25
8031091,30,49,2026-08-25
8142328,30,297,2026-08-25
8137329,30,235,2026-08-25
8143176,30,287,2026-08-25
8142330,30,300,2026-08-25
8133270,30,149,2026-08-25
8135147,30,269,2026-08-25
8133269,30,138,2026-08-25
8142334,30,100,2026-08-25
8133271,30,245,2026-08-25
8135148,30,132,2026-08-25
8143177,30,35,2026-08-25
8137328,30,135,2026-08-25
8137330,30,87,2026-08-25
8004824,30,292,2026-08-25
8117504,30,53,2026-08-25
8123174,30,33,2026-08-25
8123172,30,158,2026-08-25
8141671,30,241,2026-08-25
8000646,30,141,2026-08-25
8126856,30,74,2026-08-25
8126857,30,293,2026-08-25
8138095,30,99,2026-08-25
8126855,30,120,2026-08-25
8126854,30,277,2026-08-25
8138107,30,116,2026-08-25
8138096,30,177,2026-08-25
8126852,30,79,2026-08-25
6033484,30,274,2026-08-25
8008292,30,70,2026-08-25
6301092,30,272,2026-08-25
8004590,30,42,2026-08-25
8142908,30,69,2026-08-25
9999306,30,71,2026-08-25
8000047,30,161,2026-08-25
9999307,30,263,2026-08-25
9998848,30,272,2026-08-25
8000046,30,285,2026-08-25
9997716,30,83,2026-08-25
6302052,30,287,2026-08-25
6302054,30,205,2026-08-25
6302058,30,143,2026-08-25
6302051,30,72,2026-08-25
6302053,30,47,2026-08-25
6030740,30,113,2026-08-25
8018711,30,272,2026-08-25
6034652,30,205,2026-08-25
8118490,30,272,2026-08-25
8002565,30,40,2026-08-25
8134571,30,21,2026-08-25
8134572,30,81,2026-08-25
8118493,30,211,2026-08-25
8118492,30,205,2026-08-25
8002569,30,251,2026-08-25
8118496,30,53,2026-08-25
8118495,30,94,2026-08-25
8118491,30,209,2026-08-25
8002567,30,272,2026-08-25
8141704,30,263,2026-08-25
8118494,30,119,2026-08-25
8118498,30,122,2026-08-25
8118497,30,44,2026-08-25
8118499,30,264,2026-08-25
8002588,30,292,2026-08-25
9998312,30,104,2026-08-25
8004050,30,299,2026-08-25
9998311,30,93,2026-08-25
8013662,30,43,2026-08-25
8123431,30,29,2026-08-25
8141755,30,160,2026-08-25
8141758,30,126,2026-08-25
8141759,30,258,2026-08-25
8141754,30,153,2026-08-25
8139476,30,205,2026-08-25
8141757,30,176,2026-08-25
8141756,30,39,2026-08-25
8035145,30,51,2026-08-25
8018304,30,259,2026-08-25
8015418,30,40,2026-08-25
8018303,30,131,2026-08-25
8026699,30,51,2026-08-25
8026702,30,177,2026-08-25
8026703,30,98,2026-08-25
8009942,30,237,2026-08-25
8009943,30,121,2026-08-25
8020003,30,44,2026-08-25
8126037,30,221,2026-08-25
8039614,30,190,2026-08-25
8039615,30,148,2026-08-25
8043361,30,199,2026-08-25
8115536,30,213,2026-08-25
8142845,30,99,2026-08-25
8121388,30,241,2026-08-25
8127632,30,132,2026-08-25
8126005,30,39,2026-08-25
8142848,30,298,2026-08-25
8142849,30,209,2026-08-25
8142850,30,208,2026-08-25
8141978,30,74,2026-08-25
8131202,30,133,2026-08-25
8126660,30,107,2026-08-25
8132842,30,196,2026-08-25
8021883,30,163,2026-08-25
8112244,30,143,2026-08-25
8112241,30,238,2026-08-25
8128058,30,277,2026-08-25
8111697,30,22,2026-08-25
8111693,30,99,2026-08-25
8138182,30,157,2026-08-25
8138183,30,205,2026-08-25
8138184,30,65,2026-08-25
8138180,30,280,2026-08-25
8138181,30,146,2026-08-25
8011671,30,165,2026-08-25
8011675,30,272,2026-08-25
8011672,30,172,2026-08-25
8011676,30,230,2026-08-25
8133913,30,209,2026-08-25
8133917,30,37,2026-08-25
8133912,30,146,2026-08-25
8133914,30,67,2026-08-25
8135209,30,54,2026-08-25
8135208,30,289,2026-08-25
8135210,30,287,2026-08-25
8135211,30,249,2026-08-25
8011666,30,147,2026-08-25
8034941,30,73,2026-08-25
8128057,30,149,2026-08-25
8128056,30,240,2026-08-25
8128055,30,264,2026-08-25
8037606,30,201,2026-08-25
8037607,30,263,2026-08-25
8037608,30,273,2026-08-25
8128054,30,185,2026-08-25
8037482,30,123,2026-08-25
8037483,30,291,2026-08-25
8034943,30,233,2026-08-25
8011677,30,259,2026-08-25
8034942,30,270,2026-08-25
8129707,30,158,2026-08-25
8130616,30,171,2026-08-25
8036598,30,71,2026-08-25
8136607,30,211,2026-08-25
8136609,30,184,2026-08-25
8136608,30,291,2026-08-25
8133918,30,282,2026-08-25
8119293,30,108,2026-08-25
8119289,30,20,2026-08-25
8119292,30,72,2026-08-25
8138015,30,69,2026-08-25
8138016,30,235,2026-08-25
8138017,30,196,2026-08-25
8119010,30,134,2026-08-25
8119011,30,86,2026-08-25
8119012,30,223,2026-08-25
8119015,30,249,2026-08-25
8119016,30,195,2026-08-25
8119013,30,224,2026-08-25
9991335,30,96,2026-08-25
8140326,30,280,2026-08-25
8128100,30,58,2026-08-25
8128099,30,296,2026-08-25
8140325,30,73,2026-08-25
8135120,30,100,2026-08-25
8135119,30,65,2026-08-25
8120797,30,44,2026-08-25
8140327,30,85,2026-08-25
8010302,30,288,2026-08-25
8010300,30,183,2026-08-25
8120205,30,101,2026-08-25
8126991,30,237,2026-08-25
8126992,30,41,2026-08-25
8126993,30,259,2026-08-25
8114000,30,71,2026-08-25
8132672,30,34,2026-08-25
8018269,30,275,2026-08-25
8028116,30,274,2026-08-25
8127001,30,140,2026-08-25
8132673,30,203,2026-08-25
8127000,30,56,2026-08-25
8020676,30,213,2026-08-25
8139013,30,246,2026-08-25
8139012,30,32,2026-08-25
8019059,30,78,2026-08-25
8019058,30,186,2026-08-25
8019061,30,65,2026-08-25
8019060,30,50,2026-08-25
8019063,30,74,2026-08-25
8019062,30,33,2026-08-25
8019065,30,126,2026-08-25
8019064,30,179,2026-08-25
8018279,30,94,2026-08-25
8018282,30,265,2026-08-25
8023713,30,193,2026-08-25
8038263,30,187,2026-08-25
8140967,30,283,2026-08-25
8140968,30,270,2026-08-25
8135740,30,39,2026-08-25
8135737,30,235,2026-08-25
8135739,30,149,2026-08-25
8018278,30,164,2026-08-25
8018277,30,78,2026-08-25
8019980,30,133,2026-08-25
8019979,30,63,2026-08-25
8019978,30,230,2026-08-25
8018276,30,51,2026-08-25
8122731,30,60,2026-08-25
8122732,30,119,2026-08-25
8019977,30,29,2026-08-25
8018275,30,289,2026-08-25
8018268,30,113,2026-08-25
8122729,30,176,2026-08-25
8019066,30,156,2026-08-25
8018267,30,277,2026-08-25
8030978,30,76,2026-08-25
8030977,30,164,2026-08-25
8019057,30,38,2026-08-25
8019056,30,143,2026-08-25
8132674,30,30,2026-08-25
8033153,30,161,2026-08-25
8029082,30,218,2026-08-25
8029083,30,56,2026-08-25
8109297,30,273,2026-08-25
8135743,30,74,2026-08-25
8021361,30,158,2026-08-25
8018271,30,227,2026-08-25
8135742,30,39,2026-08-25
8135741,30,132,2026-08-25
8026254,30,93,2026-08-25
8026255,30,34,2026-08-25
8020675,30,132,2026-08-25
8020674,30,159,2026-08-25
8018265,30,138,2026-08-25
8122730,30,179,2026-08-25
8018266,30,288,2026-08-25
8019975,30,156,2026-08-25
8001450,30,126,2026-08-25
8001451,30,295,2026-08-25
8012306,30,230,2026-08-25
8012307,30,283,2026-08-25
8016131,30,92,2026-08-25
8012305,30,134,2026-08-25
8021895,30,183,2026-08-25
8018597,30,209,2026-08-25
8033447,30,291,2026-08-25
8006947,30,24,2026-08-25
8021896,30,246,2026-08-25
8141063,30,226,2026-08-25
8136136,30,290,2026-08-25
8127802,30,55,2026-08-25
8127359,30,264,2026-08-25
8136137,30,254,2026-08-25
8141064,30,173,2026-08-25
8030895,30,110,2026-08-25
8034562,30,126,2026-08-25
8006789,30,200,2026-08-25
8022204,30,83,2026-08-25
8022203,30,83,2026-08-25
8006788,30,269,2026-08-25
8015483,30,30,2026-08-25
8023711,30,93,2026-08-25
8018357,30,28,2026-08-25
8039930,30,102,2026-08-25
8037949,30,213,2026-08-25
8012313,30,174,2026-08-25
8012311,30,103,2026-08-25
8012309,30,109,2026-08-25
8012310,30,141,2026-08-25
8012308,30,57,2026-08-25
8038273,30,239,2026-08-25
8039929,30,154,2026-08-25
8039924,30,271,2026-08-25
8039923,30,40,2026-08-25
8039922,30,117,2026-08-25
8012312,30,157,2026-08-25
8025479,30,220,2026-08-25
8007986,30,40,2026-08-25
8007987,30,279,2026-08-25
8025478,30,148,2026-08-25
8028541,30,177,2026-08-25
8012379,30,197,2026-08-25
8134832,30,132,2026-08-25
8143273,30,251,2026-08-25
8126774,30,224,2026-08-25
8126776,30,249,2026-08-25
8126775,30,263,2026-08-25
8126772,30,90,2026-08-25
8126778,30,219,2026-08-25
8126773,30,72,2026-08-25
8128047,30,64,2026-08-25
8129274,30,189,2026-08-25
8132109,30,265,2026-08-25
8132110,30,240,2026-08-25
8128046,30,53,2026-08-25
8132106,30,252,2026-08-25
8128042,30,228,2026-08-25
8128043,30,119,2026-08-25
8132107,30,62,2026-08-25
8128040,30,77,2026-08-25
8132105,30,68,2026-08-25
8128045,30,162,2026-08-25
8132108,30,91,2026-08-25
8128044,30,96,2026-08-25
8128041,30,255,2026-08-25
8133249,30,136,2026-08-25
8128872,30,38,2026-08-25
6310524,30,29,2026-08-25
8118975,30,109,2026-08-25
8014861,30,290,2026-08-25
8014866,30,293,2026-08-25
8013464,30,252,2026-08-25
6310523,30,100,2026-08-25
8142604,30,162,2026-08-25
8142605,30,190,2026-08-25
8042047,30,226,2026-08-25
8042048,30,228,2026-08-25
8139496,30,170,2026-08-25
8040805,30,26,2026-08-25
8031364,30,262,2026-08-25
8031365,30,168,2026-08-25
8126339,30,76,2026-08-25
8011705,30,177,2026-08-25
8011704,30,130,2026-08-25
8019452,30,95,2026-08-25
8127949,30,202,2026-08-25
8128291,30,68,2026-08-25
8141602,30,279,2026-08-25
8141603,30,297,2026-08-25
8138243,30,216,2026-08-25
8138242,30,217,2026-08-25
8138241,30,282,2026-08-25
8128290,30,131,2026-08-25
8132708,30,214,2026-08-25
8111457,30,175,2026-08-25
8008268,30,205,2026-08-25
8036269,30,143,2026-08-25
8000319,30,280,2026-08-25
8003955,30,152,2026-08-25
8118944,30,33,2026-08-25
8000318,30,118,2026-08-25
8031360,30,284,2026-08-25
8137533,30,239,2026-08-25
8035743,30,65,2026-08-25
8027288,30,184,2026-08-25
8027289,30,138,2026-08-25
8140500,30,207,2026-08-25
8140501,30,293,2026-08-25
8027286,30,87,2026-08-25
8027285,30,136,2026-08-25
8027287,30,167,2026-08-25
8027284,30,77,2026-08-25
8035746,30,173,2026-08-25
8027280,30,217,2026-08-25
8027283,30,76,2026-08-25
8133254,30,221,2026-08-25
8134490,30,57,2026-08-25
8035622,30,179,2026-08-25
6533111,30,39,2026-08-25
8136587,30,193,2026-08-25
8136588,30,133,2026-08-25
8136586,30,79,2026-08-25
8142703,30,243,2026-08-25
8142704,30,224,2026-08-25
8142705,30,258,2026-08-25
8142708,30,119,2026-08-25
8142706,30,213,2026-08-25
8142710,30,69,2026-08-25
8142709,30,290,2026-08-25
8142707,30,299,2026-08-25
8143143,30,202,2026-08-25
8110891,30,81,2026-08-25
8110892,30,214,2026-08-25
8110890,30,114,2026-08-25
8110888,30,269,2026-08-25
8110889,30,264,2026-08-25
8110887,30,156,2026-08-25
8138942,30,28,2026-08-25
8138941,30,28,2026-08-25
8138939,30,247,2026-08-25
8138940,30,186,2026-08-25
8142656,30,264,2026-08-25
8139883,30,93,2026-08-25
8111454,30,45,2026-08-25
8111455,30,208,2026-08-25
8127435,30,232,2026-08-25
8020782,30,42,2026-08-25
8031213,30,206,2026-08-25
8127434,30,250,2026-08-25
8136877,30,177,2026-08-25
8014910,30,243,2026-08-25
8111456,30,73,2026-08-25
6301046,30,287,2026-08-25
8026983,30,191,2026-08-25
8031214,30,192,2026-08-25
8030189,30,189,2026-08-25
6034710,30,65,2026-08-25
8132294,30,108,2026-08-25
8132292,30,296,2026-08-25
8121799,30,120,2026-08-25
8121800,30,138,2026-08-25
8133250,30,157,2026-08-25
8131238,30,97,2026-08-25
8131242,30,200,2026-08-25
8131239,30,93,2026-08-25
8131243,30,81,2026-08-25
8139499,30,258,2026-08-25
8138938,30,33,2026-08-25
8138937,30,61,2026-08-25
8133251,30,35,2026-08-25
8139500,30,108,2026-08-25
8139501,30,158,2026-08-25
8139502,30,20,2026-08-25
8139503,30,148,2026-08-25
8036268,30,211,2026-08-25
8011713,30,78,2026-08-25
8141604,30,161,2026-08-25
8011712,30,72,2026-08-25
8026978,30,288,2026-08-25
8137534,30,49,2026-08-25
8003956,30,293,2026-08-25
6533142,30,54,2026-08-25
8133247,30,181,2026-08-25
8143150,30,204,2026-08-25
8143151,30,94,2026-08-25
8133177,30,171,2026-08-25
8133242,30,52,2026-08-25
8143082,30,243,2026-08-25
8143081,30,177,2026-08-25
8143083,30,207,2026-08-25
8133246,30,193,2026-08-25
8133241,30,98,2026-08-25
8133178,30,254,2026-08-25
8133243,30,270,2026-08-25
8133179,30,158,2026-08-25
8133244,30,226,2026-08-25
8133240,30,29,2026-08-25
8133245,30,23,2026-08-25
8019814,30,175,2026-08-25
8031371,30,50,2026-08-25
8133252,30,184,2026-08-25
8133253,30,191,2026-08-25
8130946,30,282,2026-08-25
8131598,30,169,2026-08-25
6310520,30,224,2026-08-25
8118977,30,257,2026-08-25
8014858,30,297,2026-08-25
8014859,30,188,2026-08-25
8013471,30,239,2026-08-25
6310519,30,142,2026-08-25
8142625,30,75,2026-08-25
8032576,30,81,2026-08-25
8142626,30,235,2026-08-25
8042051,30,218,2026-08-25
8042052,30,85,2026-08-25
8139488,30,295,2026-08-25
8139494,30,264,2026-08-25
8040806,30,63,2026-08-25
8031366,30,108,2026-08-25
8031363,30,40,2026-08-25
8142531,30,105,2026-08-25
8142535,30,28,2026-08-25
8138375,30,94,2026-08-25
8138377,30,106,2026-08-25
8042683,30,130,2026-08-25
8140506,30,176,2026-08-25
8042957,30,281,2026-08-25
8141677,30,212,2026-08-25
8129237,30,161,2026-08-25
8142065,30,259,2026-08-25
8129236,30,72,2026-08-25
8138376,30,151,2026-08-25
8140505,30,146,2026-08-25
8138374,30,77,2026-08-25
8141675,30,130,2026-08-25
8141676,30,243,2026-08-25
8142810,30,209,2026-08-25
8142809,30,41,2026-08-25
6301211,30,195,2026-08-25
6253701,30,89,2026-08-25
8017272,30,106,2026-08-25
8115159,30,49,2026-08-25
8130492,30,127,2026-08-25
8043460,30,214,2026-08-25
8043467,30,94,2026-08-25
8043472,30,140,2026-08-25
8043476,30,216,2026-08-25
9995592,30,182,2026-08-25
8043473,30,278,2026-08-25
8130491,30,50,2026-08-25
8143032,30,295,2026-08-25
9995584,30,63,2026-08-25
8143033,30,289,2026-08-25
8143034,30,28,2026-08-25
8043464,30,168,2026-08-25
8013955,30,75,2026-08-25
9996074,30,34,2026-08-25
8008961,30,277,2026-08-25
8008960,30,115,2026-08-25
8021909,30,153,2026-08-25
8021682,30,283,2026-08-25
8002038,30,85,2026-08-25
8121183,30,107,2026-08-25
8121184,30,179,2026-08-25
8121185,30,264,2026-08-25
8121186,30,236,2026-08-25
8121187,30,233,2026-08-25
8002036,30,114,2026-08-25
6030908,30,253,2026-08-25
6530375,30,51,2026-08-25
6030909,30,188,2026-08-25
8121188,30,239,2026-08-25
8002040,30,73,2026-08-25
8002046,30,84,2026-08-25
9996106,30,201,2026-08-25
8007612,30,260,2026-08-25
8136827,30,176,2026-08-25
8031065,30,76,2026-08-25
8027494,30,133,2026-08-25
8027493,30,35,2026-08-25
8136496,30,203,2026-08-25
8141588,30,243,2026-08-25
8020310,30,103,2026-08-25
8137716,30,189,2026-08-25
8020309,30,90,2026-08-25
8126350,30,133,2026-08-25
8020311,30,242,2026-08-25
8136826,30,169,2026-08-25
8122932,30,106,2026-08-25
8122933,30,102,2026-08-25
8032543,30,169,2026-08-25
8032478,30,212,2026-08-25
8032749,30,135,2026-08-25
8032877,30,288,2026-08-25
6030603,30,21,2026-08-25
6030604,30,201,2026-08-25
8127463,30,153,2026-08-25
8127462,30,214,2026-08-25
8016171,30,96,2026-08-25
8016181,30,292,2026-08-25
8116408,30,283,2026-08-25
8037139,30,61,2026-08-25
8038998,30,28,2026-08-25
9994362,30,213,2026-08-25
9999562,30,230,2026-08-25
8017227,30,202,2026-08-25
8029941,30,74,2026-08-25
8000927,30,271,2026-08-25
8042782,30,216,2026-08-25
8137945,30,212,2026-08-25
8037980,30,293,2026-08-25
8135908,30,173,2026-08-25
8138136,30,42,2026-08-25
8037986,30,177,2026-08-25
8042443,30,135,2026-08-25
8136622,30,228,2026-08-25
8136364,30,21,2026-08-25
8128759,30,129,2026-08-25
8137608,30,60,2026-08-25
8037983,30,104,2026-08-25
8037981,30,300,2026-08-25
8037985,30,158,2026-08-25
8037982,30,167,2026-08-25
8143137,30,96,2026-08-25
8128112,30,65,2026-08-25
8143003,30,154,2026-08-25
8143004,30,176,2026-08-25
8143005,30,198,2026-08-25
8043674,30,217,2026-08-25
8123939,30,133,2026-08-25
8018809,30,201,2026-08-25
8018810,30,160,2026-08-25
8038102,30,291,2026-08-25
8038101,30,101,2026-08-25
8137694,30,275,2026-08-25
8137695,30,284,2026-08-25
8137699,30,31,2026-08-25
8041890,30,82,2026-08-25
8131940,30,103,2026-08-25
8131941,30,200,2026-08-25
8131942,30,262,2026-08-25
8127633,30,82,2026-08-25
8127634,30,80,2026-08-25
8135879,30,187,2026-08-25
8116372,30,281,2026-08-25
8116373,30,206,2026-08-25
8127974,30,151,2026-08-25
8018702,30,161,2026-08-25
8033768,30,287,2026-08-25
8021078,30,76,2026-08-25
8021079,30,218,2026-08-25
8021072,30,222,2026-08-25
8021073,30,256,2026-08-25
8126045,30,236,2026-08-25
8018838,30,61,2026-08-25
8018839,30,275,2026-08-25
8027062,30,126,2026-08-25
8027063,30,119,2026-08-25
8019881,30,191,2026-08-25
8019879,30,57,2026-08-25
8019880,30,51,2026-08-25
8043676,30,260,2026-08-25
8141418,30,205,2026-08-25
8141419,30,235,2026-08-25
8141420,30,39,2026-08-25
8021080,30,91,2026-08-25
8033769,30,294,2026-08-25
8143007,30,56,2026-08-25
8137700,30,48,2026-08-25
8131943,30,87,2026-08-25
8116375,30,250,2026-08-25
8018706,30,269,2026-08-25
8009329,30,153,2026-08-25
8027067,30,256,2026-08-25
8019085,30,290,2026-08-25
8141421,30,105,2026-08-25
8131944,30,246,2026-08-25
8116374,30,284,2026-08-25
8143008,30,95,2026-08-25
8137701,30,25,2026-08-25
8127637,30,206,2026-08-25
8126071,30,100,2026-08-25
8019119,30,185,2026-08-25
8019882,30,70,2026-08-25
8038098,30,295,2026-08-25
8143009,30,93,2026-08-25
8131945,30,86,2026-08-25
8143000,30,278,2026-08-25
8143001,30,169,2026-08-25
8143002,30,142,2026-08-25
8043673,30,81,2026-08-25
8123938,30,164,2026-08-25
8018807,30,91,2026-08-25
8018808,30,248,2026-08-25
8038103,30,83,2026-08-25
8038100,30,165,2026-08-25
8137696,30,104,2026-08-25
8137697,30,252,2026-08-25
8137698,30,157,2026-08-25
8041889,30,117,2026-08-25
8129123,30,77,2026-08-25
8141415,30,70,2026-08-25
8141416,30,120,2026-08-25
8141417,30,192,2026-08-25
8131938,30,270,2026-08-25
8131937,30,89,2026-08-25
8131939,30,34,2026-08-25
8127635,30,242,2026-08-25
8127636,30,53,2026-08-25
8135880,30,195,2026-08-25
8116370,30,140,2026-08-25
8116371,30,119,2026-08-25
8127975,30,173,2026-08-25
8033767,30,201,2026-08-25
8021076,30,288,2026-08-25
8021077,30,127,2026-08-25
8021070,30,156,2026-08-25
8021071,30,264,2026-08-25
8043713,30,143,2026-08-25
8018836,30,117,2026-08-25
8018837,30,95,2026-08-25
8027059,30,209,2026-08-25
8027060,30,203,2026-08-25
8019878,30,26,2026-08-25
8019876,30,52,2026-08-25
8019877,30,33,2026-08-25
8018811,30,108,2026-08-25
8043675,30,35,2026-08-25
8017750,30,39,2026-08-25
8121676,30,198,2026-08-25
6530489,30,129,2026-08-25
8005208,30,249,2026-08-25
8012040,30,276,2026-08-25
6034656,30,281,2026-08-25
8003608,30,166,2026-08-25
6034655,30,30,2026-08-25
8021261,30,142,2026-08-25
8003610,30,282,2026-08-25
6030459,30,114,2026-08-25
6300056,30,298,2026-08-25
6034654,30,139,2026-08-25
8003606,30,66,2026-08-25
6030741,30,299,2026-08-25
8020572,30,160,2026-08-25
6034658,30,271,2026-08-25
6034659,30,233,2026-08-25
8129537,30,254,2026-08-25
8132404,30,86,2026-08-25
8124621,30,165,2026-08-25
8132398,30,208,2026-08-25
8126981,30,23,2026-08-25
8119586,30,271,2026-08-25
8126980,30,288,2026-08-25
8119587,30,58,2026-08-25
8143368,30,167,2026-08-25
8143353,30,273,2026-08-25
8143363,30,32,2026-08-25
8143369,30,203,2026-08-25
8143354,30,213,2026-08-25
8014490,30,183,2026-08-25
8143370,30,223,2026-08-25
8113247,30,189,2026-08-25
8043406,30,91,2026-08-25
8040288,30,21,2026-08-25
8040285,30,20,2026-08-25
8131828,30,139,2026-08-25
8113248,30,68,2026-08-25
8021889,30,113,2026-08-25
8021673,30,135,2026-08-25
8021736,30,196,2026-08-25
8021677,30,277,2026-08-25
6295354,30,42,2026-08-25
8020905,30,158,2026-08-25
8020138,30,150,2026-08-25
8041801,30,267,2026-08-25
8133695,30,39,2026-08-25
8113398,30,131,2026-08-25
8018532,30,103,2026-08-25
8018533,30,100,2026-08-25
8122591,30,67,2026-08-25
8122594,30,116,2026-08-25
8122590,30,57,2026-08-25
8122588,30,57,2026-08-25
8122595,30,252,2026-08-25
8122592,30,263,2026-08-25
8122589,30,114,2026-08-25
8122593,30,226,2026-08-25
8114239,30,230,2026-08-25
8017623,30,55,2026-08-25
8114238,30,149,2026-08-25
8114237,30,31,2026-08-25
8020324,30,155,2026-08-25
8114235,30,207,2026-08-25
8017622,30,286,2026-08-25
8114236,30,240,2026-08-25
8017625,30,22,2026-08-25
8035109,30,55,2026-08-25
8012960,30,142,2026-08-25
8012959,30,93,2026-08-25
8120826,30,218,2026-08-25
8120827,30,201,2026-08-25
8120828,30,44,2026-08-25
8120830,30,88,2026-08-25
8120831,30,297,2026-08-25
8120832,30,260,2026-08-25
8120833,30,214,2026-08-25
8113589,30,208,2026-08-25
8113591,30,188,2026-08-25
8113592,30,129,2026-08-25
8113590,30,20,2026-08-25
8112264,30,184,2026-08-25
8041057,30,274,2026-08-25
8041058,30,227,2026-08-25
8041059,30,146,2026-08-25
8041060,30,21,2026-08-25
8136668,30,103,2026-08-25
8041061,30,24,2026-08-25
8041062,30,245,2026-08-25
8041063,30,36,2026-08-25
8112265,30,218,2026-08-25
8041064,30,285,2026-08-25
8041065,30,148,2026-08-25
8041066,30,114,2026-08-25
8126720,30,105,2026-08-25
8041067,30,254,2026-08-25
8041068,30,46,2026-08-25
8041070,30,294,2026-08-25
8041071,30,25,2026-08-25
8041072,30,166,2026-08-25
8041073,30,144,2026-08-25
8041074,30,103,2026-08-25
8126718,30,269,2026-08-25
8041075,30,72,2026-08-25
8041076,30,32,2026-08-25
8041077,30,127,2026-08-25
8126719,30,24,2026-08-25
8041078,30,242,2026-08-25
8041079,30,250,2026-08-25
8041080,30,253,2026-08-25
8041081,30,186,2026-08-25
8041082,30,168,2026-08-25
8136670,30,206,2026-08-25
8136669,30,243,2026-08-25
8041085,30,99,2026-08-25
8041088,30,267,2026-08-25
8041090,30,145,2026-08-25
8126300,30,188,2026-08-25
8126295,30,233,2026-08-25
8126298,30,238,2026-08-25
8126297,30,188,2026-08-25
8126299,30,215,2026-08-25
8126296,30,118,2026-08-25
8126294,30,127,2026-08-25
8142567,30,188,2026-08-25
8142573,30,46,2026-08-25
8142565,30,163,2026-08-25
8142571,30,202,2026-08-25
8142566,30,250,2026-08-25
8142572,30,75,2026-08-25
8024167,30,82,2026-08-25
8142580,30,124,2026-08-25
6039265,30,24,2026-08-25
8142579,30,205,2026-08-25
8014438,30,34,2026-08-25
8014436,30,126,2026-08-25
6039266,30,31,2026-08-25
6039276,30,221,2026-08-25
6039277,30,145,2026-08-25
8017457,30,220,2026-08-25
8140361,30,44,2026-08-25
8140360,30,148,2026-08-25
8140362,30,185,2026-08-25
8003305,30,61,2026-08-25
8036433,30,80,2026-08-25
8036432,30,74,2026-08-25
8137397,30,149,2026-08-25
8116819,30,71,2026-08-25
8116820,30,166,2026-08-25
8116817,30,59,2026-08-25
8136979,30,152,2026-08-25
8116818,30,152,2026-08-25
8116821,30,45,2026-08-25
8116822,30,191,2026-08-25
8022321,30,65,2026-08-25
6300704,30,104,2026-08-25
8140358,30,51,2026-08-25
8140357,30,287,2026-08-25
8140359,30,52,2026-08-25
8121675,30,60,2026-08-25
8122177,30,229,2026-08-25
8122101,30,290,2026-08-25
6300702,30,273,2026-08-25
8110162,30,293,2026-08-25
8110161,30,48,2026-08-25
8110163,30,54,2026-08-25
8033110,30,249,2026-08-25
8042559,30,109,2026-08-25
8042557,30,101,2026-08-25
8042558,30,149,2026-08-25
8033109,30,152,2026-08-25
8042562,30,93,2026-08-25
8042563,30,266,2026-08-25
8042561,30,153,2026-08-25
8033111,30,41,2026-08-25
8036430,30,104,2026-08-25
8036419,30,290,2026-08-25
8036418,30,259,2026-08-25
8033107,30,260,2026-08-25
8042097,30,297,2026-08-25
8110361,30,64,2026-08-25
8140420,30,280,2026-08-25
8140423,30,115,2026-08-25
8140421,30,149,2026-08-25
8140422,30,39,2026-08-25
8120375,30,291,2026-08-25
8028976,30,280,2026-08-25
8119643,30,201,2026-08-25
8040930,30,60,2026-08-25
8028360,30,203,2026-08-25
8028363,30,204,2026-08-25
8028978,30,290,2026-08-25
8038777,30,194,2026-08-25
8028979,30,119,2026-08-25
6300703,30,107,2026-08-25
8043197,30,110,2026-08-25
8142564,30,188,2026-08-25
8142570,30,194,2026-08-25
8142562,30,23,2026-08-25
8142568,30,137,2026-08-25
8142563,30,206,2026-08-25
8142569,30,142,2026-08-25
8142581,30,30,2026-08-25
8014684,30,100,2026-08-25
8010683,30,171,2026-08-25
6039338,30,258,2026-08-25
6034202,30,61,2026-08-25
8010684,30,182,2026-08-25
8143040,30,253,2026-08-25
8128233,30,163,2026-08-25
8123164,30,298,2026-08-25
8038901,30,74,2026-08-25
8038902,30,89,2026-08-25
8038903,30,266,2026-08-25
8137603,30,32,2026-08-25
8137604,30,104,2026-08-25
8123163,30,145,2026-08-25
8024180,30,254,2026-08-25
8024175,30,159,2026-08-25
8036873,30,203,2026-08-25
8115899,30,22,2026-08-25
8115895,30,222,2026-08-25
8010529,30,171,2026-08-25
8116546,30,193,2026-08-25
8142157,30,103,2026-08-25
8111597,30,160,2026-08-25
8015912,30,102,2026-08-25
8015913,30,219,2026-08-25
8019983,30,255,2026-08-25
8131391,30,297,2026-08-25
8110754,30,203,2026-08-25
8013977,30,115,2026-08-25
8142674,30,233,2026-08-25
8120810,30,48,2026-08-25
8134947,30,151,2026-08-25
8033868,30,280,2026-08-25
8033869,30,243,2026-08-25
8033870,30,188,2026-08-25
8033871,30,281,2026-08-25
8134946,30,275,2026-08-25
8131151,30,171,2026-08-25
8033872,30,94,2026-08-25
8040046,30,121,2026-08-25
8027921,30,142,2026-08-25
8027923,30,70,2026-08-25
8013979,30,133,2026-08-25
8036023,30,52,2026-08-25
8040775,30,235,2026-08-25
8034927,30,272,2026-08-25
8112660,30,85,2026-08-25
8112661,30,147,2026-08-25
8126194,30,42,2026-08-25
8140481,30,244,2026-08-25
8127332,30,177,2026-08-25
8127333,30,68,2026-08-25
8110302,30,182,2026-08-25
8115898,30,218,2026-08-25
8036874,30,205,2026-08-25
8115893,30,72,2026-08-25
8140482,30,185,2026-08-25
8140483,30,273,2026-08-25
8038131,30,169,2026-08-25
6301013,30,268,2026-08-25
8012095,30,24,2026-08-25
8024176,30,160,2026-08-25
8037465,30,81,2026-08-25
8126192,30,240,2026-08-25
8032728,30,271,2026-08-25
6300034,30,192,2026-08-25
6310185,30,141,2026-08-25
8001373,30,268,2026-08-25
8001374,30,241,2026-08-25
8007186,30,250,2026-08-25
8018409,30,45,2026-08-25
8018410,30,297,2026-08-25
8026679,30,22,2026-08-25
8039879,30,55,2026-08-25
8123083,30,79,2026-08-25
8014323,30,178,2026-08-25
8010371,30,45,2026-08-25
8121178,30,222,2026-08-25
8022631,30,253,2026-08-25
8022632,30,139,2026-08-25
8127334,30,55,2026-08-25
8138492,30,193,2026-08-25
8138493,30,37,2026-08-25
8026681,30,30,2026-08-25
8128232,30,149,2026-08-25
8010377,30,117,2026-08-25
8111406,30,43,2026-08-25
8117762,30,136,2026-08-25
8117763,30,138,2026-08-25
8026682,30,162,2026-08-25
8023293,30,211,2026-08-25
8014324,30,62,2026-08-25
8141862,30,190,2026-08-25
8122142,30,31,2026-08-25
8038893,30,149,2026-08-25
8018847,30,83,2026-08-25
8018848,30,118,2026-08-25
8018849,30,249,2026-08-25
8140815,30,66,2026-08-25
8140822,30,72,2026-08-25
8140820,30,46,2026-08-25
8140318,30,30,2026-08-25
8140320,30,184,2026-08-25
8141103,30,36,2026-08-25
8141102,30,289,2026-08-25
8131010,30,248,2026-08-25
8136948,30,36,2026-08-25
8014661,30,85,2026-08-25
8022412,30,279,2026-08-25
8131004,30,242,2026-08-25
8133603,30,63,2026-08-25
8133604,30,228,2026-08-25
8022413,30,116,2026-08-25
8131008,30,243,2026-08-25
8137518,30,180,2026-08-25
8143929,30,23,2026-08-25
8137517,30,236,2026-08-25
8139673,30,272,2026-08-25
8013761,30,212,2026-08-25
8010452,30,168,2026-08-25
8131006,30,177,2026-08-25
8022415,30,219,2026-08-25
8131002,30,221,2026-08-25
8018491,30,228,2026-08-25
8140964,30,135,2026-08-25
8140610,30,76,2026-08-25
8140609,30,264,2026-08-25
6031309,30,141,2026-08-25
8025244,30,167,2026-08-25
8013940,30,86,2026-08-25
6031317,30,230,2026-08-25
8025245,30,96,2026-08-25
6031319,30,242,2026-08-25
8138310,30,206,2026-08-25
8138308,30,129,2026-08-25
8138307,30,84,2026-08-25
6031311,30,204,2026-08-25
6031320,30,50,2026-08-25
8004588,30,32,2026-08-25
6031321,30,121,2026-08-25
8138309,30,176,2026-08-25
8120857,30,126,2026-08-25
6031323,30,215,2026-08-25
6031316,30,168,2026-08-25
6310674,30,26,2026-08-25
6300747,30,267,2026-08-25
6300748,30,146,2026-08-25
8009947,30,107,2026-08-25
6031318,30,50,2026-08-25
6031325,30,123,2026-08-25
6031326,30,104,2026-08-25
6031327,30,227,2026-08-25
8020858,30,72,2026-08-25
6031312,30,249,2026-08-25
6031329,30,273,2026-08-25
6031330,30,70,2026-08-25
6031315,30,300,2026-08-25
6031331,30,171,2026-08-25
6031332,30,254,2026-08-25
6031313,30,153,2026-08-25
8029861,30,75,2026-08-25
8116785,30,288,2026-08-25
8116786,30,207,2026-08-25
8129104,30,249,2026-08-25
8129105,30,233,2026-08-25
8129101,30,296,2026-08-25
8129102,30,78,2026-08-25
8129103,30,209,2026-08-25
8129106,30,100,2026-08-25
8129107,30,232,2026-08-25
8129099,30,189,2026-08-25
8129100,30,75,2026-08-25
8020243,30,119,2026-08-25
8020417,30,25,2026-08-25
8017274,30,64,2026-08-25
8017245,30,220,2026-08-25
8115766,30,61,2026-08-25
8118980,30,250,2026-08-25
8038979,30,230,2026-08-25
8129360,30,245,2026-08-25
8124282,30,240,2026-08-25
8041568,30,193,2026-08-25
8120667,30,250,2026-08-25
8124419,30,112,2026-08-25
8123610,30,263,2026-08-25
8136872,30,174,2026-08-25
8123609,30,151,2026-08-25
8119713,30,50,2026-08-25
8135907,30,296,2026-08-25
8143217,30,204,2026-08-25
8113932,30,161,2026-08-25
8039424,30,222,2026-08-25
8039425,30,207,2026-08-25
8110853,30,220,2026-08-25
8130891,30,57,2026-08-25
8116924,30,137,2026-08-25
8110854,30,267,2026-08-25
8143218,30,20,2026-08-25
8122998,30,71,2026-08-25
8135904,30,171,2026-08-25
8141120,30,254,2026-08-25
8135906,30,57,2026-08-25
8135905,30,101,2026-08-25
8040269,30,108,2026-08-25
8040271,30,32,2026-08-25
8040272,30,46,2026-08-25
8040270,30,295,2026-08-25
8116925,30,264,2026-08-25
8113933,30,226,2026-08-25
8130181,30,141,2026-08-25
8121717,30,99,2026-08-25
8038980,30,170,2026-08-25
8041569,30,164,2026-08-25
8039048,30,254,2026-08-25
8126666,30,58,2026-08-25
8038978,30,169,2026-08-25
8038982,30,228,2026-08-25
8139726,30,77,2026-08-25
8040821,30,93,2026-08-25
8040822,30,49,2026-08-25
8135383,30,278,2026-08-25
8135990,30,122,2026-08-25
8134682,30,254,2026-08-25
8112368,30,23,2026-08-25
8033072,30,24,2026-08-25
8033887,30,123,2026-08-25
8125012,30,89,2026-08-25
8125011,30,267,2026-08-25
8125010,30,226,2026-08-25
8009404,30,98,2026-08-25
6033152,30,205,2026-08-25
6033150,30,59,2026-08-25
8007485,30,116,2026-08-25
6033164,30,240,2026-08-25
8000854,30,261,2026-08-25
6033153,30,181,2026-08-25
8023670,30,295,2026-08-25
8011458,30,293,2026-08-25
8009405,30,182,2026-08-25
8005294,30,291,2026-08-25
8005299,30,102,2026-08-25
8005296,30,54,2026-08-25
6301940,30,152,2026-08-25
6301941,30,271,2026-08-25
6301942,30,299,2026-08-25
6301943,30,22,2026-08-25
6301944,30,143,2026-08-25
6301945,30,199,2026-08-25
6301946,30,200,2026-08-25
8005297,30,137,2026-08-25
6301947,30,284,2026-08-25
6301948,30,111,2026-08-25
6301949,30,212,2026-08-25
6301950,30,216,2026-08-25
6301951,30,260,2026-08-25
6301952,30,134,2026-08-25
6301955,30,172,2026-08-25
6301953,30,109,2026-08-25
6301954,30,45,2026-08-25
6301956,30,82,2026-08-25
8005298,30,60,2026-08-25
8005295,30,274,2026-08-25
6301957,30,118,2026-08-25
6310180,30,264,2026-08-25
8001253,30,221,2026-08-25
8010461,30,280,2026-08-25
8010462,30,251,2026-08-25
8121608,30,282,2026-08-25
8109815,30,255,2026-08-25
8109837,30,91,2026-08-25
8109816,30,99,2026-08-25
8109817,30,228,2026-08-25
8109818,30,116,2026-08-25
8109819,30,32,2026-08-25
8109820,30,124,2026-08-25
8109822,30,234,2026-08-25
8109825,30,208,2026-08-25
8109828,30,295,2026-08-25
8109829,30,155,2026-08-25
8109830,30,118,2026-08-25
8109831,30,90,2026-08-25
8109832,30,168,2026-08-25
8109833,30,101,2026-08-25
8109834,30,285,2026-08-25
8109835,30,168,2026-08-25
8109836,30,278,2026-08-25
8121609,30,123,2026-08-25
8121607,30,45,2026-08-25
8004371,30,182,2026-08-25
8004372,30,216,2026-08-25
8004373,30,101,2026-08-25
6310648,30,78,2026-08-25
6310650,30,236,2026-08-25
6310651,30,119,2026-08-25
6310652,30,199,2026-08-25
6310653,30,84,2026-08-25
6310654,30,80,2026-08-25
6310655,30,38,2026-08-25
8007387,30,95,2026-08-25
6310656,30,188,2026-08-25
6310657,30,175,2026-08-25
6310658,30,198,2026-08-25
6310659,30,224,2026-08-25
6310660,30,98,2026-08-25
6310661,30,142,2026-08-25
6310662,30,153,2026-08-25
6310663,30,61,2026-08-25
6310664,30,280,2026-08-25
6310665,30,175,2026-08-25
8007388,30,257,2026-08-25
8007389,30,44,2026-08-25
6310649,30,136,2026-08-25
8134932,30,208,2026-08-25
8134933,30,190,2026-08-25
8134934,30,274,2026-08-25
8134935,30,173,2026-08-25
8134943,30,185,2026-08-25
8134936,30,230,2026-08-25
8134939,30,167,2026-08-25
8134941,30,88,2026-08-25
8134937,30,267,2026-08-25
8134940,30,212,2026-08-25
8134942,30,103,2026-08-25
8134938,30,111,2026-08-25
8004741,30,79,2026-08-25
8039157,30,35,2026-08-25
8039154,30,35,2026-08-25
8039158,30,156,2026-08-25
8039156,30,215,2026-08-25
6310181,30,226,2026-08-25
8116187,30,127,2026-08-25
8116204,30,41,2026-08-25
8116188,30,252,2026-08-25
8116189,30,95,2026-08-25
8116190,30,213,2026-08-25
8116191,30,195,2026-08-25
8116192,30,194,2026-08-25
8116193,30,83,2026-08-25
8116194,30,264,2026-08-25
8116195,30,200,2026-08-25
8116196,30,270,2026-08-25
8116197,30,47,2026-08-25
8116198,30,251,2026-08-25
8116199,30,296,2026-08-25
8116200,30,26,2026-08-25
8116201,30,62,2026-08-25
8116202,30,245,2026-08-25
8116203,30,83,2026-08-25
8033645,30,105,2026-08-25
8034877,30,126,2026-08-25
8139914,30,76,2026-08-25
8139913,30,126,2026-08-25
8142940,30,249,2026-08-25
8139909,30,284,2026-08-25
8139908,30,196,2026-08-25
8139907,30,37,2026-08-25
8139904,30,80,2026-08-25
8139905,30,296,2026-08-25
8139911,30,150,2026-08-25
8142454,30,65,2026-08-25
8039671,30,241,2026-08-25
8034874,30,119,2026-08-25
8034876,30,147,2026-08-25
8141909,30,97,2026-08-25
8034860,30,215,2026-08-25
8034870,30,155,2026-08-25
8112083,30,99,2026-08-25
8139917,30,286,2026-08-25
8139919,30,235,2026-08-25
8142941,30,108,2026-08-25
8139915,30,228,2026-08-25
8139918,30,118,2026-08-25
8139912,30,201,2026-08-25
8033635,30,214,2026-08-25
8139921,30,81,2026-08-25
8143425,30,37,2026-08-25
8139924,30,49,2026-08-25
8141911,30,171,2026-08-25
8119612,30,294,2026-08-25
8118055,30,181,2026-08-25
8118791,30,116,2026-08-25
8130962,30,134,2026-08-25
8130961,30,104,2026-08-25
8130963,30,41,2026-08-25
6301437,30,123,2026-08-25
6301438,30,279,2026-08-25
6301439,30,68,2026-08-25
8130965,30,160,2026-08-25
8130964,30,265,2026-08-25
8140808,30,230,2026-08-25
8140805,30,177,2026-08-25
8140809,30,187,2026-08-25
6033532,30,260,2026-08-25
8130960,30,203,2026-08-25
6030372,30,146,2026-08-25
8021433,30,296,2026-08-25
8021639,30,72,2026-08-25
8040762,30,215,2026-08-25
8040763,30,65,2026-08-25
8039019,30,185,2026-08-25
8031893,30,290,2026-08-25
8031894,30,178,2026-08-25
8035838,30,87,2026-08-25
8031895,30,286,2026-08-25
8031896,30,257,2026-08-25
8032971,30,270,2026-08-25
8127438,30,268,2026-08-25
8127454,30,172,2026-08-25
8127453,30,243,2026-08-25
8003130,30,92,2026-08-25
8023136,30,250,2026-08-25
6530669,30,108,2026-08-25
1160,30,65,2026-08-25
1159,30,204,2026-08-25
8015076,30,225,2026-08-25
8015084,30,174,2026-08-25
8030188,30,216,2026-08-25
8015085,30,132,2026-08-25
8011011,30,119,2026-08-25
8022623,30,37,2026-08-25
9994894,30,40,2026-08-25
8009279,30,256,2026-08-25
8011919,30,252,2026-08-25
8011920,30,27,2026-08-25
8022625,30,96,2026-08-25
8022624,30,37,2026-08-25
8024336,30,143,2026-08-25
8009277,30,266,2026-08-25
8021412,30,35,2026-08-25
8129640,30,256,2026-08-25
8126990,30,173,2026-08-25
8124728,30,254,2026-08-25
8134083,30,35,2026-08-25
8029438,30,209,2026-08-25
8126985,30,97,2026-08-25
8113505,30,208,2026-08-25
8110470,30,298,2026-08-25
8140119,30,162,2026-08-25
8134699,30,97,2026-08-25
8140155,30,258,2026-08-25
8041510,30,46,2026-08-25
8138125,30,216,2026-08-25
8126997,30,48,2026-08-25
8041512,30,281,2026-08-25
8132406,30,132,2026-08-25
8126996,30,86,2026-08-25
8140128,30,32,2026-08-25
8138115,30,193,2026-08-25
8138113,30,268,2026-08-25
8138116,30,150,2026-08-25
8138112,30,148,2026-08-25
8138114,30,210,2026-08-25
8119584,30,108,2026-08-25
8041511,30,52,2026-08-25
8041686,30,238,2026-08-25
8126978,30,148,2026-08-25
8039656,30,199,2026-08-25
8039208,30,137,2026-08-25
8039209,30,144,2026-08-25
8142511,30,286,2026-08-25
8142512,30,89,2026-08-25
8031054,30,87,2026-08-25
8031055,30,189,2026-08-25
8110772,30,279,2026-08-25
8110758,30,110,2026-08-25
8138710,30,140,2026-08-25
8131205,30,206,2026-08-25
8110765,30,264,2026-08-25
8119021,30,227,2026-08-25
8128694,30,234,2026-08-25
8128697,30,262,2026-08-25
8135017,30,253,2026-08-25
8034693,30,228,2026-08-25
8035140,30,115,2026-08-25
8035141,30,203,2026-08-25
8031025,30,292,2026-08-25
8031026,30,39,2026-08-25
8124056,30,29,2026-08-25
8136530,30,40,2026-08-25
8136529,30,141,2026-08-25
8136533,30,118,2026-08-25
8142513,30,247,2026-08-25
8114216,30,160,2026-08-25
8125079,30,204,2026-08-25
8129690,30,270,2026-08-25
8125078,30,172,2026-08-25
8136528,30,139,2026-08-25
8125077,30,291,2026-08-25
8031050,30,91,2026-08-25
8131206,30,66,2026-08-25
8037204,30,73,2026-08-25
8041744,30,220,2026-08-25
8138709,30,71,2026-08-25
8131203,30,24,2026-08-25
8037201,30,78,2026-08-25
8119020,30,92,2026-08-25
8039207,30,56,2026-08-25
8039206,30,147,2026-08-25
8039204,30,183,2026-08-25
8142509,30,191,2026-08-25
8142510,30,151,2026-08-25
8031052,30,187,2026-08-25
8031053,30,267,2026-08-25
8110769,30,56,2026-08-25
8110757,30,194,2026-08-25
8138711,30,232,2026-08-25
8110755,30,135,2026-08-25
8122506,30,180,2026-08-25
8131204,30,35,2026-08-25
8110764,30,126,2026-08-25
8119019,30,194,2026-08-25
8128696,30,89,2026-08-25
8128695,30,208,2026-08-25
8135018,30,261,2026-08-25
8034692,30,129,2026-08-25
8035139,30,159,2026-08-25
8035142,30,40,2026-08-25
8031022,30,275,2026-08-25
8031023,30,233,2026-08-25
8136531,30,48,2026-08-25
8136331,30,34,2026-08-25
8136532,30,131,2026-08-25
8143634,30,230,2026-08-25
8002736,30,203,2026-08-25
6030823,30,92,2026-08-25
6530447,30,208,2026-08-25
6030820,30,85,2026-08-25
6530440,30,70,2026-08-25
6530442,30,163,2026-08-25
6530422,30,242,2026-08-25
6530429,30,29,2026-08-25
6530441,30,148,2026-08-25
6530450,30,293,2026-08-25
8019333,30,273,2026-08-25
8032696,30,264,2026-08-25
8008206,30,267,2026-08-25
8032695,30,103,2026-08-25
8032694,30,100,2026-08-25
8032699,30,239,2026-08-25
6530432,30,162,2026-08-25
8032692,30,212,2026-08-25
6530437,30,64,2026-08-25
8032697,30,76,2026-08-25
6530430,30,183,2026-08-25
8032693,30,97,2026-08-25
8032698,30,185,2026-08-25
6530438,30,187,2026-08-25
6530443,30,251,2026-08-25
6530423,30,292,2026-08-25
6530424,30,101,2026-08-25
6530425,30,203,2026-08-25
6530428,30,196,2026-08-25
8016604,30,250,2026-08-25
8015294,30,28,2026-08-25
8015290,30,91,2026-08-25
8016602,30,63,2026-08-25
8015292,30,26,2026-08-25
8015293,30,226,2026-08-25
8015297,30,153,2026-08-25
8015299,30,80,2026-08-25
8129675,30,195,2026-08-25
8015295,30,140,2026-08-25
8015298,30,60,2026-08-25
8129674,30,280,2026-08-25
8129676,30,151,2026-08-25
8015296,30,244,2026-08-25
8015305,30,130,2026-08-25
8015304,30,168,2026-08-25
8028113,30,77,2026-08-25
8015308,30,300,2026-08-25
8017300,30,181,2026-08-25
8133723,30,50,2026-08-25
8015306,30,42,2026-08-25
8017299,30,246,2026-08-25
8133721,30,293,2026-08-25
8123517,30,243,2026-08-25
8133724,30,290,2026-08-25
8015307,30,109,2026-08-25
6530421,30,123,2026-08-25
6530414,30,121,2026-08-25
6530416,30,257,2026-08-25
6530412,30,62,2026-08-25
6030805,30,265,2026-08-25
6300896,30,223,2026-08-25
6300898,30,91,2026-08-25
8123952,30,93,2026-08-25
8017013,30,267,2026-08-25
8017012,30,300,2026-08-25
8129629,30,130,2026-08-25
8135552,30,223,2026-08-25
9991084,30,161,2026-08-25
5993,30,22,2026-08-25
8017296,30,47,2026-08-25
8039969,30,149,2026-08-25
8138861,30,256,2026-08-25
8138862,30,100,2026-08-25
8121047,30,111,2026-08-25
8138860,30,224,2026-08-25
8138863,30,123,2026-08-25
8138859,30,185,2026-08-25
8039961,30,176,2026-08-25
6302066,30,56,2026-08-25
8138849,30,148,2026-08-25
8138846,30,156,2026-08-25
8138847,30,59,2026-08-25
8111425,30,81,2026-08-25
8138848,30,95,2026-08-25
8039964,30,185,2026-08-25
8138845,30,105,2026-08-25
8138850,30,262,2026-08-25
8138851,30,149,2026-08-25
8138852,30,273,2026-08-25
8140143,30,291,2026-08-25
8138855,30,287,2026-08-25
8138854,30,257,2026-08-25
8138853,30,156,2026-08-25
8109485,30,43,2026-08-25
8138857,30,261,2026-08-25
8138858,30,184,2026-08-25
8138856,30,162,2026-08-25
8138864,30,215,2026-08-25
8028184,30,284,2026-08-25
6296200,30,24,2026-08-25
8038732,30,77,2026-08-25
8142633,30,224,2026-08-25
8142632,30,297,2026-08-25
8142631,30,277,2026-08-25
8139365,30,299,2026-08-25
8139364,30,58,2026-08-25
8139363,30,258,2026-08-25
8117786,30,152,2026-08-25
8111852,30,205,2026-08-25
8128506,30,93,2026-08-25
8037235,30,160,2026-08-25
8128507,30,267,2026-08-25
8136040,30,241,2026-08-25
8136041,30,62,2026-08-25
8131870,30,161,2026-08-25
8131869,30,123,2026-08-25
8133441,30,67,2026-08-25
8037244,30,181,2026-08-25
8040150,30,132,2026-08-25
8040151,30,161,2026-08-25
8141422,30,178,2026-08-25
8128508,30,179,2026-08-25
8121638,30,125,2026-08-25
8142379,30,135,2026-08-25
8021446,30,82,2026-08-25
8021448,30,120,2026-08-25
8021657,30,257,2026-08-25
8121352,30,292,2026-08-25
8121353,30,125,2026-08-25
8121350,30,266,2026-08-25
8121351,30,219,2026-08-25
8121355,30,147,2026-08-25
8121354,30,69,2026-08-25
8020821,30,136,2026-08-25
8010986,30,254,2026-08-25
8010987,30,88,2026-08-25
8018718,30,155,2026-08-25
8010988,30,186,2026-08-25
8010989,30,99,2026-08-25
8013369,30,117,2026-08-25
8010969,30,212,2026-08-25
8010970,30,125,2026-08-25
8010971,30,238,2026-08-25
8010963,30,269,2026-08-25
8010964,30,70,2026-08-25
8034271,30,28,2026-08-25
8026109,30,20,2026-08-25
8010994,30,273,2026-08-25
8010993,30,111,2026-08-25
8010981,30,76,2026-08-25
8010982,30,59,2026-08-25
8010983,30,64,2026-08-25
8010992,30,202,2026-08-25
8010990,30,163,2026-08-25
8010991,30,43,2026-08-25
8010960,30,230,2026-08-25
8010962,30,117,2026-08-25
8015846,30,172,2026-08-25
8015847,30,57,2026-08-25
8010984,30,220,2026-08-25
8010985,30,139,2026-08-25
8018924,30,191,2026-08-25
8011004,30,222,2026-08-25
8011005,30,241,2026-08-25
8011006,30,213,2026-08-25
8011007,30,115,2026-08-25
8010975,30,227,2026-08-25
8010976,30,57,2026-08-25
8010977,30,23,2026-08-25
8010972,30,124,2026-08-25
8010973,30,296,2026-08-25
8010974,30,29,2026-08-25
8010978,30,270,2026-08-25
8010979,30,160,2026-08-25
8010980,30,48,2026-08-25
8010995,30,69,2026-08-25
8010997,30,101,2026-08-25
8010996,30,169,2026-08-25
8010998,30,275,2026-08-25
8011000,30,282,2026-08-25
8010999,30,122,2026-08-25
8011001,30,138,2026-08-25
8011003,30,172,2026-08-25
8011002,30,91,2026-08-25
8010966,30,171,2026-08-25
8010967,30,103,2026-08-25
8010968,30,206,2026-08-25
8010957,30,230,2026-08-25
8037075,30,138,2026-08-25
8112234,30,206,2026-08-25
8118070,30,52,2026-08-25
8133943,30,142,2026-08-25
8114518,30,70,2026-08-25
8034413,30,222,2026-08-25
8126725,30,171,2026-08-25
8028679,30,128,2026-08-25
8131172,30,295,2026-08-25
8131136,30,113,2026-08-25
8131137,30,221,2026-08-25
8131731,30,283,2026-08-25
8135128,30,188,2026-08-25
8131134,30,234,2026-08-25
8131135,30,270,2026-08-25
8143982,30,234,2026-08-25
8142958,30,256,2026-08-25
8142957,30,294,2026-08-25
8028709,30,32,2026-08-25
8133696,30,176,2026-08-25
8118300,30,294,2026-08-25
8020538,30,257,2026-08-25
8028675,30,165,2026-08-25
8020537,30,84,2026-08-25
8024468,30,289,2026-08-25
8143981,30,126,2026-08-25
8118696,30,30,2026-08-25
8118697,30,110,2026-08-25
8118699,30,251,2026-08-25
8021001,30,56,2026-08-25
8123635,30,41,2026-08-25
8038371,30,113,2026-08-25
8020046,30,224,2026-08-25
8032286,30,158,2026-08-25
8139585,30,39,2026-08-25
8038373,30,66,2026-08-25
8020043,30,77,2026-08-25
8038372,30,284,2026-08-25
8139593,30,194,2026-08-25
8041169,30,278,2026-08-25
8041168,30,150,2026-08-25
8129247,30,23,2026-08-25
8126088,30,110,2026-08-25
8126089,30,98,2026-08-25
8125753,30,192,2026-08-25
8140965,30,98,2026-08-25
8011414,30,221,2026-08-25
8011412,30,67,2026-08-25
8011416,30,180,2026-08-25
6034531,30,61,2026-08-25
8011413,30,176,2026-08-25
8019429,30,86,2026-08-25
8031907,30,254,2026-08-25
8016945,30,253,2026-08-25
8016943,30,152,2026-08-25
8127377,30,99,2026-08-25
8127255,30,205,2026-08-25
8127254,30,185,2026-08-25
8024682,30,207,2026-08-25
6533126,30,46,2026-08-25
6533128,30,239,2026-08-25
8009700,30,190,2026-08-25
8010797,30,209,2026-08-25
8013427,30,101,2026-08-25
8013428,30,21,2026-08-25
8013484,30,177,2026-08-25
8013426,30,267,2026-08-25
6039226,30,25,2026-08-25
8125754,30,262,2026-08-25
8016951,30,48,2026-08-25
8129245,30,63,2026-08-25
8129244,30,197,2026-08-25
8126080,30,121,2026-08-25
8126081,30,277,2026-08-25
8019430,30,210,2026-08-25
8131738,30,29,2026-08-25
8016952,30,287,2026-08-25
8016950,30,181,2026-08-25
8138906,30,295,2026-08-25
8016948,30,241,2026-08-25
8016949,30,208,2026-08-25
8142811,30,59,2026-08-25
8142812,30,144,2026-08-25
8041010,30,208,2026-08-25
8041011,30,167,2026-08-25
8134552,30,289,2026-08-25
8021374,30,124,2026-08-25
8021373,30,95,2026-08-25
8140354,30,186,2026-08-25
8011046,30,180,2026-08-25
8016099,30,173,2026-08-25
8016097,30,269,2026-08-25
8011043,30,77,2026-08-25
8016101,30,194,2026-08-25
8016100,30,201,2026-08-25
8043389,30,246,2026-08-25
8043387,30,209,2026-08-25
8031374,30,189,2026-08-25
8031373,30,186,2026-08-25
8120432,30,131,2026-08-25
8109262,30,152,2026-08-25
8128420,30,191,2026-08-25
8138832,30,51,2026-08-25
8128418,30,211,2026-08-25
8017037,30,47,2026-08-25
8017038,30,282,2026-08-25
8128419,30,97,2026-08-25
8138274,30,173,2026-08-25
8128421,30,181,2026-08-25
8017036,30,161,2026-08-25
8128417,30,148,2026-08-25
8009104,30,182,2026-08-25
8129914,30,258,2026-08-25
8129915,30,238,2026-08-25
8133417,30,54,2026-08-25
8129920,30,300,2026-08-25
8138276,30,183,2026-08-25
8140352,30,35,2026-08-25
8117181,30,279,2026-08-25
8017015,30,89,2026-08-25
8129913,30,103,2026-08-25
8138275,30,170,2026-08-25
8003426,30,83,2026-08-25
8131660,30,76,2026-08-25
8131658,30,62,2026-08-25
8111593,30,280,2026-08-25
8131656,30,122,2026-08-25
8111592,30,165,2026-08-25
8131657,30,192,2026-08-25
8131655,30,35,2026-08-25
8131659,30,115,2026-08-25
8017052,30,67,2026-08-25
8017053,30,267,2026-08-25
8043098,30,106,2026-08-25
8043097,30,263,2026-08-25
8043095,30,23,2026-08-25
8043100,30,196,2026-08-25
8131670,30,80,2026-08-25
8131661,30,204,2026-08-25
8131662,30,174,2026-08-25
8017055,30,211,2026-08-25
8131671,30,187,2026-08-25
6302023,30,57,2026-08-25
9998758,30,262,2026-08-25
9998528,30,226,2026-08-25
8141924,30,285,2026-08-25
8141925,30,37,2026-08-25
8141926,30,39,2026-08-25
8141934,30,65,2026-08-25
8141935,30,156,2026-08-25
8141930,30,244,2026-08-25
8141936,30,25,2026-08-25
8141921,30,79,2026-08-25
8141922,30,168,2026-08-25
8141923,30,212,2026-08-25
8141937,30,91,2026-08-25
8142943,30,116,2026-08-25
8141938,30,65,2026-08-25
8001461,30,294,2026-08-25
8021808,30,125,2026-08-25
8001463,30,85,2026-08-25
8021807,30,100,2026-08-25
8136709,30,173,2026-08-25
8001462,30,82,2026-08-25
8021809,30,172,2026-08-25
8136708,30,219,2026-08-25
8002123,30,142,2026-08-25
8002122,30,274,2026-08-25
8040691,30,133,2026-08-25
8040704,30,244,2026-08-25
6298019,30,255,2026-08-25
9997142,30,130,2026-08-25
8137403,30,95,2026-08-25
8137405,30,292,2026-08-25
8137398,30,230,2026-08-25
8137399,30,75,2026-08-25
8137402,30,196,2026-08-25
8137406,30,225,2026-08-25
8137401,30,105,2026-08-25
8137400,30,71,2026-08-25
8111768,30,42,2026-08-25
8111773,30,116,2026-08-25
8111771,30,38,2026-08-25
8115953,30,183,2026-08-25
6223603,30,149,2026-08-25
6223601,30,287,2026-08-25
6223602,30,54,2026-08-25
8002838,30,262,2026-08-25
6231635,30,58,2026-08-25
6223606,30,35,2026-08-25
6231633,30,250,2026-08-25
6223604,30,176,2026-08-25
6231634,30,155,2026-08-25
6223605,30,58,2026-08-25
8139944,30,270,2026-08-25
8139943,30,293,2026-08-25
8139941,30,124,2026-08-25
8126016,30,178,2026-08-25
8126019,30,94,2026-08-25
8135714,30,132,2026-08-25
8132325,30,293,2026-08-25
8139507,30,44,2026-08-25
8004609,30,83,2026-08-25
8040816,30,92,2026-08-25
8004610,30,202,2026-08-25
8034137,30,197,2026-08-25
8141787,30,300,2026-08-25
8004612,30,140,2026-08-25
8034138,30,269,2026-08-25
8004611,30,164,2026-08-25
8139509,30,54,2026-08-25
8004616,30,150,2026-08-25
8141786,30,280,2026-08-25
8019667,30,291,2026-08-25
8004629,30,156,2026-08-25
8011211,30,228,2026-08-25
8030377,30,95,2026-08-25
8025593,30,166,2026-08-25
8130971,30,224,2026-08-25
8129795,30,202,2026-08-25
8130975,30,33,2026-08-25
8130976,30,56,2026-08-25
8130977,30,137,2026-08-25
8142880,30,51,2026-08-25
8142881,30,276,2026-08-25
8004615,30,216,2026-08-25
8011209,30,23,2026-08-25
8136564,30,283,2026-08-25
8038944,30,152,2026-08-25
8038943,30,272,2026-08-25
8004617,30,132,2026-08-25
8139508,30,244,2026-08-25
8027652,30,143,2026-08-25
8005333,30,140,2026-08-25
8115583,30,168,2026-08-25
8017424,30,117,2026-08-25
8039806,30,42,2026-08-25
8039805,30,181,2026-08-25
8038941,30,165,2026-08-25
8004619,30,139,2026-08-25
8041926,30,279,2026-08-25
8041928,30,287,2026-08-25
8133568,30,88,2026-08-25
8013025,30,51,2026-08-25
8013026,30,159,2026-08-25
8126316,30,113,2026-08-25
8026845,30,138,2026-08-25
8038945,30,289,2026-08-25
8041929,30,21,2026-08-25
8129796,30,153,2026-08-25
8029098,30,169,2026-08-25
8113610,30,27,2026-08-25
8135712,30,55,2026-08-25
8135713,30,193,2026-08-25
8135709,30,109,2026-08-25
8135710,30,165,2026-08-25
8135708,30,156,2026-08-25
8133566,30,93,2026-08-25
8142882,30,250,2026-08-25
8133567,30,31,2026-08-25
8139510,30,273,2026-08-25
8009755,30,146,2026-08-25
8027650,30,270,2026-08-25
8004634,30,92,2026-08-25
8025264,30,252,2026-08-25
8137835,30,220,2026-08-25
8137834,30,140,2026-08-25
8128396,30,90,2026-08-25
8117360,30,63,2026-08-25
8004630,30,288,2026-08-25
8038942,30,180,2026-08-25
8020597,30,160,2026-08-25
8015038,30,33,2026-08-25
8015037,30,57,2026-08-25
8019665,30,69,2026-08-25
8004624,30,193,2026-08-25
8004626,30,46,2026-08-25
8028083,30,137,2026-08-25
8026846,30,206,2026-08-25
8143035,30,170,2026-08-25
8004627,30,253,2026-08-25
8005524,30,218,2026-08-25
8012581,30,229,2026-08-25
8027647,30,292,2026-08-25
8027648,30,220,2026-08-25
8131956,30,63,2026-08-25
8038946,30,143,2026-08-25
8007604,30,26,2026-08-25
8008288,30,176,2026-08-25
8007296,30,22,2026-08-25
8131233,30,20,2026-08-25
8020656,30,112,2026-08-25
8140741,30,79,2026-08-25
8140739,30,158,2026-08-25
8140740,30,202,2026-08-25
8140742,30,193,2026-08-25
8140738,30,205,2026-08-25
8140743,30,217,2026-08-25
8134086,30,297,2026-08-25
9999348,30,265,2026-08-25
9998705,30,211,2026-08-25
9998711,30,114,2026-08-25
8016599,30,294,2026-08-25
9998717,30,97,2026-08-25
8133891,30,69,2026-08-25
8133893,30,205,2026-08-25
8014560,30,257,2026-08-25
8026726,30,257,2026-08-25
8035977,30,70,2026-08-25
9998702,30,121,2026-08-25
8031273,30,56,2026-08-25
8016594,30,22,2026-08-25
8026718,30,81,2026-08-25
8031274,30,62,2026-08-25
8042435,30,64,2026-08-25
8116572,30,252,2026-08-25
8126492,30,63,2026-08-25
8041354,30,267,2026-08-25
8041350,30,169,2026-08-25
8133298,30,223,2026-08-25
8133299,30,174,2026-08-25
8136518,30,274,2026-08-25
8136517,30,104,2026-08-25
8136516,30,198,2026-08-25
8039051,30,55,2026-08-25
8039050,30,197,2026-08-25
8042433,30,175,2026-08-25
8042432,30,157,2026-08-25
8037132,30,65,2026-08-25
8037116,30,266,2026-08-25
8119333,30,126,2026-08-25
8119334,30,282,2026-08-25
8116571,30,284,2026-08-25
8116570,30,63,2026-08-25
8126082,30,50,2026-08-25
8126083,30,75,2026-08-25
8037117,30,190,2026-08-25
8037114,30,164,2026-08-25
8037109,30,148,2026-08-25
8037110,30,212,2026-08-25
8037106,30,274,2026-08-25
8037105,30,169,2026-08-25
8142049,30,54,2026-08-25
8142052,30,205,2026-08-25
8142053,30,82,2026-08-25
8139711,30,148,2026-08-25
8139712,30,76,2026-08-25
8139713,30,115,2026-08-25
8139715,30,203,2026-08-25
8140035,30,162,2026-08-25
8139716,30,218,2026-08-25
8139717,30,72,2026-08-25
8143355,30,223,2026-08-25
8143364,30,289,2026-08-25
8143371,30,233,2026-08-25
8143365,30,294,2026-08-25
8143356,30,33,2026-08-25
8143372,30,74,2026-08-25
8143366,30,106,2026-08-25
8029418,30,245,2026-08-25
8029419,30,240,2026-08-25
8039647,30,210,2026-08-25
8142698,30,64,2026-08-25
8132117,30,107,2026-08-25
8121246,30,59,2026-08-25
8028594,30,164,2026-08-25
8028473,30,224,2026-08-25
8141342,30,139,2026-08-25
8141340,30,93,2026-08-25
8141339,30,145,2026-08-25
8141336,30,139,2026-08-25
8034852,30,32,2026-08-25
8034851,30,182,2026-08-25
8034853,30,204,2026-08-25
8024464,30,168,2026-08-25
8024465,30,207,2026-08-25
8024466,30,113,2026-08-25
8116154,30,131,2026-08-25
6034514,30,26,2026-08-25
8016373,30,84,2026-08-25
6300513,30,184,2026-08-25
6034511,30,170,2026-08-25
6030340,30,208,2026-08-25
8041362,30,163,2026-08-25
8139619,30,36,2026-08-25
8139615,30,134,2026-08-25
8139620,30,247,2026-08-25
8033822,30,193,2026-08-25
8033824,30,89,2026-08-25
8036383,30,121,2026-08-25
8033817,30,137,2026-08-25
8139600,30,153,2026-08-25
8041366,30,146,2026-08-25
8142055,30,64,2026-08-25
8111719,30,31,2026-08-25
8139617,30,49,2026-08-25
8139598,30,219,2026-08-25
8142054,30,151,2026-08-25
8116581,30,83,2026-08-25
8139621,30,164,2026-08-25
8139618,30,285,2026-08-25
8139623,30,21,2026-08-25
8033821,30,62,2026-08-25
8033823,30,109,2026-08-25
8036382,30,155,2026-08-25
8033816,30,119,2026-08-25
8119206,30,203,2026-08-25
11148,30,73,2026-08-25
8140974,30,270,2026-08-25
8140973,30,262,2026-08-25
8140972,30,115,2026-08-25
8140978,30,157,2026-08-25
8140979,30,300,2026-08-25
8140975,30,218,2026-08-25
8140976,30,195,2026-08-25
8140980,30,44,2026-08-25
8140981,30,84,2026-08-25
8140977,30,35,2026-08-25
9994545,30,189,2026-08-25
8008308,30,227,2026-08-25
9991495,30,144,2026-08-25
9998618,30,38,2026-08-25
9998617,30,72,2026-08-25
9991049,30,104,2026-08-25
9991047,30,96,2026-08-25
8136305,30,202,2026-08-25
9991172,30,129,2026-08-25
9991180,30,272,2026-08-25
8016870,30,123,2026-08-25
8137946,30,51,2026-08-25
8137947,30,277,2026-08-25
6270010,30,122,2026-08-25
8123115,30,215,2026-08-25
8123117,30,206,2026-08-25
8123116,30,250,2026-08-25
8123107,30,156,2026-08-25
8123108,30,220,2026-08-25
8123119,30,179,2026-08-25
8123118,30,130,2026-08-25
8124764,30,275,2026-08-25
8016930,30,237,2026-08-25
8020923,30,171,2026-08-25
6032585,30,224,2026-08-25
8020456,30,111,2026-08-25
8019122,30,22,2026-08-25
8121443,30,186,2026-08-25
8121444,30,139,2026-08-25
8121445,30,180,2026-08-25
8120868,30,123,2026-08-25
8120869,30,253,2026-08-25
8120870,30,255,2026-08-25
8120867,30,190,2026-08-25
8034217,30,254,2026-08-25
8039804,30,109,2026-08-25
8016023,30,194,2026-08-25
8002138,30,27,2026-08-25
8118808,30,155,2026-08-25
8142000,30,298,2026-08-25
8139858,30,150,2026-08-25
8143682,30,246,2026-08-25
8143680,30,50,2026-08-25
8141999,30,96,2026-08-25
8139855,30,37,2026-08-25
8139859,30,158,2026-08-25
8143677,30,68,2026-08-25
8139860,30,97,2026-08-25
8139857,30,170,2026-08-25
8141998,30,141,2026-08-25
8142174,30,231,2026-08-25
8139856,30,61,2026-08-25
8139537,30,24,2026-08-25
8143456,30,233,2026-08-25
8143457,30,129,2026-08-25
8136795,30,215,2026-08-25
8007806,30,151,2026-08-25
8143198,30,20,2026-08-25
8009719,30,207,2026-08-25
8136567,30,133,2026-08-25
8136794,30,248,2026-08-25
8143194,30,201,2026-08-25
8130810,30,198,2026-08-25
8136566,30,128,2026-08-25
8139391,30,292,2026-08-25
8143202,30,114,2026-08-25
8143203,30,242,2026-08-25
8136796,30,136,2026-08-25
8007807,30,149,2026-08-25
8143199,30,79,2026-08-25
8130811,30,245,2026-08-25
8136797,30,88,2026-08-25
8136568,30,148,2026-08-25
8130809,30,60,2026-08-25
8143200,30,56,2026-08-25
8136798,30,264,2026-08-25
8136569,30,299,2026-08-25
8135400,30,204,2026-08-25
8143201,30,159,2026-08-25
8136799,30,42,2026-08-25
8121266,30,94,2026-08-25
8136098,30,87,2026-08-25
8136097,30,105,2026-08-25
8142116,30,197,2026-08-25
8138807,30,114,2026-08-25
8142117,30,229,2026-08-25
8136099,30,245,2026-08-25
8042550,30,238,2026-08-25
8112967,30,102,2026-08-25
8112961,30,218,2026-08-25
8038967,30,171,2026-08-25
8042761,30,300,2026-08-25
8116747,30,102,2026-08-25
8042540,30,176,2026-08-25
8116887,30,293,2026-08-25
8042551,30,223,2026-08-25
8112968,30,172,2026-08-25
8112964,30,58,2026-08-25
8042552,30,73,2026-08-25
8112969,30,190,2026-08-25
8112965,30,223,2026-08-25
8122281,30,70,2026-08-25
8136804,30,258,2026-08-25
8121265,30,140,2026-08-25
8006945,30,164,2026-08-25
8124185,30,86,2026-08-25
8112970,30,25,2026-08-25
8010537,30,161,2026-08-25
8027677,30,86,2026-08-25
8135398,30,290,2026-08-25
8127860,30,103,2026-08-25
8127864,30,32,2026-08-25
8127859,30,95,2026-08-25
8127863,30,23,2026-08-25
8127856,30,43,2026-08-25
8127855,30,201,2026-08-25
8127858,30,207,2026-08-25
8127861,30,87,2026-08-25
8127865,30,239,2026-08-25
8127862,30,273,2026-08-25
8127866,30,171,2026-08-25
8143193,30,151,2026-08-25
8127867,30,241,2026-08-25
8142745,30,101,2026-08-25
8142750,30,116,2026-08-25
8116295,30,156,2026-08-25
8142744,30,162,2026-08-25
8116763,30,274,2026-08-25
8142749,30,80,2026-08-25
8116294,30,225,2026-08-25
8116759,30,52,2026-08-25
8116757,30,257,2026-08-25
8142743,30,209,2026-08-25
8116756,30,89,2026-08-25
8142746,30,203,2026-08-25
8142751,30,50,2026-08-25
8116296,30,266,2026-08-25
8142747,30,237,2026-08-25
8123569,30,206,2026-08-25
8142752,30,150,2026-08-25
8116299,30,133,2026-08-25
8142748,30,264,2026-08-25
8142753,30,121,2026-08-25
8122282,30,216,2026-08-25
8015066,30,199,2026-08-25
8136803,30,292,2026-08-25
9999480,30,137,2026-08-25
8116755,30,137,2026-08-25
8143272,30,23,2026-08-25
8130469,30,71,2026-08-25
8136096,30,284,2026-08-25
8040471,30,121,2026-08-25
8040472,30,181,2026-08-25
8024105,30,45,2026-08-25
8024106,30,282,2026-08-25
8116791,30,118,2026-08-25
8116753,30,243,2026-08-25
8000861,30,240,2026-08-25
8112196,30,88,2026-08-25
8112197,30,281,2026-08-25
8141673,30,272,2026-08-25
8010799,30,135,2026-08-25
8133416,30,171,2026-08-25
8133415,30,269,2026-08-25
8123080,30,220,2026-08-25
8141672,30,233,2026-08-25
8120521,30,268,2026-08-25
8133272,30,121,2026-08-25
8132850,30,26,2026-08-25
8132851,30,119,2026-08-25
8131024,30,72,2026-08-25
8138057,30,213,2026-08-25
8132025,30,298,2026-08-25
8132015,30,156,2026-08-25
8132018,30,225,2026-08-25
8132022,30,125,2026-08-25
8132026,30,84,2026-08-25
8132016,30,44,2026-08-25
8132020,30,160,2026-08-25
8132027,30,105,2026-08-25
8132017,30,215,2026-08-25
8109469,30,226,2026-08-25
8137894,30,110,2026-08-25
8143980,30,55,2026-08-25
8137893,30,172,2026-08-25
8037826,30,112,2026-08-25
8139681,30,76,2026-08-25
8037830,30,192,2026-08-25
8126285,30,269,2026-08-25
8037828,30,273,2026-08-25
8041794,30,64,2026-08-25
8136745,30,226,2026-08-25
8119279,30,131,2026-08-25
8002900,30,132,2026-08-25
6300187,30,163,2026-08-25
6300186,30,270,2026-08-25
8139677,30,285,2026-08-25
6033476,30,285,2026-08-25
6033477,30,127,2026-08-25
8119278,30,85,2026-08-25
8119280,30,129,2026-08-25
8119281,30,20,2026-08-25
8139675,30,214,2026-08-25
8139674,30,180,2026-08-25
8139676,30,290,2026-08-25
8038050,30,72,2026-08-25
6033474,30,58,2026-08-25
8139683,30,281,2026-08-25
8037840,30,287,2026-08-25
8139684,30,133,2026-08-25
8037838,30,280,2026-08-25
8139685,30,272,2026-08-25
8037841,30,90,2026-08-25
8037842,30,267,2026-08-25
8119275,30,51,2026-08-25
8119271,30,128,2026-08-25
8119273,30,49,2026-08-25
8119276,30,244,2026-08-25
8119274,30,181,2026-08-25
8119270,30,117,2026-08-25
8119272,30,263,2026-08-25
6033398,30,50,2026-08-25
6033397,30,200,2026-08-25
6033399,30,215,2026-08-25
6033400,30,133,2026-08-25
6033401,30,67,2026-08-25
6033423,30,228,2026-08-25
6033402,30,32,2026-08-25
6033407,30,155,2026-08-25
6033408,30,40,2026-08-25
6033429,30,24,2026-08-25
6033413,30,211,2026-08-25
6033415,30,160,2026-08-25
6530464,30,133,2026-08-25
6033403,30,243,2026-08-25
6033409,30,166,2026-08-25
6033430,30,275,2026-08-25
6033416,30,110,2026-08-25
6030468,30,160,2026-08-25
6033404,30,238,2026-08-25
6033419,30,38,2026-08-25
6033431,30,99,2026-08-25
6033405,30,54,2026-08-25
6033410,30,207,2026-08-25
6530465,30,270,2026-08-25
8002904,30,273,2026-08-25
8002896,30,238,2026-08-25
8024812,30,99,2026-08-25
8109916,30,68,2026-08-25
8109915,30,54,2026-08-25
8032145,30,40,2026-08-25
8112037,30,134,2026-08-25
8014271,30,288,2026-08-25
6033480,30,86,2026-08-25
8139678,30,235,2026-08-25
8037835,30,32,2026-08-25
8037836,30,81,2026-08-25
8139682,30,153,2026-08-25
8037825,30,143,2026-08-25
8037829,30,44,2026-08-25
8126284,30,21,2026-08-25
8037827,30,231,2026-08-25
8136744,30,142,2026-08-25
6033483,30,298,2026-08-25
8031461,30,188,2026-08-25
8134734,30,240,2026-08-25
8132411,30,235,2026-08-25
8134735,30,35,2026-08-25
8132410,30,98,2026-08-25
8134745,30,205,2026-08-25
6298039,30,167,2026-08-25
8133175,30,155,2026-08-25
8139383,30,200,2026-08-25
8133174,30,245,2026-08-25
8124235,30,70,2026-08-25
8134273,30,114,2026-08-25
8134274,30,23,2026-08-25
8132272,30,206,2026-08-25
8138814,30,51,2026-08-25
8128094,30,70,2026-08-25
8030761,30,246,2026-08-25
8025534,30,102,2026-08-25
8126952,30,196,2026-08-25
8009395,30,260,2026-08-25
8000998,30,226,2026-08-25
8010170,30,171,2026-08-25
8010729,30,244,2026-08-25
8133176,30,56,2026-08-25
8031620,30,97,2026-08-25
8141079,30,291,2026-08-25
8142680,30,159,2026-08-25
8142681,30,196,2026-08-25
8142682,30,31,2026-08-25
8142683,30,162,2026-08-25
8142684,30,208,2026-08-25
8025012,30,170,2026-08-25
8138934,30,236,2026-08-25
8017393,30,238,2026-08-25
8143672,30,163,2026-08-25
8143750,30,97,2026-08-25
8141899,30,265,2026-08-25
8014640,30,33,2026-08-25
8139412,30,153,2026-08-25
8019648,30,239,2026-08-25
8024187,30,241,2026-08-25
8024188,30,99,2026-08-25
8017391,30,265,2026-08-25
8014825,30,79,2026-08-25
8139384,30,177,2026-08-25
8143751,30,175,2026-08-25
8124237,30,85,2026-08-25
8124236,30,116,2026-08-25
8037151,30,264,2026-08-25
8129023,30,55,2026-08-25
8135861,30,209,2026-08-25
8140077,30,201,2026-08-25
8133500,30,51,2026-08-25
8138893,30,154,2026-08-25
8138894,30,293,2026-08-25
8140563,30,234,2026-08-25
8111011,30,170,2026-08-25
8036019,30,264,2026-08-25
8039130,30,263,2026-08-25
8031622,30,283,2026-08-25
8039998,30,263,2026-08-25
8134837,30,181,2026-08-25
8041982,30,107,2026-08-25
8143748,30,87,2026-08-25
8036951,30,181,2026-08-25
8036022,30,82,2026-08-25
8138812,30,111,2026-08-25
8138811,30,141,2026-08-25
8031103,30,210,2026-08-25
8036110,30,182,2026-08-25
8120343,30,145,2026-08-25
8036107,30,62,2026-08-25
8133501,30,99,2026-08-25
8139400,30,22,2026-08-25
8138813,30,61,2026-08-25
8133502,30,48,2026-08-25
8019649,30,134,2026-08-25
8036020,30,47,2026-08-25
8129337,30,146,2026-08-25
9999569,30,153,2026-08-25
9999566,30,183,2026-08-25
8009773,30,240,2026-08-25
8009774,30,175,2026-08-25
8009775,30,21,2026-08-25
8031105,30,120,2026-08-25
8031104,30,47,2026-08-25
8117446,30,254,2026-08-25
8036941,30,79,2026-08-25
8110265,30,295,2026-08-25
8115206,30,93,2026-08-25
8025011,30,84,2026-08-25
8025010,30,290,2026-08-25
8041164,30,114,2026-08-25
8025533,30,102,2026-08-25
8120531,30,147,2026-08-25
8137532,30,111,2026-08-25
8137530,30,89,2026-08-25
8137531,30,147,2026-08-25
8042622,30,113,2026-08-25
8010351,30,199,2026-08-25
8138778,30,198,2026-08-25
8025532,30,182,2026-08-25
8020871,30,150,2026-08-25
8003935,30,216,2026-08-25
8043438,30,210,2026-08-25
9999565,30,129,2026-08-25
8032276,30,111,2026-08-25
8034569,30,22,2026-08-25
8017389,30,219,2026-08-25
8017390,30,180,2026-08-25
8138810,30,75,2026-08-25
8038996,30,286,2026-08-25
8122717,30,131,2026-08-25
8032275,30,42,2026-08-25
8042495,30,45,2026-08-25
8121843,30,260,2026-08-25
8139557,30,166,2026-08-25
8139556,30,45,2026-08-25
8039039,30,116,2026-08-25
8039044,30,208,2026-08-25
8039041,30,99,2026-08-25
8110313,30,217,2026-08-25
8115209,30,270,2026-08-25
8134542,30,32,2026-08-25
8130614,30,99,2026-08-25
8128215,30,89,2026-08-25
8128216,30,76,2026-08-25
8130615,30,274,2026-08-25
8128217,30,81,2026-08-25
8128218,30,207,2026-08-25
8041340,30,159,2026-08-25
8041341,30,254,2026-08-25
8041339,30,254,2026-08-25
8133173,30,277,2026-08-25
8133172,30,134,2026-08-25
8122715,30,287,2026-08-25
8122716,30,150,2026-08-25
8139382,30,88,2026-08-25
8129722,30,200,2026-08-25
8134543,30,76,2026-08-25
8119703,30,56,2026-08-25
8137721,30,50,2026-08-25
8137720,30,43,2026-08-25
8137723,30,263,2026-08-25
8143973,30,213,2026-08-25
8143974,30,145,2026-08-25
8143975,30,146,2026-08-25
8137725,30,218,2026-08-25
8143972,30,104,2026-08-25
8137727,30,180,2026-08-25
8137896,30,71,2026-08-25
8143971,30,106,2026-08-25
8137728,30,244,2026-08-25
8116691,30,152,2026-08-25
8124837,30,59,2026-08-25
8124839,30,131,2026-08-25
8122840,30,288,2026-08-25
8115093,30,60,2026-08-25
8021038,30,97,2026-08-25
8122897,30,158,2026-08-25
8040641,30,113,2026-08-25
8002220,30,73,2026-08-25
8002229,30,36,2026-08-25
8031202,30,297,2026-08-25
8038593,30,129,2026-08-25
8031203,30,166,2026-08-25
8016040,30,200,2026-08-25
8112591,30,162,2026-08-25
8016063,30,128,2026-08-25
8016041,30,148,2026-08-25
8016042,30,125,2026-08-25
8016043,30,141,2026-08-25
8016044,30,85,2026-08-25
8016046,30,64,2026-08-25
8016048,30,96,2026-08-25
8016049,30,156,2026-08-25
8016050,30,55,2026-08-25
8016051,30,89,2026-08-25
8016052,30,195,2026-08-25
8016053,30,35,2026-08-25
8016054,30,98,2026-08-25
8016056,30,31,2026-08-25
8016057,30,109,2026-08-25
8016058,30,266,2026-08-25
8016059,30,59,2026-08-25
8112590,30,116,2026-08-25
8016061,30,293,2026-08-25
8016062,30,299,2026-08-25
6033432,30,102,2026-08-25
8001158,30,44,2026-08-25
6033458,30,277,2026-08-25
6033448,30,209,2026-08-25
6033433,30,194,2026-08-25
6033434,30,85,2026-08-25
6033435,30,223,2026-08-25
6033443,30,270,2026-08-25
8000165,30,54,2026-08-25
6033449,30,134,2026-08-25
6033454,30,210,2026-08-25
6033436,30,288,2026-08-25
6033444,30,276,2026-08-25
6536005,30,59,2026-08-25
8000166,30,81,2026-08-25
6033437,30,102,2026-08-25
6033445,30,98,2026-08-25
6033450,30,57,2026-08-25
8001162,30,34,2026-08-25
6033438,30,63,2026-08-25
6033446,30,275,2026-08-25
6033451,30,281,2026-08-25
8000167,30,229,2026-08-25
6033439,30,150,2026-08-25
6033447,30,49,2026-08-25
8040432,30,189,2026-08-25
8040447,30,86,2026-08-25
8040433,30,113,2026-08-25
8040434,30,263,2026-08-25
8040435,30,149,2026-08-25
8040436,30,157,2026-08-25
8040437,30,111,2026-08-25
8040438,30,212,2026-08-25
8040439,30,55,2026-08-25
8040440,30,174,2026-08-25
8040445,30,20,2026-08-25
8040442,30,106,2026-08-25
8040441,30,186,2026-08-25
8040443,30,61,2026-08-25
8040444,30,41,2026-08-25
8040446,30,253,2026-08-25
8123400,30,158,2026-08-25
8119199,30,119,2026-08-25
8011610,30,55,2026-08-25
6033472,30,27,2026-08-25
6033473,30,80,2026-08-25
8135387,30,191,2026-08-25
8129055,30,201,2026-08-25
8129053,30,24,2026-08-25
8135388,30,193,2026-08-25
8129054,30,166,2026-08-25
8135386,30,76,2026-08-25
8123231,30,112,2026-08-25
8123234,30,80,2026-08-25
8123230,30,184,2026-08-25
8123232,30,251,2026-08-25
8123233,30,140,2026-08-25
8130512,30,52,2026-08-25
8130518,30,146,2026-08-25
8130513,30,69,2026-08-25
8130524,30,22,2026-08-25
8130514,30,261,2026-08-25
8130519,30,156,2026-08-25
8130525,30,165,2026-08-25
8130520,30,37,2026-08-25
8130515,30,151,2026-08-25
8130526,30,295,2026-08-25
8130522,30,265,2026-08-25
8130516,30,211,2026-08-25
8130527,30,62,2026-08-25
8130523,30,212,2026-08-25
8130517,30,178,2026-08-25
8135658,30,192,2026-08-25
8135659,30,273,2026-08-25
6295355,30,85,2026-08-25
8114611,30,270,2026-08-25
8035394,30,128,2026-08-25
8029380,30,22,2026-08-25
8029381,30,56,2026-08-25
8029382,30,136,2026-08-25
8127567,30,189,2026-08-25
8127568,30,147,2026-08-25
8127569,30,240,2026-08-25
8127570,30,266,2026-08-25
8029377,30,39,2026-08-25
8029378,30,132,2026-08-25
8029379,30,248,2026-08-25
8136839,30,206,2026-08-25
8132422,30,261,2026-08-25
8115504,30,237,2026-08-25
8115503,30,136,2026-08-25
8038830,30,57,2026-08-25
8132424,30,91,2026-08-25
8038825,30,245,2026-08-25
8132426,30,178,2026-08-25
8038826,30,194,2026-08-25
8038832,30,194,2026-08-25
8038831,30,74,2026-08-25
8132435,30,161,2026-08-25
8132437,30,30,2026-08-25
8132436,30,66,2026-08-25
8124622,30,180,2026-08-25
8038692,30,25,2026-08-25
8041492,30,268,2026-08-25
8113566,30,20,2026-08-25
8113567,30,75,2026-08-25
8113585,30,183,2026-08-25
8122496,30,22,2026-08-25
8122494,30,75,2026-08-25
8122495,30,143,2026-08-25
8029384,30,84,2026-08-25
8029383,30,167,2026-08-25
8029385,30,112,2026-08-25
8029387,30,87,2026-08-25
8029386,30,85,2026-08-25
8029388,30,107,2026-08-25
8136837,30,280,2026-08-25
8136838,30,294,2026-08-25
8136836,30,230,2026-08-25
8127002,30,32,2026-08-25
8127004,30,233,2026-08-25
8127003,30,277,2026-08-25
8126999,30,39,2026-08-25
8029343,30,182,2026-08-25
8029346,30,134,2026-08-25
8029344,30,70,2026-08-25
8132421,30,76,2026-08-25
8029345,30,119,2026-08-25
8038693,30,120,2026-08-25
8029336,30,219,2026-08-25
8029337,30,96,2026-08-25
8029339,30,140,2026-08-25
8029338,30,203,2026-08-25
8113552,30,23,2026-08-25
8029202,30,31,2026-08-25
8122548,30,194,2026-08-25
8122554,30,191,2026-08-25
8122550,30,64,2026-08-25
8122547,30,92,2026-08-25
8041518,30,260,2026-08-25
8041517,30,23,2026-08-25
8122546,30,129,2026-08-25
8122553,30,170,2026-08-25
8029203,30,95,2026-08-25
8029330,30,222,2026-08-25
8029331,30,20,2026-08-25
8113548,30,296,2026-08-25
8113547,30,117,2026-08-25
8113554,30,202,2026-08-25
8113555,30,25,2026-08-25
8113550,30,98,2026-08-25
8113553,30,136,2026-08-25
8113557,30,232,2026-08-25
8115450,30,34,2026-08-25
8113556,30,212,2026-08-25
8113549,30,157,2026-08-25
8113551,30,83,2026-08-25
8115455,30,182,2026-08-25
8115452,30,300,2026-08-25
8113546,30,67,2026-08-25
8029201,30,193,2026-08-25
8029323,30,100,2026-08-25
8029322,30,282,2026-08-25
8029319,30,276,2026-08-25
8029204,30,60,2026-08-25
8029205,30,236,2026-08-25
8029206,30,93,2026-08-25
8029320,30,37,2026-08-25
8029321,30,107,2026-08-25
8029329,30,121,2026-08-25
8029327,30,143,2026-08-25
8029328,30,122,2026-08-25
8029326,30,68,2026-08-25
8029324,30,218,2026-08-25
8029325,30,286,2026-08-25
8041513,30,212,2026-08-25
8041514,30,236,2026-08-25
8029332,30,79,2026-08-25
8029334,30,24,2026-08-25
8029335,30,48,2026-08-25
8029022,30,60,2026-08-25
8115461,30,91,2026-08-25
8115462,30,285,2026-08-25
8115463,30,279,2026-08-25
8115466,30,280,2026-08-25
8029020,30,125,2026-08-25
8029024,30,127,2026-08-25
8115465,30,67,2026-08-25
8115464,30,224,2026-08-25
8115460,30,149,2026-08-25
8115467,30,55,2026-08-25
8029017,30,297,2026-08-25
8113540,30,201,2026-08-25
8113536,30,116,2026-08-25
8113538,30,166,2026-08-25
8113537,30,135,2026-08-25
8113539,30,46,2026-08-25
8113541,30,80,2026-08-25
8132418,30,96,2026-08-25
8132419,30,212,2026-08-25
8132417,30,97,2026-08-25
8132420,30,154,2026-08-25
8132416,30,31,2026-08-25
8041495,30,23,2026-08-25
8029333,30,60,2026-08-25
8127563,30,204,2026-08-25
8124624,30,279,2026-08-25
8124623,30,90,2026-08-25
8132438,30,266,2026-08-25
8134095,30,134,2026-08-25
8132412,30,235,2026-08-25
8136834,30,208,2026-08-25
8136835,30,164,2026-08-25
8132413,30,288,2026-08-25
8132415,30,245,2026-08-25
8132414,30,54,2026-08-25
8129540,30,170,2026-08-25
8121822,30,56,2026-08-25
8121823,30,75,2026-08-25
8029360,30,112,2026-08-25
8031809,30,115,2026-08-25
8029359,30,136,2026-08-25
8029358,30,118,2026-08-25
8029357,30,21,2026-08-25
8029355,30,131,2026-08-25
8031806,30,293,2026-08-25
8029356,30,274,2026-08-25
8031808,30,161,2026-08-25
8122492,30,66,2026-08-25
8127565,30,212,2026-08-25
8121824,30,124,2026-08-25
8121825,30,72,2026-08-25
8113560,30,106,2026-08-25
8113561,30,286,2026-08-25
8113559,30,298,2026-08-25
8121820,30,224,2026-08-25
8031817,30,177,2026-08-25
8031814,30,253,2026-08-25
8031813,30,300,2026-08-25
8031810,30,134,2026-08-25
8031816,30,278,2026-08-25
8136843,30,64,2026-08-25
8136844,30,66,2026-08-25
8113563,30,124,2026-08-25
8113565,30,41,2026-08-25
8113564,30,297,2026-08-25
8113562,30,32,2026-08-25
8115495,30,171,2026-08-25
8033707,30,186,2026-08-25
8033705,30,33,2026-08-25
8033708,30,20,2026-08-25
8033704,30,184,2026-08-25
8029347,30,274,2026-08-25
8138867,30,239,2026-08-25
8127566,30,118,2026-08-25
8127006,30,113,2026-08-25
8029348,30,157,2026-08-25
8121174,30,273,2026-08-25
8132443,30,181,2026-08-25
8132440,30,286,2026-08-25
8132439,30,77,2026-08-25
8132442,30,49,2026-08-25
8132441,30,81,2026-08-25
8121202,30,166,2026-08-25
8121200,30,139,2026-08-25
8121205,30,137,2026-08-25
8121203,30,127,2026-08-25
8121201,30,204,2026-08-25
8121204,30,85,2026-08-25
8121192,30,150,2026-08-25
8121195,30,110,2026-08-25
8121193,30,213,2026-08-25
8121197,30,60,2026-08-25
8121194,30,251,2026-08-25
8127007,30,125,2026-08-25
8132431,30,67,2026-08-25
8132432,30,240,2026-08-25
8132433,30,192,2026-08-25
8132434,30,118,2026-08-25
8132430,30,118,2026-08-25
8132429,30,41,2026-08-25
8132428,30,36,2026-08-25
8132427,30,211,2026-08-25
8136840,30,92,2026-08-25
8136841,30,242,2026-08-25
8136842,30,210,2026-08-25
8127564,30,279,2026-08-25
8027929,30,192,2026-08-25
8027928,30,299,2026-08-25
8040582,30,107,2026-08-25
8027932,30,76,2026-08-25
8040585,30,290,2026-08-25
8029026,30,175,2026-08-25
8040583,30,204,2026-08-25
8029027,30,109,2026-08-25
8121176,30,173,2026-08-25
8127349,30,255,2026-08-25
8013262,30,178,2026-08-25
8110468,30,266,2026-08-25
8123616,30,207,2026-08-25
8140338,30,184,2026-08-25
8131339,30,28,2026-08-25
8123612,30,146,2026-08-25
8131335,30,177,2026-08-25
8140334,30,90,2026-08-25
8131337,30,199,2026-08-25
8121743,30,41,2026-08-25
8121742,30,141,2026-08-25
8140333,30,97,2026-08-25
8131336,30,77,2026-08-25
8121744,30,103,2026-08-25
8121745,30,233,2026-08-25
8121746,30,236,2026-08-25
8121750,30,280,2026-08-25
8121748,30,42,2026-08-25
8140331,30,197,2026-08-25
8140335,30,264,2026-08-25
8131334,30,199,2026-08-25
8131341,30,33,2026-08-25
8140337,30,168,2026-08-25
8136557,30,42,2026-08-25
8136558,30,219,2026-08-25
8136559,30,144,2026-08-25
8136560,30,184,2026-08-25
8136561,30,151,2026-08-25
8136562,30,233,2026-08-25
8131346,30,57,2026-08-25
8131345,30,185,2026-08-25
8136917,30,180,2026-08-25
8136916,30,127,2026-08-25
8136918,30,32,2026-08-25
8136910,30,175,2026-08-25
8136911,30,210,2026-08-25
8136913,30,54,2026-08-25
8136912,30,116,2026-08-25
8136915,30,57,2026-08-25
8136914,30,254,2026-08-25
8140285,30,147,2026-08-25
8140287,30,272,2026-08-25
8140289,30,271,2026-08-25
8140293,30,20,2026-08-25
8140291,30,267,2026-08-25
8140296,30,97,2026-08-25
8140284,30,290,2026-08-25
8140286,30,106,2026-08-25
8140288,30,45,2026-08-25
8140292,30,172,2026-08-25
8140290,30,292,2026-08-25
8140295,30,125,2026-08-25
8016966,30,122,2026-08-25
8022814,30,273,2026-08-25
8022815,30,35,2026-08-25
8028074,30,158,2026-08-25
6039949,30,53,2026-08-25
6039950,30,95,2026-08-25
8024895,30,68,2026-08-25
8024894,30,23,2026-08-25
8115304,30,39,2026-08-25
8143085,30,193,2026-08-25
6030923,30,183,2026-08-25
6030924,30,300,2026-08-25
8141303,30,217,2026-08-25
6533230,30,98,2026-08-25
8141302,30,174,2026-08-25
8022083,30,63,2026-08-25
8139420,30,92,2026-08-25
6030925,30,36,2026-08-25
6030926,30,223,2026-08-25
8022084,30,200,2026-08-25
8126923,30,154,2026-08-25
8026641,30,91,2026-08-25
8137217,30,48,2026-08-25
8137216,30,104,2026-08-25
8009439,30,225,2026-08-25
8023196,30,52,2026-08-25
8009440,30,75,2026-08-25
8030084,30,58,2026-08-25
8139422,30,72,2026-08-25
8019048,30,224,2026-08-25
8016965,30,233,2026-08-25
8022811,30,205,2026-08-25
8022812,30,97,2026-08-25
8009481,30,163,2026-08-25
8116166,30,152,2026-08-25
6039951,30,180,2026-08-25
6039952,30,225,2026-08-25
6309925,30,73,2026-08-25
8139421,30,41,2026-08-25
6030930,30,80,2026-08-25
6030943,30,130,2026-08-25
6309926,30,85,2026-08-25
8018894,30,269,2026-08-25
8022816,30,130,2026-08-25
6301006,30,137,2026-08-25
8001392,30,245,2026-08-25
8042088,30,207,2026-08-25
8020632,30,88,2026-08-25
8020951,30,59,2026-08-25
6301005,30,263,2026-08-25
8020631,30,187,2026-08-25
8039640,30,131,2026-08-25
6535941,30,107,2026-08-25
8135314,30,88,2026-08-25
6030941,30,116,2026-08-25
6530397,30,126,2026-08-25
8005306,30,216,2026-08-25
8124604,30,271,2026-08-25
8031391,30,104,2026-08-25
8132563,30,294,2026-08-25
8132558,30,222,2026-08-25
9997344,30,98,2026-08-25
9997347,30,280,2026-08-25
9991298,30,35,2026-08-25
8117562,30,252,2026-08-25
8117554,30,33,2026-08-25
8117558,30,296,2026-08-25
8117561,30,299,2026-08-25
8037194,30,284,2026-08-25
8037192,30,81,2026-08-25
8037193,30,214,2026-08-25
8117553,30,60,2026-08-25
8117557,30,153,2026-08-25
8013489,30,94,2026-08-25
8011642,30,224,2026-08-25
8011643,30,97,2026-08-25
8011644,30,208,2026-08-25
8011646,30,112,2026-08-25
8011645,30,127,2026-08-25
8117563,30,192,2026-08-25
8016274,30,103,2026-08-25
8010560,30,230,2026-08-25
8039980,30,216,2026-08-25
8010561,30,234,2026-08-25
8117555,30,130,2026-08-25
8010558,30,234,2026-08-25
8010557,30,131,2026-08-25
8010556,30,223,2026-08-25
8117559,30,109,2026-08-25
8039982,30,40,2026-08-25
8024772,30,90,2026-08-25
8039983,30,160,2026-08-25
8010559,30,67,2026-08-25
8040261,30,297,2026-08-25
8040259,30,149,2026-08-25
8040260,30,273,2026-08-25
8117560,30,58,2026-08-25
8117552,30,142,2026-08-25
8117556,30,279,2026-08-25
8010141,30,185,2026-08-25
8010140,30,74,2026-08-25
8010142,30,84,2026-08-25
8010139,30,184,2026-08-25
8010138,30,210,2026-08-25
8139087,30,269,2026-08-25
8139085,30,234,2026-08-25
8139086,30,233,2026-08-25
8139089,30,299,2026-08-25
8139090,30,88,2026-08-25
8139088,30,45,2026-08-25
8133674,30,140,2026-08-25
8133673,30,270,2026-08-25
8142442,30,271,2026-08-25
8142443,30,69,2026-08-25
8133675,30,287,2026-08-25
8139095,30,208,2026-08-25
8133672,30,294,2026-08-25
8133670,30,49,2026-08-25
8133671,30,86,2026-08-25
8009691,30,146,2026-08-25
8012663,30,96,2026-08-25
8013678,30,237,2026-08-25
8137212,30,279,2026-08-25
8009696,30,251,2026-08-25
8009690,30,269,2026-08-25
8026804,30,50,2026-08-25
8115568,30,153,2026-08-25
8010131,30,275,2026-08-25
8132454,30,242,2026-08-25
8132452,30,67,2026-08-25
8012431,30,140,2026-08-25
8010753,30,25,2026-08-25
8132450,30,21,2026-08-25
8009695,30,289,2026-08-25
8132451,30,80,2026-08-25
8139104,30,279,2026-08-25
8139103,30,186,2026-08-25
8133683,30,223,2026-08-25
8133681,30,295,2026-08-25
8133684,30,140,2026-08-25
8133685,30,20,2026-08-25
8133686,30,125,2026-08-25
8139102,30,80,2026-08-25
8133682,30,191,2026-08-25
8143912,30,198,2026-08-25
8143916,30,47,2026-08-25
8012875,30,94,2026-08-25
8140589,30,232,2026-08-25
8111369,30,287,2026-08-25
8111367,30,297,2026-08-25
8111368,30,131,2026-08-25
8119469,30,49,2026-08-25
8119472,30,35,2026-08-25
8119473,30,101,2026-08-25
8119468,30,228,2026-08-25
8119470,30,146,2026-08-25
8119471,30,164,2026-08-25
8133679,30,256,2026-08-25
8133678,30,76,2026-08-25
8133680,30,103,2026-08-25
8143909,30,148,2026-08-25
8140586,30,292,2026-08-25
8137213,30,152,2026-08-25
8139096,30,35,2026-08-25
8139097,30,274,2026-08-25
8143910,30,23,2026-08-25
8139098,30,223,2026-08-25
8139099,30,140,2026-08-25
8139100,30,113,2026-08-25
8139101,30,52,2026-08-25
8143911,30,28,2026-08-25
8010146,30,39,2026-08-25
8010148,30,24,2026-08-25
8013756,30,258,2026-08-25
8012625,30,237,2026-08-25
8012874,30,174,2026-08-25
8139092,30,216,2026-08-25
8139091,30,222,2026-08-25
8139093,30,98,2026-08-25
8143913,30,106,2026-08-25
8143915,30,122,2026-08-25
8143914,30,203,2026-08-25
8015088,30,31,2026-08-25
8136611,30,157,2026-08-25
8136612,30,55,2026-08-25
8136610,30,183,2026-08-25
8008293,30,211,2026-08-25
8019249,30,92,2026-08-25
8019250,30,226,2026-08-25
8131326,30,63,2026-08-25
8019252,30,242,2026-08-25
8019251,30,160,2026-08-25
8128522,30,158,2026-08-25
8007770,30,172,2026-08-25
8007771,30,83,2026-08-25
8023137,30,174,2026-08-25
8131328,30,250,2026-08-25
8007768,30,55,2026-08-25
8007767,30,245,2026-08-25
8131325,30,236,2026-08-25
8142361,30,66,2026-08-25
8142362,30,112,2026-08-25
8142359,30,261,2026-08-25
8142360,30,73,2026-08-25
8029531,30,165,2026-08-25
8029532,30,145,2026-08-25
8029529,30,156,2026-08-25
8121165,30,128,2026-08-25
8121166,30,259,2026-08-25
8121164,30,249,2026-08-25
8121162,30,241,2026-08-25
8042768,30,138,2026-08-25
8042769,30,181,2026-08-25
8042767,30,180,2026-08-25
8042766,30,204,2026-08-25
6300874,30,153,2026-08-25
6300875,30,32,2026-08-25
8011552,30,118,2026-08-25
8003115,30,22,2026-08-25
6300873,30,183,2026-08-25
6300872,30,117,2026-08-25
6300871,30,52,2026-08-25
6530660,30,43,2026-08-25
6530661,30,195,2026-08-25
6530657,30,212,2026-08-25
8022270,30,112,2026-08-25
8022272,30,95,2026-08-25
8022268,30,237,2026-08-25
8131094,30,30,2026-08-25
8131095,30,202,2026-08-25
8131330,30,89,2026-08-25
8131093,30,65,2026-08-25
8131092,30,52,2026-08-25
8142129,30,104,2026-08-25
8012660,30,41,2026-08-25
8012661,30,229,2026-08-25
8012658,30,253,2026-08-25
8012657,30,167,2026-08-25
8038723,30,23,2026-08-25
8034955,30,184,2026-08-25
8034956,30,220,2026-08-25
8034544,30,151,2026-08-25
8025825,30,282,2026-08-25
8025827,30,68,2026-08-25
8122009,30,32,2026-08-25
8122007,30,233,2026-08-25
8122008,30,150,2026-08-25
8034957,30,99,2026-08-25
8025828,30,35,2026-08-25
8007783,30,223,2026-08-25
8007784,30,277,2026-08-25
8007785,30,237,2026-08-25
8025434,30,35,2026-08-25
8113891,30,166,2026-08-25
8004783,30,30,2026-08-25
8025433,30,167,2026-08-25
8137336,30,105,2026-08-25
8126876,30,231,2026-08-25
8143443,30,264,2026-08-25
8004784,30,72,2026-08-25
8034414,30,263,2026-08-25
8025438,30,291,2026-08-25
8113892,30,285,2026-08-25
8014666,30,183,2026-08-25
8025437,30,60,2026-08-25
8143442,30,190,2026-08-25
8014667,30,242,2026-08-25
8031093,30,284,2026-08-25
8034377,30,47,2026-08-25
8021795,30,129,2026-08-25
8011790,30,281,2026-08-25
8028685,30,51,2026-08-25
8013597,30,225,2026-08-25
8011791,30,195,2026-08-25
8028689,30,96,2026-08-25
8039150,30,125,2026-08-25
8011770,30,88,2026-08-25
8031094,30,294,2026-08-25
8011771,30,98,2026-08-25
8018360,30,96,2026-08-25
8018361,30,132,2026-08-25
8126870,30,46,2026-08-25
8126871,30,109,2026-08-25
8126728,30,209,2026-08-25
8138809,30,195,2026-08-25
8137335,30,101,2026-08-25
8137211,30,26,2026-08-25
8127905,30,65,2026-08-25
8034416,30,151,2026-08-25
8125071,30,34,2026-08-25
8018386,30,292,2026-08-25
8034415,30,300,2026-08-25
8126729,30,112,2026-08-25
8033829,30,226,2026-08-25
8034837,30,171,2026-08-25
8032733,30,236,2026-08-25
8034406,30,81,2026-08-25
8032734,30,124,2026-08-25
8032735,30,275,2026-08-25
8033830,30,210,2026-08-25
8033831,30,104,2026-08-25
8034839,30,195,2026-08-25
8033832,30,151,2026-08-25
8034468,30,217,2026-08-25
8034405,30,202,2026-08-25
8034838,30,134,2026-08-25
8034493,30,157,2026-08-25
8034176,30,141,2026-08-25
8033988,30,206,2026-08-25
8034132,30,187,2026-08-25
8032739,30,115,2026-08-25
8032740,30,272,2026-08-25
8034469,30,103,2026-08-25
8033986,30,186,2026-08-25
8033833,30,79,2026-08-25
8033834,30,99,2026-08-25
8032736,30,116,2026-08-25
8033835,30,248,2026-08-25
8034470,30,118,2026-08-25
8032741,30,259,2026-08-25
8034404,30,103,2026-08-25
8033836,30,146,2026-08-25
8033837,30,108,2026-08-25
8032737,30,104,2026-08-25
8033838,30,262,2026-08-25
8034492,30,115,2026-08-25
8034379,30,179,2026-08-25
8032742,30,112,2026-08-25
8033839,30,48,2026-08-25
8033987,30,240,2026-08-25
8033840,30,213,2026-08-25
6310462,30,45,2026-08-25
6310496,30,35,2026-08-25
6310497,30,250,2026-08-25
6310463,30,118,2026-08-25
6310488,30,216,2026-08-25
6310464,30,241,2026-08-25
6310478,30,74,2026-08-25
6310491,30,216,2026-08-25
6310470,30,143,2026-08-25
6310489,30,287,2026-08-25
6310466,30,290,2026-08-25
6310479,30,268,2026-08-25
6310471,30,171,2026-08-25
6310486,30,166,2026-08-25
6310490,30,179,2026-08-25
6310480,30,30,2026-08-25
6310493,30,119,2026-08-25
6310483,30,224,2026-08-25
6310472,30,179,2026-08-25
6310475,30,230,2026-08-25
6310487,30,234,2026-08-25
6310484,30,127,2026-08-25
6310473,30,113,2026-08-25
6310476,30,292,2026-08-25
6310477,30,83,2026-08-25
6310468,30,150,2026-08-25
6310482,30,76,2026-08-25
6310495,30,206,2026-08-25
6310474,30,246,2026-08-25
6310469,30,152,2026-08-25
8012463,30,122,2026-08-25
8012458,30,163,2026-08-25
8021941,30,134,2026-08-25
8021960,30,217,2026-08-25
8021961,30,132,2026-08-25
8021946,30,239,2026-08-25
8021963,30,75,2026-08-25
8142373,30,42,2026-08-25
8131494,30,270,2026-08-25
8132852,30,120,2026-08-25
8120969,30,284,2026-08-25
8043445,30,78,2026-08-25
8043590,30,131,2026-08-25
8043591,30,116,2026-08-25
8141914,30,101,2026-08-25
8143031,30,203,2026-08-25
9997507,30,257,2026-08-25
8015446,30,289,2026-08-25
9997404,30,133,2026-08-25
8015440,30,271,2026-08-25
9997401,30,252,2026-08-25
8043441,30,221,2026-08-25
8112031,30,21,2026-08-25
9997586,30,211,2026-08-25
8043589,30,215,2026-08-25
8120968,30,106,2026-08-25
8120967,30,161,2026-08-25
8120966,30,167,2026-08-25
9997510,30,53,2026-08-25
8043587,30,295,2026-08-25
8143030,30,50,2026-08-25
8002137,30,74,2026-08-25
8135313,30,143,2026-08-25
8033410,30,213,2026-08-25
8135312,30,186,2026-08-25
8033411,30,186,2026-08-25
8119002,30,290,2026-08-25
6300535,30,167,2026-08-25
6300515,30,290,2026-08-25
8119001,30,86,2026-08-25
6300516,30,194,2026-08-25
6300517,30,40,2026-08-25
8130509,30,216,2026-08-25
8122934,30,284,2026-08-25
6300536,30,180,2026-08-25
6300518,30,222,2026-08-25
8130511,30,134,2026-08-25
8122935,30,205,2026-08-25
6300537,30,261,2026-08-25
6300519,30,61,2026-08-25
8119004,30,293,2026-08-25
8000732,30,146,2026-08-25
6300521,30,245,2026-08-25
8122936,30,215,2026-08-25
6300522,30,254,2026-08-25
6300523,30,109,2026-08-25
8135685,30,119,2026-08-25
8024910,30,199,2026-08-25
6300524,30,285,2026-08-25
6300525,30,58,2026-08-25
6300526,30,58,2026-08-25
8130508,30,50,2026-08-25
6300528,30,89,2026-08-25
6300529,30,119,2026-08-25
8000292,30,107,2026-08-25
6300530,30,95,2026-08-25
6300531,30,155,2026-08-25
8130510,30,104,2026-08-25
8135686,30,139,2026-08-25
6300533,30,108,2026-08-25
6300534,30,133,2026-08-25
6300564,30,215,2026-08-25
6300565,30,197,2026-08-25
8141855,30,193,2026-08-25
8141846,30,255,2026-08-25
8141848,30,173,2026-08-25
8141849,30,285,2026-08-25
8141850,30,72,2026-08-25
8141851,30,270,2026-08-25
8141852,30,284,2026-08-25
8141853,30,299,2026-08-25
8141854,30,248,2026-08-25
8024980,30,137,2026-08-25
6300566,30,25,2026-08-25
6300567,30,144,2026-08-25
6300568,30,131,2026-08-25
6031055,30,248,2026-08-25
8021051,30,224,2026-08-25
8021052,30,208,2026-08-25
6031063,30,222,2026-08-25
9999531,30,74,2026-08-25
6031062,30,81,2026-08-25
6031061,30,120,2026-08-25
8000815,30,128,2026-08-25
6031060,30,59,2026-08-25
6031059,30,92,2026-08-25
6031050,30,125,2026-08-25
8021054,30,269,2026-08-25
6031037,30,191,2026-08-25
6031058,30,50,2026-08-25
6031049,30,109,2026-08-25
6031043,30,51,2026-08-25
6302220,30,162,2026-08-25
6031057,30,289,2026-08-25
6031048,30,263,2026-08-25
6031056,30,172,2026-08-25
6031047,30,59,2026-08-25
8129363,30,77,2026-08-25
8113516,30,166,2026-08-25
8113513,30,85,2026-08-25
8113515,30,36,2026-08-25
8112918,30,163,2026-08-25
8112920,30,90,2026-08-25
8112907,30,271,2026-08-25
8112908,30,291,2026-08-25
8112917,30,229,2026-08-25
8112910,30,293,2026-08-25
8143635,30,236,2026-08-25
8143646,30,66,2026-08-25
8143644,30,204,2026-08-25
8143643,30,86,2026-08-25
8143645,30,260,2026-08-25
8143638,30,71,2026-08-25
8143637,30,36,2026-08-25
8143636,30,295,2026-08-25
8143641,30,229,2026-08-25
8143640,30,288,2026-08-25
8143642,30,239,2026-08-25
8143639,30,246,2026-08-25
8134993,30,263,2026-08-25
8016454,30,68,2026-08-25
8016455,30,90,2026-08-25
8016459,30,221,2026-08-25
8016457,30,278,2026-08-25
8016458,30,245,2026-08-25
8118132,30,258,2026-08-25
8118131,30,24,2026-08-25
8131846,30,235,2026-08-25
8120614,30,158,2026-08-25
8122268,30,87,2026-08-25
8122267,30,109,2026-08-25
8122266,30,98,2026-08-25
8120615,30,162,2026-08-25
8022383,30,56,2026-08-25
8016451,30,289,2026-08-25
8139868,30,117,2026-08-25
8136805,30,161,2026-08-25
8016446,30,24,2026-08-25
8016448,30,78,2026-08-25
8042396,30,134,2026-08-25
8042398,30,23,2026-08-25
8140136,30,271,2026-08-25
8140139,30,149,2026-08-25
8140137,30,264,2026-08-25
8140135,30,195,2026-08-25
8140138,30,246,2026-08-25
6309921,30,208,2026-08-25
8035936,30,124,2026-08-25
8013792,30,81,2026-08-25
8013840,30,213,2026-08-25
8143713,30,128,2026-08-25
8143715,30,92,2026-08-25
8141247,30,102,2026-08-25
8143714,30,56,2026-08-25
8143716,30,47,2026-08-25
8141248,30,64,2026-08-25
8141250,30,112,2026-08-25
8141249,30,122,2026-08-25
8031599,30,287,2026-08-25
8031601,30,47,2026-08-25
8031600,30,180,2026-08-25
8127203,30,284,2026-08-25
8127202,30,221,2026-08-25
8128183,30,225,2026-08-25
8128182,30,210,2026-08-25
8127205,30,92,2026-08-25
8127204,30,102,2026-08-25
8128181,30,126,2026-08-25
8128180,30,286,2026-08-25
8141385,30,230,2026-08-25
8141381,30,236,2026-08-25
8141373,30,97,2026-08-25
8141363,30,279,2026-08-25
8141351,30,111,2026-08-25
8141374,30,252,2026-08-25
8141366,30,112,2026-08-25
8141353,30,174,2026-08-25
8141375,30,69,2026-08-25
8141368,30,260,2026-08-25
8141356,30,154,2026-08-25
8141376,30,104,2026-08-25
8141370,30,284,2026-08-25
8141358,30,240,2026-08-25
8141377,30,189,2026-08-25
8141372,30,183,2026-08-25
8141360,30,131,2026-08-25
8112615,30,281,2026-08-25
8112612,30,190,2026-08-25
8124512,30,23,2026-08-25
8132805,30,109,2026-08-25
8125096,30,207,2026-08-25
8136575,30,127,2026-08-25
8132803,30,283,2026-08-25
8124516,30,177,2026-08-25
8126055,30,202,2026-08-25
8129785,30,275,2026-08-25
8112608,30,26,2026-08-25
8136573,30,244,2026-08-25
8136571,30,102,2026-08-25
8112617,30,245,2026-08-25
8136574,30,159,2026-08-25
8141088,30,221,2026-08-25
8134053,30,135,2026-08-25
8125095,30,99,2026-08-25
8131150,30,288,2026-08-25
8112594,30,35,2026-08-25
8124505,30,39,2026-08-25
8112603,30,142,2026-08-25
8112600,30,33,2026-08-25
8112611,30,193,2026-08-25
8112589,30,237,2026-08-25
8124502,30,298,2026-08-25
8112614,30,262,2026-08-25
8112622,30,212,2026-08-25
8136572,30,63,2026-08-25
8129771,30,223,2026-08-25
8124513,30,251,2026-08-25
8126052,30,93,2026-08-25
8112598,30,259,2026-08-25
8129783,30,89,2026-08-25
8112629,30,109,2026-08-25
8141089,30,209,2026-08-25
8112609,30,61,2026-08-25
8112595,30,23,2026-08-25
8124520,30,117,2026-08-25
8124521,30,59,2026-08-25
8124522,30,193,2026-08-25
8141083,30,64,2026-08-25
8112626,30,114,2026-08-25
8112631,30,87,2026-08-25
8112630,30,32,2026-08-25
8112632,30,215,2026-08-25
8124515,30,139,2026-08-25
8124517,30,153,2026-08-25
8124518,30,68,2026-08-25
8124519,30,115,2026-08-25
8131148,30,245,2026-08-25
8112616,30,232,2026-08-25
8124506,30,99,2026-08-25
8112593,30,197,2026-08-25
8125093,30,129,2026-08-25
8112601,30,112,2026-08-25
8112606,30,53,2026-08-25
8124503,30,218,2026-08-25
8112588,30,250,2026-08-25
8112613,30,69,2026-08-25
8136570,30,125,2026-08-25
8129769,30,290,2026-08-25
8112625,30,192,2026-08-25
8125092,30,112,2026-08-25
8112602,30,177,2026-08-25
8136576,30,118,2026-08-25
8124511,30,121,2026-08-25
8126051,30,275,2026-08-25
8124508,30,168,2026-08-25
8112597,30,187,2026-08-25
8129781,30,282,2026-08-25
8112627,30,272,2026-08-25
8141090,30,245,2026-08-25
8137637,30,79,2026-08-25
8137636,30,48,2026-08-25
8132802,30,262,2026-08-25
8132804,30,296,2026-08-25
8124514,30,281,2026-08-25
8136577,30,290,2026-08-25
8129784,30,159,2026-08-25
8141081,30,152,2026-08-25
8141082,30,298,2026-08-25
8141087,30,142,2026-08-25
8141086,30,57,2026-08-25
8131149,30,281,2026-08-25
8112592,30,155,2026-08-25
8124507,30,243,2026-08-25
8125094,30,74,2026-08-25
8124504,30,231,2026-08-25
8112587,30,165,2026-08-25
8112607,30,193,2026-08-25
8129782,30,265,2026-08-25
8112628,30,255,2026-08-25
8141084,30,59,2026-08-25
8141085,30,230,2026-08-25
8029175,30,213,2026-08-25
8037233,30,228,2026-08-25
8007877,30,291,2026-08-25
9998228,30,98,2026-08-25
8013631,30,256,2026-08-25
8009286,30,81,2026-08-25
8142352,30,290,2026-08-25
8142353,30,283,2026-08-25
8142355,30,52,2026-08-25
8142354,30,170,2026-08-25
8142356,30,97,2026-08-25
8140111,30,102,2026-08-25
8140110,30,299,2026-08-25
8140112,30,133,2026-08-25
8140113,30,133,2026-08-25
8009433,30,218,2026-08-25
8127421,30,284,2026-08-25
8141348,30,223,2026-08-25
8134349,30,182,2026-08-25
8016913,30,68,2026-08-25
8127420,30,110,2026-08-25
8129762,30,175,2026-08-25
8027204,30,259,2026-08-25
8021214,30,258,2026-08-25
8021215,30,73,2026-08-25
8134777,30,124,2026-08-25
6310274,30,224,2026-08-25
8021315,30,28,2026-08-25
6310272,30,24,2026-08-25
6310275,30,173,2026-08-25
8021316,30,89,2026-08-25
6310273,30,205,2026-08-25
8139419,30,229,2026-08-25
6530373,30,274,2026-08-25
6530374,30,35,2026-08-25
8003857,30,183,2026-08-25
8038973,30,24,2026-08-25
6032755,30,29,2026-08-25
8026625,30,278,2026-08-25
8115416,30,212,2026-08-25
8115415,30,85,2026-08-25
8028102,30,267,2026-08-25
8034898,30,213,2026-08-25
8034897,30,164,2026-08-25
8117931,30,74,2026-08-25
8143111,30,251,2026-08-25
8019055,30,292,2026-08-25
8143113,30,235,2026-08-25
8012604,30,169,2026-08-25
8010528,30,114,2026-08-25
8136653,30,150,2026-08-25
8031294,30,74,2026-08-25
8117930,30,174,2026-08-25
8132849,30,271,2026-08-25
8132848,30,102,2026-08-25
8121570,30,69,2026-08-25
8142670,30,25,2026-08-25
8141917,30,235,2026-08-25
8141918,30,299,2026-08-25
8025201,30,82,2026-08-25
8141916,30,83,2026-08-25
8138569,30,196,2026-08-25
8143109,30,231,2026-08-25
8143112,30,225,2026-08-25
6301939,30,65,2026-08-25
8020882,30,153,2026-08-25
8128786,30,47,2026-08-25
8016376,30,121,2026-08-25
9999576,30,215,2026-08-25
8022133,30,224,2026-08-25
8022132,30,197,2026-08-25
8016377,30,182,2026-08-25
8028628,30,189,2026-08-25
8115108,30,47,2026-08-25
8038575,30,206,2026-08-25
8038576,30,191,2026-08-25
8137613,30,236,2026-08-25
8138608,30,269,2026-08-25
8133239,30,299,2026-08-25
8142303,30,279,2026-08-25
8115413,30,35,2026-08-25
8115414,30,201,2026-08-25
8137103,30,101,2026-08-25
8013658,30,45,2026-08-25
8009737,30,229,2026-08-25
8143110,30,117,2026-08-25
8143964,30,168,2026-08-25
8139679,30,234,2026-08-25
8140943,30,128,2026-08-25
8139269,30,250,2026-08-25
8139268,30,171,2026-08-25
8038173,30,293,2026-08-25
8141316,30,26,2026-08-25
8136168,30,159,2026-08-25
8033689,30,190,2026-08-25
8139612,30,96,2026-08-25
8133186,30,36,2026-08-25
6301877,30,244,2026-08-25
8142666,30,266,2026-08-25
8117254,30,256,2026-08-25
8142665,30,218,2026-08-25
8117255,30,170,2026-08-25
8141648,30,265,2026-08-25
8141649,30,197,2026-08-25
8141640,30,53,2026-08-25
8123024,30,161,2026-08-25
8138609,30,61,2026-08-25
8029493,30,280,2026-08-25
8125898,30,131,2026-08-25
8004017,30,142,2026-08-25
6536013,30,70,2026-08-25
8126075,30,152,2026-08-25
8131880,30,66,2026-08-25
8142669,30,174,2026-08-25
8133184,30,27,2026-08-25
8142668,30,44,2026-08-25
8142667,30,136,2026-08-25
8139611,30,152,2026-08-25
8139614,30,58,2026-08-25
8020308,30,34,2026-08-25
8018396,30,58,2026-08-25
8018398,30,290,2026-08-25
8138203,30,145,2026-08-25
8004028,30,292,2026-08-25
8018400,30,51,2026-08-25
8043697,30,176,2026-08-25
8012334,30,34,2026-08-25
8007524,30,148,2026-08-25
8120272,30,32,2026-08-25
8120271,30,279,2026-08-25
8120273,30,152,2026-08-25
8035148,30,36,2026-08-25
6030904,30,229,2026-08-25
8143965,30,147,2026-08-25
8134917,30,244,2026-08-25
8134916,30,120,2026-08-25
8115728,30,154,2026-08-25
8115726,30,200,2026-08-25
8115729,30,98,2026-08-25
8115727,30,216,2026-08-25
8008861,30,235,2026-08-25
8008862,30,162,2026-08-25
8008871,30,68,2026-08-25
8008863,30,98,2026-08-25
8008864,30,270,2026-08-25
8008874,30,46,2026-08-25
8008872,30,139,2026-08-25
8008869,30,82,2026-08-25
8008870,30,190,2026-08-25
8008873,30,219,2026-08-25
8008865,30,107,2026-08-25
8008867,30,65,2026-08-25
8138092,30,65,2026-08-25
8137154,30,145,2026-08-25
8140144,30,243,2026-08-25
8138076,30,69,2026-08-25
8140142,30,270,2026-08-25
8138090,30,169,2026-08-25
8137156,30,86,2026-08-25
8139580,30,89,2026-08-25
8137158,30,32,2026-08-25
8140145,30,185,2026-08-25
8137159,30,77,2026-08-25
8139579,30,73,2026-08-25
8140056,30,191,2026-08-25
8137155,30,40,2026-08-25
8139581,30,197,2026-08-25
8140636,30,213,2026-08-25
8141097,30,139,2026-08-25
8141099,30,85,2026-08-25
8141096,30,150,2026-08-25
8141101,30,61,2026-08-25
8141098,30,76,2026-08-25
8139578,30,71,2026-08-25
8140146,30,133,2026-08-25
8140638,30,75,2026-08-25
8137152,30,114,2026-08-25
8137157,30,140,2026-08-25
8138094,30,145,2026-08-25
8138091,30,209,2026-08-25
8138074,30,82,2026-08-25
8140637,30,209,2026-08-25
8137151,30,279,2026-08-25
8140147,30,281,2026-08-25
8138079,30,269,2026-08-25
8140148,30,167,2026-08-25
8141095,30,78,2026-08-25
8141093,30,161,2026-08-25
8141094,30,223,2026-08-25
8140149,30,283,2026-08-25
8137153,30,261,2026-08-25
8114279,30,119,2026-08-25
8114277,30,34,2026-08-25
8110983,30,283,2026-08-25
8030116,30,153,2026-08-25
8030125,30,124,2026-08-25
8030120,30,215,2026-08-25
8030064,30,148,2026-08-25
8030065,30,105,2026-08-25
8030126,30,90,2026-08-25
8030127,30,201,2026-08-25
8030066,30,235,2026-08-25
8030129,30,184,2026-08-25
8132304,30,67,2026-08-25
8030067,30,174,2026-08-25
8030130,30,155,2026-08-25
8132305,30,152,2026-08-25
8030117,30,95,2026-08-25
8030122,30,197,2026-08-25
8030134,30,229,2026-08-25
8132306,30,249,2026-08-25
8030118,30,33,2026-08-25
8030123,30,257,2026-08-25
8030136,30,109,2026-08-25
8030119,30,169,2026-08-25
8030137,30,190,2026-08-25
8022743,30,221,2026-08-25
8022741,30,82,2026-08-25
8022744,30,234,2026-08-25
8021864,30,197,2026-08-25
8021850,30,121,2026-08-25
8021848,30,239,2026-08-25
8021849,30,78,2026-08-25
8021851,30,269,2026-08-25
8021853,30,176,2026-08-25
8021852,30,151,2026-08-25
8021854,30,26,2026-08-25
8040987,30,289,2026-08-25
8040988,30,266,2026-08-25
8021839,30,84,2026-08-25
8021841,30,247,2026-08-25
8021840,30,161,2026-08-25
8021843,30,126,2026-08-25
8021846,30,93,2026-08-25
8021844,30,116,2026-08-25
8021847,30,113,2026-08-25
8021988,30,193,2026-08-25
8040990,30,138,2026-08-25
8021845,30,261,2026-08-25
8022734,30,52,2026-08-25
8021835,30,141,2026-08-25
8021866,30,300,2026-08-25
8021867,30,179,2026-08-25
8021868,30,66,2026-08-25
8021978,30,188,2026-08-25
8021838,30,132,2026-08-25
8021842,30,59,2026-08-25
8021831,30,26,2026-08-25
8021833,30,175,2026-08-25
8021832,30,70,2026-08-25
8022739,30,86,2026-08-25
8022742,30,269,2026-08-25
8022735,30,189,2026-08-25
8040983,30,233,2026-08-25
8022737,30,235,2026-08-25
8022740,30,229,2026-08-25
8022736,30,125,2026-08-25
8021857,30,182,2026-08-25
8021856,30,53,2026-08-25
8021858,30,63,2026-08-25
8021861,30,64,2026-08-25
8021860,30,49,2026-08-25
8021862,30,86,2026-08-25
8022747,30,92,2026-08-25
8022746,30,144,2026-08-25
6300350,30,234,2026-08-25
6039486,30,222,2026-08-25
8117051,30,185,2026-08-25
8117050,30,226,2026-08-25
8140103,30,72,2026-08-25
8140101,30,237,2026-08-25
8140102,30,264,2026-08-25
8140100,30,289,2026-08-25
8140084,30,133,2026-08-25
8140104,30,26,2026-08-25
8140105,30,245,2026-08-25
8034219,30,253,2026-08-25
8120834,30,247,2026-08-25
8001993,30,157,2026-08-25
8001994,30,29,2026-08-25
8009518,30,214,2026-08-25
8001995,30,179,2026-08-25
8120835,30,35,2026-08-25
8120837,30,192,2026-08-25
8041659,30,49,2026-08-25
8136858,30,133,2026-08-25
8120841,30,182,2026-08-25
8120849,30,52,2026-08-25
6300462,30,254,2026-08-25
8134994,30,73,2026-08-25
8130594,30,146,2026-08-25
8130593,30,138,2026-08-25
8043324,30,66,2026-08-25
8016226,30,104,2026-08-25
8016228,30,158,2026-08-25
8016227,30,178,2026-08-25
8009446,30,95,2026-08-25
8009445,30,20,2026-08-25
8036693,30,55,2026-08-25
8036692,30,29,2026-08-25
8022362,30,96,2026-08-25
9993367,30,134,2026-08-25
8022247,30,129,2026-08-25
8022551,30,40,2026-08-25
8143841,30,260,2026-08-25
8143842,30,132,2026-08-25
8143839,30,276,2026-08-25
8143840,30,103,2026-08-25
9995523,30,99,2026-08-25
9995522,30,72,2026-08-25
8011284,30,179,2026-08-25
8011285,30,264,2026-08-25
8138450,30,181,2026-08-25
8138451,30,20,2026-08-25
8015923,30,179,2026-08-25
8015016,30,253,2026-08-25
8031385,30,59,2026-08-25
8031386,30,178,2026-08-25
8022384,30,36,2026-08-25
8016382,30,129,2026-08-25
8028056,30,146,2026-08-25
8028057,30,273,2026-08-25
8040843,30,258,2026-08-25
8040847,30,57,2026-08-25
8129522,30,38,2026-08-25
8129536,30,40,2026-08-25
8110552,30,94,2026-08-25
8119585,30,297,2026-08-25
8126998,30,29,2026-08-25
8113533,30,276,2026-08-25
8113507,30,299,2026-08-25
8126979,30,226,2026-08-25
8136599,30,35,2026-08-25
8136595,30,75,2026-08-25
8136596,30,112,2026-08-25
8136597,30,166,2026-08-25
8136600,30,33,2026-08-25
8136593,30,124,2026-08-25
8136591,30,201,2026-08-25
8136602,30,158,2026-08-25
8142070,30,64,2026-08-25
8142071,30,21,2026-08-25
8142072,30,299,2026-08-25
8142073,30,31,2026-08-25
8136592,30,26,2026-08-25
8136598,30,211,2026-08-25
8136601,30,93,2026-08-25
8136594,30,298,2026-08-25
8140116,30,102,2026-08-25
8130936,30,205,2026-08-25
8130937,30,229,2026-08-25
8141655,30,237,2026-08-25
8141656,30,24,2026-08-25
8141652,30,57,2026-08-25
8141657,30,159,2026-08-25
8141658,30,75,2026-08-25
8141653,30,291,2026-08-25
8110031,30,171,2026-08-25
8110034,30,122,2026-08-25
8139818,30,22,2026-08-25
8139817,30,188,2026-08-25
8139816,30,104,2026-08-25
8139815,30,202,2026-08-25
8139814,30,114,2026-08-25
8110022,30,70,2026-08-25
8110026,30,150,2026-08-25
8121761,30,55,2026-08-25
8110025,30,142,2026-08-25
8110023,30,188,2026-08-25
8121763,30,128,2026-08-25
8121766,30,21,2026-08-25
8109987,30,102,2026-08-25
8109991,30,282,2026-08-25
8109974,30,144,2026-08-25
8121770,30,121,2026-08-25
8109985,30,193,2026-08-25
8121778,30,95,2026-08-25
8109984,30,172,2026-08-25
8109989,30,165,2026-08-25
8121777,30,85,2026-08-25
8121769,30,196,2026-08-25
8121780,30,281,2026-08-25
8109990,30,141,2026-08-25
8133442,30,44,2026-08-25
8110003,30,228,2026-08-25
8110002,30,209,2026-08-25
8110001,30,62,2026-08-25
8120855,30,122,2026-08-25
8133448,30,148,2026-08-25
8133449,30,215,2026-08-25
8133447,30,147,2026-08-25
8133446,30,259,2026-08-25
8133445,30,256,2026-08-25
8133444,30,272,2026-08-25
8139362,30,214,2026-08-25
8129593,30,178,2026-08-25
8124321,30,228,2026-08-25
8129594,30,78,2026-08-25
8117793,30,96,2026-08-25
8143612,30,212,2026-08-25
8143613,30,172,2026-08-25
8141967,30,255,2026-08-25
8141968,30,171,2026-08-25
8141966,30,226,2026-08-25
8143236,30,48,2026-08-25
8143237,30,107,2026-08-25
8143241,30,205,2026-08-25
8143239,30,238,2026-08-25
8143238,30,121,2026-08-25
8138716,30,245,2026-08-25
8138717,30,45,2026-08-25
8138712,30,264,2026-08-25
8138715,30,212,2026-08-25
8138713,30,133,2026-08-25
8123287,30,68,2026-08-25
8109958,30,221,2026-08-25
8121772,30,37,2026-08-25
8134610,30,148,2026-08-25
8134611,30,198,2026-08-25
8137186,30,51,2026-08-25
8134612,30,104,2026-08-25
8143633,30,128,2026-08-25
8143226,30,222,2026-08-25
8137185,30,224,2026-08-25
8136068,30,131,2026-08-25
8136067,30,275,2026-08-25
8136066,30,77,2026-08-25
8136064,30,170,2026-08-25
8138340,30,200,2026-08-25
8138338,30,63,2026-08-25
8138336,30,298,2026-08-25
8138341,30,96,2026-08-25
8127227,30,73,2026-08-25
8127225,30,52,2026-08-25
8127226,30,288,2026-08-25
8127228,30,227,2026-08-25
8127224,30,289,2026-08-25
8128690,30,92,2026-08-25
8128689,30,266,2026-08-25
8128691,30,111,2026-08-25
8128688,30,34,2026-08-25
8128692,30,268,2026-08-25
8142869,30,213,2026-08-25
8142865,30,137,2026-08-25
8142866,30,139,2026-08-25
8142868,30,54,2026-08-25
8142867,30,43,2026-08-25
8143230,30,73,2026-08-25
8143231,30,119,2026-08-25
8139303,30,229,2026-08-25
8143232,30,217,2026-08-25
8143233,30,110,2026-08-25
8139302,30,162,2026-08-25
8139301,30,147,2026-08-25
8143234,30,72,2026-08-25
8139305,30,63,2026-08-25
8143235,30,115,2026-08-25
8139304,30,166,2026-08-25
8130595,30,153,2026-08-25
8130596,30,33,2026-08-25
8130599,30,149,2026-08-25
8130602,30,32,2026-08-25
8130603,30,85,2026-08-25
8135891,30,159,2026-08-25
8135893,30,213,2026-08-25
8135894,30,185,2026-08-25
8135895,30,283,2026-08-25
8135896,30,123,2026-08-25
8135901,30,132,2026-08-25
8138723,30,71,2026-08-25
8138719,30,83,2026-08-25
8138721,30,70,2026-08-25
8142861,30,34,2026-08-25
8142863,30,100,2026-08-25
8142864,30,230,2026-08-25
8142862,30,116,2026-08-25
8138720,30,295,2026-08-25
8138722,30,108,2026-08-25
8126215,30,178,2026-08-25
8126214,30,157,2026-08-25
8126216,30,191,2026-08-25
8126217,30,67,2026-08-25
8126213,30,195,2026-08-25
8134617,30,94,2026-08-25
8134614,30,175,2026-08-25
8134615,30,98,2026-08-25
8126210,30,163,2026-08-25
8126211,30,45,2026-08-25
8109946,30,271,2026-08-25
8140697,30,87,2026-08-25
8132806,30,197,2026-08-25
8132813,30,31,2026-08-25
8141965,30,267,2026-08-25
8137710,30,212,2026-08-25
8137709,30,116,2026-08-25
8109994,30,291,2026-08-25
8109996,30,29,2026-08-25
8129211,30,95,2026-08-25
8129212,30,112,2026-08-25
8112258,30,69,2026-08-25
8110018,30,148,2026-08-25
8110000,30,209,2026-08-25
8109995,30,250,2026-08-25
8120859,30,111,2026-08-25
8121786,30,289,2026-08-25
8121787,30,285,2026-08-25
8121788,30,236,2026-08-25
8121789,30,263,2026-08-25
8121790,30,164,2026-08-25
8127644,30,62,2026-08-25
8136073,30,162,2026-08-25
8136069,30,204,2026-08-25
8136071,30,35,2026-08-25
8136072,30,59,2026-08-25
8136070,30,267,2026-08-25
8126661,30,61,2026-08-25
8120850,30,231,2026-08-25
8120851,30,204,2026-08-25
8120852,30,167,2026-08-25
8120853,30,58,2026-08-25
8129581,30,33,2026-08-25
8129582,30,135,2026-08-25
8143614,30,208,2026-08-25
8143615,30,248,2026-08-25
8143616,30,277,2026-08-25
8143617,30,132,2026-08-25
8134967,30,130,2026-08-25
8134968,30,226,2026-08-25
8134970,30,85,2026-08-25
8134966,30,173,2026-08-25
8134969,30,28,2026-08-25
8134971,30,287,2026-08-25
8035101,30,79,2026-08-25
9993811,30,176,2026-08-25
9998529,30,52,2026-08-25
8005292,30,190,2026-08-25
8008814,30,49,2026-08-25
8131601,30,113,2026-08-25
8132749,30,109,2026-08-25
8138704,30,49,2026-08-25
8138705,30,122,2026-08-25
8131617,30,59,2026-08-25
8132748,30,48,2026-08-25
8036832,30,34,2026-08-25
8036833,30,203,2026-08-25
8036830,30,280,2026-08-25
8036811,30,142,2026-08-25
8036831,30,234,2026-08-25
8036825,30,210,2026-08-25
8131582,30,109,2026-08-25
8131621,30,277,2026-08-25
8131620,30,168,2026-08-25
8138707,30,65,2026-08-25
8138706,30,183,2026-08-25
8131618,30,143,2026-08-25
8131623,30,232,2026-08-25
8131622,30,300,2026-08-25
8131583,30,251,2026-08-25
8131588,30,87,2026-08-25
8131584,30,108,2026-08-25
8131585,30,115,2026-08-25
8131590,30,230,2026-08-25
8131586,30,299,2026-08-25
8131591,30,90,2026-08-25
8131587,30,114,2026-08-25
8043108,30,214,2026-08-25
8020532,30,74,2026-08-25
6030051,30,209,2026-08-25
6301110,30,36,2026-08-25
8000749,30,260,2026-08-25
8138272,30,132,2026-08-25
8138273,30,113,2026-08-25
8037703,30,205,2026-08-25
8134826,30,220,2026-08-25
8013980,30,99,2026-08-25
8131654,30,59,2026-08-25
8134537,30,217,2026-08-25
8037700,30,105,2026-08-25
8134825,30,81,2026-08-25
6039424,30,95,2026-08-25
8043107,30,205,2026-08-25
8043152,30,112,2026-08-25
8043087,30,44,2026-08-25
8043085,30,211,2026-08-25
8043086,30,154,2026-08-25
8131653,30,40,2026-08-25
8043084,30,124,2026-08-25
8138830,30,92,2026-08-25
8138829,30,65,2026-08-25
8120755,30,187,2026-08-25
8117640,30,188,2026-08-25
8117637,30,31,2026-08-25
8122651,30,39,2026-08-25
8117639,30,136,2026-08-25
8138828,30,194,2026-08-25
8117635,30,229,2026-08-25
8117638,30,266,2026-08-25
8043104,30,56,2026-08-25
8043103,30,245,2026-08-25
8016936,30,124,2026-08-25
8112200,30,95,2026-08-25
8116297,30,220,2026-08-25
8116298,30,105,2026-08-25
11338,30,170,2026-08-25
8138872,30,257,2026-08-25
8138871,30,199,2026-08-25
8121988,30,203,2026-08-25
8123728,30,272,2026-08-25
8123727,30,164,2026-08-25
8130942,30,280,2026-08-25
8130944,30,239,2026-08-25
8130943,30,109,2026-08-25
8130945,30,242,2026-08-25
8032528,30,20,2026-08-25
8032531,30,201,2026-08-25
8032527,30,27,2026-08-25
8032529,30,116,2026-08-25
8032530,30,131,2026-08-25
6220481,30,272,2026-08-25
6220480,30,169,2026-08-25
8029554,30,185,2026-08-25
8122011,30,272,2026-08-25
8139937,30,281,2026-08-25
8113730,30,33,2026-08-25
8113732,30,148,2026-08-25
8022255,30,206,2026-08-25
8113733,30,162,2026-08-25
8113734,30,288,2026-08-25
8038460,30,102,2026-08-25
8033621,30,47,2026-08-25
8130256,30,121,2026-08-25
8018733,30,103,2026-08-25
8132496,30,178,2026-08-25
8132495,30,68,2026-08-25
9994242,30,282,2026-08-25
8027639,30,233,2026-08-25
9998908,30,154,2026-08-25
8034220,30,268,2026-08-25
8138398,30,71,2026-08-25
8116742,30,191,2026-08-25
8138401,30,118,2026-08-25
8116741,30,126,2026-08-25
8116739,30,284,2026-08-25
8138400,30,194,2026-08-25
8138399,30,98,2026-08-25
8116738,30,227,2026-08-25
8131440,30,261,2026-08-25
8138397,30,34,2026-08-25
8113279,30,214,2026-08-25
8133862,30,159,2026-08-25
8129622,30,120,2026-08-25
8129625,30,250,2026-08-25
8138406,30,173,2026-08-25
8141696,30,133,2026-08-25
8143037,30,154,2026-08-25
8141693,30,120,2026-08-25
8141694,30,66,2026-08-25
8143036,30,267,2026-08-25
8141691,30,272,2026-08-25
8143039,30,230,2026-08-25
8141695,30,206,2026-08-25
8143038,30,149,2026-08-25
8141692,30,53,2026-08-25
6300962,30,242,2026-08-25
6030837,30,23,2026-08-25
6030836,30,45,2026-08-25
6030835,30,273,2026-08-25
6302129,30,144,2026-08-25
6302130,30,65,2026-08-25
6031168,30,91,2026-08-25
6030966,30,261,2026-08-25
6030967,30,56,2026-08-25
6031167,30,266,2026-08-25
6031170,30,217,2026-08-25
6031171,30,132,2026-08-25
6031172,30,135,2026-08-25
9999690,30,197,2026-08-25
6031173,30,262,2026-08-25
6302131,30,229,2026-08-25
6031174,30,31,2026-08-25
6031175,30,238,2026-08-25
6031177,30,143,2026-08-25
6031464,30,288,2026-08-25
6031465,30,30,2026-08-25
6031467,30,248,2026-08-25
6031490,30,94,2026-08-25
6031468,30,43,2026-08-25
6300837,30,277,2026-08-25
6030968,30,293,2026-08-25
6030969,30,202,2026-08-25
6033503,30,101,2026-08-25
8141561,30,224,2026-08-25
6033502,30,252,2026-08-25
6031178,30,180,2026-08-25
6031179,30,50,2026-08-25
6300847,30,119,2026-08-25
9999692,30,225,2026-08-25
9999693,30,197,2026-08-25
6031480,30,110,2026-08-25
6031365,30,121,2026-08-25
6302133,30,151,2026-08-25
6302136,30,225,2026-08-25
8141559,30,221,2026-08-25
6031367,30,43,2026-08-25
6031368,30,124,2026-08-25
6300836,30,192,2026-08-25
6031369,30,84,2026-08-25
6031370,30,77,2026-08-25
6030970,30,209,2026-08-25
6031371,30,65,2026-08-25
6031372,30,125,2026-08-25
6031481,30,35,2026-08-25
6302138,30,206,2026-08-25
6031377,30,220,2026-08-25
6031379,30,205,2026-08-25
6300851,30,66,2026-08-25
6031380,30,97,2026-08-25
6302139,30,117,2026-08-25
8016633,30,113,2026-08-25
8016626,30,97,2026-08-25
8016632,30,300,2026-08-25
6302140,30,154,2026-08-25
6030971,30,122,2026-08-25
6302147,30,113,2026-08-25
9999695,30,214,2026-08-25
6031341,30,209,2026-08-25
6031383,30,29,2026-08-25
6302146,30,195,2026-08-25
6030972,30,209,2026-08-25
8009361,30,215,2026-08-25
6031386,30,219,2026-08-25
8009363,30,173,2026-08-25
6031388,30,93,2026-08-25
8009362,30,64,2026-08-25
6031387,30,91,2026-08-25
8009364,30,151,2026-08-25
6031389,30,197,2026-08-25
8007595,30,246,2026-08-25
6030973,30,32,2026-08-25
8005205,30,233,2026-08-25
8009373,30,249,2026-08-25
6302141,30,260,2026-08-25
8005206,30,242,2026-08-25
6031158,30,122,2026-08-25
9999696,30,84,2026-08-25
6302142,30,138,2026-08-25
6031390,30,246,2026-08-25
6301012,30,56,2026-08-25
6031393,30,106,2026-08-25
6031392,30,259,2026-08-25
6031491,30,292,2026-08-25
6300845,30,300,2026-08-25
6031591,30,209,2026-08-25
8012996,30,162,2026-08-25
6031396,30,87,2026-08-25
6031592,30,194,2026-08-25
6031397,30,222,2026-08-25
6031398,30,292,2026-08-25
6300843,30,60,2026-08-25
6031513,30,130,2026-08-25
6031400,30,236,2026-08-25
8009358,30,87,2026-08-25
6031482,30,221,2026-08-25
8009359,30,42,2026-08-25
6031483,30,33,2026-08-25
6302151,30,136,2026-08-25
6302148,30,149,2026-08-25
6031337,30,235,2026-08-25
6302152,30,296,2026-08-25
8016630,30,116,2026-08-25
8141560,30,120,2026-08-25
6302153,30,234,2026-08-25
8009360,30,93,2026-08-25
6300848,30,233,2026-08-25
8015068,30,38,2026-08-25
6030974,30,239,2026-08-25
6031484,30,129,2026-08-25
6031471,30,203,2026-08-25
6031498,30,121,2026-08-25
6031512,30,34,2026-08-25
6031470,30,44,2026-08-25
6031472,30,238,2026-08-25
6031473,30,153,2026-08-25
6031485,30,192,2026-08-25
6300849,30,118,2026-08-25
6031339,30,168,2026-08-25
6300850,30,112,2026-08-25
6030978,30,254,2026-08-25
8030162,30,69,2026-08-25
6031406,30,217,2026-08-25
6301026,30,229,2026-08-25
6031408,30,175,2026-08-25
6031410,30,170,2026-08-25
6031409,30,124,2026-08-25
6031411,30,64,2026-08-25
8009371,30,230,2026-08-25
6031488,30,167,2026-08-25
8009370,30,270,2026-08-25
6031487,30,72,2026-08-25
6302154,30,49,2026-08-25
6302155,30,239,2026-08-25
6302156,30,71,2026-08-25
6031417,30,246,2026-08-25
6031420,30,144,2026-08-25
8009372,30,115,2026-08-25
6031416,30,272,2026-08-25
9999701,30,94,2026-08-25
9999702,30,292,2026-08-25
6031424,30,187,2026-08-25
9999703,30,217,2026-08-25
6033504,30,211,2026-08-25
8015067,30,300,2026-08-25
6031596,30,257,2026-08-25
6031426,30,97,2026-08-25
6031428,30,167,2026-08-25
6031425,30,273,2026-08-25
6031598,30,236,2026-08-25
6302158,30,226,2026-08-25
6302160,30,223,2026-08-25
6031477,30,287,2026-08-25
6031150,30,104,2026-08-25
6031151,30,75,2026-08-25
6031478,30,197,2026-08-25
6031153,30,195,2026-08-25
6030980,30,266,2026-08-25
8009365,30,187,2026-08-25
8141567,30,88,2026-08-25
8141565,30,48,2026-08-25
8141566,30,267,2026-08-25
6031601,30,155,2026-08-25
6300834,30,180,2026-08-25
6031602,30,100,2026-08-25
6031430,30,100,2026-08-25
9999705,30,208,2026-08-25
6031431,30,162,2026-08-25
6031432,30,104,2026-08-25
8030156,30,106,2026-08-25
8009366,30,273,2026-08-25
6031447,30,292,2026-08-25
6302161,30,174,2026-08-25
6030981,30,142,2026-08-25
6031448,30,80,2026-08-25
6031474,30,218,2026-08-25
6030991,30,90,2026-08-25
6031475,30,245,2026-08-25
6031449,30,216,2026-08-25
8009367,30,140,2026-08-25
6031450,30,268,2026-08-25
6031338,30,219,2026-08-25
6302162,30,56,2026-08-25
6031452,30,119,2026-08-25
6031454,30,200,2026-08-25
6031489,30,268,2026-08-25
6302163,30,139,2026-08-25
8009368,30,227,2026-08-25
8009369,30,239,2026-08-25
6031453,30,287,2026-08-25
6302164,30,28,2026-08-25
8141558,30,258,2026-08-25
8141557,30,274,2026-08-25
6031427,30,28,2026-08-25
8141556,30,114,2026-08-25
9999706,30,40,2026-08-25
8015072,30,217,2026-08-25
8030144,30,267,2026-08-25
9999710,30,264,2026-08-25
6031476,30,143,2026-08-25
6030996,30,269,2026-08-25
6030997,30,34,2026-08-25
6031462,30,109,2026-08-25
6031335,30,187,2026-08-25
8030164,30,41,2026-08-25
8030157,30,132,2026-08-25
8005207,30,88,2026-08-25
9999712,30,227,2026-08-25
6033506,30,123,2026-08-25
6033507,30,182,2026-08-25
6302167,30,222,2026-08-25
6302165,30,154,2026-08-25
6302166,30,206,2026-08-25
8007596,30,274,2026-08-25
6031463,30,121,2026-08-25
8009374,30,222,2026-08-25
8016624,30,96,2026-08-25
8121357,30,163,2026-08-25
8121358,30,34,2026-08-25
8011556,30,275,2026-08-25
6039649,30,255,2026-08-25
8131794,30,244,2026-08-25
8131790,30,261,2026-08-25
8131806,30,91,2026-08-25
8131802,30,184,2026-08-25
8131798,30,253,2026-08-25
8128556,30,287,2026-08-25
8127398,30,259,2026-08-25
8042289,30,289,2026-08-25
8042294,30,252,2026-08-25
8042360,30,263,2026-08-25
8042364,30,146,2026-08-25
8042209,30,188,2026-08-25
8042235,30,103,2026-08-25
8042199,30,238,2026-08-25
8122581,30,126,2026-08-25
8122582,30,132,2026-08-25
8122584,30,145,2026-08-25
8122583,30,214,2026-08-25
8122585,30,178,2026-08-25
8124074,30,57,2026-08-25
8124075,30,92,2026-08-25
8124076,30,70,2026-08-25
8124077,30,95,2026-08-25
8128210,30,186,2026-08-25
8038994,30,92,2026-08-25
8118396,30,97,2026-08-25
8128208,30,58,2026-08-25
8039024,30,139,2026-08-25
8118179,30,208,2026-08-25
8039020,30,133,2026-08-25
8118395,30,216,2026-08-25
8039027,30,268,2026-08-25
8039021,30,27,2026-08-25
8118393,30,28,2026-08-25
8039026,30,150,2026-08-25
8039022,30,246,2026-08-25
8118397,30,206,2026-08-25
8135943,30,161,2026-08-25
8039023,30,185,2026-08-25
8118394,30,103,2026-08-25
8039025,30,172,2026-08-25
8128207,30,51,2026-08-25
8132830,30,280,2026-08-25
8127984,30,271,2026-08-25
8127985,30,89,2026-08-25
8127990,30,46,2026-08-25
8127991,30,111,2026-08-25
8127986,30,237,2026-08-25
8127987,30,53,2026-08-25
8127989,30,211,2026-08-25
8132837,30,107,2026-08-25
8132838,30,41,2026-08-25
8132839,30,174,2026-08-25
8132832,30,255,2026-08-25
8132834,30,247,2026-08-25
8041211,30,283,2026-08-25
8121754,30,42,2026-08-25
8040133,30,258,2026-08-25
8121488,30,272,2026-08-25
8041214,30,118,2026-08-25
8040131,30,55,2026-08-25
8036903,30,295,2026-08-25
8121484,30,207,2026-08-25
8041215,30,256,2026-08-25
8036896,30,68,2026-08-25
8041218,30,96,2026-08-25
8121486,30,77,2026-08-25
8121487,30,242,2026-08-25
8121489,30,24,2026-08-25
8124888,30,89,2026-08-25
8124889,30,119,2026-08-25
8124890,30,172,2026-08-25
8124891,30,278,2026-08-25
8124892,30,80,2026-08-25
8141969,30,160,2026-08-25
8141970,30,243,2026-08-25
8141971,30,114,2026-08-25
8141972,30,104,2026-08-25
8141975,30,155,2026-08-25
8133909,30,75,2026-08-25
8133908,30,171,2026-08-25
8139804,30,71,2026-08-25
8133907,30,108,2026-08-25
8133906,30,243,2026-08-25
8133905,30,248,2026-08-25
8133904,30,62,2026-08-25
8139803,30,219,2026-08-25
8139802,30,171,2026-08-25
8133903,30,248,2026-08-25
8133902,30,213,2026-08-25
8133901,30,57,2026-08-25
8139801,30,155,2026-08-25
8139800,30,295,2026-08-25
8133886,30,36,2026-08-25
8139805,30,145,2026-08-25
8118064,30,176,2026-08-25
8118063,30,147,2026-08-25
8014221,30,159,2026-08-25
8014220,30,180,2026-08-25
8014219,30,219,2026-08-25
8143624,30,226,2026-08-25
8143625,30,128,2026-08-25
8143626,30,256,2026-08-25
8143627,30,29,2026-08-25
8143628,30,278,2026-08-25
8123946,30,161,2026-08-25
8040853,30,149,2026-08-25
8040855,30,273,2026-08-25
8016424,30,278,2026-08-25
8137171,30,294,2026-08-25
8115566,30,299,2026-08-25
8016425,30,34,2026-08-25
8016426,30,187,2026-08-25
8016427,30,199,2026-08-25
8115567,30,185,2026-08-25
8137178,30,102,2026-08-25
8137183,30,168,2026-08-25
8137180,30,250,2026-08-25
8137184,30,228,2026-08-25
8137179,30,298,2026-08-25
8137182,30,188,2026-08-25
8012325,30,57,2026-08-25
8119167,30,233,2026-08-25
8143622,30,77,2026-08-25
8143621,30,127,2026-08-25
8143620,30,255,2026-08-25
8143623,30,109,2026-08-25
8134992,30,143,2026-08-25
8134991,30,114,2026-08-25
8134990,30,224,2026-08-25
8134987,30,274,2026-08-25
8134989,30,29,2026-08-25
8134988,30,60,2026-08-25
8119157,30,227,2026-08-25
8130782,30,152,2026-08-25
8130783,30,126,2026-08-25
8130784,30,58,2026-08-25
8129226,30,134,2026-08-25
8139811,30,37,2026-08-25
8010259,30,169,2026-08-25
6301465,30,268,2026-08-25
8040856,30,76,2026-08-25
6301469,30,50,2026-08-25
8014059,30,206,2026-08-25
6301478,30,255,2026-08-25
8012243,30,68,2026-08-25
8012242,30,165,2026-08-25
8014121,30,74,2026-08-25
8031689,30,131,2026-08-25
8109468,30,150,2026-08-25
8131194,30,102,2026-08-25
8131193,30,104,2026-08-25
8141438,30,163,2026-08-25
8141435,30,159,2026-08-25
8141441,30,147,2026-08-25
8141440,30,213,2026-08-25
8141439,30,188,2026-08-25
8141436,30,22,2026-08-25
8141437,30,291,2026-08-25
8121394,30,192,2026-08-25
8132821,30,294,2026-08-25
8132826,30,21,2026-08-25
8141959,30,188,2026-08-25
8141954,30,84,2026-08-25
8141956,30,296,2026-08-25
8141958,30,81,2026-08-25
8141955,30,120,2026-08-25
8121395,30,278,2026-08-25
8121391,30,70,2026-08-25
8132822,30,29,2026-08-25
8132817,30,141,2026-08-25
8121396,30,164,2026-08-25
8137172,30,252,2026-08-25
8137176,30,195,2026-08-25
8137173,30,72,2026-08-25
8137175,30,167,2026-08-25
8137177,30,37,2026-08-25
8137174,30,46,2026-08-25
8121393,30,292,2026-08-25
8132818,30,105,2026-08-25
8121392,30,157,2026-08-25
8132819,30,290,2026-08-25
8036777,30,126,2026-08-25
8036778,30,56,2026-08-25
8036779,30,242,2026-08-25
8036782,30,206,2026-08-25
8037747,30,216,2026-08-25
8139300,30,280,2026-08-25
8139299,30,248,2026-08-25
8139297,30,70,2026-08-25
8139295,30,99,2026-08-25
8139294,30,210,2026-08-25
8038165,30,137,2026-08-25
8038168,30,45,2026-08-25
8041219,30,226,2026-08-25
8039175,30,184,2026-08-25
8041225,30,119,2026-08-25
8041228,30,246,2026-08-25
8041226,30,181,2026-08-25
8137702,30,184,2026-08-25
8137703,30,62,2026-08-25
8137704,30,186,2026-08-25
8137705,30,292,2026-08-25
8137706,30,139,2026-08-25
8137707,30,71,2026-08-25
8137708,30,182,2026-08-25
8142506,30,142,2026-08-25
8142505,30,154,2026-08-25
8142508,30,149,2026-08-25
8142503,30,219,2026-08-25
8142507,30,275,2026-08-25
8142504,30,130,2026-08-25
8136059,30,88,2026-08-25
8136060,30,151,2026-08-25
8126667,30,188,2026-08-25
8126663,30,149,2026-08-25
8126662,30,181,2026-08-25
8136061,30,88,2026-08-25
8128912,30,46,2026-08-25
8128913,30,263,2026-08-25
8136063,30,286,2026-08-25
8126665,30,91,2026-08-25
8126668,30,88,2026-08-25
8136062,30,153,2026-08-25
8140159,30,187,2026-08-25
8140160,30,203,2026-08-25
8140161,30,280,2026-08-25
8140162,30,127,2026-08-25
8140163,30,146,2026-08-25
8140164,30,100,2026-08-25
8140165,30,254,2026-08-25
8140166,30,168,2026-08-25
8140167,30,286,2026-08-25
8119159,30,155,2026-08-25
8041746,30,242,2026-08-25
8111827,30,251,2026-08-25
8131819,30,58,2026-08-25
8014137,30,288,2026-08-25
8000339,30,289,2026-08-25
8143619,30,72,2026-08-25
8143618,30,244,2026-08-25
8136505,30,103,2026-08-25
8136504,30,131,2026-08-25
8139807,30,147,2026-08-25
8126218,30,174,2026-08-25
8121647,30,246,2026-08-25
8121648,30,102,2026-08-25
8141651,30,103,2026-08-25
8141650,30,246,2026-08-25
8020748,30,139,2026-08-25
8020749,30,193,2026-08-25
8013691,30,138,2026-08-25
8013689,30,225,2026-08-25
8143221,30,182,2026-08-25
8143219,30,38,2026-08-25
8143224,30,110,2026-08-25
8143223,30,289,2026-08-25
8143225,30,129,2026-08-25
8143220,30,223,2026-08-25
8129229,30,109,2026-08-25
8033921,30,201,2026-08-25
8135873,30,242,2026-08-25
8129227,30,210,2026-08-25
8118056,30,38,2026-08-25
8118057,30,25,2026-08-25
8036894,30,290,2026-08-25
8036895,30,162,2026-08-25
8029045,30,61,2026-08-25
8029046,30,161,2026-08-25
8029047,30,20,2026-08-25
8029048,30,100,2026-08-25
8036899,30,142,2026-08-25
8036898,30,188,2026-08-25
8136048,30,293,2026-08-25
8136047,30,52,2026-08-25
8136045,30,114,2026-08-25
8136044,30,297,2026-08-25
8136043,30,164,2026-08-25
8136042,30,85,2026-08-25
8138327,30,199,2026-08-25
8138326,30,264,2026-08-25
8138325,30,210,2026-08-25
8138324,30,97,2026-08-25
8138323,30,97,2026-08-25
8138322,30,300,2026-08-25
8138321,30,248,2026-08-25
8138320,30,44,2026-08-25
8035118,30,131,2026-08-25
8035117,30,156,2026-08-25
8110789,30,206,2026-08-25
8035119,30,246,2026-08-25
8110790,30,255,2026-08-25
8110791,30,134,2026-08-25
8110787,30,124,2026-08-25
8035143,30,184,2026-08-25
8039194,30,228,2026-08-25
8130006,30,252,2026-08-25
8130007,30,207,2026-08-25
8139291,30,234,2026-08-25
8139282,30,71,2026-08-25
8139277,30,221,2026-08-25
8139276,30,296,2026-08-25
8139288,30,139,2026-08-25
8139280,30,268,2026-08-25
8139275,30,78,2026-08-25
8139290,30,221,2026-08-25
8139281,30,289,2026-08-25
8139289,30,115,2026-08-25
8139274,30,127,2026-08-25
8139286,30,125,2026-08-25
8139283,30,212,2026-08-25
8139278,30,20,2026-08-25
8139287,30,109,2026-08-25
8139284,30,190,2026-08-25
8139279,30,106,2026-08-25
8139285,30,238,2026-08-25
6220482,30,171,2026-08-25
6220477,30,262,2026-08-25
8126345,30,242,2026-08-25
8136983,30,215,2026-08-25
8136984,30,261,2026-08-25
8136982,30,81,2026-08-25
8136981,30,99,2026-08-25
8139849,30,273,2026-08-25
8123202,30,142,2026-08-25
8123203,30,46,2026-08-25
8136986,30,212,2026-08-25
8123204,30,175,2026-08-25
8136985,30,65,2026-08-25
8130774,30,260,2026-08-25
8119383,30,294,2026-08-25
8126343,30,187,2026-08-25
8126342,30,57,2026-08-25
8126344,30,296,2026-08-25
8123205,30,153,2026-08-25
8140339,30,211,2026-08-25
8140341,30,21,2026-08-25
8140340,30,99,2026-08-25
8135121,30,81,2026-08-25
8131227,30,174,2026-08-25
8135126,30,238,2026-08-25
8119729,30,233,2026-08-25
8119727,30,70,2026-08-25
8135122,30,134,2026-08-25
8131231,30,195,2026-08-25
8135123,30,249,2026-08-25
8038288,30,31,2026-08-25
8038294,30,137,2026-08-25
8038289,30,92,2026-08-25
8038390,30,213,2026-08-25
8040078,30,64,2026-08-25
8040079,30,245,2026-08-25
8040080,30,285,2026-08-25
8040082,30,91,2026-08-25
8040083,30,154,2026-08-25
8038295,30,235,2026-08-25
8111767,30,160,2026-08-25
8040076,30,124,2026-08-25
8040077,30,59,2026-08-25
8038392,30,116,2026-08-25
8038393,30,174,2026-08-25
8038385,30,274,2026-08-25
8038298,30,84,2026-08-25
8110331,30,175,2026-08-25
8038388,30,65,2026-08-25
8038300,30,252,2026-08-25
8038303,30,202,2026-08-25
8038302,30,146,2026-08-25
8038301,30,56,2026-08-25
8038387,30,190,2026-08-25
8038307,30,26,2026-08-25
8038306,30,283,2026-08-25
8038305,30,187,2026-08-25
8038304,30,188,2026-08-25
8038400,30,242,2026-08-25
8038396,30,47,2026-08-25
8038402,30,164,2026-08-25
8038401,30,269,2026-08-25
8038404,30,240,2026-08-25
8038412,30,128,2026-08-25
8038413,30,217,2026-08-25
8038403,30,154,2026-08-25
8120371,30,284,2026-08-25
8038406,30,67,2026-08-25
8038407,30,216,2026-08-25
8111766,30,189,2026-08-25
8038408,30,62,2026-08-25
8041128,30,140,2026-08-25
8041127,30,214,2026-08-25
8038395,30,213,2026-08-25
8038394,30,279,2026-08-25
8038266,30,89,2026-08-25
8038267,30,134,2026-08-25
8038287,30,287,2026-08-25
8110332,30,196,2026-08-25
8038422,30,131,2026-08-25
8131960,30,150,2026-08-25
8131958,30,32,2026-08-25
8038423,30,234,2026-08-25
8131957,30,203,2026-08-25
8038425,30,132,2026-08-25
8038424,30,127,2026-08-25
8131959,30,238,2026-08-25
8131961,30,86,2026-08-25
8038420,30,211,2026-08-25
8038416,30,157,2026-08-25
8038414,30,99,2026-08-25
8038417,30,282,2026-08-25
8038419,30,70,2026-08-25
8038421,30,245,2026-08-25
8038431,30,70,2026-08-25
8131600,30,276,2026-08-25
8138126,30,181,2026-08-25
8134082,30,45,2026-08-25
8132396,30,141,2026-08-25
8018616,30,146,2026-08-25
8124744,30,108,2026-08-25
8126987,30,111,2026-08-25
8029970,30,299,2026-08-25
8134704,30,209,2026-08-25
8127516,30,271,2026-08-25
8138127,30,81,2026-08-25
8140125,30,193,2026-08-25
8140132,30,27,2026-08-25
8134737,30,39,2026-08-25
8134695,30,231,2026-08-25
8119591,30,138,2026-08-25
8121207,30,224,2026-08-25
8035175,30,147,2026-08-25
9997284,30,40,2026-08-25
9997285,30,233,2026-08-25
8143949,30,201,2026-08-25
8143950,30,118,2026-08-25
8128728,30,169,2026-08-25
8002506,30,90,2026-08-25
8137717,30,220,2026-08-25
8140353,30,210,2026-08-25
8129029,30,276,2026-08-25
8129079,30,157,2026-08-25
8129080,30,157,2026-08-25
8032423,30,300,2026-08-25
8134140,30,34,2026-08-25
9999867,30,23,2026-08-25
8012619,30,201,2026-08-25
8130129,30,178,2026-08-25
8021143,30,226,2026-08-25
9998864,30,117,2026-08-25
8029223,30,246,2026-08-25
8021144,30,71,2026-08-25
8021145,30,91,2026-08-25
8125768,30,138,2026-08-25
8125554,30,238,2026-08-25
8135389,30,156,2026-08-25
8125537,30,262,2026-08-25
8125561,30,25,2026-08-25
8114002,30,222,2026-08-25
8125555,30,297,2026-08-25
8114005,30,59,2026-08-25
8135390,30,54,2026-08-25
8123591,30,49,2026-08-25
8135106,30,81,2026-08-25
8135097,30,185,2026-08-25
8131352,30,105,2026-08-25
8131351,30,300,2026-08-25
8131353,30,173,2026-08-25
8131354,30,121,2026-08-25
8131347,30,34,2026-08-25
8131355,30,240,2026-08-25
8131350,30,129,2026-08-25
8131356,30,22,2026-08-25
8131348,30,271,2026-08-25
8135108,30,160,2026-08-25
8137729,30,167,2026-08-25
8137897,30,76,2026-08-25
8137730,30,264,2026-08-25
8137899,30,217,2026-08-25
8137898,30,179,2026-08-25
8137904,30,184,2026-08-25
8137731,30,138,2026-08-25
8137901,30,49,2026-08-25
8132446,30,256,2026-08-25
8009660,30,159,2026-08-25
8132447,30,90,2026-08-25
8016509,30,80,2026-08-25
8039641,30,119,2026-08-25
8037080,30,299,2026-08-25
8018617,30,141,2026-08-25
8140120,30,35,2026-08-25
8140085,30,211,2026-08-25
8140086,30,240,2026-08-25
8140088,30,35,2026-08-25
8029971,30,132,2026-08-25
8140133,30,36,2026-08-25
8129647,30,198,2026-08-25
8135444,30,31,2026-08-25
8135442,30,224,2026-08-25
8135441,30,119,2026-08-25
8132408,30,196,2026-08-25
8135443,30,288,2026-08-25
8113497,30,35,2026-08-25
8135445,30,233,2026-08-25
8138128,30,83,2026-08-25
8134736,30,274,2026-08-25
8138129,30,254,2026-08-25
8035174,30,237,2026-08-25
8114698,30,191,2026-08-25
8140122,30,147,2026-08-25
8140151,30,129,2026-08-25
8134691,30,156,2026-08-25
8132524,30,172,2026-08-25
8132521,30,94,2026-08-25
8027852,30,115,2026-08-25
8027888,30,184,2026-08-25
8134670,30,71,2026-08-25
8132507,30,147,2026-08-25
8134671,30,126,2026-08-25
8132510,30,122,2026-08-25
8134676,30,251,2026-08-25
8132523,30,183,2026-08-25
8027881,30,109,2026-08-25
8027883,30,47,2026-08-25
8027882,30,127,2026-08-25
8027880,30,40,2026-08-25
8134683,30,106,2026-08-25
8134684,30,226,2026-08-25
8134693,30,171,2026-08-25
8132520,30,295,2026-08-25
8132517,30,181,2026-08-25
8132506,30,236,2026-08-25
8132508,30,94,2026-08-25
8134687,30,86,2026-08-25
8134688,30,97,2026-08-25
8134675,30,22,2026-08-25
8134673,30,206,2026-08-25
8134681,30,297,2026-08-25
8134680,30,43,2026-08-25
8134678,30,115,2026-08-25
8132505,30,195,2026-08-25
8132504,30,132,2026-08-25
8027853,30,201,2026-08-25
8027869,30,44,2026-08-25
8027870,30,91,2026-08-25
8027871,30,102,2026-08-25
8027856,30,59,2026-08-25
8134692,30,212,2026-08-25
8027867,30,241,2026-08-25
8132516,30,218,2026-08-25
8027866,30,242,2026-08-25
8043134,30,177,2026-08-25
8043135,30,76,2026-08-25
8043118,30,186,2026-08-25
8043127,30,223,2026-08-25
8043126,30,132,2026-08-25
8043142,30,235,2026-08-25
8134824,30,41,2026-08-25
8043145,30,109,2026-08-25
8043138,30,110,2026-08-25
8043141,30,154,2026-08-25
8043122,30,198,2026-08-25
8125047,30,142,2026-08-25
8127185,30,257,2026-08-25
8125044,30,293,2026-08-25
8127811,30,277,2026-08-25
8125048,30,79,2026-08-25
8127184,30,279,2026-08-25
8125045,30,116,2026-08-25
8127812,30,214,2026-08-25
8125049,30,159,2026-08-25
8127186,30,117,2026-08-25
8125046,30,124,2026-08-25
8127813,30,110,2026-08-25
8129533,30,114,2026-08-25
8117073,30,190,2026-08-25
8117072,30,267,2026-08-25
8121813,30,144,2026-08-25
6034129,30,161,2026-08-25
6039773,30,141,2026-08-25
6032702,30,110,2026-08-25
8010128,30,192,2026-08-25
8010126,30,226,2026-08-25
8115141,30,300,2026-08-25
8115140,30,222,2026-08-25
8115139,30,186,2026-08-25
8115138,30,153,2026-08-25
8010127,30,218,2026-08-25
8010125,30,25,2026-08-25
8010129,30,296,2026-08-25
8113508,30,272,2026-08-25
8110485,30,101,2026-08-25
6220470,30,288,2026-08-25
6220469,30,64,2026-08-25
6220468,30,260,2026-08-25
6220467,30,142,2026-08-25
8134674,30,158,2026-08-25
8109920,30,55,2026-08-25
6220466,30,82,2026-08-25
6220465,30,80,2026-08-25
6220464,30,262,2026-08-25
8119589,30,111,2026-08-25
8126994,30,108,2026-08-25
8119588,30,75,2026-08-25
8136975,30,290,2026-08-25
8136919,30,170,2026-08-25
8136921,30,237,2026-08-25
8136920,30,277,2026-08-25
8136922,30,168,2026-08-25
8141208,30,278,2026-08-25
8141210,30,67,2026-08-25
8141212,30,133,2026-08-25
8141209,30,224,2026-08-25
8137912,30,192,2026-08-25
8137907,30,223,2026-08-25
8137732,30,38,2026-08-25
8137906,30,245,2026-08-25
8137905,30,109,2026-08-25
8140859,30,30,2026-08-25
8140856,30,208,2026-08-25
8140870,30,227,2026-08-25
8140893,30,34,2026-08-25
8140897,30,129,2026-08-25
8140896,30,213,2026-08-25
8140900,30,120,2026-08-25
8140901,30,104,2026-08-25
8140894,30,277,2026-08-25
8140899,30,142,2026-08-25
8140898,30,191,2026-08-25
8140895,30,178,2026-08-25
8140892,30,210,2026-08-25
8140858,30,33,2026-08-25
8140874,30,250,2026-08-25
8140853,30,52,2026-08-25
8140860,30,33,2026-08-25
8140857,30,217,2026-08-25
8140861,30,27,2026-08-25
8140875,30,187,2026-08-25
8140871,30,265,2026-08-25
8140854,30,163,2026-08-25
8140872,30,217,2026-08-25
8140855,30,172,2026-08-25
8140873,30,22,2026-08-25
6206027,30,66,2026-08-25
6206024,30,175,2026-08-25
6206025,30,273,2026-08-25
8033313,30,190,2026-08-25
8040815,30,40,2026-08-25
8033315,30,36,2026-08-25
8027536,30,287,2026-08-25
8027532,30,214,2026-08-25
8119991,30,20,2026-08-25
8119990,30,243,2026-08-25
8040370,30,128,2026-08-25
8142516,30,188,2026-08-25
8117957,30,247,2026-08-25
8033319,30,240,2026-08-25
8131386,30,160,2026-08-25
8039873,30,22,2026-08-25
8116651,30,257,2026-08-25
8027527,30,55,2026-08-25
8122586,30,222,2026-08-25
8134144,30,272,2026-08-25
8134145,30,112,2026-08-25
8134143,30,35,2026-08-25
8031477,30,153,2026-08-25
8031482,30,277,2026-08-25
8031481,30,31,2026-08-25
8134146,30,25,2026-08-25
8031478,30,125,2026-08-25
8035151,30,299,2026-08-25
8028752,30,105,2026-08-25
8028753,30,37,2026-08-25
8028773,30,205,2026-08-25
8028776,30,287,2026-08-25
8028763,30,53,2026-08-25
8028767,30,141,2026-08-25
8035150,30,133,2026-08-25
8141919,30,269,2026-08-25
8109618,30,125,2026-08-25
8112118,30,245,2026-08-25
8138086,30,91,2026-08-25
8041777,30,173,2026-08-25
8138089,30,115,2026-08-25
8127340,30,95,2026-08-25
8127439,30,168,2026-08-25
8141950,30,215,2026-08-25
8041775,30,162,2026-08-25
8138077,30,158,2026-08-25
8139561,30,58,2026-08-25
8112117,30,66,2026-08-25
8041771,30,185,2026-08-25
8041772,30,256,2026-08-25
8138084,30,208,2026-08-25
8041779,30,84,2026-08-25
8134920,30,72,2026-08-25
8141949,30,126,2026-08-25
8041778,30,240,2026-08-25
8122927,30,253,2026-08-25
8122928,30,194,2026-08-25
8134921,30,28,2026-08-25
8138081,30,78,2026-08-25
8143499,30,194,2026-08-25
8142332,30,214,2026-08-25
8131530,30,55,2026-08-25
8141748,30,63,2026-08-25
8141749,30,199,2026-08-25
8141680,30,112,2026-08-25
8138879,30,258,2026-08-25
8138881,30,239,2026-08-25
8141681,30,245,2026-08-25
8137252,30,168,2026-08-25
8141679,30,222,2026-08-25
8138880,30,198,2026-08-25
8138882,30,35,2026-08-25
8142331,30,64,2026-08-25
8131531,30,53,2026-08-25
8139854,30,47,2026-08-25
8141747,30,183,2026-08-25
8136615,30,276,2026-08-25
8137881,30,227,2026-08-25
8137882,30,118,2026-08-25
8137878,30,130,2026-08-25
8137875,30,180,2026-08-25
8137877,30,51,2026-08-25
8137883,30,213,2026-08-25
8137880,30,204,2026-08-25
8000050,30,84,2026-08-25
8137994,30,24,2026-08-25
8137995,30,273,2026-08-25
8137992,30,116,2026-08-25
8137993,30,107,2026-08-25
8143460,30,102,2026-08-25
8143461,30,212,2026-08-25
8143462,30,264,2026-08-25
8121349,30,212,2026-08-25
8028916,30,133,2026-08-25
8131701,30,174,2026-08-25
8008040,30,118,2026-08-25
8012418,30,118,2026-08-25
8025348,30,64,2026-08-25
8121348,30,104,2026-08-25
8126523,30,266,2026-08-25
8126524,30,150,2026-08-25
8126526,30,94,2026-08-25
8139945,30,121,2026-08-25
8126522,30,108,2026-08-25
8143373,30,275,2026-08-25
8143357,30,285,2026-08-25
8143359,30,128,2026-08-25
8034726,30,238,2026-08-25
8118134,30,71,2026-08-25
8118135,30,85,2026-08-25
8118130,30,120,2026-08-25
8118133,30,251,2026-08-25
8118129,30,164,2026-08-25
8118703,30,264,2026-08-25
8122025,30,228,2026-08-25
8122029,30,205,2026-08-25
8015639,30,230,2026-08-25
6300794,30,296,2026-08-25
6310105,30,163,2026-08-25
8116044,30,62,2026-08-25
8039480,30,136,2026-08-25
8030088,30,213,2026-08-25
8129020,30,132,2026-08-25
8030089,30,170,2026-08-25
8139375,30,245,2026-08-25
8116061,30,178,2026-08-25
8118463,30,179,2026-08-25
8116209,30,44,2026-08-25
8136553,30,61,2026-08-25
8126353,30,225,2026-08-25
8139180,30,33,2026-08-25
8139179,30,229,2026-08-25
8133467,30,257,2026-08-25
8133468,30,32,2026-08-25
8133469,30,20,2026-08-25
8012536,30,213,2026-08-25
8035350,30,52,2026-08-25
8116206,30,128,2026-08-25
8037935,30,113,2026-08-25
8037936,30,152,2026-08-25
8139873,30,38,2026-08-25
8139872,30,295,2026-08-25
8021029,30,75,2026-08-25
8023163,30,86,2026-08-25
8016122,30,122,2026-08-25
8011313,30,94,2026-08-25
8023197,30,253,2026-08-25
8118854,30,67,2026-08-25
8118851,30,118,2026-08-25
8118853,30,250,2026-08-25
8118850,30,163,2026-08-25
8128622,30,271,2026-08-25
8118855,30,278,2026-08-25
8118852,30,46,2026-08-25
8117865,30,55,2026-08-25
8117864,30,42,2026-08-25
8117867,30,100,2026-08-25
8117866,30,21,2026-08-25
8128051,30,58,2026-08-25
8117576,30,287,2026-08-25
8124631,30,77,2026-08-25
8129367,30,264,2026-08-25
8117579,30,293,2026-08-25
8141055,30,45,2026-08-25
8135189,30,111,2026-08-25
8128048,30,72,2026-08-25
8134132,30,229,2026-08-25
8117578,30,139,2026-08-25
8125643,30,52,2026-08-25
8139641,30,45,2026-08-25
8139640,30,105,2026-08-25
8139639,30,24,2026-08-25
8117575,30,299,2026-08-25
8141728,30,46,2026-08-25
8134977,30,31,2026-08-25
8134976,30,79,2026-08-25
8134978,30,140,2026-08-25
8134979,30,290,2026-08-25
8124247,30,191,2026-08-25
8117577,30,183,2026-08-25
8127028,30,172,2026-08-25
8122070,30,210,2026-08-25
8141960,30,148,2026-08-25
8141961,30,273,2026-08-25
9992652,30,175,2026-08-25
9998127,30,247,2026-08-25
8031395,30,116,2026-08-25
8119217,30,47,2026-08-25
8119218,30,291,2026-08-25
8140055,30,160,2026-08-25
8009906,30,141,2026-08-25
8009905,30,288,2026-08-25
8009904,30,24,2026-08-25
8110392,30,192,2026-08-25
8130218,30,137,2026-08-25
8130219,30,228,2026-08-25
8130220,30,75,2026-08-25
8022518,30,183,2026-08-25
8128760,30,166,2026-08-25
8009911,30,190,2026-08-25
8009910,30,80,2026-08-25
8139891,30,234,2026-08-25
8009902,30,78,2026-08-25
8009901,30,38,2026-08-25
8031394,30,188,2026-08-25
6030202,30,300,2026-08-25
6039003,30,103,2026-08-25
8027490,30,99,2026-08-25
8013521,30,67,2026-08-25
8118089,30,165,2026-08-25
8022168,30,86,2026-08-25
8118112,30,291,2026-08-25
8139733,30,289,2026-08-25
8139753,30,190,2026-08-25
8118100,30,80,2026-08-25
6301106,30,75,2026-08-25
8118099,30,93,2026-08-25
8013522,30,101,2026-08-25
8139752,30,115,2026-08-25
6310405,30,121,2026-08-25
6301105,30,73,2026-08-25
8118092,30,113,2026-08-25
8140734,30,218,2026-08-25
8127798,30,164,2026-08-25
8000988,30,27,2026-08-25
8143045,30,157,2026-08-25
6300593,30,70,2026-08-25
8033880,30,86,2026-08-25
8013523,30,128,2026-08-25
8000598,30,127,2026-08-25
6300594,30,108,2026-08-25
8013520,30,247,2026-08-25
8001186,30,90,2026-08-25
8022166,30,214,2026-08-25
8143046,30,42,2026-08-25
8133413,30,82,2026-08-25
8133414,30,219,2026-08-25
8132497,30,66,2026-08-25
8134300,30,73,2026-08-25
8127022,30,219,2026-08-25
8109584,30,127,2026-08-25
8124188,30,157,2026-08-25
8033875,30,287,2026-08-25
8114707,30,185,2026-08-25
8122791,30,134,2026-08-25
8122143,30,105,2026-08-25
8122144,30,46,2026-08-25
8110625,30,95,2026-08-25
8140731,30,280,2026-08-25
8136694,30,126,2026-08-25
8025636,30,241,2026-08-25
8013304,30,297,2026-08-25
8126225,30,228,2026-08-25
6030355,30,224,2026-08-25
6030354,30,74,2026-08-25
6030351,30,219,2026-08-25
6533140,30,72,2026-08-25
6300304,30,59,2026-08-25
6300320,30,224,2026-08-25
8118507,30,232,2026-08-25
8118511,30,133,2026-08-25
8118509,30,136,2026-08-25
8118510,30,79,2026-08-25
8138899,30,168,2026-08-25
8118512,30,257,2026-08-25
8141795,30,69,2026-08-25
8031392,30,106,2026-08-25
6310541,30,187,2026-08-25
8110943,30,183,2026-08-25
8129332,30,140,2026-08-25
8021400,30,254,2026-08-25
8113208,30,181,2026-08-25
8129392,30,32,2026-08-25
8129394,30,293,2026-08-25
8129389,30,106,2026-08-25
8024909,30,262,2026-08-25
8122045,30,218,2026-08-25
8141622,30,269,2026-08-25
8141623,30,23,2026-08-25
8141621,30,188,2026-08-25
8141624,30,107,2026-08-25
6300299,30,223,2026-08-25
8130252,30,282,2026-08-25
6039010,30,147,2026-08-25
6530722,30,149,2026-08-25
6530723,30,138,2026-08-25
8142060,30,48,2026-08-25
8122046,30,168,2026-08-25
8141625,30,50,2026-08-25
8121527,30,80,2026-08-25
8121526,30,133,2026-08-25
8130776,30,200,2026-08-25
8130777,30,183,2026-08-25
8121524,30,221,2026-08-25
8040778,30,216,2026-08-25
6309975,30,109,2026-08-25
6309969,30,122,2026-08-25
8116235,30,176,2026-08-25
8122539,30,134,2026-08-25
8141629,30,80,2026-08-25
8019917,30,222,2026-08-25
8022186,30,236,2026-08-25
8012265,30,289,2026-08-25
6530721,30,285,2026-08-25
6309977,30,205,2026-08-25
8129252,30,64,2026-08-25
8012595,30,160,2026-08-25
8136507,30,33,2026-08-25
8036024,30,24,2026-08-25
8133053,30,209,2026-08-25
8129253,30,291,2026-08-25
8138808,30,21,2026-08-25
8138013,30,276,2026-08-25
8138014,30,108,2026-08-25
8143454,30,283,2026-08-25
8133052,30,117,2026-08-25
8016541,30,55,2026-08-25
8123532,30,53,2026-08-25
8123531,30,179,2026-08-25
8143455,30,189,2026-08-25
8129251,30,117,2026-08-25
8129250,30,71,2026-08-25
8129254,30,165,2026-08-25
8139882,30,63,2026-08-25
8139885,30,93,2026-08-25
8038020,30,246,2026-08-25
8006949,30,210,2026-08-25
8021892,30,55,2026-08-25
8006946,30,170,2026-08-25
8029490,30,69,2026-08-25
8003961,30,214,2026-08-25
8039919,30,278,2026-08-25
8039917,30,83,2026-08-25
8039920,30,159,2026-08-25
8039918,30,214,2026-08-25
8016129,30,20,2026-08-25
8018740,30,79,2026-08-25
8016130,30,247,2026-08-25
8024266,30,103,2026-08-25
8039109,30,66,2026-08-25
8002492,30,62,2026-08-25
8002493,30,109,2026-08-25
8031445,30,105,2026-08-25
8031402,30,39,2026-08-25
8022522,30,68,2026-08-25
8002489,30,46,2026-08-25
8002490,30,75,2026-08-25
8032575,30,62,2026-08-25
8039916,30,225,2026-08-25
8019163,30,91,2026-08-25
8022523,30,265,2026-08-25
8012315,30,243,2026-08-25
8012314,30,127,2026-08-25
8033350,30,138,2026-08-25
8033352,30,293,2026-08-25
8021894,30,133,2026-08-25
8021893,30,28,2026-08-25
8142541,30,55,2026-08-25
8142546,30,160,2026-08-25
8016221,30,195,2026-08-25
8118074,30,170,2026-08-25
8014426,30,181,2026-08-25
8141793,30,219,2026-08-25
8140797,30,280,2026-08-25
8142206,30,240,2026-08-25
8030610,30,183,2026-08-25
8030611,30,221,2026-08-25
8032259,30,186,2026-08-25
8021267,30,73,2026-08-25
8021266,30,173,2026-08-25
8113043,30,82,2026-08-25
8113045,30,281,2026-08-25
8014423,30,171,2026-08-25
8138973,30,221,2026-08-25
8014425,30,191,2026-08-25
8014424,30,209,2026-08-25
8139020,30,174,2026-08-25
8035430,30,207,2026-08-25
8041314,30,51,2026-08-25
8035431,30,280,2026-08-25
8041315,30,129,2026-08-25
8035432,30,255,2026-08-25
8137510,30,71,2026-08-25
8138071,30,235,2026-08-25
8020833,30,183,2026-08-25
8019580,30,218,2026-08-25
8137511,30,255,2026-08-25
8137512,30,163,2026-08-25
8021966,30,238,2026-08-25
8030612,30,143,2026-08-25
8139021,30,169,2026-08-25
8128535,30,30,2026-08-25
8137804,30,227,2026-08-25
8014422,30,236,2026-08-25
8014417,30,216,2026-08-25
8118073,30,53,2026-08-25
8014416,30,100,2026-08-25
8014419,30,228,2026-08-25
8014418,30,237,2026-08-25
8118072,30,64,2026-08-25
8118071,30,52,2026-08-25
8014420,30,111,2026-08-25
8111595,30,185,2026-08-25
8111594,30,257,2026-08-25
8014421,30,169,2026-08-25
6310781,30,282,2026-08-25
6310782,30,64,2026-08-25
6310794,30,85,2026-08-25
6310793,30,159,2026-08-25
6310784,30,43,2026-08-25
6310787,30,204,2026-08-25
6310788,30,154,2026-08-25
6310797,30,122,2026-08-25
6310789,30,86,2026-08-25
6310790,30,166,2026-08-25
6310785,30,293,2026-08-25
6310791,30,46,2026-08-25
6310796,30,148,2026-08-25
6310792,30,260,2026-08-25
6310795,30,45,2026-08-25
6030833,30,152,2026-08-25
8009682,30,217,2026-08-25
6030831,30,216,2026-08-25
8035457,30,256,2026-08-25
8026296,30,60,2026-08-25
8035492,30,185,2026-08-25
8035491,30,112,2026-08-25
8026300,30,267,2026-08-25
8026292,30,183,2026-08-25
8026295,30,27,2026-08-25
8035452,30,107,2026-08-25
8030458,30,163,2026-08-25
8026290,30,36,2026-08-25
8026294,30,203,2026-08-25
8027664,30,31,2026-08-25
8033267,30,271,2026-08-25
8035453,30,161,2026-08-25
8026312,30,212,2026-08-25
8026313,30,175,2026-08-25
8026315,30,165,2026-08-25
8026309,30,123,2026-08-25
8125123,30,247,2026-08-25
8035451,30,55,2026-08-25
8127436,30,86,2026-08-25
8030389,30,75,2026-08-25
8026319,30,97,2026-08-25
8026317,30,193,2026-08-25
8030459,30,168,2026-08-25
8035590,30,151,2026-08-25
8035589,30,208,2026-08-25
8035459,30,43,2026-08-25
8035588,30,94,2026-08-25
8125124,30,296,2026-08-25
8026301,30,154,2026-08-25
8026298,30,274,2026-08-25
8026297,30,195,2026-08-25
8035455,30,53,2026-08-25
8026307,30,56,2026-08-25
8026327,30,289,2026-08-25
8026330,30,54,2026-08-25
8035454,30,54,2026-08-25
8114240,30,104,2026-08-25
8030390,30,121,2026-08-25
8027667,30,109,2026-08-25
8027668,30,48,2026-08-25
8026337,30,45,2026-08-25
8026340,30,216,2026-08-25
8030460,30,95,2026-08-25
8026339,30,232,2026-08-25
8033268,30,289,2026-08-25
8026336,30,203,2026-08-25
8026338,30,213,2026-08-25
8027669,30,220,2026-08-25
8031961,30,108,2026-08-25
8127437,30,106,2026-08-25
8035489,30,159,2026-08-25
8026335,30,97,2026-08-25
8030391,30,260,2026-08-25
8035460,30,76,2026-08-25
8125122,30,95,2026-08-25
8028518,30,198,2026-08-25
8028484,30,78,2026-08-25
8112179,30,24,2026-08-25
8112178,30,39,2026-08-25
8132856,30,105,2026-08-25
8130574,30,158,2026-08-25
8130573,30,242,2026-08-25
8130577,30,247,2026-08-25
8130578,30,269,2026-08-25
8130579,30,58,2026-08-25
8130580,30,115,2026-08-25
8112180,30,166,2026-08-25
8124305,30,297,2026-08-25
8122708,30,53,2026-08-25
8124304,30,229,2026-08-25
8134911,30,31,2026-08-25
8135748,30,176,2026-08-25
8134538,30,221,2026-08-25
8137872,30,144,2026-08-25
8137873,30,216,2026-08-25
8112125,30,183,2026-08-25
8112164,30,158,2026-08-25
8112177,30,156,2026-08-25
8143778,30,212,2026-08-25
8112151,30,266,2026-08-25
8137874,30,52,2026-08-25
8124307,30,215,2026-08-25
8118929,30,88,2026-08-25
8118930,30,70,2026-08-25
8134544,30,291,2026-08-25
8134540,30,92,2026-08-25
8124980,30,149,2026-08-25
8124981,30,37,2026-08-25
8124979,30,177,2026-08-25
8135504,30,246,2026-08-25
8135503,30,288,2026-08-25
8135502,30,203,2026-08-25
8135489,30,288,2026-08-25
8135500,30,191,2026-08-25
8135499,30,298,2026-08-25
8135497,30,266,2026-08-25
6530522,30,277,2026-08-25
8122859,30,156,2026-08-25
6530525,30,145,2026-08-25
6530527,30,227,2026-08-25
8125306,30,26,2026-08-25
8007035,30,109,2026-08-25
6530529,30,161,2026-08-25
8110786,30,221,2026-08-25
8122858,30,103,2026-08-25
6530530,30,254,2026-08-25
6300993,30,32,2026-08-25
6530533,30,103,2026-08-25
6530534,30,158,2026-08-25
6310304,30,34,2026-08-25
6530537,30,294,2026-08-25
8022417,30,90,2026-08-25
6530538,30,173,2026-08-25
6530539,30,280,2026-08-25
6530540,30,22,2026-08-25
6530542,30,258,2026-08-25
6530543,30,116,2026-08-25
6530544,30,156,2026-08-25
6530545,30,273,2026-08-25
6301263,30,250,2026-08-25
8040004,30,171,2026-08-25
8011597,30,278,2026-08-25
8122852,30,241,2026-08-25
8011600,30,83,2026-08-25
8018430,30,125,2026-08-25
8018429,30,143,2026-08-25
8018447,30,299,2026-08-25
8018446,30,253,2026-08-25
8018444,30,79,2026-08-25
8018443,30,288,2026-08-25
8018442,30,232,2026-08-25
8018441,30,273,2026-08-25
8020245,30,156,2026-08-25
8018440,30,300,2026-08-25
8018439,30,30,2026-08-25
8110773,30,140,2026-08-25
8018437,30,277,2026-08-25
8018436,30,216,2026-08-25
8018435,30,128,2026-08-25
8134613,30,55,2026-08-25
8020418,30,34,2026-08-25
8020005,30,35,2026-08-25
8018434,30,283,2026-08-25
8018433,30,54,2026-08-25
8110778,30,137,2026-08-25
8021222,30,152,2026-08-25
8018432,30,58,2026-08-25
8137458,30,91,2026-08-25
8142851,30,80,2026-08-25
8142852,30,217,2026-08-25
8142853,30,65,2026-08-25
8142854,30,287,2026-08-25
8142855,30,103,2026-08-25
8142856,30,244,2026-08-25
8142857,30,102,2026-08-25
8142858,30,117,2026-08-25
8142859,30,54,2026-08-25
8142860,30,42,2026-08-25
8026737,30,212,2026-08-25
8026732,30,135,2026-08-25
8026733,30,215,2026-08-25
8039834,30,34,2026-08-25
8039988,30,217,2026-08-25
8039989,30,140,2026-08-25
8039787,30,230,2026-08-25
8039987,30,208,2026-08-25
8114421,30,67,2026-08-25
8114419,30,171,2026-08-25
8114420,30,123,2026-08-25
8126264,30,196,2026-08-25
8141170,30,262,2026-08-25
8141169,30,210,2026-08-25
8141171,30,279,2026-08-25
8117607,30,245,2026-08-25
8123192,30,238,2026-08-25
6033636,30,127,2026-08-25
8117609,30,101,2026-08-25
8037690,30,54,2026-08-25
8037689,30,98,2026-08-25
8037691,30,117,2026-08-25
8117608,30,169,2026-08-25
8130575,30,22,2026-08-25
8130215,30,21,2026-08-25
8123194,30,120,2026-08-25
8124291,30,204,2026-08-25
8123195,30,99,2026-08-25
8039845,30,165,2026-08-25
8039847,30,22,2026-08-25
8141952,30,90,2026-08-25
8039843,30,223,2026-08-25
8039849,30,50,2026-08-25
8121709,30,76,2026-08-25
8039851,30,296,2026-08-25
8139560,30,254,2026-08-25
8128943,30,294,2026-08-25
8119413,30,284,2026-08-25
8141957,30,42,2026-08-25
8119415,30,195,2026-08-25
8141953,30,54,2026-08-25
8119417,30,47,2026-08-25
8039844,30,85,2026-08-25
8141951,30,34,2026-08-25
8039842,30,187,2026-08-25
8039848,30,67,2026-08-25
8121708,30,149,2026-08-25
8039850,30,194,2026-08-25
8128947,30,252,2026-08-25
8139559,30,249,2026-08-25
8139558,30,270,2026-08-25
8021060,30,193,2026-08-25
8139625,30,300,2026-08-25
8041171,30,85,2026-08-25
8038370,30,110,2026-08-25
8139627,30,112,2026-08-25
6033609,30,145,2026-08-25
8025269,30,108,2026-08-25
8041172,30,60,2026-08-25
8139628,30,26,2026-08-25
8136500,30,263,2026-08-25
8136501,30,250,2026-08-25
8140263,30,267,2026-08-25
8140265,30,109,2026-08-25
8140264,30,234,2026-08-25
8122336,30,36,2026-08-25
8130618,30,238,2026-08-25
8136499,30,21,2026-08-25
8127489,30,178,2026-08-25
8122335,30,171,2026-08-25
8141259,30,254,2026-08-25
8137913,30,132,2026-08-25
8142436,30,109,2026-08-25
8137909,30,47,2026-08-25
8137733,30,213,2026-08-25
8141257,30,118,2026-08-25
8141258,30,111,2026-08-25
8137940,30,39,2026-08-25
8143976,30,122,2026-08-25
8143977,30,101,2026-08-25
8141256,30,144,2026-08-25
8142435,30,200,2026-08-25
8141255,30,100,2026-08-25
8137734,30,226,2026-08-25
8141260,30,197,2026-08-25
8121343,30,172,2026-08-25
8139861,30,81,2026-08-25
8139862,30,136,2026-08-25
8139863,30,56,2026-08-25
8139864,30,180,2026-08-25
8133325,30,295,2026-08-25
8026817,30,266,2026-08-25
8141547,30,26,2026-08-25
8031908,30,247,2026-08-25
8009712,30,208,2026-08-25
8123630,30,218,2026-08-25
8141674,30,277,2026-08-25
8127376,30,22,2026-08-25
8009723,30,154,2026-08-25
8029127,30,141,2026-08-25
8116568,30,87,2026-08-25
8116554,30,274,2026-08-25
8123586,30,184,2026-08-25
8123588,30,87,2026-08-25
8022177,30,42,2026-08-25
8039688,30,225,2026-08-25
8123585,30,137,2026-08-25
8123587,30,259,2026-08-25
8012730,30,264,2026-08-25
8022818,30,80,2026-08-25
8130723,30,168,2026-08-25
8112999,30,203,2026-08-25
8024549,30,197,2026-08-25
8019417,30,41,2026-08-25
8019416,30,192,2026-08-25
8116566,30,177,2026-08-25
8126085,30,191,2026-08-25
8139194,30,113,2026-08-25
8139193,30,239,2026-08-25
8136075,30,28,2026-08-25
8119208,30,202,2026-08-25
8024552,30,212,2026-08-25
8000739,30,177,2026-08-25
8033618,30,23,2026-08-25
8133321,30,109,2026-08-25
8142877,30,153,2026-08-25
8022183,30,189,2026-08-25
8142919,30,33,2026-08-25
8142918,30,63,2026-08-25
8143684,30,94,2026-08-25
8143698,30,61,2026-08-25
8143701,30,192,2026-08-25
8142917,30,95,2026-08-25
8143696,30,240,2026-08-25
8143699,30,176,2026-08-25
8142916,30,134,2026-08-25
8143697,30,105,2026-08-25
8143700,30,225,2026-08-25
8143683,30,63,2026-08-25
8021713,30,58,2026-08-25
6211702,30,114,2026-08-25
6211703,30,70,2026-08-25
6211701,30,249,2026-08-25
8028180,30,204,2026-08-25
8134640,30,56,2026-08-25
8134645,30,233,2026-08-25
8134647,30,213,2026-08-25
8134646,30,100,2026-08-25
8134643,30,131,2026-08-25
8134644,30,199,2026-08-25
8134641,30,63,2026-08-25
8134654,30,147,2026-08-25
8134648,30,82,2026-08-25
8134655,30,259,2026-08-25
8134649,30,78,2026-08-25
8134651,30,153,2026-08-25
8134650,30,288,2026-08-25
8134652,30,283,2026-08-25
8134653,30,83,2026-08-25
8134656,30,200,2026-08-25
8134657,30,233,2026-08-25
8139359,30,51,2026-08-25
8134642,30,278,2026-08-25
8134633,30,248,2026-08-25
8134634,30,152,2026-08-25
8139357,30,189,2026-08-25
8134638,30,285,2026-08-25
8134639,30,289,2026-08-25
8134637,30,156,2026-08-25
8139358,30,80,2026-08-25
9995637,30,224,2026-08-25
8141145,30,251,2026-08-25
8030202,30,236,2026-08-25
8141144,30,27,2026-08-25
8138051,30,193,2026-08-25
8131316,30,263,2026-08-25
6300360,30,78,2026-08-25
6032701,30,293,2026-08-25
6031142,30,181,2026-08-25
8010898,30,23,2026-08-25
8003156,30,273,2026-08-25
8027782,30,83,2026-08-25
8122676,30,272,2026-08-25
6536071,30,46,2026-08-25
8136691,30,178,2026-08-25
8136692,30,125,2026-08-25
8143424,30,95,2026-08-25
8143138,30,171,2026-08-25
8113518,30,248,2026-08-25
8136352,30,131,2026-08-25
8131114,30,247,2026-08-25
8001083,30,93,2026-08-25
8137668,30,133,2026-08-25
8114979,30,33,2026-08-25
8114980,30,108,2026-08-25
8129550,30,130,2026-08-25
8124166,30,141,2026-08-25
8119062,30,230,2026-08-25
8136178,30,92,2026-08-25
8124165,30,195,2026-08-25
8136180,30,95,2026-08-25
8119068,30,38,2026-08-25
8136181,30,182,2026-08-25
8136693,30,65,2026-08-25
8131103,30,247,2026-08-25
8032470,30,270,2026-08-25
8126683,30,273,2026-08-25
8113767,30,212,2026-08-25
8018493,30,264,2026-08-25
6300505,30,198,2026-08-25
8126924,30,101,2026-08-25
8114978,30,254,2026-08-25
8114977,30,250,2026-08-25
8143967,30,262,2026-08-25
8143966,30,129,2026-08-25
8031377,30,81,2026-08-25
8031376,30,294,2026-08-25
8031375,30,86,2026-08-25
8124243,30,298,2026-08-25
8124242,30,43,2026-08-25
8124241,30,177,2026-08-25
8128762,30,139,2026-08-25
8143591,30,198,2026-08-25
8143589,30,275,2026-08-25
8143590,30,161,2026-08-25
8143592,30,30,2026-08-25
8115136,30,38,2026-08-25
8115134,30,244,2026-08-25
8115135,30,98,2026-08-25
8005526,30,24,2026-08-25
8131511,30,144,2026-08-25
8126510,30,43,2026-08-25
8131693,30,261,2026-08-25
8142061,30,126,2026-08-25
8131510,30,22,2026-08-25
8126509,30,136,2026-08-25
8131505,30,198,2026-08-25
8142058,30,124,2026-08-25
8131507,30,42,2026-08-25
8126508,30,70,2026-08-25
8142057,30,160,2026-08-25
8126901,30,163,2026-08-25
8131508,30,175,2026-08-25
8126507,30,167,2026-08-25
8131694,30,64,2026-08-25
8142062,30,295,2026-08-25
8131509,30,216,2026-08-25
8126506,30,118,2026-08-25
8131695,30,108,2026-08-25
8142063,30,297,2026-08-25
8126504,30,51,2026-08-25
8126501,30,71,2026-08-25
8126500,30,157,2026-08-25
8126505,30,106,2026-08-25
8126499,30,295,2026-08-25
8126902,30,182,2026-08-25
8126503,30,165,2026-08-25
8126498,30,122,2026-08-25
8126502,30,209,2026-08-25
8126497,30,74,2026-08-25
8135821,30,185,2026-08-25
8135822,30,136,2026-08-25
8135823,30,137,2026-08-25
8028334,30,271,2026-08-25
8140508,30,227,2026-08-25
8140509,30,22,2026-08-25
8130173,30,241,2026-08-25
8131690,30,103,2026-08-25
8130172,30,292,2026-08-25
8131691,30,50,2026-08-25
8130171,30,206,2026-08-25
8130528,30,238,2026-08-25
8130167,30,20,2026-08-25
8130168,30,204,2026-08-25
8130170,30,60,2026-08-25
8131692,30,173,2026-08-25
8130169,30,115,2026-08-25
8131689,30,27,2026-08-25
8114684,30,65,2026-08-25
8114683,30,109,2026-08-25
8114685,30,251,2026-08-25
8114686,30,206,2026-08-25
8140507,30,281,2026-08-25
8112091,30,271,2026-08-25
8112090,30,77,2026-08-25
8112092,30,58,2026-08-25
8120408,30,211,2026-08-25
8137121,30,195,2026-08-25
8025215,30,40,2026-08-25
8115837,30,291,2026-08-25
8115838,30,220,2026-08-25
8038534,30,146,2026-08-25
8025912,30,183,2026-08-25
8025909,30,201,2026-08-25
8123102,30,214,2026-08-25
8139629,30,282,2026-08-25
8139630,30,243,2026-08-25
8124230,30,279,2026-08-25
8137040,30,108,2026-08-25
8137039,30,165,2026-08-25
8123103,30,244,2026-08-25
8000772,30,117,2026-08-25
8020762,30,276,2026-08-25
8011144,30,173,2026-08-25
8011145,30,226,2026-08-25
8014678,30,163,2026-08-25
8137105,30,160,2026-08-25
8124234,30,72,2026-08-25
8022174,30,65,2026-08-25
8124238,30,128,2026-08-25
8136511,30,260,2026-08-25
8136515,30,72,2026-08-25
8129166,30,200,2026-08-25
8129181,30,226,2026-08-25
8129179,30,284,2026-08-25
8129186,30,274,2026-08-25
8129183,30,194,2026-08-25
8129182,30,284,2026-08-25
8127370,30,93,2026-08-25
8127373,30,168,2026-08-25
8127371,30,205,2026-08-25
8131517,30,182,2026-08-25
8137045,30,215,2026-08-25
8137041,30,273,2026-08-25
8130198,30,130,2026-08-25
8130197,30,21,2026-08-25
8114657,30,208,2026-08-25
8130202,30,22,2026-08-25
8130201,30,158,2026-08-25
8130196,30,228,2026-08-25
8130195,30,29,2026-08-25
8131518,30,163,2026-08-25
8131522,30,89,2026-08-25
8131521,30,33,2026-08-25
8131520,30,285,2026-08-25
8131519,30,235,2026-08-25
8136514,30,137,2026-08-25
8136512,30,296,2026-08-25
8129178,30,209,2026-08-25
8129177,30,226,2026-08-25
8129180,30,70,2026-08-25
8129185,30,213,2026-08-25
8129184,30,157,2026-08-25
8129187,30,148,2026-08-25
8127369,30,257,2026-08-25
8127372,30,168,2026-08-25
8127368,30,90,2026-08-25
8131516,30,277,2026-08-25
8137044,30,284,2026-08-25
8137042,30,239,2026-08-25
8131514,30,161,2026-08-25
8130200,30,56,2026-08-25
8130199,30,132,2026-08-25
8130204,30,74,2026-08-25
8130203,30,254,2026-08-25
8130194,30,233,2026-08-25
8130193,30,103,2026-08-25
8138695,30,146,2026-08-25
8139202,30,86,2026-08-25
8124239,30,237,2026-08-25
8112056,30,91,2026-08-25
8112057,30,139,2026-08-25
8124229,30,54,2026-08-25
8137037,30,241,2026-08-25
8137038,30,160,2026-08-25
8019433,30,143,2026-08-25
8020761,30,80,2026-08-25
8011146,30,59,2026-08-25
8011147,30,80,2026-08-25
8137046,30,86,2026-08-25
8142694,30,41,2026-08-25
8142695,30,43,2026-08-25
8016482,30,248,2026-08-25
8022059,30,157,2026-08-25
8041573,30,90,2026-08-25
8017719,30,230,2026-08-25
8017720,30,245,2026-08-25
8119285,30,91,2026-08-25
8119286,30,245,2026-08-25
8119288,30,97,2026-08-25
8119290,30,136,2026-08-25
8034200,30,72,2026-08-25
8039165,30,52,2026-08-25
8138515,30,110,2026-08-25
8032155,30,41,2026-08-25
8021371,30,231,2026-08-25
8021370,30,39,2026-08-25
8041111,30,204,2026-08-25
8032156,30,257,2026-08-25
8114407,30,174,2026-08-25
8032157,30,184,2026-08-25
8138516,30,194,2026-08-25
8041112,30,227,2026-08-25
8136247,30,251,2026-08-25
8136255,30,64,2026-08-25
8110733,30,144,2026-08-25
8112818,30,293,2026-08-25
8131675,30,207,2026-08-25
8131674,30,282,2026-08-25
8043120,30,153,2026-08-25
8131678,30,104,2026-08-25
8131677,30,87,2026-08-25
8131672,30,70,2026-08-25
8110735,30,111,2026-08-25
8122893,30,23,2026-08-25
8043125,30,234,2026-08-25
8043109,30,178,2026-08-25
8137735,30,296,2026-08-25
8137943,30,238,2026-08-25
8133418,30,265,2026-08-25
8133419,30,29,2026-08-25
8043123,30,257,2026-08-25
8110734,30,23,2026-08-25
8043111,30,221,2026-08-25
8043116,30,21,2026-08-25
8043121,30,107,2026-08-25
8129118,30,61,2026-08-25
8032572,30,232,2026-08-25
8032571,30,100,2026-08-25
8041103,30,173,2026-08-25
8032574,30,155,2026-08-25
8001066,30,38,2026-08-25
8001067,30,209,2026-08-25
8001068,30,195,2026-08-25
8119633,30,106,2026-08-25
8119632,30,50,2026-08-25
8119631,30,188,2026-08-25
8128761,30,36,2026-08-25
8021131,30,175,2026-08-25
8021129,30,108,2026-08-25
8008707,30,130,2026-08-25
8008705,30,109,2026-08-25
8023143,30,181,2026-08-25
8142365,30,71,2026-08-25
8142364,30,197,2026-08-25
8142363,30,156,2026-08-25
8142366,30,127,2026-08-25
8143078,30,216,2026-08-25
8016928,30,40,2026-08-25
8016927,30,33,2026-08-25
8014520,30,298,2026-08-25
8014519,30,134,2026-08-25
8011041,30,161,2026-08-25
8011036,30,112,2026-08-25
8010794,30,159,2026-08-25
8016926,30,251,2026-08-25
8132859,30,217,2026-08-25
8140087,30,47,2026-08-25
8133582,30,122,2026-08-25
8133584,30,253,2026-08-25
8132861,30,65,2026-08-25
8132860,30,122,2026-08-25
8133583,30,209,2026-08-25
8133586,30,100,2026-08-25
8021024,30,148,2026-08-25
8033858,30,207,2026-08-25
8022476,30,125,2026-08-25
8022477,30,179,2026-08-25
8022478,30,279,2026-08-25
8022479,30,38,2026-08-25
8022480,30,202,2026-08-25
8022469,30,38,2026-08-25
8115353,30,196,2026-08-25
8022481,30,112,2026-08-25
8022471,30,219,2026-08-25
8022473,30,189,2026-08-25
8022482,30,281,2026-08-25
8115355,30,196,2026-08-25
8022470,30,179,2026-08-25
8022472,30,24,2026-08-25
8022474,30,168,2026-08-25
8022475,30,120,2026-08-25
8115354,30,142,2026-08-25
8022483,30,263,2026-08-25
6039446,30,62,2026-08-25
6206016,30,241,2026-08-25
8001303,30,294,2026-08-25
8013177,30,179,2026-08-25
8002715,30,58,2026-08-25
6253702,30,95,2026-08-25
6253703,30,78,2026-08-25
8035981,30,103,2026-08-25
8031545,30,48,2026-08-25
8141838,30,201,2026-08-25
8032489,30,103,2026-08-25
8028028,30,191,2026-08-25
8009001,30,93,2026-08-25
8127397,30,40,2026-08-25
8009000,30,30,2026-08-25
8032490,30,253,2026-08-25
8140342,30,172,2026-08-25
8140343,30,23,2026-08-25
8042035,30,234,2026-08-25
8141555,30,239,2026-08-25
8141553,30,256,2026-08-25
8141554,30,191,2026-08-25
8141552,30,55,2026-08-25
8135071,30,282,2026-08-25
8135078,30,214,2026-08-25
8129534,30,125,2026-08-25
8132402,30,79,2026-08-25
8039519,30,47,2026-08-25
8037073,30,129,2026-08-25
8127512,30,277,2026-08-25
8119599,30,104,2026-08-25
8027823,30,40,2026-08-25
8027821,30,155,2026-08-25
8039518,30,230,2026-08-25
8024271,30,134,2026-08-25
8124620,30,67,2026-08-25
8037072,30,236,2026-08-25
8027822,30,185,2026-08-25
8039517,30,212,2026-08-25
8127517,30,33,2026-08-25
8134733,30,260,2026-08-25
8134732,30,70,2026-08-25
8140134,30,89,2026-08-25
8132399,30,119,2026-08-25
8024269,30,48,2026-08-25
8119583,30,49,2026-08-25
8129637,30,107,2026-08-25
8027824,30,194,2026-08-25
8124733,30,210,2026-08-25
8024288,30,273,2026-08-25
8029974,30,76,2026-08-25
8000557,30,273,2026-08-25
8000556,30,194,2026-08-25
466939,30,94,2026-08-25
9995000,30,99,2026-08-25
8039099,30,187,2026-08-25
8003163,30,290,2026-08-25
8008711,30,50,2026-08-25
8003168,30,168,2026-08-25
8039102,30,282,2026-08-25
8039103,30,230,2026-08-25
8014180,30,98,2026-08-25
8039100,30,91,2026-08-25
8039101,30,194,2026-08-25
8003164,30,28,2026-08-25
8003161,30,81,2026-08-25
8138970,30,252,2026-08-25
8140003,30,110,2026-08-25
6300083,30,55,2026-08-25
6300081,30,135,2026-08-25
6033106,30,182,2026-08-25
6033111,30,61,2026-08-25
6300085,30,153,2026-08-25
6300075,30,135,2026-08-25
8039084,30,107,2026-08-25
6300078,30,217,2026-08-25
8001017,30,114,2026-08-25
8001018,30,164,2026-08-25
6300077,30,171,2026-08-25
8011251,30,207,2026-08-25
8138972,30,85,2026-08-25
6033112,30,52,2026-08-25
8021923,30,216,2026-08-25
8039082,30,140,2026-08-25
8039081,30,109,2026-08-25
8039083,30,182,2026-08-25
8039098,30,67,2026-08-25
6033263,30,265,2026-08-25
6300086,30,137,2026-08-25
8005262,30,172,2026-08-25
8003175,30,160,2026-08-25
6300079,30,198,2026-08-25
8140005,30,45,2026-08-25
8014184,30,241,2026-08-25
6300076,30,185,2026-08-25
8127425,30,230,2026-08-25
8128790,30,75,2026-08-25
8140007,30,292,2026-08-25
6033262,30,39,2026-08-25
8003169,30,162,2026-08-25
6300080,30,227,2026-08-25
6033109,30,257,2026-08-25
8140001,30,291,2026-08-25
6300084,30,24,2026-08-25
6300082,30,205,2026-08-25
8138971,30,282,2026-08-25
8007404,30,234,2026-08-25
8003162,30,137,2026-08-25
8139109,30,250,2026-08-25
8139110,30,170,2026-08-25
8142878,30,282,2026-08-25
8139111,30,82,2026-08-25
8142879,30,297,2026-08-25
8139107,30,254,2026-08-25
8139106,30,205,2026-08-25
8139108,30,149,2026-08-25
8139112,30,246,2026-08-25
8114511,30,279,2026-08-25
8042814,30,88,2026-08-25
8141709,30,237,2026-08-25
8136620,30,175,2026-08-25
8141713,30,290,2026-08-25
8109554,30,239,2026-08-25
8042812,30,129,2026-08-25
8121374,30,137,2026-08-25
8141710,30,122,2026-08-25
8141712,30,266,2026-08-25
8140192,30,177,2026-08-25
8121372,30,175,2026-08-25
8137813,30,167,2026-08-25
8137814,30,236,2026-08-25
8137815,30,276,2026-08-25
8127014,30,275,2026-08-25
8127015,30,57,2026-08-25
8127016,30,268,2026-08-25
8137253,30,234,2026-08-25
8042809,30,183,2026-08-25
8137254,30,152,2026-08-25
8042810,30,292,2026-08-25
8109556,30,121,2026-08-25
8109553,30,142,2026-08-25
8141711,30,154,2026-08-25
8116940,30,104,2026-08-25
8121371,30,114,2026-08-25
8109558,30,216,2026-08-25
8109559,30,282,2026-08-25
8114514,30,239,2026-08-25
8133591,30,203,2026-08-25
8133593,30,214,2026-08-25
8133590,30,200,2026-08-25
9999863,30,87,2026-08-25
8133595,30,114,2026-08-25
8133594,30,214,2026-08-25
8133598,30,212,2026-08-25
8133596,30,217,2026-08-25
8139526,30,219,2026-08-25
8139524,30,31,2026-08-25
6039774,30,47,2026-08-25
8136990,30,288,2026-08-25
8136987,30,270,2026-08-25
8136989,30,130,2026-08-25
8136988,30,167,2026-08-25
6218600,30,211,2026-08-25
8138056,30,55,2026-08-25
8122905,30,173,2026-08-25
8122904,30,270,2026-08-25
8122907,30,54,2026-08-25
8122908,30,155,2026-08-25
6298008,30,129,2026-08-25
8039855,30,267,2026-08-25
8034221,30,38,2026-08-25
8034222,30,199,2026-08-25
8034223,30,74,2026-08-25
8034224,30,179,2026-08-25
8034374,30,236,2026-08-25
8136859,30,79,2026-08-25
8034225,30,138,2026-08-25
8034226,30,117,2026-08-25
8122012,30,119,2026-08-25
8042474,30,49,2026-08-25
8132477,30,22,2026-08-25
8132479,30,184,2026-08-25
8135277,30,248,2026-08-25
8132476,30,29,2026-08-25
8132478,30,52,2026-08-25
8121342,30,20,2026-08-25
8121341,30,180,2026-08-25
8039626,30,232,2026-08-25
8035227,30,188,2026-08-25
8035231,30,122,2026-08-25
6034201,30,138,2026-08-25
8001080,30,77,2026-08-25
8126248,30,193,2026-08-25
8031502,30,156,2026-08-25
8132172,30,279,2026-08-25
8126251,30,271,2026-08-25
8026154,30,148,2026-08-25
8015557,30,253,2026-08-25
8015558,30,193,2026-08-25
8126277,30,280,2026-08-25
8126278,30,263,2026-08-25
9931907,30,106,2026-08-25
8026005,30,271,2026-08-25
8017451,30,194,2026-08-25
8017452,30,110,2026-08-25
8039210,30,196,2026-08-25
8125470,30,122,2026-08-25
8135930,30,54,2026-08-25
6300455,30,118,2026-08-25
6300454,30,122,2026-08-25
8110716,30,191,2026-08-25
8135931,30,237,2026-08-25
8117773,30,56,2026-08-25
8130592,30,168,2026-08-25
8008339,30,177,2026-08-25
8130587,30,75,2026-08-25
8020228,30,289,2026-08-25
8026357,30,240,2026-08-25
8026358,30,256,2026-08-25
8124698,30,223,2026-08-25
8130582,30,159,2026-08-25
8138365,30,170,2026-08-25
8127608,30,91,2026-08-25
8127607,30,106,2026-08-25
8016429,30,79,2026-08-25
8007415,30,120,2026-08-25
8016428,30,97,2026-08-25
8019282,30,242,2026-08-25
8019281,30,153,2026-08-25
8020376,30,60,2026-08-25
8028150,30,262,2026-08-25
8028151,30,184,2026-08-25
8117288,30,37,2026-08-25
8117290,30,187,2026-08-25
8039608,30,188,2026-08-25
8039609,30,179,2026-08-25
8036580,30,167,2026-08-25
8036581,30,263,2026-08-25
8041743,30,76,2026-08-25
8021529,30,104,2026-08-25
8124948,30,265,2026-08-25
8124946,30,197,2026-08-25
8136874,30,121,2026-08-25
8136871,30,139,2026-08-25
8136876,30,133,2026-08-25
8021530,30,169,2026-08-25
8128767,30,28,2026-08-25
8109493,30,110,2026-08-25
8109494,30,286,2026-08-25
8021532,30,47,2026-08-25
8038586,30,251,2026-08-25
8021531,30,167,2026-08-25
8121119,30,56,2026-08-25
8122276,30,158,2026-08-25
8122275,30,113,2026-08-25
8122277,30,199,2026-08-25
8116128,30,48,2026-08-25
8136881,30,144,2026-08-25
8116130,30,102,2026-08-25
8116129,30,119,2026-08-25
8116117,30,76,2026-08-25
8128768,30,81,2026-08-25
8116122,30,112,2026-08-25
8116118,30,54,2026-08-25
8043163,30,181,2026-08-25
8025759,30,28,2026-08-25
8138423,30,241,2026-08-25
8138429,30,251,2026-08-25
8138425,30,178,2026-08-25
8138430,30,25,2026-08-25
8037770,30,205,2026-08-25
8025760,30,184,2026-08-25
8138427,30,31,2026-08-25
8138422,30,222,2026-08-25
8138428,30,236,2026-08-25
8138426,30,263,2026-08-25
8025762,30,61,2026-08-25
8037767,30,42,2026-08-25
8122278,30,76,2026-08-25
8122279,30,72,2026-08-25
8043332,30,172,2026-08-25
8007836,30,225,2026-08-25
8124943,30,61,2026-08-25
8124942,30,59,2026-08-25
8136873,30,205,2026-08-25
8136870,30,250,2026-08-25
8136875,30,204,2026-08-25
8021526,30,72,2026-08-25
8109488,30,93,2026-08-25
8109490,30,241,2026-08-25
8021528,30,109,2026-08-25
8038587,30,292,2026-08-25
8021527,30,217,2026-08-25
8121117,30,216,2026-08-25
8119741,30,235,2026-08-25
8119742,30,116,2026-08-25
8143919,30,196,2026-08-25
8143923,30,81,2026-08-25
8143921,30,218,2026-08-25
8143925,30,202,2026-08-25
8143928,30,258,2026-08-25
8143926,30,225,2026-08-25
8143922,30,184,2026-08-25
8143924,30,113,2026-08-25
8143927,30,162,2026-08-25
8143920,30,291,2026-08-25
6301903,30,293,2026-08-25
6301902,30,70,2026-08-25
6030057,30,250,2026-08-25
8028832,30,269,2026-08-25
8022108,30,172,2026-08-25
6310247,30,210,2026-08-25
8007188,30,216,2026-08-25
8000573,30,148,2026-08-25
8037340,30,70,2026-08-25
8037341,30,181,2026-08-25
8115630,30,108,2026-08-25
8032713,30,31,2026-08-25
8016410,30,248,2026-08-25
8023177,30,107,2026-08-25
8016408,30,157,2026-08-25
8016409,30,244,2026-08-25
8016412,30,294,2026-08-25
8016411,30,91,2026-08-25
8024366,30,97,2026-08-25
8024367,30,27,2026-08-25
8023106,30,45,2026-08-25
8034218,30,143,2026-08-25
8007822,30,141,2026-08-25
8035108,30,265,2026-08-25
8037063,30,61,2026-08-25
8007828,30,116,2026-08-25
8007827,30,110,2026-08-25
8007826,30,212,2026-08-25
8021068,30,232,2026-08-25
8021069,30,290,2026-08-25
8021067,30,270,2026-08-25
6030660,30,191,2026-08-25
8007823,30,174,2026-08-25
6301228,30,223,2026-08-25
8007824,30,116,2026-08-25
6030659,30,182,2026-08-25
6301227,30,79,2026-08-25
8139113,30,37,2026-08-25
8038283,30,117,2026-08-25
8038284,30,116,2026-08-25
8141901,30,273,2026-08-25
8030057,30,212,2026-08-25
8030055,30,197,2026-08-25
8030054,30,212,2026-08-25
8138606,30,87,2026-08-25
8127822,30,87,2026-08-25
8114282,30,244,2026-08-25
8014201,30,242,2026-08-25
8136522,30,299,2026-08-25
8136523,30,123,2026-08-25
8136524,30,84,2026-08-25
9932001,30,177,2026-08-25
8010382,30,125,2026-08-25
8010383,30,140,2026-08-25
8038798,30,176,2026-08-25
9932002,30,146,2026-08-25
8022118,30,91,2026-08-25
8022119,30,230,2026-08-25
9931999,30,285,2026-08-25
9932000,30,157,2026-08-25
8120639,30,212,2026-08-25
8001150,30,86,2026-08-25
8143584,30,294,2026-08-25
6033203,30,291,2026-08-25
6309906,30,271,2026-08-25
8136908,30,181,2026-08-25
8135706,30,74,2026-08-25
8135705,30,72,2026-08-25
8135704,30,160,2026-08-25
8038679,30,129,2026-08-25
8138163,30,63,2026-08-25
8140021,30,130,2026-08-25
8126769,30,90,2026-08-25
8126770,30,215,2026-08-25
8132676,30,134,2026-08-25
8132685,30,212,2026-08-25
8128206,30,28,2026-08-25
8132684,30,287,2026-08-25
8126771,30,79,2026-08-25
8021785,30,63,2026-08-25
8021784,30,260,2026-08-25
8021787,30,64,2026-08-25
8021783,30,79,2026-08-25
8126768,30,150,2026-08-25
8021786,30,102,2026-08-25
8021782,30,30,2026-08-25
8126767,30,80,2026-08-25
8123874,30,172,2026-08-25
8126766,30,70,2026-08-25
8018543,30,130,2026-08-25
8020203,30,280,2026-08-25
8020470,30,129,2026-08-25
6242317,30,277,2026-08-25
8021013,30,31,2026-08-25
6242318,30,172,2026-08-25
8018893,30,215,2026-08-25
8039874,30,256,2026-08-25
8019981,30,248,2026-08-25
8141466,30,53,2026-08-25
8035176,30,300,2026-08-25
8018518,30,134,2026-08-25
8016561,30,44,2026-08-25
8039028,30,296,2026-08-25
8039034,30,33,2026-08-25
8142525,30,205,2026-08-25
8128204,30,278,2026-08-25
8128205,30,110,2026-08-25
8039031,30,128,2026-08-25
8039032,30,59,2026-08-25
8039030,30,55,2026-08-25
8039029,30,46,2026-08-25
8039033,30,290,2026-08-25
8038215,30,287,2026-08-25
8030011,30,285,2026-08-25
8030013,30,148,2026-08-25
8033115,30,69,2026-08-25
6242319,30,283,2026-08-25
6203582,30,287,2026-08-25
8003056,30,22,2026-08-25
8016511,30,57,2026-08-25
6242320,30,70,2026-08-25
8028590,30,258,2026-08-25
8028591,30,92,2026-08-25
8010487,30,200,2026-08-25
8010488,30,224,2026-08-25
8010485,30,168,2026-08-25
8010486,30,20,2026-08-25
8124078,30,108,2026-08-25
8124081,30,278,2026-08-25
8143779,30,182,2026-08-25
8143815,30,278,2026-08-25
8132686,30,212,2026-08-25
8131066,30,196,2026-08-25
8131041,30,251,2026-08-25
8131047,30,258,2026-08-25
8131046,30,175,2026-08-25
8131077,30,253,2026-08-25
8131089,30,31,2026-08-25
8131065,30,228,2026-08-25
8131088,30,291,2026-08-25
8131072,30,155,2026-08-25
8131061,30,299,2026-08-25
8131083,30,98,2026-08-25
8131073,30,212,2026-08-25
8131062,30,134,2026-08-25
8131084,30,231,2026-08-25
8131075,30,143,2026-08-25
8134134,30,53,2026-08-25
8131098,30,209,2026-08-25
8131087,30,294,2026-08-25
8131074,30,127,2026-08-25
8131063,30,201,2026-08-25
8131085,30,66,2026-08-25
8131071,30,238,2026-08-25
8131040,30,108,2026-08-25
8131060,30,258,2026-08-25
8131079,30,139,2026-08-25
8131058,30,43,2026-08-25
8131070,30,209,2026-08-25
8131059,30,62,2026-08-25
8131081,30,66,2026-08-25
8131056,30,77,2026-08-25
8131057,30,264,2026-08-25
8131055,30,170,2026-08-25
8137779,30,213,2026-08-25
8137777,30,226,2026-08-25
8137778,30,186,2026-08-25
8137780,30,126,2026-08-25
8131048,30,124,2026-08-25
8131044,30,205,2026-08-25
8131043,30,150,2026-08-25
8131039,30,163,2026-08-25
8131042,30,225,2026-08-25
8131080,30,259,2026-08-25
8137784,30,56,2026-08-25
8137785,30,109,2026-08-25
8137782,30,29,2026-08-25
8137781,30,286,2026-08-25
8137783,30,47,2026-08-25
8137786,30,160,2026-08-25
8134084,30,267,2026-08-25
8017216,30,118,2026-08-25
8138124,30,91,2026-08-25
9931813,30,154,2026-08-25
8009987,30,171,2026-08-25
8126961,30,189,2026-08-25
8035110,30,220,2026-08-25
8008142,30,134,2026-08-25
8129521,30,188,2026-08-25
8129519,30,127,2026-08-25
8032622,30,27,2026-08-25
8035180,30,82,2026-08-25
8024290,30,129,2026-08-25
8041707,30,258,2026-08-25
8126960,30,31,2026-08-25
8129520,30,134,2026-08-25
8024795,30,124,2026-08-25
8121475,30,128,2026-08-25
8018327,30,134,2026-08-25
8119465,30,252,2026-08-25
8008107,30,75,2026-08-25
8012042,30,184,2026-08-25
8012041,30,285,2026-08-25
8012366,30,268,2026-08-25
8010206,30,45,2026-08-25
8141797,30,75,2026-08-25
8012365,30,49,2026-08-25
8005358,30,174,2026-08-25
8141798,30,193,2026-08-25
8131104,30,68,2026-08-25
8131105,30,107,2026-08-25
8012861,30,147,2026-08-25
8020935,30,91,2026-08-25
8016547,30,293,2026-08-25
8011917,30,218,2026-08-25
8011918,30,212,2026-08-25
8142757,30,201,2026-08-25
8026008,30,88,2026-08-25
8026007,30,199,2026-08-25
8130790,30,263,2026-08-25
8019972,30,300,2026-08-25
8043407,30,163,2026-08-25
8040969,30,158,2026-08-25
8121105,30,115,2026-08-25
8008702,30,205,2026-08-25
8008699,30,43,2026-08-25
8039644,30,118,2026-08-25
8039643,30,121,2026-08-25
8008703,30,52,2026-08-25
8008700,30,296,2026-08-25
8008704,30,55,2026-08-25
8008701,30,71,2026-08-25
8019948,30,56,2026-08-25
8023141,30,88,2026-08-25
8017645,30,74,2026-08-25
8013450,30,142,2026-08-25
8021644,30,161,2026-08-25
8021714,30,112,2026-08-25
8025844,30,87,2026-08-25
8024728,30,276,2026-08-25
8024727,30,154,2026-08-25
8024726,30,75,2026-08-25
8040880,30,143,2026-08-25
8025293,30,75,2026-08-25
8024740,30,46,2026-08-25
8024736,30,284,2026-08-25
8024737,30,90,2026-08-25
8024738,30,281,2026-08-25
8024739,30,212,2026-08-25
8117222,30,239,2026-08-25
8024706,30,153,2026-08-25
8024701,30,81,2026-08-25
6300945,30,222,2026-08-25
8024700,30,204,2026-08-25
6300944,30,62,2026-08-25
8024699,30,159,2026-08-25
6300943,30,226,2026-08-25
8024702,30,205,2026-08-25
6300946,30,84,2026-08-25
8024703,30,198,2026-08-25
6300947,30,25,2026-08-25
6301836,30,282,2026-08-25
8024693,30,99,2026-08-25
8024692,30,254,2026-08-25
8024691,30,56,2026-08-25
8024746,30,171,2026-08-25
8024745,30,243,2026-08-25
8024744,30,184,2026-08-25
8024759,30,280,2026-08-25
8024758,30,76,2026-08-25
8024757,30,121,2026-08-25
8024734,30,261,2026-08-25
8024732,30,300,2026-08-25
8024735,30,94,2026-08-25
8141027,30,25,2026-08-25
8141026,30,141,2026-08-25
8141050,30,182,2026-08-25
8117215,30,99,2026-08-25
8117216,30,28,2026-08-25
8117217,30,61,2026-08-25
8118560,30,257,2026-08-25
8038907,30,135,2026-08-25
8038906,30,236,2026-08-25
8038905,30,260,2026-08-25
8133111,30,47,2026-08-25
8133128,30,47,2026-08-25
8118561,30,293,2026-08-25
8126129,30,196,2026-08-25
8126130,30,272,2026-08-25
8126116,30,90,2026-08-25
8126117,30,42,2026-08-25
8126113,30,286,2026-08-25
8126120,30,248,2026-08-25
8126119,30,46,2026-08-25
8126121,30,163,2026-08-25
8038915,30,189,2026-08-25
8038914,30,191,2026-08-25
8038913,30,82,2026-08-25
8038916,30,150,2026-08-25
8118562,30,79,2026-08-25
8126111,30,186,2026-08-25
8126110,30,101,2026-08-25
8126108,30,48,2026-08-25
8126112,30,282,2026-08-25
8126105,30,170,2026-08-25
8126106,30,293,2026-08-25
8038911,30,208,2026-08-25
8038910,30,194,2026-08-25
8038909,30,141,2026-08-25
8038912,30,222,2026-08-25
8024697,30,45,2026-08-25
8024696,30,263,2026-08-25
8024695,30,40,2026-08-25
8024698,30,126,2026-08-25
8133129,30,260,2026-08-25
8133130,30,72,2026-08-25
8133131,30,218,2026-08-25
8041132,30,268,2026-08-25
8041133,30,173,2026-08-25
8025831,30,261,2026-08-25
8024712,30,249,2026-08-25
8024711,30,93,2026-08-25
8024710,30,168,2026-08-25
8024713,30,187,2026-08-25
8024724,30,222,2026-08-25
8024723,30,55,2026-08-25
8024725,30,127,2026-08-25
8024754,30,141,2026-08-25
8024753,30,137,2026-08-25
8024752,30,172,2026-08-25
8024755,30,151,2026-08-25
8024756,30,92,2026-08-25
6300950,30,52,2026-08-25
6300948,30,169,2026-08-25
8024716,30,277,2026-08-25
8024715,30,276,2026-08-25
8024717,30,89,2026-08-25
8024748,30,226,2026-08-25
8024747,30,225,2026-08-25
8024750,30,214,2026-08-25
8024751,30,32,2026-08-25
8032366,30,111,2026-08-25
8024704,30,46,2026-08-25
8024705,30,152,2026-08-25
8024694,30,73,2026-08-25
8030141,30,197,2026-08-25
8030148,30,117,2026-08-25
8030143,30,178,2026-08-25
8030149,30,56,2026-08-25
8030154,30,218,2026-08-25
8030145,30,83,2026-08-25
8030151,30,245,2026-08-25
8030155,30,165,2026-08-25
8030146,30,113,2026-08-25
8030152,30,82,2026-08-25
8030158,30,86,2026-08-25
8024730,30,226,2026-08-25
8024729,30,155,2026-08-25
8126154,30,172,2026-08-25
8133146,30,136,2026-08-25
8133140,30,184,2026-08-25
8133141,30,266,2026-08-25
8133142,30,213,2026-08-25
8117210,30,147,2026-08-25
8126889,30,232,2026-08-25
9999138,30,99,2026-08-25
9995411,30,246,2026-08-25
8025274,30,176,2026-08-25
9995476,30,29,2026-08-25
8004175,30,60,2026-08-25
8012101,30,112,2026-08-25
9998744,30,48,2026-08-25
8127788,30,266,2026-08-25
8127806,30,150,2026-08-25
8138840,30,263,2026-08-25
9999781,30,140,2026-08-25
9999779,30,102,2026-08-25
8012474,30,171,2026-08-25
8138841,30,75,2026-08-25
8143669,30,267,2026-08-25
8042714,30,292,2026-08-25
8040942,30,24,2026-08-25
8030209,30,225,2026-08-25
8143668,30,300,2026-08-25
8026951,30,261,2026-08-25
8128990,30,104,2026-08-25
8015927,30,238,2026-08-25
8128357,30,266,2026-08-25
8127617,30,69,2026-08-25
8128989,30,33,2026-08-25
8015745,30,146,2026-08-25
8015928,30,102,2026-08-25
8130727,30,110,2026-08-25
8143667,30,120,2026-08-25
8119251,30,81,2026-08-25
8141008,30,210,2026-08-25
8141007,30,64,2026-08-25
8141006,30,228,2026-08-25
8141020,30,267,2026-08-25
8141019,30,218,2026-08-25
8141018,30,288,2026-08-25
8141009,30,213,2026-08-25
8141023,30,85,2026-08-25
8141022,30,234,2026-08-25
8141021,30,162,2026-08-25
8141015,30,245,2026-08-25
8141017,30,237,2026-08-25
8141014,30,152,2026-08-25
8141016,30,199,2026-08-25
8141011,30,236,2026-08-25
8141013,30,283,2026-08-25
8141010,30,153,2026-08-25
8141012,30,45,2026-08-25
8141002,30,298,2026-08-25
8141001,30,136,2026-08-25
8141000,30,50,2026-08-25
8141024,30,205,2026-08-25
8141005,30,114,2026-08-25
8141004,30,190,2026-08-25
8141003,30,211,2026-08-25
8118475,30,236,2026-08-25
6300887,30,122,2026-08-25
8128415,30,188,2026-08-25
8117990,30,245,2026-08-25
8128414,30,260,2026-08-25
8123439,30,119,2026-08-25
8123438,30,115,2026-08-25
8128411,30,205,2026-08-25
8133602,30,220,2026-08-25
8122889,30,109,2026-08-25
8017062,30,211,2026-08-25
8128413,30,238,2026-08-25
8138818,30,258,2026-08-25
8118839,30,198,2026-08-25
8128412,30,177,2026-08-25
6300903,30,228,2026-08-25
6300886,30,242,2026-08-25
8131673,30,31,2026-08-25
8123440,30,165,2026-08-25
6300894,30,274,2026-08-25
6300882,30,279,2026-08-25
8024093,30,297,2026-08-25
8139707,30,173,2026-08-25
8139708,30,283,2026-08-25
8117182,30,172,2026-08-25
6300890,30,253,2026-08-25
8113894,30,122,2026-08-25
8023086,30,83,2026-08-25
8119335,30,129,2026-08-25
8119339,30,58,2026-08-25
8119336,30,193,2026-08-25
8119338,30,91,2026-08-25
8119340,30,261,2026-08-25
8119337,30,210,2026-08-25
8022700,30,158,2026-08-25
8119284,30,281,2026-08-25
8119283,30,129,2026-08-25
8140152,30,120,2026-08-25
8110453,30,153,2026-08-25
8143719,30,106,2026-08-25
8026692,30,209,2026-08-25
8021251,30,107,2026-08-25
6301864,30,154,2026-08-25
8021252,30,78,2026-08-25
9931766,30,32,2026-08-25
8012791,30,213,2026-08-25
6301848,30,259,2026-08-25
8021240,30,275,2026-08-25
6301857,30,116,2026-08-25
8014701,30,271,2026-08-25
8036601,30,191,2026-08-25
8118144,30,136,2026-08-25
8021234,30,189,2026-08-25
6301862,30,52,2026-08-25
8033450,30,211,2026-08-25
8014702,30,95,2026-08-25
8123496,30,176,2026-08-25
8031516,30,260,2026-08-25
8031514,30,287,2026-08-25
8123497,30,48,2026-08-25
8012788,30,218,2026-08-25
8023280,30,222,2026-08-25
8021249,30,191,2026-08-25
8003312,30,286,2026-08-25
8017072,30,129,2026-08-25
6301844,30,142,2026-08-25
8023275,30,80,2026-08-25
8022223,30,288,2026-08-25
8033433,30,35,2026-08-25
8021243,30,49,2026-08-25
8021244,30,193,2026-08-25
8023278,30,294,2026-08-25
8017073,30,138,2026-08-25
8019242,30,133,2026-08-25
8134902,30,284,2026-08-25
8134903,30,151,2026-08-25
8140571,30,196,2026-08-25
8123498,30,239,2026-08-25
8118142,30,69,2026-08-25
8021237,30,291,2026-08-25
8021238,30,87,2026-08-25
8140498,30,30,2026-08-25
8021239,30,29,2026-08-25
8021247,30,189,2026-08-25
8120416,30,23,2026-08-25
8026690,30,300,2026-08-25
8026691,30,87,2026-08-25
8143718,30,65,2026-08-25
8010861,30,132,2026-08-25
8021250,30,275,2026-08-25
8023152,30,107,2026-08-25
9992818,30,169,2026-08-25
8142711,30,194,2026-08-25
8142712,30,299,2026-08-25
8142714,30,251,2026-08-25
8142715,30,225,2026-08-25
8142716,30,162,2026-08-25
8142717,30,60,2026-08-25
8142718,30,23,2026-08-25
8124474,30,103,2026-08-25
8124477,30,249,2026-08-25
8124475,30,190,2026-08-25
8124478,30,221,2026-08-25
8124476,30,215,2026-08-25
8124479,30,131,2026-08-25
8009483,30,82,2026-08-25
8010862,30,212,2026-08-25
8023214,30,207,2026-08-25
8139687,30,111,2026-08-25
8139688,30,36,2026-08-25
8139686,30,264,2026-08-25
6530369,30,280,2026-08-25
8003906,30,112,2026-08-25
8021607,30,178,2026-08-25
9996210,30,50,2026-08-25
9992934,30,110,2026-08-25
8113482,30,125,2026-08-25
8113483,30,87,2026-08-25
8113484,30,115,2026-08-25
8109806,30,104,2026-08-25
8109804,30,235,2026-08-25
8124425,30,107,2026-08-25
8136860,30,224,2026-08-25
8135292,30,279,2026-08-25
8138925,30,28,2026-08-25
8138923,30,284,2026-08-25
8138922,30,120,2026-08-25
8138924,30,224,2026-08-25
8141789,30,249,2026-08-25
8141788,30,42,2026-08-25
8141792,30,84,2026-08-25
8141791,30,54,2026-08-25
8141790,30,256,2026-08-25
8121506,30,36,2026-08-25
8121507,30,77,2026-08-25
8009917,30,180,2026-08-25
8009918,30,295,2026-08-25
8009919,30,217,2026-08-25
8012573,30,81,2026-08-25
8009920,30,186,2026-08-25
8012574,30,25,2026-08-25
8009923,30,169,2026-08-25
8013947,30,99,2026-08-25
8009924,30,192,2026-08-25
8009925,30,99,2026-08-25
8012576,30,257,2026-08-25
8009926,30,265,2026-08-25
8009927,30,127,2026-08-25
8009928,30,248,2026-08-25
8009929,30,78,2026-08-25
8009930,30,49,2026-08-25
8009932,30,239,2026-08-25
8009933,30,267,2026-08-25
8009934,30,209,2026-08-25
8121509,30,245,2026-08-25
8009935,30,216,2026-08-25
8009939,30,96,2026-08-25
8128087,30,52,2026-08-25
8033381,30,161,2026-08-25
8110082,30,45,2026-08-25
8110085,30,270,2026-08-25
8110080,30,156,2026-08-25
8110083,30,216,2026-08-25
8110039,30,37,2026-08-25
8032353,30,144,2026-08-25
8032351,30,80,2026-08-25
8032352,30,259,2026-08-25
8110074,30,63,2026-08-25
8110079,30,266,2026-08-25
8110071,30,229,2026-08-25
8110072,30,183,2026-08-25
8123451,30,122,2026-08-25
8123449,30,138,2026-08-25
8123450,30,127,2026-08-25
8123448,30,54,2026-08-25
8130666,30,208,2026-08-25
8130667,30,146,2026-08-25
8130670,30,159,2026-08-25
8118226,30,256,2026-08-25
8118231,30,102,2026-08-25
8118227,30,263,2026-08-25
8118232,30,150,2026-08-25
8118228,30,27,2026-08-25
8118229,30,96,2026-08-25
8118230,30,91,2026-08-25
8130983,30,282,2026-08-25
8130984,30,183,2026-08-25
8130982,30,206,2026-08-25
8110100,30,83,2026-08-25
8110104,30,31,2026-08-25
8110106,30,38,2026-08-25
8121728,30,242,2026-08-25
8110044,30,56,2026-08-25
8140212,30,53,2026-08-25
8140213,30,254,2026-08-25
8140214,30,48,2026-08-25
8115711,30,203,2026-08-25
8115710,30,148,2026-08-25
8033168,30,107,2026-08-25
8143130,30,253,2026-08-25
8110141,30,141,2026-08-25
8110126,30,156,2026-08-25
8110142,30,132,2026-08-25
8032355,30,40,2026-08-25
8135860,30,92,2026-08-25
8131461,30,295,2026-08-25
8131465,30,244,2026-08-25
8131463,30,274,2026-08-25
8131462,30,140,2026-08-25
8131466,30,276,2026-08-25
8118221,30,217,2026-08-25
8124700,30,194,2026-08-25
8119047,30,292,2026-08-25
8119038,30,238,2026-08-25
8119034,30,184,2026-08-25
8124701,30,41,2026-08-25
8119048,30,290,2026-08-25
8124705,30,152,2026-08-25
8119044,30,272,2026-08-25
8119040,30,157,2026-08-25
8141618,30,197,2026-08-25
8138140,30,97,2026-08-25
8138139,30,236,2026-08-25
8138141,30,163,2026-08-25
8135228,30,229,2026-08-25
8135229,30,205,2026-08-25
8135226,30,97,2026-08-25
8135227,30,51,2026-08-25
8133759,30,212,2026-08-25
8133760,30,198,2026-08-25
8133763,30,182,2026-08-25
8133761,30,169,2026-08-25
8133762,30,160,2026-08-25
8140211,30,112,2026-08-25
8140210,30,121,2026-08-25
8140209,30,239,2026-08-25
8142198,30,162,2026-08-25
8140200,30,55,2026-08-25
8140202,30,255,2026-08-25
8140201,30,34,2026-08-25
8142196,30,103,2026-08-25
8142201,30,180,2026-08-25
8132079,30,42,2026-08-25
8132088,30,199,2026-08-25
8132085,30,296,2026-08-25
8132086,30,217,2026-08-25
8132082,30,226,2026-08-25
8132080,30,283,2026-08-25
8132087,30,78,2026-08-25
8132083,30,52,2026-08-25
8132084,30,108,2026-08-25
8132081,30,262,2026-08-25
8124225,30,297,2026-08-25
8124226,30,37,2026-08-25
8124223,30,193,2026-08-25
8124216,30,103,2026-08-25
8128577,30,225,2026-08-25
8128569,30,240,2026-08-25
8128573,30,132,2026-08-25
8128570,30,156,2026-08-25
8128586,30,78,2026-08-25
8128572,30,81,2026-08-25
8128587,30,296,2026-08-25
8128582,30,75,2026-08-25
8128585,30,276,2026-08-25
8128571,30,174,2026-08-25
8142909,30,217,2026-08-25
8142910,30,20,2026-08-25
8142912,30,238,2026-08-25
8142911,30,175,2026-08-25
8110051,30,189,2026-08-25
8110052,30,238,2026-08-25
8110049,30,282,2026-08-25
8110047,30,274,2026-08-25
8110050,30,254,2026-08-25
8113112,30,51,2026-08-25
8113104,30,132,2026-08-25
8113110,30,275,2026-08-25
8143761,30,239,2026-08-25
8143760,30,118,2026-08-25
8143759,30,217,2026-08-25
8143762,30,61,2026-08-25
8136829,30,23,2026-08-25
8136828,30,85,2026-08-25
8136830,30,252,2026-08-25
8115713,30,175,2026-08-25
8115712,30,194,2026-08-25
8110084,30,232,2026-08-25
8032362,30,204,2026-08-25
8032363,30,270,2026-08-25
8110115,30,125,2026-08-25
8033780,30,32,2026-08-25
8110099,30,80,2026-08-25
8110093,30,32,2026-08-25
8110091,30,64,2026-08-25
8110092,30,224,2026-08-25
8110090,30,213,2026-08-25
8115707,30,98,2026-08-25
8143139,30,26,2026-08-25
8143140,30,245,2026-08-25
8143141,30,62,2026-08-25
8143142,30,51,2026-08-25
8111974,30,244,2026-08-25
8118048,30,199,2026-08-25
8110063,30,34,2026-08-25
8121718,30,285,2026-08-25
8121719,30,105,2026-08-25
8110062,30,69,2026-08-25
8137299,30,40,2026-08-25
8134295,30,168,2026-08-25
8110060,30,113,2026-08-25
8110061,30,105,2026-08-25
8131473,30,285,2026-08-25
8034938,30,270,2026-08-25
8131478,30,67,2026-08-25
8131477,30,244,2026-08-25
8142210,30,80,2026-08-25
8142212,30,261,2026-08-25
8142211,30,193,2026-08-25
8142214,30,49,2026-08-25
8142213,30,64,2026-08-25
8139016,30,244,2026-08-25
8139014,30,272,2026-08-25
8139017,30,202,2026-08-25
8139015,30,242,2026-08-25
8139018,30,155,2026-08-25
8134333,30,228,2026-08-25
8134336,30,32,2026-08-25
8134340,30,204,2026-08-25
8134341,30,105,2026-08-25
8134334,30,80,2026-08-25
8134338,30,109,2026-08-25
8021045,30,272,2026-08-25
8118979,30,224,2026-08-25
8127947,30,124,2026-08-25
8020464,30,126,2026-08-25
8014876,30,137,2026-08-25
8027038,30,258,2026-08-25
8127946,30,161,2026-08-25
8118978,30,123,2026-08-25
8127945,30,94,2026-08-25
8142478,30,278,2026-08-25
8142477,30,162,2026-08-25
8127943,30,203,2026-08-25
8142446,30,272,2026-08-25
8012109,30,74,2026-08-25
8025592,30,44,2026-08-25
6030214,30,296,2026-08-25
8008483,30,157,2026-08-25
6300998,30,148,2026-08-25
8118957,30,109,2026-08-25
8003947,30,155,2026-08-25
8128870,30,207,2026-08-25
8118945,30,170,2026-08-25
8027033,30,98,2026-08-25
8032484,30,61,2026-08-25
8022602,30,38,2026-08-25
8142481,30,79,2026-08-25
8142480,30,43,2026-08-25
8142479,30,172,2026-08-25
8127948,30,56,2026-08-25
8022603,30,157,2026-08-25
8127944,30,90,2026-08-25
8142445,30,63,2026-08-25
8012108,30,41,2026-08-25
8128871,30,235,2026-08-25
8027036,30,45,2026-08-25
8042278,30,237,2026-08-25
8027037,30,163,2026-08-25
8027035,30,33,2026-08-25
8003949,30,39,2026-08-25
8135384,30,287,2026-08-25
8135385,30,55,2026-08-25
8138933,30,203,2026-08-25
8138932,30,262,2026-08-25
8138935,30,37,2026-08-25
8138931,30,115,2026-08-25
8138930,30,277,2026-08-25
8138936,30,232,2026-08-25
8131625,30,33,2026-08-25
8036787,30,67,2026-08-25
8036793,30,129,2026-08-25
8032475,30,39,2026-08-25
8032476,30,144,2026-08-25
8036788,30,292,2026-08-25
8037397,30,28,2026-08-25
8036791,30,251,2026-08-25
8036789,30,22,2026-08-25
8032479,30,286,2026-08-25
8032477,30,220,2026-08-25
8036792,30,129,2026-08-25
8036790,30,211,2026-08-25
8132070,30,166,2026-08-25
8132074,30,199,2026-08-25
8132071,30,240,2026-08-25
8132075,30,203,2026-08-25
8131624,30,188,2026-08-25
8039167,30,285,2026-08-25
8039170,30,145,2026-08-25
8039172,30,43,2026-08-25
8039169,30,154,2026-08-25
8132076,30,131,2026-08-25
8132072,30,294,2026-08-25
8132069,30,139,2026-08-25
8132073,30,84,2026-08-25
6030553,30,200,2026-08-25
8140959,30,116,2026-08-25
8142078,30,56,2026-08-25
8142076,30,287,2026-08-25
8142077,30,110,2026-08-25
8134442,30,100,2026-08-25
8008484,30,240,2026-08-25
8003948,30,157,2026-08-25
8022607,30,118,2026-08-25
8022608,30,203,2026-08-25
8134441,30,275,2026-08-25
8007752,30,128,2026-08-25
8141304,30,271,2026-08-25
8141305,30,124,2026-08-25
8141306,30,33,2026-08-25
8141307,30,137,2026-08-25
8141308,30,208,2026-08-25
8141309,30,97,2026-08-25
8142188,30,100,2026-08-25
8142189,30,254,2026-08-25
8142190,30,172,2026-08-25
8142191,30,255,2026-08-25
8142184,30,37,2026-08-25
8142185,30,197,2026-08-25
8142187,30,63,2026-08-25
8142186,30,181,2026-08-25
8120919,30,142,2026-08-25
8120921,30,48,2026-08-25
8121863,30,183,2026-08-25
8023330,30,41,2026-08-25
8121902,30,118,2026-08-25
8132583,30,246,2026-08-25
8140029,30,31,2026-08-25
8132590,30,224,2026-08-25
8132584,30,77,2026-08-25
8132588,30,170,2026-08-25
8132585,30,185,2026-08-25
8132589,30,299,2026-08-25
8132586,30,216,2026-08-25
8140030,30,145,2026-08-25
8140031,30,228,2026-08-25
8132587,30,21,2026-08-25
8140028,30,244,2026-08-25
8122625,30,157,2026-08-25
8128627,30,258,2026-08-25
8023336,30,150,2026-08-25
8122627,30,285,2026-08-25
8023337,30,184,2026-08-25
8023339,30,256,2026-08-25
8122628,30,297,2026-08-25
8023340,30,76,2026-08-25
8134511,30,101,2026-08-25
8134512,30,226,2026-08-25
8134513,30,283,2026-08-25
8134514,30,238,2026-08-25
8134515,30,119,2026-08-25
8141313,30,74,2026-08-25
8141311,30,116,2026-08-25
8141312,30,60,2026-08-25
8142192,30,223,2026-08-25
8023354,30,59,2026-08-25
8008569,30,295,2026-08-25
8008570,30,168,2026-08-25
8033336,30,140,2026-08-25
8120925,30,110,2026-08-25
8120926,30,130,2026-08-25
8120927,30,248,2026-08-25
8121862,30,279,2026-08-25
8121864,30,55,2026-08-25
8121865,30,282,2026-08-25
8121866,30,59,2026-08-25
8127440,30,156,2026-08-25
8132591,30,117,2026-08-25
8132592,30,121,2026-08-25
8132593,30,240,2026-08-25
8127441,30,195,2026-08-25
8127442,30,292,2026-08-25
8025623,30,168,2026-08-25
8128334,30,166,2026-08-25
8128337,30,52,2026-08-25
8121875,30,205,2026-08-25
8121876,30,228,2026-08-25
8023329,30,39,2026-08-25
8023328,30,118,2026-08-25
8025621,30,135,2026-08-25
8142779,30,131,2026-08-25
8142780,30,104,2026-08-25
8142782,30,166,2026-08-25
8142781,30,75,2026-08-25
8121894,30,150,2026-08-25
8121897,30,251,2026-08-25
8121898,30,154,2026-08-25
8121899,30,27,2026-08-25
8122610,30,281,2026-08-25
8122612,30,50,2026-08-25
8122611,30,58,2026-08-25
8032940,30,218,2026-08-25
8008565,30,269,2026-08-25
8121908,30,250,2026-08-25
8138874,30,271,2026-08-25
8138875,30,291,2026-08-25
8138878,30,258,2026-08-25
8138876,30,176,2026-08-25
8138877,30,22,2026-08-25
8121880,30,167,2026-08-25
8127551,30,20,2026-08-25
8032319,30,249,2026-08-25
8033338,30,116,2026-08-25
8140267,30,38,2026-08-25
8140268,30,149,2026-08-25
8140269,30,237,2026-08-25
8140270,30,156,2026-08-25
8140271,30,162,2026-08-25
8140272,30,274,2026-08-25
8135831,30,264,2026-08-25
8135832,30,181,2026-08-25
8135838,30,298,2026-08-25
8135833,30,39,2026-08-25
8135839,30,271,2026-08-25
8135834,30,176,2026-08-25
8135835,30,101,2026-08-25
8135836,30,293,2026-08-25
8135837,30,209,2026-08-25
8135840,30,203,2026-08-25
8135841,30,186,2026-08-25
8133873,30,39,2026-08-25
8133874,30,34,2026-08-25
8133875,30,117,2026-08-25
8133876,30,269,2026-08-25
8141315,30,287,2026-08-25
8141317,30,253,2026-08-25
8141318,30,110,2026-08-25
8141319,30,215,2026-08-25
8122614,30,53,2026-08-25
8122613,30,29,2026-08-25
8121887,30,193,2026-08-25
8121888,30,139,2026-08-25
8121889,30,239,2026-08-25
8121890,30,213,2026-08-25
8122615,30,219,2026-08-25
8121891,30,211,2026-08-25
8121892,30,148,2026-08-25
8041284,30,61,2026-08-25
8126599,30,77,2026-08-25
8126600,30,146,2026-08-25
8126601,30,263,2026-08-25
8126602,30,168,2026-08-25
8126603,30,20,2026-08-25
8126604,30,85,2026-08-25
8126605,30,219,2026-08-25
8126606,30,52,2026-08-25
8129290,30,170,2026-08-25
8129291,30,78,2026-08-25
8126608,30,147,2026-08-25
8126609,30,163,2026-08-25
8126615,30,223,2026-08-25
8126607,30,140,2026-08-25
8129293,30,27,2026-08-25
8129292,30,93,2026-08-25
8041303,30,275,2026-08-25
8041304,30,118,2026-08-25
8041305,30,130,2026-08-25
8033332,30,208,2026-08-25
8023315,30,93,2026-08-25
8025607,30,281,2026-08-25
8123114,30,298,2026-08-25
8121879,30,174,2026-08-25
8023319,30,108,2026-08-25
8033331,30,193,2026-08-25
8041232,30,298,2026-08-25
8141750,30,230,2026-08-25
8141751,30,184,2026-08-25
8132739,30,42,2026-08-25
8138873,30,54,2026-08-25
8121857,30,59,2026-08-25
8121859,30,172,2026-08-25
8125944,30,175,2026-08-25
8131699,30,89,2026-08-25
8131700,30,84,2026-08-25
8023321,30,277,2026-08-25
8121860,30,258,2026-08-25
8025639,30,92,2026-08-25
8121871,30,120,2026-08-25
8121872,30,45,2026-08-25
8121873,30,156,2026-08-25
8120924,30,151,2026-08-25
8121861,30,96,2026-08-25
8122618,30,72,2026-08-25
8127446,30,52,2026-08-25
8121870,30,51,2026-08-25
8121867,30,172,2026-08-25
8121868,30,38,2026-08-25
8121869,30,185,2026-08-25
8023360,30,74,2026-08-25
8023361,30,268,2026-08-25
8023362,30,46,2026-08-25
8141485,30,242,2026-08-25
8141486,30,62,2026-08-25
8141487,30,125,2026-08-25
8141488,30,256,2026-08-25
8141489,30,219,2026-08-25
8141490,30,27,2026-08-25
8122630,30,163,2026-08-25
8143500,30,62,2026-08-25
8143501,30,236,2026-08-25
8111640,30,270,2026-08-25
8041240,30,22,2026-08-25
8041235,30,107,2026-08-25
8041238,30,20,2026-08-25
8041239,30,79,2026-08-25
8142193,30,47,2026-08-25
8133850,30,281,2026-08-25
8140297,30,51,2026-08-25
8140298,30,115,2026-08-25
8033217,30,84,2026-08-25
8135855,30,61,2026-08-25
8033243,30,59,2026-08-25
8126586,30,166,2026-08-25
8126594,30,109,2026-08-25
8126590,30,130,2026-08-25
8138890,30,171,2026-08-25
8033207,30,82,2026-08-25
8033240,30,167,2026-08-25
8138889,30,102,2026-08-25
8033245,30,151,2026-08-25
8143508,30,280,2026-08-25
8143507,30,160,2026-08-25
8033234,30,130,2026-08-25
8143509,30,275,2026-08-25
8033229,30,20,2026-08-25
8124286,30,34,2026-08-25
8033210,30,236,2026-08-25
8033222,30,260,2026-08-25
8135857,30,289,2026-08-25
8033242,30,89,2026-08-25
8033202,30,287,2026-08-25
8135859,30,130,2026-08-25
8129299,30,262,2026-08-25
8033253,30,231,2026-08-25
8033218,30,281,2026-08-25
8135858,30,251,2026-08-25
8135856,30,285,2026-08-25
8140301,30,291,2026-08-25
8033250,30,193,2026-08-25
8124963,30,244,2026-08-25
8138891,30,137,2026-08-25
8122701,30,296,2026-08-25
8122694,30,160,2026-08-25
8122705,30,297,2026-08-25
8122706,30,137,2026-08-25
8135851,30,108,2026-08-25
8122695,30,64,2026-08-25
8122707,30,153,2026-08-25
8135854,30,78,2026-08-25
8122696,30,210,2026-08-25
8122697,30,137,2026-08-25
8135853,30,86,2026-08-25
8135852,30,225,2026-08-25
8122692,30,253,2026-08-25
8122699,30,203,2026-08-25
8122700,30,79,2026-08-25
8033213,30,241,2026-08-25
8033263,30,245,2026-08-25
8124962,30,91,2026-08-25
8138887,30,178,2026-08-25
8138888,30,187,2026-08-25
8129297,30,35,2026-08-25
8143510,30,132,2026-08-25
8033204,30,249,2026-08-25
8140294,30,93,2026-08-25
8033200,30,269,2026-08-25
8033216,30,124,2026-08-25
8033201,30,175,2026-08-25
8033220,30,237,2026-08-25
8033199,30,75,2026-08-25
8033215,30,240,2026-08-25
8133402,30,135,2026-08-25
8033191,30,71,2026-08-25
8033190,30,248,2026-08-25
8141964,30,182,2026-08-25
8130259,30,134,2026-08-25
8039985,30,155,2026-08-25
8039984,30,72,2026-08-25
8031197,30,206,2026-08-25
8135406,30,264,2026-08-25
8124346,30,136,2026-08-25
8124345,30,145,2026-08-25
8130257,30,277,2026-08-25
8130258,30,207,2026-08-25
8113841,30,71,2026-08-25
8113848,30,194,2026-08-25
8113844,30,202,2026-08-25
8113846,30,293,2026-08-25
8015762,30,195,2026-08-25
8134679,30,184,2026-08-25
8109923,30,175,2026-08-25
6220476,30,28,2026-08-25
6220475,30,157,2026-08-25
6220474,30,197,2026-08-25
6220473,30,116,2026-08-25
6220472,30,39,2026-08-25
6220471,30,56,2026-08-25
8140195,30,191,2026-08-25
8133926,30,87,2026-08-25
8140199,30,205,2026-08-25
8133930,30,183,2026-08-25
8133919,30,197,2026-08-25
8140196,30,79,2026-08-25
8133920,30,40,2026-08-25
8136509,30,157,2026-08-25
8133927,30,166,2026-08-25
8140198,30,266,2026-08-25
8133925,30,266,2026-08-25
8133922,30,132,2026-08-25
8133921,30,145,2026-08-25
8133923,30,138,2026-08-25
8133924,30,283,2026-08-25
8140194,30,163,2026-08-25
8133928,30,252,2026-08-25
8133932,30,94,2026-08-25
8133931,30,187,2026-08-25
8133929,30,45,2026-08-25
8139946,30,178,2026-08-25
8136861,30,180,2026-08-25
8122098,30,108,2026-08-25
8039646,30,204,2026-08-25
9999386,30,209,2026-08-25
8023269,30,192,2026-08-25
8023307,30,289,2026-08-25
8034167,30,90,2026-08-25
8023291,30,146,2026-08-25
8141779,30,295,2026-08-25
8141778,30,105,2026-08-25
8141777,30,149,2026-08-25
8141780,30,297,2026-08-25
8141781,30,300,2026-08-25
8141782,30,184,2026-08-25
8141783,30,84,2026-08-25
8141784,30,178,2026-08-25
8141785,30,136,2026-08-25
8032456,30,148,2026-08-25
8121850,30,66,2026-08-25
8023222,30,21,2026-08-25
8121827,30,84,2026-08-25
8121841,30,279,2026-08-25
8121991,30,298,2026-08-25
8034163,30,274,2026-08-25
8143502,30,250,2026-08-25
8024857,30,39,2026-08-25
8032444,30,211,2026-08-25
8023255,30,144,2026-08-25
8023256,30,138,2026-08-25
8121834,30,60,2026-08-25
8024851,30,277,2026-08-25
8121992,30,109,2026-08-25
8143504,30,243,2026-08-25
8024854,30,46,2026-08-25
8143505,30,117,2026-08-25
8143503,30,171,2026-08-25
8121994,30,123,2026-08-25
8128349,30,284,2026-08-25
8128347,30,107,2026-08-25
8143506,30,196,2026-08-25
8121826,30,91,2026-08-25
8143517,30,158,2026-08-25
8121838,30,194,2026-08-25
8025570,30,110,2026-08-25
8128348,30,255,2026-08-25
8041280,30,104,2026-08-25
8120913,30,251,2026-08-25
8111968,30,49,2026-08-25
8111960,30,98,2026-08-25
8111961,30,126,2026-08-25
8111948,30,177,2026-08-25
8132747,30,291,2026-08-25
8120915,30,179,2026-08-25
8126612,30,91,2026-08-25
8123704,30,68,2026-08-25
8126610,30,116,2026-08-25
8132742,30,150,2026-08-25
8111959,30,253,2026-08-25
8126614,30,50,2026-08-25
8135843,30,183,2026-08-25
8135845,30,184,2026-08-25
8135844,30,227,2026-08-25
8123707,30,28,2026-08-25
8132743,30,278,2026-08-25
8035504,30,250,2026-08-25
8122095,30,40,2026-08-25
8122668,30,23,2026-08-25
8036403,30,54,2026-08-25
8121953,30,113,2026-08-25
8122949,30,152,2026-08-25
8121952,30,71,2026-08-25
8121947,30,81,2026-08-25
8036384,30,92,2026-08-25
8036398,30,147,2026-08-25
8122097,30,212,2026-08-25
8036391,30,292,2026-08-25
8135847,30,149,2026-08-25
8133866,30,143,2026-08-25
8135848,30,127,2026-08-25
8135849,30,257,2026-08-25
8133403,30,135,2026-08-25
8122665,30,291,2026-08-25
8133405,30,39,2026-08-25
8135850,30,209,2026-08-25
8122951,30,165,2026-08-25
8023309,30,231,2026-08-25
8122166,30,216,2026-08-25
8035659,30,85,2026-08-25
8023289,30,60,2026-08-25
8132707,30,92,2026-08-25
8007969,30,36,2026-08-25
8039664,30,231,2026-08-25
8126064,30,30,2026-08-25
8020295,30,157,2026-08-25
8133237,30,120,2026-08-25
8135863,30,298,2026-08-25
8133230,30,117,2026-08-25
8133234,30,150,2026-08-25
8133232,30,27,2026-08-25
8133233,30,100,2026-08-25
8135864,30,138,2026-08-25
8133231,30,75,2026-08-25
8135865,30,289,2026-08-25
8133235,30,116,2026-08-25
8003313,30,151,2026-08-25
8141861,30,166,2026-08-25
8143703,30,181,2026-08-25
8143938,30,133,2026-08-25
8143939,30,147,2026-08-25
8132567,30,38,2026-08-25
8132569,30,210,2026-08-25
8140708,30,73,2026-08-25
8140784,30,219,2026-08-25
8143702,30,285,2026-08-25
8136078,30,258,2026-08-25
8136079,30,62,2026-08-25
8140785,30,200,2026-08-25
8140709,30,45,2026-08-25
8140711,30,232,2026-08-25
8140710,30,230,2026-08-25
8134482,30,158,2026-08-25
8140712,30,203,2026-08-25
8129333,30,69,2026-08-25
8129334,30,296,2026-08-25
8138369,30,169,2026-08-25
8140787,30,155,2026-08-25
8140716,30,270,2026-08-25
8143704,30,61,2026-08-25
8134056,30,195,2026-08-25
8140786,30,285,2026-08-25
8143706,30,65,2026-08-25
8141226,30,129,2026-08-25
8141246,30,227,2026-08-25
8034590,30,47,2026-08-25
8034593,30,131,2026-08-25
8034589,30,106,2026-08-25
8034592,30,243,2026-08-25
9996048,30,238,2026-08-25
9996047,30,226,2026-08-25
8038492,30,131,2026-08-25
8041382,30,212,2026-08-25
8041383,30,29,2026-08-25
8022072,30,216,2026-08-25
8009227,30,110,2026-08-25
8041384,30,277,2026-08-25
8016464,30,225,2026-08-25
4884042,30,98,2026-08-25
8141643,30,24,2026-08-25
8030253,30,207,2026-08-25
8015666,30,165,2026-08-25
8138054,30,192,2026-08-25
8039622,30,30,2026-08-25
8039621,30,42,2026-08-25
8039623,30,168,2026-08-25
8134342,30,199,2026-08-25
8121340,30,98,2026-08-25
8039620,30,267,2026-08-25
8121339,30,46,2026-08-25
8139637,30,143,2026-08-25
8139638,30,65,2026-08-25
8038652,30,31,2026-08-25
8139631,30,28,2026-08-25
8139632,30,53,2026-08-25
8139633,30,294,2026-08-25
8139634,30,39,2026-08-25
8139635,30,66,2026-08-25
8139636,30,43,2026-08-25
8113596,30,180,2026-08-25
8025418,30,140,2026-08-25
8025429,30,84,2026-08-25
8025417,30,41,2026-08-25
8025428,30,113,2026-08-25
8115681,30,182,2026-08-25
8115684,30,204,2026-08-25
8115680,30,140,2026-08-25
8115683,30,225,2026-08-25
8025415,30,277,2026-08-25
8025426,30,86,2026-08-25
8139042,30,223,2026-08-25
8136448,30,85,2026-08-25
8136449,30,72,2026-08-25
8142701,30,167,2026-08-25
8128984,30,136,2026-08-25
8128985,30,300,2026-08-25
8025421,30,137,2026-08-25
8025440,30,158,2026-08-25
8025416,30,135,2026-08-25
8025427,30,49,2026-08-25
8018337,30,226,2026-08-25
8115685,30,74,2026-08-25
8012070,30,149,2026-08-25
8025453,30,88,2026-08-25
8136450,30,260,2026-08-25
8138943,30,100,2026-08-25
8128883,30,199,2026-08-25
8128887,30,274,2026-08-25
8136451,30,293,2026-08-25
8138701,30,145,2026-08-25
8138702,30,242,2026-08-25
8142702,30,78,2026-08-25
8136452,30,49,2026-08-25
8138703,30,42,2026-08-25
8025396,30,132,2026-08-25
8025407,30,89,2026-08-25
8025414,30,143,2026-08-25
8025395,30,108,2026-08-25
8025406,30,25,2026-08-25
8115678,30,190,2026-08-25
8115679,30,155,2026-08-25
8115675,30,220,2026-08-25
8115677,30,83,2026-08-25
8025382,30,297,2026-08-25
8025404,30,147,2026-08-25
8139043,30,54,2026-08-25
8136446,30,117,2026-08-25
8136447,30,212,2026-08-25
8142700,30,269,2026-08-25
8128982,30,218,2026-08-25
8128983,30,278,2026-08-25
8025399,30,55,2026-08-25
8025410,30,284,2026-08-25
8025394,30,81,2026-08-25
8025405,30,131,2026-08-25
8141295,30,158,2026-08-25
8126845,30,63,2026-08-25
8123572,30,289,2026-08-25
8126850,30,289,2026-08-25
8130254,30,98,2026-08-25
8126847,30,182,2026-08-25
8123574,30,93,2026-08-25
8126848,30,231,2026-08-25
8123575,30,22,2026-08-25
8126846,30,51,2026-08-25
8123573,30,296,2026-08-25
8126849,30,107,2026-08-25
8123576,30,152,2026-08-25
8128517,30,250,2026-08-25
8025375,30,31,2026-08-25
8140438,30,297,2026-08-25
8014115,30,27,2026-08-25
8133611,30,32,2026-08-25
8141646,30,149,2026-08-25
8030429,30,132,2026-08-25
8041385,30,254,2026-08-25
8041386,30,217,2026-08-25
8026696,30,173,2026-08-25
8141654,30,157,2026-08-25
9999864,30,104,2026-08-25
8132373,30,98,2026-08-25
8009276,30,62,2026-08-25
8015318,30,263,2026-08-25
8121579,30,259,2026-08-25
8121580,30,280,2026-08-25
8031005,30,105,2026-08-25
8021812,30,39,2026-08-25
8021811,30,230,2026-08-25
8132363,30,30,2026-08-25
8121578,30,111,2026-08-25
8121581,30,200,2026-08-25
8135962,30,300,2026-08-25
8141110,30,215,2026-08-25
8125665,30,57,2026-08-25
8132374,30,23,2026-08-25
8132375,30,63,2026-08-25
8020020,30,199,2026-08-25
9996288,30,247,2026-08-25
9997435,30,221,2026-08-25
8033953,30,224,2026-08-25
8113609,30,101,2026-08-25
9996828,30,256,2026-08-25
9997436,30,106,2026-08-25
8014141,30,101,2026-08-25
8039420,30,104,2026-08-25
8010498,30,283,2026-08-25
8038494,30,117,2026-08-25
8013101,30,35,2026-08-25
8018841,30,234,2026-08-25
8015989,30,66,2026-08-25
8128504,30,132,2026-08-25
8128505,30,76,2026-08-25
8116825,30,239,2026-08-25
8039859,30,171,2026-08-25
8039860,30,31,2026-08-25
8034228,30,200,2026-08-25
8021716,30,101,2026-08-25
8123917,30,219,2026-08-25
8123918,30,145,2026-08-25
8123919,30,124,2026-08-25
8123916,30,175,2026-08-25
8123920,30,271,2026-08-25
8142813,30,196,2026-08-25
8032493,30,96,2026-08-25
8027479,30,295,2026-08-25
8110946,30,177,2026-08-25
8122325,30,296,2026-08-25
8122324,30,52,2026-08-25
8116977,30,262,2026-08-25
8116978,30,132,2026-08-25
8012579,30,263,2026-08-25
8012578,30,70,2026-08-25
8014919,30,157,2026-08-25
8014920,30,228,2026-08-25
8133268,30,249,2026-08-25
8133267,30,200,2026-08-25
8022262,30,224,2026-08-25
8128782,30,152,2026-08-25
8128781,30,37,2026-08-25
8020603,30,155,2026-08-25
8020601,30,235,2026-08-25
6300171,30,218,2026-08-25
6309931,30,49,2026-08-25
8021925,30,104,2026-08-25
8123033,30,157,2026-08-25
8020602,30,156,2026-08-25
8040094,30,126,2026-08-25
9999673,30,158,2026-08-25
9999676,30,298,2026-08-25
9999675,30,119,2026-08-25
8021967,30,176,2026-08-25
6032604,30,170,2026-08-25
8021969,30,76,2026-08-25
8021968,30,268,2026-08-25
8123031,30,254,2026-08-25
8040092,30,257,2026-08-25
6030872,30,211,2026-08-25
8143495,30,276,2026-08-25
8143496,30,112,2026-08-25
8143497,30,230,2026-08-25
8143498,30,202,2026-08-25
8003769,30,65,2026-08-25
9931820,30,278,2026-08-25
8003768,30,153,2026-08-25
8003762,30,69,2026-08-25
9931822,30,293,2026-08-25
8003759,30,55,2026-08-25
8003763,30,223,2026-08-25
8003807,30,291,2026-08-25
8003772,30,241,2026-08-25
8003774,30,33,2026-08-25
8003773,30,94,2026-08-25
8003765,30,70,2026-08-25
8003771,30,138,2026-08-25
8003767,30,237,2026-08-25
8003776,30,202,2026-08-25
8003778,30,53,2026-08-25
8003758,30,292,2026-08-25
8003770,30,162,2026-08-25
8003757,30,208,2026-08-25
8003779,30,198,2026-08-25
8003761,30,285,2026-08-25
8003780,30,231,2026-08-25
8003781,30,135,2026-08-25
8003760,30,280,2026-08-25
8003783,30,248,2026-08-25
8003764,30,289,2026-08-25
8003784,30,298,2026-08-25
8003808,30,80,2026-08-25
8003766,30,194,2026-08-25
8003756,30,73,2026-08-25
8003785,30,260,2026-08-25
8003809,30,241,2026-08-25
9931825,30,79,2026-08-25
8003810,30,162,2026-08-25
8016538,30,53,2026-08-25
8016535,30,118,2026-08-25
8016539,30,138,2026-08-25
8016536,30,47,2026-08-25
8016540,30,95,2026-08-25
8016537,30,229,2026-08-25
8032936,30,141,2026-08-25
8032928,30,221,2026-08-25
8132472,30,265,2026-08-25
8112552,30,181,2026-08-25
8112555,30,151,2026-08-25
8112556,30,20,2026-08-25
8112558,30,161,2026-08-25
8112564,30,262,2026-08-25
8112561,30,29,2026-08-25
8112562,30,269,2026-08-25
8112563,30,117,2026-08-25
8021627,30,155,2026-08-25
8133637,30,87,2026-08-25
8133638,30,224,2026-08-25
8133639,30,190,2026-08-25
8142181,30,95,2026-08-25
8131562,30,272,2026-08-25
8131573,30,100,2026-08-25
8142169,30,53,2026-08-25
8142183,30,90,2026-08-25
8131561,30,115,2026-08-25
8131564,30,65,2026-08-25
8131565,30,109,2026-08-25
8131567,30,131,2026-08-25
8135543,30,63,2026-08-25
8135515,30,74,2026-08-25
8135514,30,94,2026-08-25
8137794,30,204,2026-08-25
8137793,30,64,2026-08-25
8131560,30,213,2026-08-25
8137795,30,108,2026-08-25
8131570,30,211,2026-08-25
8131574,30,71,2026-08-25
8142182,30,78,2026-08-25
8142170,30,285,2026-08-25
8131563,30,288,2026-08-25
8131572,30,134,2026-08-25
8138260,30,73,2026-08-25
8137797,30,102,2026-08-25
8131568,30,262,2026-08-25
8138945,30,62,2026-08-25
8138950,30,273,2026-08-25
8135029,30,61,2026-08-25
8133633,30,60,2026-08-25
8142904,30,135,2026-08-25
8133635,30,35,2026-08-25
8142905,30,223,2026-08-25
8133632,30,22,2026-08-25
8142903,30,289,2026-08-25
8133636,30,176,2026-08-25
8142906,30,149,2026-08-25
8142899,30,238,2026-08-25
8142900,30,187,2026-08-25
8142902,30,190,2026-08-25
8142901,30,226,2026-08-25
8135516,30,252,2026-08-25
8135517,30,300,2026-08-25
8135518,30,167,2026-08-25
8135520,30,85,2026-08-25
8135519,30,283,2026-08-25
8133631,30,135,2026-08-25
8142898,30,246,2026-08-25
8138903,30,106,2026-08-25
8138904,30,106,2026-08-25
8138902,30,196,2026-08-25
8136647,30,191,2026-08-25
8136648,30,270,2026-08-25
8139244,30,296,2026-08-25
8139243,30,126,2026-08-25
8139245,30,277,2026-08-25
8134584,30,222,2026-08-25
8134586,30,232,2026-08-25
8134588,30,128,2026-08-25
8134599,30,160,2026-08-25
8134592,30,196,2026-08-25
8134590,30,277,2026-08-25
8134594,30,130,2026-08-25
8134593,30,196,2026-08-25
8134583,30,121,2026-08-25
8139239,30,63,2026-08-25
8134596,30,242,2026-08-25
8134605,30,297,2026-08-25
8134603,30,83,2026-08-25
8134604,30,213,2026-08-25
8134587,30,134,2026-08-25
8134597,30,34,2026-08-25
8134598,30,212,2026-08-25
8134585,30,234,2026-08-25
8134595,30,69,2026-08-25
8134589,30,113,2026-08-25
8136646,30,228,2026-08-25
8136645,30,112,2026-08-25
8139240,30,158,2026-08-25
8139241,30,214,2026-08-25
8139242,30,204,2026-08-25
8136649,30,66,2026-08-25
8132853,30,131,2026-08-25
8141467,30,89,2026-08-25
8139039,30,106,2026-08-25
8139040,30,278,2026-08-25
8139041,30,72,2026-08-25
8138134,30,116,2026-08-25
8138135,30,64,2026-08-25
8138133,30,112,2026-08-25
8132746,30,293,2026-08-25
8132745,30,56,2026-08-25
8110785,30,61,2026-08-25
8110784,30,127,2026-08-25
8042653,30,205,2026-08-25
8039042,30,259,2026-08-25
8126102,30,155,2026-08-25
8126101,30,162,2026-08-25
8126131,30,26,2026-08-25
6300000,30,121,2026-08-25
8024982,30,138,2026-08-25
6031229,30,221,2026-08-25
6031227,30,167,2026-08-25
8024984,30,108,2026-08-25
6031226,30,245,2026-08-25
8002977,30,166,2026-08-25
6031221,30,282,2026-08-25
6031225,30,177,2026-08-25
6030914,30,126,2026-08-25
6530767,30,84,2026-08-25
6031217,30,250,2026-08-25
8118998,30,183,2026-08-25
6031228,30,93,2026-08-25
8118999,30,259,2026-08-25
8002978,30,44,2026-08-25
8135309,30,140,2026-08-25
8119000,30,47,2026-08-25
8135310,30,209,2026-08-25
8034554,30,31,2026-08-25
8024981,30,244,2026-08-25
8135311,30,47,2026-08-25
8123613,30,274,2026-08-25
8125318,30,28,2026-08-25
8125320,30,280,2026-08-25
8125321,30,289,2026-08-25
8140097,30,143,2026-08-25
8127519,30,262,2026-08-25
8039661,30,149,2026-08-25
8110220,30,173,2026-08-25
8110232,30,186,2026-08-25
8130918,30,120,2026-08-25
8110205,30,252,2026-08-25
8130919,30,260,2026-08-25
8110222,30,162,2026-08-25
8110218,30,159,2026-08-25
8110216,30,223,2026-08-25
8110219,30,38,2026-08-25
8110209,30,234,2026-08-25
8110223,30,150,2026-08-25
8110237,30,88,2026-08-25
8110211,30,218,2026-08-25
8110201,30,124,2026-08-25
8110198,30,170,2026-08-25
8110199,30,159,2026-08-25
8110197,30,170,2026-08-25
8136151,30,291,2026-08-25
8110215,30,285,2026-08-25
8136152,30,167,2026-08-25
8136153,30,237,2026-08-25
8110214,30,220,2026-08-25
8110213,30,276,2026-08-25
8136154,30,147,2026-08-25
8110202,30,259,2026-08-25
8110203,30,34,2026-08-25
8110204,30,47,2026-08-25
8110224,30,165,2026-08-25
8110231,30,206,2026-08-25
8110225,30,123,2026-08-25
8110235,30,158,2026-08-25
8110238,30,230,2026-08-25
8140052,30,148,2026-08-25
8133625,30,37,2026-08-25
8133618,30,187,2026-08-25
8127321,30,109,2026-08-25
8133615,30,289,2026-08-25
8140053,30,246,2026-08-25
8140054,30,69,2026-08-25
8014762,30,192,2026-08-25
8015613,30,111,2026-08-25
8014761,30,143,2026-08-25
8015614,30,210,2026-08-25
8020344,30,238,2026-08-25
8020340,30,259,2026-08-25
8001509,30,47,2026-08-25
8020343,30,134,2026-08-25
8020341,30,222,2026-08-25
8020342,30,173,2026-08-25
8139786,30,242,2026-08-25
8139769,30,274,2026-08-25
8142051,30,246,2026-08-25
8139782,30,108,2026-08-25
8139793,30,20,2026-08-25
8139783,30,69,2026-08-25
8139784,30,141,2026-08-25
8139785,30,284,2026-08-25
8139787,30,78,2026-08-25
8139760,30,24,2026-08-25
8139765,30,186,2026-08-25
8139780,30,186,2026-08-25
8139789,30,176,2026-08-25
8139777,30,136,2026-08-25
8139790,30,43,2026-08-25
8139778,30,40,2026-08-25
8139791,30,244,2026-08-25
8139779,30,281,2026-08-25
8139788,30,137,2026-08-25
8139776,30,63,2026-08-25
8142050,30,216,2026-08-25
8139770,30,39,2026-08-25
8142048,30,112,2026-08-25
8139763,30,169,2026-08-25
8139775,30,193,2026-08-25
8139772,30,55,2026-08-25
8139773,30,239,2026-08-25
8139774,30,228,2026-08-25
8139771,30,98,2026-08-25
8139781,30,158,2026-08-25
8117177,30,182,2026-08-25
8117178,30,209,2026-08-25
8142075,30,240,2026-08-25
8142074,30,103,2026-08-25
8140130,30,70,2026-08-25
8140129,30,143,2026-08-25
8126983,30,44,2026-08-25
8140121,30,117,2026-08-25
8126988,30,172,2026-08-25
8129526,30,290,2026-08-25
8119580,30,66,2026-08-25
8138123,30,205,2026-08-25
8132407,30,59,2026-08-25
8132401,30,268,2026-08-25
8119578,30,133,2026-08-25
8140126,30,91,2026-08-25
8134738,30,170,2026-08-25
8132397,30,122,2026-08-25
8119579,30,119,2026-08-25
8134743,30,37,2026-08-25
8126982,30,87,2026-08-25
8119581,30,177,2026-08-25
9931781,30,95,2026-08-25
8002291,30,104,2026-08-25
8009745,30,265,2026-08-25
9931780,30,250,2026-08-25
8002290,30,254,2026-08-25
8009744,30,115,2026-08-25
8137640,30,100,2026-08-25
8116927,30,292,2026-08-25
8119231,30,251,2026-08-25
8020444,30,286,2026-08-25
8020443,30,255,2026-08-25
6310826,30,69,2026-08-25
6310825,30,205,2026-08-25
8011332,30,85,2026-08-25
6310824,30,277,2026-08-25
8016800,30,80,2026-08-25
8129119,30,270,2026-08-25
8129120,30,179,2026-08-25
8128889,30,265,2026-08-25
8128891,30,223,2026-08-25
8036321,30,220,2026-08-25
8016802,30,120,2026-08-25
8016803,30,67,2026-08-25
8110245,30,65,2026-08-25
8110244,30,90,2026-08-25
8110243,30,70,2026-08-25
8110246,30,24,2026-08-25
8136155,30,110,2026-08-25
8127311,30,172,2026-08-25
8136160,30,253,2026-08-25
8140049,30,243,2026-08-25
8136161,30,222,2026-08-25
8136158,30,284,2026-08-25
8140050,30,132,2026-08-25
8136159,30,32,2026-08-25
8127310,30,67,2026-08-25
8110233,30,220,2026-08-25
8110234,30,286,2026-08-25
8110236,30,73,2026-08-25
8136156,30,188,2026-08-25
8140051,30,288,2026-08-25
8136157,30,153,2026-08-25
8112890,30,133,2026-08-25
8113519,30,58,2026-08-25
8113517,30,293,2026-08-25
8137711,30,83,2026-08-25
8137712,30,75,2026-08-25
8129531,30,254,2026-08-25
8117077,30,135,2026-08-25
8132403,30,30,2026-08-25
8134087,30,49,2026-08-25
8134742,30,35,2026-08-25
8117076,30,102,2026-08-25
8021729,30,181,2026-08-25
8137948,30,133,2026-08-25
8021471,30,283,2026-08-25
8034230,30,287,2026-08-25
8134564,30,285,2026-08-25
8134565,30,249,2026-08-25
8131133,30,78,2026-08-25
8131132,30,59,2026-08-25
8142422,30,175,2026-08-25
8137210,30,123,2026-08-25
8032725,30,36,2026-08-25
8030276,30,281,2026-08-25
8142417,30,75,2026-08-25
8113525,30,232,2026-08-25
8041508,30,234,2026-08-25
8041507,30,55,2026-08-25
8142419,30,205,2026-08-25
8113527,30,258,2026-08-25
8121598,30,160,2026-08-25
8034477,30,146,2026-08-25
8142418,30,215,2026-08-25
8113526,30,228,2026-08-25
8132500,30,294,2026-08-25
8022397,30,261,2026-08-25
8022398,30,267,2026-08-25
8021505,30,264,2026-08-25
8009555,30,116,2026-08-25
8139954,30,202,2026-08-25
8140010,30,260,2026-08-25
8140011,30,76,2026-08-25
8141396,30,269,2026-08-25
8141397,30,32,2026-08-25
8141399,30,96,2026-08-25
8141398,30,219,2026-08-25
8140012,30,117,2026-08-25
8140013,30,241,2026-08-25
8140014,30,158,2026-08-25
8140015,30,212,2026-08-25
8140016,30,190,2026-08-25
8140017,30,122,2026-08-25
8134710,30,73,2026-08-25
8134709,30,110,2026-08-25
8134708,30,240,2026-08-25
8134707,30,205,2026-08-25
8139022,30,284,2026-08-25
8132456,30,85,2026-08-25
8132457,30,276,2026-08-25
8116667,30,223,2026-08-25
8116663,30,290,2026-08-25
8034130,30,152,2026-08-25
8040955,30,65,2026-08-25
8132458,30,208,2026-08-25
8132459,30,102,2026-08-25
8034131,30,281,2026-08-25
8040956,30,246,2026-08-25
8125668,30,220,2026-08-25
8037062,30,52,2026-08-25
8125667,30,92,2026-08-25
8137808,30,170,2026-08-25
8142547,30,282,2026-08-25
8142548,30,140,2026-08-25
8142549,30,239,2026-08-25
8142550,30,40,2026-08-25
8141265,30,22,2026-08-25
8140802,30,169,2026-08-25
8132453,30,158,2026-08-25
8141264,30,31,2026-08-25
8140799,30,214,2026-08-25
8128537,30,105,2026-08-25
8137809,30,238,2026-08-25
8128536,30,216,2026-08-25
8137799,30,39,2026-08-25
8040950,30,81,2026-08-25
8034125,30,126,2026-08-25
8040949,30,268,2026-08-25
8034124,30,254,2026-08-25
8139969,30,288,2026-08-25
8139971,30,61,2026-08-25
8139967,30,37,2026-08-25
8139970,30,291,2026-08-25
8139968,30,263,2026-08-25
6310049,30,135,2026-08-25
8121407,30,296,2026-08-25
8117127,30,56,2026-08-25
8034270,30,186,2026-08-25
8039132,30,89,2026-08-25
8121346,30,25,2026-08-25
8121347,30,286,2026-08-25
6310134,30,246,2026-08-25
8126293,30,168,2026-08-25
8126292,30,230,2026-08-25
8126291,30,200,2026-08-25
8126290,30,166,2026-08-25
8041676,30,267,2026-08-25
8126287,30,31,2026-08-25
8139947,30,28,2026-08-25
8133097,30,89,2026-08-25
8041678,30,67,2026-08-25
8005404,30,171,2026-08-25
8005403,30,283,2026-08-25
8138002,30,250,2026-08-25
8138000,30,134,2026-08-25
8143098,30,213,2026-08-25
8138001,30,40,2026-08-25
8121345,30,50,2026-08-25
8121344,30,133,2026-08-25
8043742,30,114,2026-08-25
8138059,30,236,2026-08-25
8139948,30,24,2026-08-25
8136954,30,42,2026-08-25
8141147,30,174,2026-08-25
8127622,30,70,2026-08-25
8141157,30,290,2026-08-25
8127629,30,71,2026-08-25
8135025,30,25,2026-08-25
8127631,30,234,2026-08-25
8143228,30,140,2026-08-25
8127628,30,89,2026-08-25
8134328,30,107,2026-08-25
8137134,30,20,2026-08-25
8127625,30,240,2026-08-25
8127627,30,298,2026-08-25
8131367,30,124,2026-08-25
8143227,30,267,2026-08-25
8130498,30,189,2026-08-25
8127626,30,150,2026-08-25
8143229,30,141,2026-08-25
8137747,30,117,2026-08-25
8137742,30,82,2026-08-25
8137738,30,79,2026-08-25
8137737,30,127,2026-08-25
8137788,30,44,2026-08-25
8137787,30,289,2026-08-25
8137791,30,30,2026-08-25
8137790,30,242,2026-08-25
8137789,30,28,2026-08-25
8137745,30,288,2026-08-25
8137977,30,87,2026-08-25
8137750,30,143,2026-08-25
8137741,30,263,2026-08-25
8137751,30,101,2026-08-25
8137756,30,138,2026-08-25
8137754,30,279,2026-08-25
8137736,30,284,2026-08-25
8137975,30,83,2026-08-25
8137748,30,177,2026-08-25
8137746,30,275,2026-08-25
8137740,30,144,2026-08-25
8137743,30,299,2026-08-25
8137744,30,152,2026-08-25
8034229,30,39,2026-08-25
8136863,30,288,2026-08-25
8134677,30,53,2026-08-25
6220411,30,52,2026-08-25
6220412,30,91,2026-08-25
6220413,30,255,2026-08-25
6220414,30,154,2026-08-25
6220415,30,120,2026-08-25
6220416,30,89,2026-08-25
8139563,30,102,2026-08-25
8139568,30,120,2026-08-25
8139562,30,202,2026-08-25
8139567,30,113,2026-08-25
8139566,30,253,2026-08-25
8139564,30,50,2026-08-25
8139569,30,46,2026-08-25
8139565,30,164,2026-08-25
8139570,30,124,2026-08-25
8137006,30,45,2026-08-25
8137005,30,114,2026-08-25
8012621,30,64,2026-08-25
9999260,30,238,2026-08-25
8008336,30,48,2026-08-25
8010496,30,75,2026-08-25
8008335,30,254,2026-08-25
8008334,30,86,2026-08-25
9993316,30,198,2026-08-25
5002055,30,190,2026-08-25
8039452,30,264,2026-08-25
6300968,30,253,2026-08-25
6300971,30,296,2026-08-25
6300964,30,267,2026-08-25
8037199,30,108,2026-08-25
8127396,30,290,2026-08-25
6300967,30,131,2026-08-25
8039451,30,216,2026-08-25
6300966,30,80,2026-08-25
6300970,30,215,2026-08-25
8039453,30,79,2026-08-25
6310243,30,85,2026-08-25
8020573,30,152,2026-08-25
6033226,30,256,2026-08-25
6310240,30,297,2026-08-25
8014500,30,180,2026-08-25
8016235,30,221,2026-08-25
8015187,30,174,2026-08-25
6300965,30,101,2026-08-25
8120895,30,91,2026-08-25
8142343,30,50,2026-08-25
8142347,30,53,2026-08-25
6300960,30,157,2026-08-25
6300959,30,183,2026-08-25
8040627,30,65,2026-08-25
8039513,30,244,2026-08-25
8040626,30,27,2026-08-25
8039516,30,209,2026-08-25
8039515,30,118,2026-08-25
8140124,30,100,2026-08-25
8140123,30,51,2026-08-25
8021687,30,213,2026-08-25
8021667,30,167,2026-08-25
8129539,30,256,2026-08-25
8127452,30,272,2026-08-25
8134089,30,160,2026-08-25
8132395,30,200,2026-08-25
8127451,30,244,2026-08-25
8124606,30,151,2026-08-25
8129420,30,275,2026-08-25
8129419,30,160,2026-08-25
8124989,30,233,2026-08-25
8124933,30,69,2026-08-25
8124939,30,168,2026-08-25
8143657,30,245,2026-08-25
8124992,30,215,2026-08-25
8124932,30,210,2026-08-25
8124935,30,152,2026-08-25
8124940,30,280,2026-08-25
8124937,30,150,2026-08-25
8131750,30,264,2026-08-25
8134491,30,166,2026-08-25
8131218,30,71,2026-08-25
8143658,30,83,2026-08-25
8124951,30,35,2026-08-25
8136854,30,296,2026-08-25
8124953,30,85,2026-08-25
8124955,30,267,2026-08-25
8129422,30,128,2026-08-25
8129421,30,236,2026-08-25
8143659,30,247,2026-08-25
8129424,30,289,2026-08-25
8129423,30,32,2026-08-25
8125001,30,235,2026-08-25
8124966,30,146,2026-08-25
8124969,30,79,2026-08-25
8143656,30,46,2026-08-25
8124999,30,229,2026-08-25
8124965,30,204,2026-08-25
8124967,30,96,2026-08-25
8124970,30,240,2026-08-25
8124968,30,69,2026-08-25
8136853,30,47,2026-08-25
8124941,30,84,2026-08-25
8124954,30,283,2026-08-25
8124964,30,122,2026-08-25
6203626,30,270,2026-08-25
8122789,30,179,2026-08-25
8121227,30,188,2026-08-25
8135357,30,68,2026-08-25
6203612,30,86,2026-08-25
8140247,30,199,2026-08-25
8036963,30,109,2026-08-25
8121229,30,185,2026-08-25
8136846,30,120,2026-08-25
6232267,30,168,2026-08-25
8008678,30,23,2026-08-25
6203613,30,33,2026-08-25
6296303,30,161,2026-08-25
8131000,30,188,2026-08-25
8008996,30,80,2026-08-25
8000680,30,299,2026-08-25
8122179,30,27,2026-08-25
8008997,30,126,2026-08-25
8033652,30,110,2026-08-25
8131001,30,229,2026-08-25
6296306,30,281,2026-08-25
6203629,30,274,2026-08-25
8033653,30,211,2026-08-25
8135356,30,111,2026-08-25
6232264,30,22,2026-08-25
8118289,30,65,2026-08-25
8002076,30,45,2026-08-25
8009760,30,143,2026-08-25
8033654,30,235,2026-08-25
8041720,30,289,2026-08-25
8009761,30,24,2026-08-25
8122788,30,169,2026-08-25
8008998,30,26,2026-08-25
6232263,30,84,2026-08-25
8007588,30,86,2026-08-25
8122787,30,294,2026-08-25
6296307,30,72,2026-08-25
8121228,30,197,2026-08-25
8122790,30,82,2026-08-25
8136850,30,201,2026-08-25
8118294,30,153,2026-08-25
8121226,30,121,2026-08-25
8033650,30,47,2026-08-25
8009762,30,35,2026-08-25
8136849,30,57,2026-08-25
8136848,30,205,2026-08-25
8118296,30,219,2026-08-25
8136847,30,29,2026-08-25
8131003,30,82,2026-08-25
8015492,30,99,2026-08-25
8008197,30,273,2026-08-25
8136845,30,79,2026-08-25
8133083,30,195,2026-08-25
8002064,30,262,2026-08-25
8008196,30,36,2026-08-25
8034202,30,185,2026-08-25
8021692,30,220,2026-08-25
8021460,30,186,2026-08-25
8021472,30,81,2026-08-25
8021461,30,258,2026-08-25
8021734,30,57,2026-08-25
8021473,30,254,2026-08-25
6220424,30,200,2026-08-25
8021476,30,121,2026-08-25
8021458,30,118,2026-08-25
8128014,30,289,2026-08-25
8140713,30,111,2026-08-25
8143717,30,116,2026-08-25
8141546,30,168,2026-08-25
8130620,30,229,2026-08-25
8136497,30,234,2026-08-25
8130621,30,81,2026-08-25
8128015,30,271,2026-08-25
8140714,30,119,2026-08-25
8134067,30,152,2026-08-25
8140783,30,43,2026-08-25
8140114,30,105,2026-08-25
8119791,30,170,2026-08-25
8123046,30,225,2026-08-25
8119790,30,231,2026-08-25
8119796,30,137,2026-08-25
8123047,30,227,2026-08-25
8119797,30,94,2026-08-25
8119788,30,184,2026-08-25
8119787,30,78,2026-08-25
8021890,30,247,2026-08-25
8117176,30,40,2026-08-25
8117179,30,99,2026-08-25
8135129,30,132,2026-08-25
8028702,30,254,2026-08-25
8133701,30,267,2026-08-25
8036971,30,30,2026-08-25
8136623,30,155,2026-08-25
8136624,30,185,2026-08-25
8139571,30,100,2026-08-25
8002133,30,42,2026-08-25
8009486,30,227,2026-08-25
8002134,30,252,2026-08-25
8002135,30,253,2026-08-25
8118595,30,215,2026-08-25
8128513,30,186,2026-08-25
8128514,30,122,2026-08-25
8142964,30,299,2026-08-25
8142980,30,194,2026-08-25
8142985,30,190,2026-08-25
8142982,30,194,2026-08-25
8142959,30,97,2026-08-25
8142961,30,111,2026-08-25
8142963,30,57,2026-08-25
8142966,30,234,2026-08-25
8142971,30,126,2026-08-25
8142967,30,62,2026-08-25
8142965,30,232,2026-08-25
8142973,30,227,2026-08-25
8142978,30,123,2026-08-25
8142974,30,263,2026-08-25
8142988,30,285,2026-08-25
8142992,30,236,2026-08-25
8142991,30,72,2026-08-25
8021660,30,219,2026-08-25
8016088,30,143,2026-08-25
8133828,30,115,2026-08-25
8133826,30,44,2026-08-25
8133829,30,137,2026-08-25
8133825,30,116,2026-08-25
8133824,30,176,2026-08-25
8133827,30,79,2026-08-25
8133822,30,177,2026-08-25
8143738,30,95,2026-08-25
8143739,30,77,2026-08-25
8143740,30,64,2026-08-25
8143741,30,48,2026-08-25
8143746,30,44,2026-08-25
8143742,30,286,2026-08-25
8143743,30,110,2026-08-25
8143745,30,23,2026-08-25
8143737,30,61,2026-08-25
8143744,30,162,2026-08-25
8128807,30,53,2026-08-25
8128806,30,175,2026-08-25
8128805,30,168,2026-08-25
8139516,30,164,2026-08-25
8139515,30,287,2026-08-25
8139514,30,168,2026-08-25
8007153,30,74,2026-08-25
8037371,30,26,2026-08-25
9996418,30,51,2026-08-25
9996419,30,128,2026-08-25
8112692,30,293,2026-08-25
9997310,30,221,2026-08-25
8039430,30,65,2026-08-25
8142584,30,243,2026-08-25
8121282,30,87,2026-08-25
8000787,30,111,2026-08-25
9997475,30,160,2026-08-25
8000313,30,38,2026-08-25
8142617,30,127,2026-08-25
8000786,30,68,2026-08-25
8023715,30,70,2026-08-25
8023716,30,264,2026-08-25
8040404,30,85,2026-08-25
8134186,30,43,2026-08-25
8134187,30,109,2026-08-25
8129606,30,200,2026-08-25
8023714,30,110,2026-08-25
6298034,30,252,2026-08-25
9995983,30,264,2026-08-25
9995984,30,127,2026-08-25
9995529,30,158,2026-08-25
9991183,30,265,2026-08-25
9995528,30,110,2026-08-25
9995527,30,268,2026-08-25
3348,30,225,2026-08-25
3347,30,271,2026-08-25
3349,30,282,2026-08-25
3350,30,231,2026-08-25
3195,30,247,2026-08-25
8141032,30,120,2026-08-25
8141030,30,103,2026-08-25
8141031,30,234,2026-08-25
8141046,30,245,2026-08-25
8141047,30,169,2026-08-25
8141041,30,294,2026-08-25
8141039,30,77,2026-08-25
8141040,30,297,2026-08-25
8141048,30,182,2026-08-25
8141044,30,64,2026-08-25
8141045,30,32,2026-08-25
8141042,30,65,2026-08-25
8141043,30,276,2026-08-25
8137522,30,37,2026-08-25
8132993,30,249,2026-08-25
8141049,30,282,2026-08-25
8137521,30,97,2026-08-25
8132991,30,132,2026-08-25
8137520,30,272,2026-08-25
8132992,30,131,2026-08-25
8139653,30,227,2026-08-25
8141752,30,95,2026-08-25
8141061,30,255,2026-08-25
8141062,30,153,2026-08-25
8021781,30,293,2026-08-25
8009204,30,95,2026-08-25
8019383,30,85,2026-08-25
8019499,30,220,2026-08-25
8021780,30,181,2026-08-25
8119387,30,181,2026-08-25
8009208,30,40,2026-08-25
8009206,30,109,2026-08-25
8128293,30,114,2026-08-25
8123189,30,111,2026-08-25
8123187,30,264,2026-08-25
8117627,30,62,2026-08-25
8122538,30,254,2026-08-25
8122537,30,211,2026-08-25
8136191,30,187,2026-08-25
8117620,30,246,2026-08-25
8117623,30,239,2026-08-25
8117621,30,163,2026-08-25
8117622,30,143,2026-08-25
8126893,30,250,2026-08-25
8117618,30,191,2026-08-25
8117617,30,297,2026-08-25
8117619,30,255,2026-08-25
8130244,30,280,2026-08-25
8130243,30,159,2026-08-25
8122535,30,123,2026-08-25
8122534,30,270,2026-08-25
8122536,30,136,2026-08-25
8117614,30,218,2026-08-25
8117612,30,82,2026-08-25
8117616,30,117,2026-08-25
8117613,30,283,2026-08-25
8122533,30,290,2026-08-25
8117610,30,78,2026-08-25
8117615,30,192,2026-08-25
8117611,30,215,2026-08-25
8136188,30,197,2026-08-25
8136187,30,89,2026-08-25
8123191,30,42,2026-08-25
8136183,30,40,2026-08-25
8136184,30,93,2026-08-25
8136186,30,52,2026-08-25
8136185,30,214,2026-08-25
8123109,30,121,2026-08-25
8136189,30,65,2026-08-25
8126892,30,148,2026-08-25
8117625,30,92,2026-08-25
8117624,30,216,2026-08-25
8121070,30,187,2026-08-25
8121071,30,117,2026-08-25
8136190,30,77,2026-08-25
8123188,30,267,2026-08-25
8123186,30,149,2026-08-25
8117626,30,220,2026-08-25
8121073,30,132,2026-08-25
8121072,30,233,2026-08-25
8021489,30,145,2026-08-25
8021671,30,266,2026-08-25
8140019,30,289,2026-08-25
8139956,30,154,2026-08-25
8140018,30,95,2026-08-25
8021706,30,80,2026-08-25
8021490,30,91,2026-08-25
8021478,30,209,2026-08-25
8021479,30,209,2026-08-25
8021480,30,71,2026-08-25
8021477,30,249,2026-08-25
8021731,30,198,2026-08-25
8021820,30,224,2026-08-25
8032758,30,182,2026-08-25
8032727,30,50,2026-08-25
8032754,30,198,2026-08-25
8032757,30,82,2026-08-25
8032755,30,236,2026-08-25
8032756,30,296,2026-08-25
8011464,30,181,2026-08-25
8011463,30,216,2026-08-25
8011462,30,38,2026-08-25
8011460,30,80,2026-08-25
8011461,30,138,2026-08-25
8011459,30,233,2026-08-25
8011465,30,34,2026-08-25
6033597,30,269,2026-08-25
8009403,30,63,2026-08-25
8032762,30,61,2026-08-25
8032759,30,248,2026-08-25
8018245,30,268,2026-08-25
8018246,30,128,2026-08-25
8023207,30,35,2026-08-25
8023210,30,223,2026-08-25
8023208,30,270,2026-08-25
8023205,30,81,2026-08-25
8023206,30,267,2026-08-25
8023209,30,243,2026-08-25
8018964,30,209,2026-08-25
8018965,30,109,2026-08-25
8119997,30,221,2026-08-25
8119998,30,277,2026-08-25
8006699,30,222,2026-08-25
6301934,30,211,2026-08-25
6033599,30,295,2026-08-25
9931816,30,51,2026-08-25
8007245,30,260,2026-08-25
8007243,30,75,2026-08-25
8011641,30,66,2026-08-25
8011639,30,134,2026-08-25
8011640,30,107,2026-08-25
8011638,30,228,2026-08-25
9931817,30,228,2026-08-25
8007246,30,211,2026-08-25
8007248,30,24,2026-08-25
8007247,30,92,2026-08-25
8022002,30,225,2026-08-25
8021999,30,106,2026-08-25
8032764,30,215,2026-08-25
8032763,30,137,2026-08-25
8025005,30,72,2026-08-25
8025004,30,146,2026-08-25
8022001,30,218,2026-08-25
8021998,30,151,2026-08-25
8011456,30,68,2026-08-25
8018954,30,91,2026-08-25
8018958,30,276,2026-08-25
8019402,30,148,2026-08-25
8018957,30,77,2026-08-25
8018961,30,193,2026-08-25
8018956,30,207,2026-08-25
8018960,30,45,2026-08-25
8018955,30,23,2026-08-25
8018959,30,166,2026-08-25
8018962,30,236,2026-08-25
8018963,30,151,2026-08-25
8012424,30,259,2026-08-25
8012423,30,156,2026-08-25
8012422,30,184,2026-08-25
8012420,30,20,2026-08-25
8012421,30,215,2026-08-25
8012419,30,215,2026-08-25
8012425,30,177,2026-08-25
8116697,30,147,2026-08-25
8119330,30,212,2026-08-25
8043390,30,203,2026-08-25
8043391,30,49,2026-08-25
8043392,30,221,2026-08-25
8121926,30,140,2026-08-25
8043413,30,63,2026-08-25
8043414,30,71,2026-08-25
8043412,30,279,2026-08-25
8039086,30,261,2026-08-25
8039085,30,92,2026-08-25
8039089,30,81,2026-08-25
8039088,30,261,2026-08-25
8039090,30,25,2026-08-25
8141322,30,99,2026-08-25
8029227,30,23,2026-08-25
8126074,30,283,2026-08-25
8111383,30,66,2026-08-25
8111384,30,166,2026-08-25
8138570,30,75,2026-08-25
8117932,30,176,2026-08-25
8123562,30,255,2026-08-25
8123561,30,224,2026-08-25
8123560,30,211,2026-08-25
8136353,30,235,2026-08-25
8136354,30,28,2026-08-25
8115553,30,183,2026-08-25
8029300,30,155,2026-08-25
8143121,30,240,2026-08-25
8143122,30,33,2026-08-25
8143123,30,141,2026-08-25
8143119,30,298,2026-08-25
8143120,30,166,2026-08-25
8029236,30,170,2026-08-25
8033736,30,135,2026-08-25
8121268,30,132,2026-08-25
8139680,30,95,2026-08-25
8036326,30,101,2026-08-25
8029262,30,284,2026-08-25
8029263,30,211,2026-08-25
8029264,30,216,2026-08-25
8029265,30,199,2026-08-25
8036325,30,175,2026-08-25
8029259,30,110,2026-08-25
8029260,30,71,2026-08-25
8029261,30,296,2026-08-25
8029416,30,86,2026-08-25
8039841,30,260,2026-08-25
8029267,30,184,2026-08-25
8035930,30,99,2026-08-25
8029299,30,59,2026-08-25
8029296,30,55,2026-08-25
8029278,30,174,2026-08-25
8029280,30,199,2026-08-25
8029288,30,289,2026-08-25
8029256,30,234,2026-08-25
8029257,30,39,2026-08-25
8038579,30,210,2026-08-25
8029274,30,245,2026-08-25
8133185,30,152,2026-08-25
8141542,30,176,2026-08-25
8141541,30,261,2026-08-25
8136578,30,50,2026-08-25
8137614,30,168,2026-08-25
8137615,30,246,2026-08-25
8121577,30,74,2026-08-25
8115109,30,158,2026-08-25
8029268,30,291,2026-08-25
8121169,30,84,2026-08-25
8041525,30,26,2026-08-25
8135920,30,29,2026-08-25
8127808,30,223,2026-08-25
8127807,30,31,2026-08-25
8142304,30,36,2026-08-25
8142440,30,128,2026-08-25
8032886,30,86,2026-08-25
8116953,30,158,2026-08-25
8039809,30,203,2026-08-25
8029289,30,149,2026-08-25
8122744,30,163,2026-08-25
8122745,30,143,2026-08-25
8122747,30,280,2026-08-25
8122749,30,228,2026-08-25
8122750,30,284,2026-08-25
8122751,30,144,2026-08-25
8041257,30,39,2026-08-25
8041250,30,24,2026-08-25
8141321,30,269,2026-08-25
8041265,30,121,2026-08-25
8029218,30,261,2026-08-25
8029209,30,297,2026-08-25
8142737,30,37,2026-08-25
8138665,30,97,2026-08-25
8136356,30,198,2026-08-25
8029314,30,86,2026-08-25
8029308,30,155,2026-08-25
8138664,30,177,2026-08-25
8136355,30,126,2026-08-25
8141320,30,82,2026-08-25
8033699,30,292,2026-08-25
8029305,30,283,2026-08-25
8041524,30,111,2026-08-25
8131879,30,126,2026-08-25
8029313,30,124,2026-08-25
8029312,30,61,2026-08-25
8119768,30,165,2026-08-25
8030078,30,138,2026-08-25
8005265,30,272,2026-08-25
6301220,30,63,2026-08-25
6301216,30,270,2026-08-25
6301219,30,287,2026-08-25
8021991,30,38,2026-08-25
8015322,30,245,2026-08-25
8030077,30,91,2026-08-25
8021990,30,34,2026-08-25
8037737,30,35,2026-08-25
8037738,30,281,2026-08-25
8026953,30,49,2026-08-25
6301217,30,140,2026-08-25
6033193,30,24,2026-08-25
6033194,30,88,2026-08-25
8021063,30,138,2026-08-25
8015321,30,150,2026-08-25
6301218,30,190,2026-08-25
6033195,30,248,2026-08-25
8018870,30,259,2026-08-25
8018871,30,252,2026-08-25
8026483,30,177,2026-08-25
8028476,30,79,2026-08-25
8010530,30,52,2026-08-25
8020240,30,132,2026-08-25
8020241,30,154,2026-08-25
8111813,30,206,2026-08-25
8133362,30,267,2026-08-25
8133361,30,185,2026-08-25
8135454,30,208,2026-08-25
8135455,30,295,2026-08-25
8117316,30,292,2026-08-25
8117317,30,166,2026-08-25
8117318,30,195,2026-08-25
8125165,30,78,2026-08-25
8138380,30,237,2026-08-25
8138381,30,191,2026-08-25
8125166,30,56,2026-08-25
8125770,30,224,2026-08-25
8141753,30,294,2026-08-25
8135580,30,118,2026-08-25
8135581,30,223,2026-08-25
8143983,30,143,2026-08-25
8133705,30,102,2026-08-25
8038948,30,92,2026-08-25
8132737,30,157,2026-08-25
8135452,30,289,2026-08-25
8135453,30,284,2026-08-25
8130047,30,112,2026-08-25
8130045,30,61,2026-08-25
8130048,30,94,2026-08-25
8130044,30,65,2026-08-25
8130046,30,209,2026-08-25
8130049,30,268,2026-08-25
8135451,30,181,2026-08-25
8133063,30,71,2026-08-25
8133057,30,20,2026-08-25
8133074,30,265,2026-08-25
8133060,30,149,2026-08-25
8133068,30,172,2026-08-25
8133058,30,192,2026-08-25
8133072,30,290,2026-08-25
8133059,30,159,2026-08-25
8128327,30,216,2026-08-25
8128324,30,89,2026-08-25
8128318,30,32,2026-08-25
8128319,30,157,2026-08-25
8133409,30,185,2026-08-25
8133412,30,122,2026-08-25
8133411,30,269,2026-08-25
8133410,30,64,2026-08-25
8128307,30,166,2026-08-25
8128311,30,277,2026-08-25
8128310,30,106,2026-08-25
8128312,30,31,2026-08-25
8128313,30,207,2026-08-25
8128315,30,42,2026-08-25
8128314,30,120,2026-08-25
8128316,30,81,2026-08-25
8128320,30,108,2026-08-25
8128321,30,64,2026-08-25
8128322,30,85,2026-08-25
8128323,30,52,2026-08-25
8128326,30,186,2026-08-25
8009411,30,195,2026-08-25
6302206,30,219,2026-08-25
8031235,30,147,2026-08-25
8003573,30,59,2026-08-25
8031232,30,32,2026-08-25
6302205,30,130,2026-08-25
9999434,30,112,2026-08-25
8003578,30,124,2026-08-25
8003579,30,284,2026-08-25
8025594,30,115,2026-08-25
8006729,30,233,2026-08-25
8119993,30,286,2026-08-25
8119992,30,203,2026-08-25
8119994,30,285,2026-08-25
8119995,30,110,2026-08-25
8119996,30,134,2026-08-25
8003582,30,93,2026-08-25
8031228,30,246,2026-08-25
6302213,30,228,2026-08-25
8003585,30,248,2026-08-25
8031227,30,294,2026-08-25
6302212,30,171,2026-08-25
8031229,30,183,2026-08-25
9999433,30,190,2026-08-25
8143629,30,24,2026-08-25
8143630,30,285,2026-08-25
8143632,30,28,2026-08-25
8126672,30,73,2026-08-25
8126673,30,130,2026-08-25
8126674,30,187,2026-08-25
8126671,30,65,2026-08-25
8126669,30,87,2026-08-25
8126670,30,137,2026-08-25
8143631,30,209,2026-08-25
8138317,30,257,2026-08-25
8138319,30,204,2026-08-25
8138318,30,81,2026-08-25
8120815,30,278,2026-08-25
8120816,30,60,2026-08-25
8040146,30,68,2026-08-25
8040142,30,129,2026-08-25
8040144,30,273,2026-08-25
8120814,30,49,2026-08-25
8040141,30,78,2026-08-25
8040145,30,235,2026-08-25
8131191,30,150,2026-08-25
8131184,30,67,2026-08-25
8131192,30,117,2026-08-25
8131182,30,300,2026-08-25
8131190,30,84,2026-08-25
8029691,30,279,2026-08-25
8029690,30,43,2026-08-25
8040149,30,146,2026-08-25
8040148,30,26,2026-08-25
8138314,30,210,2026-08-25
8138311,30,229,2026-08-25
8138312,30,233,2026-08-25
8040147,30,170,2026-08-25
8035114,30,92,2026-08-25
8121755,30,269,2026-08-25
8112248,30,91,2026-08-25
8115556,30,261,2026-08-25
8127235,30,117,2026-08-25
8134985,30,132,2026-08-25
8127998,30,183,2026-08-25
8134982,30,133,2026-08-25
8126040,30,46,2026-08-25
8127994,30,264,2026-08-25
8127993,30,136,2026-08-25
8032419,30,300,2026-08-25
8137193,30,162,2026-08-25
8133454,30,176,2026-08-25
8032401,30,73,2026-08-25
8032422,30,116,2026-08-25
8142497,30,137,2026-08-25
8136052,30,248,2026-08-25
8133451,30,70,2026-08-25
8136055,30,172,2026-08-25
8126039,30,249,2026-08-25
8043203,30,246,2026-08-25
8115167,30,54,2026-08-25
8126041,30,175,2026-08-25
8127995,30,177,2026-08-25
8133456,30,88,2026-08-25
8134983,30,60,2026-08-25
8134984,30,278,2026-08-25
8133452,30,177,2026-08-25
8136050,30,24,2026-08-25
8121652,30,186,2026-08-25
8137191,30,236,2026-08-25
8134974,30,82,2026-08-25
8121655,30,278,2026-08-25
8136058,30,171,2026-08-25
8142500,30,47,2026-08-25
8142498,30,96,2026-08-25
8142495,30,235,2026-08-25
8142501,30,164,2026-08-25
8142502,30,258,2026-08-25
8142499,30,86,2026-08-25
8142494,30,285,2026-08-25
8142496,30,91,2026-08-25
8032420,30,197,2026-08-25
8126038,30,86,2026-08-25
8115166,30,171,2026-08-25
8121649,30,36,2026-08-25
8119024,30,233,2026-08-25
8133450,30,182,2026-08-25
8136057,30,258,2026-08-25
8134972,30,87,2026-08-25
8032421,30,54,2026-08-25
8134973,30,83,2026-08-25
8127992,30,203,2026-08-25
8115168,30,134,2026-08-25
8115170,30,207,2026-08-25
8136056,30,182,2026-08-25
8119026,30,258,2026-08-25
8119027,30,298,2026-08-25
8134986,30,53,2026-08-25
8114219,30,137,2026-08-25
8114220,30,133,2026-08-25
8114221,30,283,2026-08-25
8114223,30,86,2026-08-25
8029646,30,24,2026-08-25
8029717,30,168,2026-08-25
8122869,30,124,2026-08-25
8140704,30,35,2026-08-25
8029648,30,37,2026-08-25
8140699,30,268,2026-08-25
8029652,30,212,2026-08-25
8029684,30,228,2026-08-25
8140698,30,171,2026-08-25
8029645,30,178,2026-08-25
8041455,30,97,2026-08-25
8140705,30,124,2026-08-25
8140700,30,230,2026-08-25
8129573,30,96,2026-08-25
8029687,30,81,2026-08-25
8029736,30,266,2026-08-25
8029667,30,30,2026-08-25
8029668,30,251,2026-08-25
8029671,30,242,2026-08-25
8041457,30,127,2026-08-25
8029700,30,153,2026-08-25
8129575,30,214,2026-08-25
8029693,30,173,2026-08-25
8029676,30,177,2026-08-25
8140701,30,188,2026-08-25
8141424,30,292,2026-08-25
8141428,30,52,2026-08-25
8141423,30,261,2026-08-25
8141434,30,89,2026-08-25
8141431,30,259,2026-08-25
8141426,30,71,2026-08-25
8141425,30,109,2026-08-25
8141433,30,119,2026-08-25
8141429,30,169,2026-08-25
8141427,30,112,2026-08-25
8141430,30,197,2026-08-25
8141432,30,235,2026-08-25
8029829,30,187,2026-08-25
8029828,30,100,2026-08-25
8034682,30,104,2026-08-25
8141337,30,98,2026-08-25
8141344,30,246,2026-08-25
8141343,30,212,2026-08-25
8141338,30,92,2026-08-25
8141341,30,93,2026-08-25
8123281,30,111,2026-08-25
8035877,30,119,2026-08-25
8035870,30,142,2026-08-25
8133463,30,171,2026-08-25
8126220,30,87,2026-08-25
8126219,30,97,2026-08-25
8138726,30,119,2026-08-25
8138725,30,179,2026-08-25
8126222,30,126,2026-08-25
8126223,30,188,2026-08-25
8138724,30,41,2026-08-25
8138727,30,277,2026-08-25
8126221,30,193,2026-08-25
8138731,30,195,2026-08-25
8138730,30,23,2026-08-25
8138729,30,166,2026-08-25
8138728,30,190,2026-08-25
8133462,30,265,2026-08-25
8123282,30,53,2026-08-25
8133461,30,227,2026-08-25
8133466,30,112,2026-08-25
8133465,30,189,2026-08-25
8137168,30,242,2026-08-25
8111842,30,118,2026-08-25
8137169,30,178,2026-08-25
8111848,30,127,2026-08-25
8111847,30,175,2026-08-25
8142872,30,49,2026-08-25
8142873,30,32,2026-08-25
8142875,30,44,2026-08-25
8142876,30,228,2026-08-25
8142870,30,34,2026-08-25
8142871,30,136,2026-08-25
8142874,30,70,2026-08-25
8118067,30,83,2026-08-25
8133458,30,83,2026-08-25
8136537,30,118,2026-08-25
8133460,30,259,2026-08-25
8118066,30,190,2026-08-25
8041752,30,192,2026-08-25
8133457,30,27,2026-08-25
8114711,30,82,2026-08-25
8114710,30,163,2026-08-25
8136536,30,113,2026-08-25
8041751,30,186,2026-08-25
8041749,30,103,2026-08-25
8118068,30,165,2026-08-25
8133459,30,72,2026-08-25
8136535,30,105,2026-08-25
8118065,30,292,2026-08-25
8136534,30,249,2026-08-25
8110799,30,68,2026-08-25
8143242,30,163,2026-08-25
8143243,30,39,2026-08-25
8139810,30,245,2026-08-25
8123947,30,221,2026-08-25
8038171,30,265,2026-08-25
8139809,30,244,2026-08-25
8118442,30,52,2026-08-25
8132843,30,291,2026-08-25
8029670,30,86,2026-08-25
8029666,30,110,2026-08-25
8029663,30,84,2026-08-25
8120813,30,282,2026-08-25
8126676,30,222,2026-08-25
8029643,30,116,2026-08-25
8029642,30,276,2026-08-25
8126677,30,257,2026-08-25
8040138,30,197,2026-08-25
8118069,30,79,2026-08-25
8136527,30,234,2026-08-25
8115558,30,70,2026-08-25
8136526,30,111,2026-08-25
8136525,30,238,2026-08-25
8143248,30,281,2026-08-25
8143245,30,63,2026-08-25
8143244,30,175,2026-08-25
8143246,30,139,2026-08-25
8029777,30,210,2026-08-25
8112250,30,218,2026-08-25
8112249,30,112,2026-08-25
8125007,30,84,2026-08-25
8132391,30,97,2026-08-25
8132392,30,54,2026-08-25
8125004,30,131,2026-08-25
8125006,30,193,2026-08-25
8125073,30,185,2026-08-25
8125005,30,179,2026-08-25
8121360,30,248,2026-08-25
8002961,30,100,2026-08-25
6300290,30,152,2026-08-25
6300769,30,142,2026-08-25
8002962,30,51,2026-08-25
6300293,30,284,2026-08-25
6300768,30,27,2026-08-25
8002970,30,236,2026-08-25
6300292,30,103,2026-08-25
6300767,30,58,2026-08-25
8002967,30,109,2026-08-25
8022039,30,50,2026-08-25
6300291,30,274,2026-08-25
6300766,30,170,2026-08-25
8032492,30,243,2026-08-25
8136754,30,213,2026-08-25
8136757,30,96,2026-08-25
8043509,30,149,2026-08-25
8142415,30,199,2026-08-25
8043508,30,217,2026-08-25
8142416,30,177,2026-08-25
8032491,30,191,2026-08-25
8136756,30,208,2026-08-25
8136759,30,255,2026-08-25
8133653,30,89,2026-08-25
8039388,30,262,2026-08-25
8039355,30,283,2026-08-25
8136902,30,93,2026-08-25
8137209,30,266,2026-08-25
8115910,30,34,2026-08-25
8115909,30,80,2026-08-25
8122003,30,260,2026-08-25
8136755,30,223,2026-08-25
8136758,30,42,2026-08-25
8035045,30,296,2026-08-25
8035044,30,61,2026-08-25
8122000,30,274,2026-08-25
8032722,30,209,2026-08-25
8143821,30,237,2026-08-25
8140193,30,249,2026-08-25
8130764,30,147,2026-08-25
8130746,30,139,2026-08-25
8143822,30,80,2026-08-25
8141687,30,96,2026-08-25
8138160,30,200,2026-08-25
8143820,30,255,2026-08-25
8134141,30,86,2026-08-25
8134142,30,284,2026-08-25
8136904,30,218,2026-08-25
8136903,30,298,2026-08-25
8143819,30,101,2026-08-25
8025096,30,47,2026-08-25
8010877,30,43,2026-08-25
8126722,30,275,2026-08-25
8126721,30,88,2026-08-25
8010878,30,297,2026-08-25
8010876,30,169,2026-08-25
8010875,30,251,2026-08-25
8123843,30,65,2026-08-25
8001360,30,106,2026-08-25
8026858,30,170,2026-08-25
8026861,30,171,2026-08-25
8001359,30,21,2026-08-25
8001358,30,20,2026-08-25
8123841,30,34,2026-08-25
6030311,30,175,2026-08-25
8123842,30,80,2026-08-25
6030312,30,203,2026-08-25
8026859,30,180,2026-08-25
8023886,30,44,2026-08-25
8126995,30,250,2026-08-25
8120476,30,257,2026-08-25
8140345,30,256,2026-08-25
8140346,30,237,2026-08-25
8140348,30,230,2026-08-25
8140347,30,33,2026-08-25
8119734,30,40,2026-08-25
8119736,30,174,2026-08-25
8119737,30,262,2026-08-25
8133297,30,185,2026-08-25
8119733,30,79,2026-08-25
8119738,30,24,2026-08-25
8040743,30,217,2026-08-25
8140961,30,32,2026-08-25
8130474,30,142,2026-08-25
8130477,30,248,2026-08-25
8130471,30,138,2026-08-25
8130476,30,157,2026-08-25
8130478,30,67,2026-08-25
8130472,30,240,2026-08-25
8130480,30,181,2026-08-25
8130479,30,159,2026-08-25
8134495,30,102,2026-08-25
8134494,30,277,2026-08-25
8134496,30,66,2026-08-25
8134497,30,83,2026-08-25
8021718,30,242,2026-08-25
9993667,30,194,2026-08-25
8142527,30,33,2026-08-25
8142529,30,114,2026-08-25
8132687,30,144,2026-08-25
8132689,30,239,2026-08-25
8132688,30,278,2026-08-25
8143979,30,90,2026-08-25
8143978,30,25,2026-08-25
8139309,30,281,2026-08-25
8134235,30,255,2026-08-25
8134243,30,52,2026-08-25
8139648,30,112,2026-08-25
8134234,30,82,2026-08-25
8134242,30,152,2026-08-25
8139308,30,171,2026-08-25
8134236,30,85,2026-08-25
8139649,30,284,2026-08-25
8139650,30,54,2026-08-25
8139651,30,139,2026-08-25
8134244,30,151,2026-08-25
8134238,30,240,2026-08-25
8134237,30,70,2026-08-25
8134239,30,126,2026-08-25
8134247,30,129,2026-08-25
8139306,30,290,2026-08-25
8134248,30,297,2026-08-25
8134241,30,183,2026-08-25
8134245,30,147,2026-08-25
8034227,30,124,2026-08-25
8043156,30,138,2026-08-25
8043157,30,149,2026-08-25
8043159,30,25,2026-08-25
8038350,30,222,2026-08-25
8038349,30,250,2026-08-25
8043154,30,293,2026-08-25
8038351,30,97,2026-08-25
8038352,30,34,2026-08-25
8017005,30,157,2026-08-25
8041105,30,137,2026-08-25
8019645,30,155,2026-08-25
8129075,30,262,2026-08-25
8129096,30,87,2026-08-25
8022793,30,239,2026-08-25
8037122,30,299,2026-08-25
8134857,30,186,2026-08-25
8021665,30,290,2026-08-25
8017004,30,111,2026-08-25
8019489,30,241,2026-08-25
8135526,30,56,2026-08-25
8135527,30,217,2026-08-25
8021438,30,114,2026-08-25
8133899,30,265,2026-08-25
8123693,30,185,2026-08-25
8133898,30,245,2026-08-25
8139036,30,137,2026-08-25
8133900,30,142,2026-08-25
8139034,30,45,2026-08-25
8123687,30,93,2026-08-25
8123688,30,270,2026-08-25
8123689,30,173,2026-08-25
8123690,30,203,2026-08-25
8123691,30,32,2026-08-25
8123692,30,137,2026-08-25
8139033,30,275,2026-08-25
8139035,30,287,2026-08-25
8133897,30,201,2026-08-25
8128803,30,22,2026-08-25
8133896,30,182,2026-08-25
8133895,30,245,2026-08-25
8133894,30,91,2026-08-25
8140141,30,106,2026-08-25
